1,1,18.60,152.30,76.30,193.50,1,-1,-1,-1
1,2,115.40,155.20,86.70,172.50,1,-1,-1,-1
1,3,306.90,212.50,14.10,33.50,1,-1,-1,-1
2,1,19.30,148.52,76.44,193.81,1,-1,-1,-1
2,2,116.40,153.21,87.26,173.51,1,-1,-1,-1
2,3,311.58,213.79,14.01,33.36,1,-1,-1,-1
3,1,20.40,142.44,77.14,195.94,1,-1,-1,-1
3,2,119.26,149.10,87.73,175.53,1,-1,-1,-1
3,3,316.94,213.32,14.07,33.21,1,-1,-1,-1
3,4,248.50,196.50,26.20,66.90,1,-1,-1,-1
4,1,23.95,142.85,77.60,197.08,1,-1,-1,-1
4,2,123.72,147.66,87.84,177.11,1,-1,-1,-1
4,3,322.98,212.70,14.16,33.24,1,-1,-1,-1
4,4,254.87,198.09,26.31,66.68,1,-1,-1,-1
4,5,232.40,192.70,28.50,70.50,1,-1,-1,-1
5,1,28.60,144.56,78.49,198.34,1,-1,-1,-1
5,2,130.23,147.58,88.19,179.85,1,-1,-1,-1
5,3,329.12,212.99,14.21,33.37,1,-1,-1,-1
5,4,263.63,199.13,26.31,66.92,1,-1,-1,-1
5,5,240.86,195.19,28.64,70.54,1,-1,-1,-1
5,6,219.80,202.60,22.20,66.20,1,-1,-1,-1
6,1,32.38,145.58,79.31,199.25,1,-1,-1,-1
6,2,136.39,145.58,88.54,182.46,1,-1,-1,-1
6,3,334.72,213.08,14.21,33.37,1,-1,-1,-1
6,4,270.95,201.40,26.18,66.71,1,-1,-1,-1
6,5,247.77,198.26,28.70,70.16,1,-1,-1,-1
6,6,224.18,202.40,22.67,66.16,1,-1,-1,-1
7,1,36.45,143.10,79.75,201.42,1,-1,-1,-1
7,2,141.17,144.74,89.16,184.61,1,-1,-1,-1
7,3,340.32,213.16,14.21,33.37,1,-1,-1,-1
7,4,278.15,201.18,26.21,66.62,1,-1,-1,-1
7,5,255.01,198.17,28.40,70.00,1,-1,-1,-1
7,6,230.21,202.20,22.97,66.04,1,-1,-1,-1
8,1,39.15,141.33,81.01,204.20,1,-1,-1,-1
8,2,144.96,144.80,90.47,186.80,1,-1,-1,-1
8,3,345.92,213.25,14.21,33.37,1,-1,-1,-1
8,4,285.59,202.40,26.18,66.63,1,-1,-1,-1
8,5,262.50,199.58,28.07,69.56,1,-1,-1,-1
8,6,236.47,202.13,23.26,66.35,1,-1,-1,-1
9,1,42.62,140.11,81.96,206.47,1,-1,-1,-1
9,2,149.02,143.26,91.66,188.91,1,-1,-1,-1
9,3,355.49,213.97,14.13,33.60,1,-1,-1,-1
9,4,292.23,202.97,26.20,66.70,1,-1,-1,-1
9,5,269.22,199.57,27.83,69.73,1,-1,-1,-1
9,6,242.26,202.44,23.54,66.55,1,-1,-1,-1
9,7,366.10,215.00,11.30,34.90,1,-1,-1,-1
10,1,47.61,138.43,82.54,208.91,1,-1,-1,-1
10,2,154.51,142.53,92.82,191.10,1,-1,-1,-1
10,3,361.64,214.15,14.13,33.60,1,-1,-1,-1
10,4,299.70,203.07,26.27,66.87,1,-1,-1,-1
10,5,277.09,199.88,27.45,69.55,1,-1,-1,-1
10,6,249.42,202.07,23.75,66.91,1,-1,-1,-1
10,7,365.01,215.40,11.97,34.61,1,-1,-1,-1
10,8,380.10,215.70,12.40,30.80,1,-1,-1,-1
11,1,51.38,136.50,84.05,211.53,1,-1,-1,-1
11,2,160.35,142.05,93.88,193.08,1,-1,-1,-1
11,3,370.76,215.76,14.24,33.25,1,-1,-1,-1
11,4,307.01,202.72,26.49,67.27,1,-1,-1,-1
11,5,284.43,199.66,27.07,69.64,1,-1,-1,-1
11,6,256.62,201.46,24.09,67.38,1,-1,-1,-1
11,7,363.91,215.80,11.97,34.61,1,-1,-1,-1
11,8,380.10,215.70,12.40,30.80,1,-1,-1,-1
12,1,57.95,135.35,84.48,214.41,1,-1,-1,-1
12,2,166.97,140.44,95.36,196.67,1,-1,-1,-1
12,3,377.24,216.10,14.24,33.25,1,-1,-1,-1
12,4,315.31,203.02,26.75,67.76,1,-1,-1,-1
12,5,293.11,201.28,26.72,69.47,1,-1,-1,-1
12,6,265.60,202.17,24.33,67.60,1,-1,-1,-1
12,7,362.82,216.19,11.97,34.61,1,-1,-1,-1
12,8,383.70,217.80,12.79,31.30,1,-1,-1,-1
13,1,62.46,134.72,85.59,216.91,1,-1,-1,-1
13,2,174.29,140.29,96.36,199.29,1,-1,-1,-1
13,3,383.72,216.44,14.24,33.25,1,-1,-1,-1
13,4,323.54,203.18,26.64,68.05,1,-1,-1,-1
13,5,300.68,201.71,26.55,69.38,1,-1,-1,-1
13,6,273.54,202.94,24.27,67.63,1,-1,-1,-1
13,7,361.73,216.59,11.97,34.61,1,-1,-1,-1
13,8,388.86,218.25,13.18,31.65,1,-1,-1,-1
13,9,399.20,217.40,14.50,32.30,1,-1,-1,-1
14,1,69.43,134.00,86.14,219.60,1,-1,-1,-1
14,2,182.29,138.92,97.72,202.52,1,-1,-1,-1
14,3,390.20,216.78,14.24,33.25,1,-1,-1,-1
14,4,332.19,202.64,26.71,68.60,1,-1,-1,-1
14,5,308.99,202.25,26.40,69.11,1,-1,-1,-1
14,6,282.29,202.81,24.41,67.88,1,-1,-1,-1
14,7,360.63,216.99,11.97,34.61,1,-1,-1,-1
14,8,391.82,219.10,13.18,31.65,1,-1,-1,-1
14,9,400.20,215.11,14.72,32.79,1,-1,-1,-1
15,1,75.92,132.97,86.68,222.77,1,-1,-1,-1
15,2,191.05,138.43,98.51,205.21,1,-1,-1,-1
15,3,396.68,217.11,14.24,33.25,1,-1,-1,-1
15,4,340.98,202.36,26.97,69.18,1,-1,-1,-1
15,5,318.38,201.50,26.33,69.59,1,-1,-1,-1
15,6,291.95,202.56,24.58,68.22,1,-1,-1,-1
15,7,359.54,217.39,11.97,34.61,1,-1,-1,-1
15,8,394.79,219.94,13.18,31.65,1,-1,-1,-1
15,9,401.19,212.83,14.72,32.79,1,-1,-1,-1
16,1,81.54,131.29,87.45,226.02,1,-1,-1,-1
16,2,199.17,137.34,99.40,208.05,1,-1,-1,-1
16,3,403.17,217.45,14.24,33.25,1,-1,-1,-1
16,4,349.67,201.86,27.10,69.45,1,-1,-1,-1
16,5,326.54,200.47,26.58,69.94,1,-1,-1,-1
16,6,300.96,200.59,24.22,68.95,1,-1,-1,-1
16,7,358.45,217.78,11.97,34.61,1,-1,-1,-1
16,8,397.75,220.78,13.18,31.65,1,-1,-1,-1
16,9,402.18,210.54,14.72,32.79,1,-1,-1,-1
17,1,85.93,129.38,88.08,229.71,1,-1,-1,-1
17,2,206.66,135.49,99.65,211.35,1,-1,-1,-1
17,3,409.65,217.79,14.24,33.25,1,-1,-1,-1
17,4,357.53,202.16,27.10,69.45,1,-1,-1,-1
17,5,333.95,199.05,26.63,70.51,1,-1,-1,-1
17,6,308.07,199.08,24.46,69.59,1,-1,-1,-1
17,7,357.35,218.18,11.97,34.61,1,-1,-1,-1
17,8,400.72,221.63,13.18,31.65,1,-1,-1,-1
17,9,403.18,208.25,14.72,32.79,1,-1,-1,-1
18,1,89.04,127.01,89.15,234.10,1,-1,-1,-1
18,2,212.93,134.99,100.82,214.53,1,-1,-1,-1
18,3,416.13,218.12,14.24,33.25,1,-1,-1,-1
18,4,365.40,202.46,27.10,69.45,1,-1,-1,-1
18,5,341.81,199.38,26.63,70.51,1,-1,-1,-1
18,6,314.39,198.17,24.73,70.26,1,-1,-1,-1
18,7,356.26,218.58,11.97,34.61,1,-1,-1,-1
18,8,403.69,222.47,13.18,31.65,1,-1,-1,-1
18,9,404.17,205.97,14.72,32.79,1,-1,-1,-1
19,1,91.33,124.48,90.12,238.28,1,-1,-1,-1
19,2,217.92,133.56,101.85,217.43,1,-1,-1,-1
19,3,422.61,218.46,14.24,33.25,1,-1,-1,-1
19,4,373.26,202.76,27.10,69.45,1,-1,-1,-1
19,5,349.66,199.70,26.63,70.51,1,-1,-1,-1
19,6,321.82,197.77,24.73,70.26,1,-1,-1,-1
19,7,355.17,218.98,11.97,34.61,1,-1,-1,-1
19,8,406.65,223.31,13.18,31.65,1,-1,-1,-1
19,9,405.16,203.68,14.72,32.79,1,-1,-1,-1
20,1,91.98,121.20,91.18,242.15,1,-1,-1,-1
20,2,220.54,131.02,103.93,221.11,1,-1,-1,-1
20,3,429.10,218.80,14.24,33.25,1,-1,-1,-1
20,4,381.13,203.07,27.10,69.45,1,-1,-1,-1
20,5,357.51,200.03,26.63,70.51,1,-1,-1,-1
20,6,329.25,197.37,24.73,70.26,1,-1,-1,-1
20,7,354.07,219.37,11.97,34.61,1,-1,-1,-1
20,8,409.62,224.15,13.18,31.65,1,-1,-1,-1
20,9,406.16,201.40,14.72,32.79,1,-1,-1,-1
21,1,91.30,118.09,92.41,246.47,1,-1,-1,-1
21,2,223.04,129.02,105.75,225.48,1,-1,-1,-1
21,3,435.58,219.13,14.24,33.25,1,-1,-1,-1
21,4,388.99,203.37,27.10,69.45,1,-1,-1,-1
21,5,365.37,200.35,26.63,70.51,1,-1,-1,-1
21,6,336.68,196.97,24.73,70.26,1,-1,-1,-1
21,7,352.98,219.77,11.97,34.61,1,-1,-1,-1
21,8,412.58,225.00,13.18,31.65,1,-1,-1,-1
21,9,407.15,199.11,14.72,32.79,1,-1,-1,-1
22,1,89.84,113.50,93.87,251.95,1,-1,-1,-1
22,2,225.32,125.43,107.01,230.38,1,-1,-1,-1
22,3,442.06,219.47,14.24,33.25,1,-1,-1,-1
22,4,396.86,203.67,27.10,69.45,1,-1,-1,-1
22,5,373.22,200.68,26.63,70.51,1,-1,-1,-1
22,6,344.11,196.57,24.73,70.26,1,-1,-1,-1
22,7,351.89,220.17,11.97,34.61,1,-1,-1,-1
22,8,415.55,225.84,13.18,31.65,1,-1,-1,-1
22,9,408.15,196.82,14.72,32.79,1,-1,-1,-1
23,1,88.77,110.69,95.00,257.49,1,-1,-1,-1
23,2,228.50,123.28,107.74,235.43,1,-1,-1,-1
23,3,448.54,219.81,14.24,33.25,1,-1,-1,-1
23,4,404.72,203.97,27.10,69.45,1,-1,-1,-1
23,5,381.07,201.00,26.63,70.51,1,-1,-1,-1
23,6,351.54,196.17,24.73,70.26,1,-1,-1,-1
23,7,350.79,220.57,11.97,34.61,1,-1,-1,-1
23,8,418.52,226.68,13.18,31.65,1,-1,-1,-1
23,9,409.14,194.54,14.72,32.79,1,-1,-1,-1
24,1,87.35,108.31,96.61,263.09,1,-1,-1,-1
24,2,230.74,121.31,109.04,240.23,1,-1,-1,-1
24,3,455.02,220.15,14.24,33.25,1,-1,-1,-1
24,4,412.59,204.28,27.10,69.45,1,-1,-1,-1
24,5,388.93,201.33,26.63,70.51,1,-1,-1,-1
24,6,358.97,195.77,24.73,70.26,1,-1,-1,-1
24,7,349.70,220.96,11.97,34.61,1,-1,-1,-1
24,8,421.48,227.52,13.18,31.65,1,-1,-1,-1
24,9,410.13,192.25,14.72,32.79,1,-1,-1,-1
25,1,84.80,106.21,99.19,268.48,1,-1,-1,-1
25,2,233.23,118.72,110.29,246.54,1,-1,-1,-1
25,3,461.51,220.48,14.24,33.25,1,-1,-1,-1
25,4,420.45,204.58,27.10,69.45,1,-1,-1,-1
25,5,396.78,201.65,26.63,70.51,1,-1,-1,-1
25,6,366.40,195.37,24.73,70.26,1,-1,-1,-1
25,7,348.61,221.36,11.97,34.61,1,-1,-1,-1
25,8,424.45,228.37,13.18,31.65,1,-1,-1,-1
25,9,411.13,189.96,14.72,32.79,1,-1,-1,-1
26,1,82.44,103.56,101.02,274.86,1,-1,-1,-1
26,2,235.35,116.80,111.62,251.96,1,-1,-1,-1
26,3,467.99,220.82,14.24,33.25,1,-1,-1,-1
26,4,428.32,204.88,27.10,69.45,1,-1,-1,-1
26,5,404.63,201.98,26.63,70.51,1,-1,-1,-1
26,6,373.83,194.97,24.73,70.26,1,-1,-1,-1
26,7,347.51,221.76,11.97,34.61,1,-1,-1,-1
26,8,427.42,229.21,13.18,31.65,1,-1,-1,-1
26,9,412.12,187.68,14.72,32.79,1,-1,-1,-1
27,1,79.48,101.06,103.59,280.85,1,-1,-1,-1
27,2,237.69,113.96,113.12,257.83,1,-1,-1,-1
27,3,474.47,221.16,14.24,33.25,1,-1,-1,-1
27,4,436.18,205.18,27.10,69.45,1,-1,-1,-1
27,5,412.49,202.31,26.63,70.51,1,-1,-1,-1
27,6,381.26,194.57,24.73,70.26,1,-1,-1,-1
27,7,346.42,222.16,11.97,34.61,1,-1,-1,-1
27,8,430.38,230.05,13.18,31.65,1,-1,-1,-1
27,9,413.12,185.39,14.72,32.79,1,-1,-1,-1
28,1,76.85,97.92,106.27,287.65,1,-1,-1,-1
28,2,239.96,110.70,114.81,264.12,1,-1,-1,-1
28,3,480.95,221.49,14.24,33.25,1,-1,-1,-1
28,4,444.05,205.49,27.10,69.45,1,-1,-1,-1
28,5,420.34,202.63,26.63,70.51,1,-1,-1,-1
28,6,388.69,194.17,24.73,70.26,1,-1,-1,-1
28,7,345.33,222.55,11.97,34.61,1,-1,-1,-1
28,8,433.35,230.90,13.18,31.65,1,-1,-1,-1
28,9,414.11,183.11,14.72,32.79,1,-1,-1,-1
29,1,74.24,93.84,109.00,295.42,1,-1,-1,-1
29,2,242.07,107.19,116.30,270.80,1,-1,-1,-1
29,3,487.44,221.83,14.24,33.25,1,-1,-1,-1
29,4,451.91,205.79,27.10,69.45,1,-1,-1,-1
29,5,428.19,202.96,26.63,70.51,1,-1,-1,-1
29,6,396.12,193.77,24.73,70.26,1,-1,-1,-1
29,7,344.23,222.95,11.97,34.61,1,-1,-1,-1
29,8,436.31,231.74,13.18,31.65,1,-1,-1,-1
29,9,415.10,180.82,14.72,32.79,1,-1,-1,-1
30,1,70.64,90.21,112.07,302.42,1,-1,-1,-1
30,2,244.39,103.11,117.42,278.40,1,-1,-1,-1
30,3,493.92,222.17,14.24,33.25,1,-1,-1,-1
30,4,459.65,209.97,23.86,59.70,1,-1,-1,-1
30,5,436.05,203.28,26.63,70.51,1,-1,-1,-1
30,6,403.55,193.37,24.73,70.26,1,-1,-1,-1
30,7,343.14,223.35,11.97,34.61,1,-1,-1,-1
30,8,439.28,232.58,13.18,31.65,1,-1,-1,-1
30,9,416.10,178.53,14.72,32.79,1,-1,-1,-1
31,1,68.15,86.24,114.31,310.72,1,-1,-1,-1
31,2,245.98,100.71,119.58,285.58,1,-1,-1,-1
31,3,500.40,222.50,14.24,33.25,1,-1,-1,-1
31,4,465.36,208.82,22.20,54.68,1,-1,-1,-1
31,5,443.90,203.61,26.63,70.51,1,-1,-1,-1
31,6,410.98,192.97,24.73,70.26,1,-1,-1,-1
31,7,342.05,223.75,11.97,34.61,1,-1,-1,-1
31,8,442.25,233.42,13.18,31.65,1,-1,-1,-1
31,9,417.09,176.25,14.72,32.79,1,-1,-1,-1
32,1,66.00,82.67,117.25,318.14,1,-1,-1,-1
32,2,247.38,97.66,123.03,292.89,1,-1,-1,-1
32,3,506.88,222.84,14.24,33.25,1,-1,-1,-1
32,4,471.31,209.29,20.85,51.05,1,-1,-1,-1
32,5,451.75,203.93,26.63,70.51,1,-1,-1,-1
32,6,411.31,187.36,26.04,75.10,1,-1,-1,-1
32,7,340.95,224.14,11.97,34.61,1,-1,-1,-1
32,8,445.21,234.27,13.18,31.65,1,-1,-1,-1
32,9,418.09,173.96,14.72,32.79,1,-1,-1,-1
33,1,64.99,77.25,119.45,326.85,1,-1,-1,-1
33,2,250.42,92.89,126.91,300.49,1,-1,-1,-1
33,3,513.36,223.18,14.24,33.25,1,-1,-1,-1
33,4,478.39,208.11,20.03,49.11,1,-1,-1,-1
33,5,459.61,204.26,26.63,70.51,1,-1,-1,-1
33,6,418.98,185.45,26.50,77.83,1,-1,-1,-1
33,7,339.86,224.54,11.97,34.61,1,-1,-1,-1
33,8,448.18,235.11,13.18,31.65,1,-1,-1,-1
33,9,419.08,171.68,14.72,32.79,1,-1,-1,-1
34,1,65.06,73.08,121.90,335.50,1,-1,-1,-1
34,2,254.56,89.52,130.04,309.08,1,-1,-1,-1
34,3,519.85,223.52,14.24,33.25,1,-1,-1,-1
34,4,486.20,207.33,19.67,47.96,1,-1,-1,-1
34,5,467.46,204.58,26.63,70.51,1,-1,-1,-1
34,6,426.91,185.71,26.93,78.81,1,-1,-1,-1
34,7,338.77,224.94,11.97,34.61,1,-1,-1,-1
34,8,451.14,235.95,13.18,31.65,1,-1,-1,-1
34,9,420.07,169.39,14.72,32.79,1,-1,-1,-1
35,1,66.91,70.11,123.88,344.22,1,-1,-1,-1
35,2,259.01,86.85,133.43,317.22,1,-1,-1,-1
35,3,526.33,223.85,14.24,33.25,1,-1,-1,-1
35,4,493.95,206.96,19.47,47.30,1,-1,-1,-1
35,5,475.31,204.91,26.63,70.51,1,-1,-1,-1
35,6,434.67,185.68,27.48,80.26,1,-1,-1,-1
35,7,337.67,225.34,11.97,34.61,1,-1,-1,-1
35,8,454.11,236.79,13.18,31.65,1,-1,-1,-1
35,9,421.07,167.10,14.72,32.79,1,-1,-1,-1
36,1,68.82,66.58,126.40,353.11,1,-1,-1,-1
36,2,264.43,82.84,137.68,326.07,1,-1,-1,-1
36,3,532.81,224.19,14.24,33.25,1,-1,-1,-1
36,4,502.60,206.50,19.29,46.74,1,-1,-1,-1
36,5,483.16,205.23,26.63,70.51,1,-1,-1,-1
36,6,443.15,185.42,27.92,81.27,1,-1,-1,-1
36,7,336.58,225.73,11.97,34.61,1,-1,-1,-1
36,8,457.08,237.64,13.18,31.65,1,-1,-1,-1
36,9,422.06,164.82,14.72,32.79,1,-1,-1,-1
37,1,69.96,62.91,128.98,362.09,1,-1,-1,-1
37,2,269.90,79.06,140.89,335.65,1,-1,-1,-1
37,3,539.29,224.53,14.24,33.25,1,-1,-1,-1
37,4,510.16,206.05,19.20,46.32,1,-1,-1,-1
37,5,491.02,205.56,26.63,70.51,1,-1,-1,-1
37,6,450.91,185.24,28.32,82.02,1,-1,-1,-1
37,7,335.49,226.13,11.97,34.61,1,-1,-1,-1
37,8,460.04,238.48,13.18,31.65,1,-1,-1,-1
37,9,423.06,162.53,14.72,32.79,1,-1,-1,-1
38,1,71.82,59.65,131.37,370.06,1,-1,-1,-1
38,2,274.10,75.12,146.37,345.11,1,-1,-1,-1
38,3,545.78,224.86,14.24,33.25,1,-1,-1,-1
38,4,517.32,206.15,19.19,45.96,1,-1,-1,-1
38,5,498.87,205.89,26.63,70.51,1,-1,-1,-1
38,6,458.14,185.58,28.54,82.58,1,-1,-1,-1
38,8,463.01,239.32,13.18,31.65,1,-1,-1,-1
38,9,424.05,160.25,14.72,32.79,1,-1,-1,-1
39,1,72.15,55.03,134.37,378.31,1,-1,-1,-1
39,2,278.05,70.38,151.94,354.70,1,-1,-1,-1
39,3,552.26,225.20,14.24,33.25,1,-1,-1,-1
39,4,524.99,206.31,19.19,45.96,1,-1,-1,-1
39,5,506.72,206.21,26.63,70.51,1,-1,-1,-1
39,6,464.47,185.43,28.76,83.24,1,-1,-1,-1
39,9,425.04,157.96,14.72,32.79,1,-1,-1,-1
40,1,71.59,52.08,137.98,384.91,1,-1,-1,-1
40,2,281.56,65.02,157.80,364.14,1,-1,-1,-1
40,3,558.74,225.54,14.24,33.25,1,-1,-1,-1
40,4,532.65,206.47,19.19,45.96,1,-1,-1,-1
40,5,514.58,206.54,26.63,70.51,1,-1,-1,-1
40,6,470.32,186.49,29.12,82.86,1,-1,-1,-1
40,9,426.04,155.67,14.72,32.79,1,-1,-1,-1
41,1,68.83,49.28,143.31,390.93,1,-1,-1,-1
41,2,284.65,61.11,163.09,371.99,1,-1,-1,-1
41,3,565.22,225.87,14.24,33.25,1,-1,-1,-1
41,4,540.32,206.63,19.19,45.96,1,-1,-1,-1
41,5,522.43,206.86,26.63,70.51,1,-1,-1,-1
41,6,477.46,186.07,29.12,82.86,1,-1,-1,-1
41,9,427.03,153.39,14.72,32.79,1,-1,-1,-1
42,1,65.54,44.84,146.80,397.64,1,-1,-1,-1
42,2,287.20,58.00,167.85,378.75,1,-1,-1,-1
42,3,571.70,226.21,14.24,33.25,1,-1,-1,-1
42,4,547.99,206.79,19.19,45.96,1,-1,-1,-1
42,5,530.28,207.19,26.63,70.51,1,-1,-1,-1
42,6,484.60,185.65,29.12,82.86,1,-1,-1,-1
42,9,428.02,151.10,14.72,32.79,1,-1,-1,-1
43,1,60.46,39.65,151.99,404.50,1,-1,-1,-1
43,2,288.89,54.14,173.35,385.53,1,-1,-1,-1
43,4,555.66,206.95,19.19,45.96,1,-1,-1,-1
43,6,491.74,185.23,29.12,82.86,1,-1,-1,-1
43,9,429.02,148.82,14.72,32.79,1,-1,-1,-1
44,1,56.59,34.96,155.62,410.73,1,-1,-1,-1
44,2,290.05,51.27,179.21,391.23,1,-1,-1,-1
44,4,563.33,207.12,19.19,45.96,1,-1,-1,-1
44,6,498.88,184.81,29.12,82.86,1,-1,-1,-1
45,1,50.70,29.61,160.86,417.16,1,-1,-1,-1
45,2,291.65,46.91,184.31,397.56,1,-1,-1,-1
45,4,570.99,207.28,19.19,45.96,1,-1,-1,-1
45,6,506.02,184.38,29.12,82.86,1,-1,-1,-1
46,1,46.14,24.14,164.71,423.45,1,-1,-1,-1
46,2,291.78,42.32,190.08,403.75,1,-1,-1,-1
46,4,578.66,207.44,19.19,45.96,1,-1,-1,-1
46,6,513.16,183.96,29.12,82.86,1,-1,-1,-1
47,1,41.27,18.98,169.07,429.36,1,-1,-1,-1
47,2,292.95,39.35,194.97,408.59,1,-1,-1,-1
47,4,586.33,207.60,19.19,45.96,1,-1,-1,-1
47,6,520.29,183.54,29.12,82.86,1,-1,-1,-1
48,1,36.71,14.70,173.48,434.53,1,-1,-1,-1
48,2,293.98,34.67,200.60,414.34,1,-1,-1,-1
48,4,594.00,207.76,19.19,45.96,1,-1,-1,-1
48,6,527.43,183.12,29.12,82.86,1,-1,-1,-1
49,1,32.15,11.80,177.50,438.64,1,-1,-1,-1
49,2,294.62,30.90,206.25,419.29,1,-1,-1,-1
49,4,601.67,207.92,19.19,45.96,1,-1,-1,-1
49,6,534.57,182.70,29.12,82.86,1,-1,-1,-1
50,1,26.75,8.20,182.27,443.09,1,-1,-1,-1
50,2,295.18,26.39,211.58,424.56,1,-1,-1,-1
50,4,609.33,208.08,19.19,45.96,1,-1,-1,-1
50,6,537.90,192.69,27.48,74.14,1,-1,-1,-1
51,1,22.43,3.84,186.54,447.94,1,-1,-1,-1
51,2,295.26,22.33,217.03,429.39,1,-1,-1,-1
51,4,617.00,208.24,19.19,45.96,1,-1,-1,-1
51,6,544.84,192.81,27.48,74.14,1,-1,-1,-1
52,1,18.41,0.28,190.62,452.16,1,-1,-1,-1
52,2,296.53,19.60,221.82,433.21,1,-1,-1,-1
52,4,624.67,208.40,19.19,45.96,1,-1,-1,-1
52,6,551.78,192.93,27.48,74.14,1,-1,-1,-1
53,1,14.96,-2.57,194.11,455.83,1,-1,-1,-1
53,2,298.36,16.00,224.30,437.49,1,-1,-1,-1
53,4,632.34,208.56,19.19,45.96,1,-1,-1,-1
53,6,558.72,193.06,27.48,74.14,1,-1,-1,-1
54,1,12.03,-4.81,197.29,459.02,1,-1,-1,-1
54,2,299.84,14.25,227.54,440.45,1,-1,-1,-1
54,4,640.00,208.72,19.19,45.96,1,-1,-1,-1
54,6,565.66,193.18,27.48,74.14,1,-1,-1,-1
55,1,9.47,-6.53,200.17,461.78,1,-1,-1,-1
55,2,301.26,12.54,231.05,443.27,1,-1,-1,-1
55,4,647.67,208.88,19.19,45.96,1,-1,-1,-1
55,6,572.60,193.30,27.48,74.14,1,-1,-1,-1
56,1,7.04,-7.82,203.23,464.18,1,-1,-1,-1
56,2,302.16,10.44,234.83,446.27,1,-1,-1,-1
56,4,655.34,209.04,19.19,45.96,1,-1,-1,-1
56,6,579.54,193.42,27.48,74.14,1,-1,-1,-1
57,1,4.64,-8.75,205.97,466.27,1,-1,-1,-1
57,2,303.58,8.20,239.05,449.28,1,-1,-1,-1
57,4,663.01,209.20,19.19,45.96,1,-1,-1,-1
57,6,586.49,193.54,27.48,74.14,1,-1,-1,-1
58,1,2.99,-9.36,208.33,468.08,1,-1,-1,-1
58,2,304.99,6.27,242.88,452.01,1,-1,-1,-1
58,4,670.68,209.36,19.19,45.96,1,-1,-1,-1
58,6,593.43,193.66,27.48,74.14,1,-1,-1,-1
59,1,1.48,-9.73,210.61,469.65,1,-1,-1,-1
59,2,306.39,5.01,246.56,454.22,1,-1,-1,-1
59,4,678.34,209.52,19.19,45.96,1,-1,-1,-1
59,6,600.37,193.78,27.48,74.14,1,-1,-1,-1
60,1,0.77,-9.88,212.50,471.01,1,-1,-1,-1
60,2,307.48,3.09,250.77,456.81,1,-1,-1,-1
60,4,686.01,209.68,19.19,45.96,1,-1,-1,-1
60,6,607.31,193.90,27.48,74.14,1,-1,-1,-1
61,1,-0.81,-9.87,215.13,472.20,1,-1,-1,-1
61,2,308.27,1.39,255.46,459.21,1,-1,-1,-1
61,4,693.68,209.84,19.19,45.96,1,-1,-1,-1
61,6,614.25,194.02,27.48,74.14,1,-1,-1,-1
62,1,-1.77,-9.73,217.17,473.22,1,-1,-1,-1
62,2,308.92,0.65,260.15,460.91,1,-1,-1,-1
62,4,701.35,210.00,19.19,45.96,1,-1,-1,-1
62,6,621.19,194.14,27.48,74.14,1,-1,-1,-1
63,1,-2.01,-9.47,218.49,474.12,1,-1,-1,-1
63,2,310.79,-1.05,263.71,463.19,1,-1,-1,-1
63,4,709.02,210.16,19.19,45.96,1,-1,-1,-1
63,6,628.13,194.26,27.48,74.14,1,-1,-1,-1
64,1,-2.40,-9.13,220.08,474.89,1,-1,-1,-1
64,2,312.01,-2.71,266.52,465.40,1,-1,-1,-1
64,4,716.68,210.32,19.19,45.96,1,-1,-1,-1
64,6,635.07,194.38,27.48,74.14,1,-1,-1,-1
65,1,-2.58,-8.74,221.68,475.57,1,-1,-1,-1
65,2,313.59,-4.00,268.21,467.33,1,-1,-1,-1
65,6,642.01,194.50,27.48,74.14,1,-1,-1,-1
66,1,-3.26,-8.29,223.11,476.15,1,-1,-1,-1
66,2,314.94,-4.97,270.00,469.00,1,-1,-1,-1
66,6,648.95,194.62,27.48,74.14,1,-1,-1,-1
67,1,-3.76,-7.82,224.55,476.66,1,-1,-1,-1
67,2,314.90,-5.68,273.40,470.45,1,-1,-1,-1
67,6,655.89,194.74,27.48,74.14,1,-1,-1,-1
68,1,-3.47,-7.33,225.88,477.10,1,-1,-1,-1
68,2,315.85,-6.16,274.71,471.71,1,-1,-1,-1
68,6,662.84,194.86,27.48,74.14,1,-1,-1,-1
69,1,-3.35,-6.83,226.75,477.48,1,-1,-1,-1
69,2,316.17,-6.46,276.46,472.80,1,-1,-1,-1
69,6,669.78,194.98,27.48,74.14,1,-1,-1,-1
70,1,-3.59,-6.32,227.96,477.81,1,-1,-1,-1
70,2,316.71,-6.60,277.72,473.75,1,-1,-1,-1
70,6,676.72,195.10,27.48,74.14,1,-1,-1,-1
71,1,-3.27,-5.83,228.66,478.10,1,-1,-1,-1
71,2,316.91,-6.62,278.73,474.57,1,-1,-1,-1
71,6,683.66,195.22,27.48,74.14,1,-1,-1,-1
72,1,-2.86,-5.35,229.10,478.35,1,-1,-1,-1
72,2,316.18,-6.53,280.32,475.29,1,-1,-1,-1
72,6,690.60,195.34,27.48,74.14,1,-1,-1,-1
73,1,-2.63,-4.88,229.58,478.57,1,-1,-1,-1
73,2,315.53,-6.37,281.79,475.91,1,-1,-1,-1
73,6,697.54,195.46,27.48,74.14,1,-1,-1,-1
74,1,-2.25,-4.43,229.84,478.76,1,-1,-1,-1
74,2,315.40,-6.15,282.66,476.45,1,-1,-1,-1
74,6,704.48,195.58,27.48,74.14,1,-1,-1,-1
75,1,-1.69,-4.00,230.01,478.92,1,-1,-1,-1
75,2,314.70,-5.41,283.64,476.60,1,-1,-1,-1
75,6,711.42,195.70,27.48,74.14,1,-1,-1,-1
76,1,-1.82,-3.59,230.72,479.06,1,-1,-1,-1
76,2,314.29,-4.62,284.63,476.68,1,-1,-1,-1
76,6,718.36,195.82,27.48,74.14,1,-1,-1,-1
77,1,-1.36,-3.20,230.83,479.19,1,-1,-1,-1
77,2,314.30,-4.43,284.95,477.12,1,-1,-1,-1
77,6,725.30,195.94,27.48,74.14,1,-1,-1,-1
78,1,-1.13,-2.84,231.38,479.29,1,-1,-1,-1
78,2,314.03,-3.92,285.08,477.30,1,-1,-1,-1
78,6,732.24,196.06,27.48,74.14,1,-1,-1,-1
79,1,-0.89,-2.50,231.77,479.39,1,-1,-1,-1
79,2,314.24,-3.72,285.07,477.65,1,-1,-1,-1
79,6,739.19,196.19,27.48,74.14,1,-1,-1,-1
80,1,-0.65,-2.18,232.08,479.47,1,-1,-1,-1
80,2,313.94,-3.50,284.64,477.96,1,-1,-1,-1
81,1,-0.33,-1.88,232.09,479.54,1,-1,-1,-1
81,2,313.54,-3.27,285.04,478.23,1,-1,-1,-1
82,1,-0.10,-1.61,232.32,479.60,1,-1,-1,-1
82,2,313.46,-3.03,284.56,478.46,1,-1,-1,-1
83,1,0.15,-1.36,232.74,479.65,1,-1,-1,-1
83,2,314.25,-1.54,282.64,477.84,1,-1,-1,-1
84,1,0.17,-1.12,233.30,479.70,1,-1,-1,-1
84,2,314.58,-1.44,282.08,478.10,1,-1,-1,-1
85,1,0.50,-0.91,233.46,479.74,1,-1,-1,-1
85,2,313.36,-1.36,282.61,478.35,1,-1,-1,-1
85,10,615.40,188.40,25.60,65.10,1,-1,-1,-1
86,1,0.92,-0.71,233.04,479.77,1,-1,-1,-1
86,2,312.03,-0.96,283.01,478.35,1,-1,-1,-1
86,10,616.10,191.19,25.47,64.38,1,-1,-1,-1
87,1,1.07,-0.54,233.15,479.80,1,-1,-1,-1
87,2,310.92,-0.15,282.89,478.07,1,-1,-1,-1
87,10,617.04,193.19,25.21,63.38,1,-1,-1,-1
88,1,1.02,-0.37,233.50,479.83,1,-1,-1,-1
88,2,310.44,0.24,282.84,478.03,1,-1,-1,-1
88,10,617.87,195.56,25.21,63.38,1,-1,-1,-1
89,1,1.11,-0.22,233.08,479.85,1,-1,-1,-1
89,2,310.12,0.97,282.01,477.75,1,-1,-1,-1
89,10,618.69,197.93,25.21,63.38,1,-1,-1,-1
90,1,1.36,0.05,233.10,479.78,1,-1,-1,-1
90,2,310.20,1.41,281.54,477.64,1,-1,-1,-1
90,10,619.52,200.30,25.21,63.38,1,-1,-1,-1
91,1,1.18,0.43,233.83,479.62,1,-1,-1,-1
91,2,309.65,2.98,281.07,476.75,1,-1,-1,-1
91,10,620.34,202.68,25.21,63.38,1,-1,-1,-1
92,1,1.20,0.48,234.25,479.67,1,-1,-1,-1
92,2,310.04,3.23,280.63,476.72,1,-1,-1,-1
92,10,621.17,205.05,25.21,63.38,1,-1,-1,-1
93,1,1.11,0.70,234.61,479.60,1,-1,-1,-1
93,2,309.70,2.75,280.60,477.15,1,-1,-1,-1
93,10,622.00,207.42,25.21,63.38,1,-1,-1,-1
94,1,1.02,0.86,234.77,479.56,1,-1,-1,-1
94,2,310.36,4.42,278.95,476.14,1,-1,-1,-1
94,10,622.82,209.80,25.21,63.38,1,-1,-1,-1
95,1,0.91,0.86,234.72,479.62,1,-1,-1,-1
95,2,310.52,4.03,278.10,476.48,1,-1,-1,-1
95,10,623.65,212.17,25.21,63.38,1,-1,-1,-1
96,1,0.80,0.86,234.63,479.67,1,-1,-1,-1
96,2,311.10,4.17,277.38,476.46,1,-1,-1,-1
96,10,624.47,214.54,25.21,63.38,1,-1,-1,-1
97,1,0.72,0.86,234.70,479.71,1,-1,-1,-1
97,2,311.57,3.56,276.46,476.92,1,-1,-1,-1
97,10,625.30,216.92,25.21,63.38,1,-1,-1,-1
98,1,0.84,0.87,234.73,479.75,1,-1,-1,-1
98,2,311.65,3.83,276.44,476.80,1,-1,-1,-1
98,10,626.13,219.29,25.21,63.38,1,-1,-1,-1
99,1,1.22,0.87,234.46,479.78,1,-1,-1,-1
99,2,311.21,4.16,276.38,476.63,1,-1,-1,-1
99,10,626.95,221.66,25.21,63.38,1,-1,-1,-1
100,1,1.10,0.88,234.00,479.81,1,-1,-1,-1
100,2,311.68,4.12,276.10,476.69,1,-1,-1,-1
100,10,627.78,224.03,25.21,63.38,1,-1,-1,-1
101,1,1.30,0.88,233.35,479.84,1,-1,-1,-1
101,2,312.41,4.05,275.13,476.77,1,-1,-1,-1
101,10,628.60,226.41,25.21,63.38,1,-1,-1,-1
102,1,1.19,0.89,233.23,479.86,1,-1,-1,-1
102,2,312.59,5.05,275.09,476.13,1,-1,-1,-1
102,10,629.43,228.78,25.21,63.38,1,-1,-1,-1
103,1,1.25,0.90,233.11,479.88,1,-1,-1,-1
103,2,313.62,4.73,273.49,476.36,1,-1,-1,-1
103,10,630.26,231.15,25.21,63.38,1,-1,-1,-1
104,1,1.67,0.90,232.66,479.89,1,-1,-1,-1
104,2,313.65,4.44,272.93,476.57,1,-1,-1,-1
104,10,631.08,233.53,25.21,63.38,1,-1,-1,-1
105,1,1.79,1.22,231.82,479.70,1,-1,-1,-1
105,2,314.43,5.21,271.82,476.07,1,-1,-1,-1
105,10,631.91,235.90,25.21,63.38,1,-1,-1,-1
106,1,2.18,1.18,230.99,479.74,1,-1,-1,-1
106,2,314.69,6.17,271.96,475.43,1,-1,-1,-1
106,10,632.73,238.27,25.21,63.38,1,-1,-1,-1
107,1,2.16,1.15,230.86,479.77,1,-1,-1,-1
107,2,314.70,5.51,272.70,475.86,1,-1,-1,-1
107,10,633.56,240.65,25.21,63.38,1,-1,-1,-1
108,1,1.97,1.12,231.21,479.80,1,-1,-1,-1
108,2,314.40,4.73,274.01,476.38,1,-1,-1,-1
108,10,634.39,243.02,25.21,63.38,1,-1,-1,-1
109,1,1.88,1.33,231.15,479.67,1,-1,-1,-1
109,2,314.78,4.01,274.57,476.86,1,-1,-1,-1
109,10,635.21,245.39,25.21,63.38,1,-1,-1,-1
110,1,1.97,1.28,230.71,479.71,1,-1,-1,-1
110,2,315.69,3.40,275.34,477.27,1,-1,-1,-1
110,10,636.04,247.76,25.21,63.38,1,-1,-1,-1
111,1,1.77,1.23,230.92,479.75,1,-1,-1,-1
111,2,316.50,2.88,275.27,477.63,1,-1,-1,-1
111,10,636.86,250.14,25.21,63.38,1,-1,-1,-1
112,1,1.91,1.19,230.19,479.78,1,-1,-1,-1
112,2,314.98,3.36,277.25,477.32,1,-1,-1,-1
112,10,637.69,252.51,25.21,63.38,1,-1,-1,-1
113,1,2.17,1.51,229.58,479.57,1,-1,-1,-1
113,2,312.05,3.82,281.18,477.03,1,-1,-1,-1
114,1,1.94,1.42,229.30,479.63,1,-1,-1,-1
114,2,311.95,3.25,281.45,477.42,1,-1,-1,-1
115,1,1.75,1.35,229.35,479.68,1,-1,-1,-1
115,2,311.27,2.76,282.43,477.76,1,-1,-1,-1
116,1,1.58,1.37,229.18,479.67,1,-1,-1,-1
116,2,310.35,2.34,283.71,478.06,1,-1,-1,-1
117,1,1.44,1.30,229.09,479.71,1,-1,-1,-1
117,2,308.98,2.65,285.54,477.88,1,-1,-1,-1
118,1,1.32,1.25,229.51,479.75,1,-1,-1,-1
118,2,307.74,3.48,285.47,477.34,1,-1,-1,-1
119,1,1.22,1.20,229.77,479.78,1,-1,-1,-1
119,2,305.29,4.26,286.64,476.83,1,-1,-1,-1
120,1,1.14,1.16,230.25,479.81,1,-1,-1,-1
120,2,304.35,4.17,286.40,476.90,1,-1,-1,-1
121,1,1.07,1.12,231.14,479.84,1,-1,-1,-1
121,2,305.72,3.96,284.53,477.04,1,-1,-1,-1
122,1,1.02,1.09,232.14,479.86,1,-1,-1,-1
122,2,306.05,3.70,283.43,477.22,1,-1,-1,-1
123,1,0.97,1.07,233.96,479.88,1,-1,-1,-1
123,2,306.03,3.34,282.89,477.47,1,-1,-1,-1
124,1,0.94,1.05,235.64,479.89,1,-1,-1,-1
124,2,306.26,4.03,282.61,477.01,1,-1,-1,-1
125,1,0.91,1.03,237.74,479.91,1,-1,-1,-1
125,2,306.20,3.90,282.49,477.10,1,-1,-1,-1
125,11,585.10,207.70,19.00,33.10,1,-1,-1,-1
126,1,1.18,1.02,238.99,479.92,1,-1,-1,-1
126,2,306.85,3.49,282.03,477.38,1,-1,-1,-1
126,11,586.69,206.90,18.84,33.21,1,-1,-1,-1
127,1,2.19,1.00,239.60,479.93,1,-1,-1,-1
127,2,307.26,2.98,281.74,477.72,1,-1,-1,-1
127,11,587.97,204.97,18.93,33.64,1,-1,-1,-1
128,1,3.96,1.00,239.55,479.94,1,-1,-1,-1
128,2,307.18,3.71,281.82,477.25,1,-1,-1,-1
128,11,588.74,204.19,18.91,34.06,1,-1,-1,-1
129,1,4.42,0.99,240.19,479.95,1,-1,-1,-1
129,2,307.12,4.54,281.66,476.70,1,-1,-1,-1
129,11,589.07,203.62,18.85,34.46,1,-1,-1,-1
130,1,4.87,0.98,240.37,479.95,1,-1,-1,-1
130,2,307.51,3.88,280.89,477.13,1,-1,-1,-1
130,11,588.75,203.10,19.00,34.80,1,-1,-1,-1
131,1,5.16,0.98,240.84,479.96,1,-1,-1,-1
131,2,306.65,3.32,281.01,477.51,1,-1,-1,-1
131,11,588.20,203.11,19.14,35.07,1,-1,-1,-1
132,1,5.19,0.97,240.79,479.97,1,-1,-1,-1
132,2,306.74,3.49,280.27,477.41,1,-1,-1,-1
132,11,587.84,203.33,19.28,35.19,1,-1,-1,-1
133,1,5.65,0.97,240.62,479.97,1,-1,-1,-1
133,2,306.40,3.65,279.99,477.30,1,-1,-1,-1
133,11,587.48,203.52,19.28,35.33,1,-1,-1,-1
134,1,5.65,0.97,240.41,479.97,1,-1,-1,-1
134,2,307.21,3.64,278.64,477.31,1,-1,-1,-1
134,11,587.10,203.38,19.27,35.63,1,-1,-1,-1
135,1,5.97,0.97,239.60,479.98,1,-1,-1,-1
135,2,306.93,3.56,278.49,477.36,1,-1,-1,-1
135,11,586.81,203.41,19.22,35.77,1,-1,-1,-1
136,1,6.51,0.97,238.22,479.98,1,-1,-1,-1
136,2,306.93,3.25,278.11,477.58,1,-1,-1,-1
136,11,586.57,203.47,19.15,35.82,1,-1,-1,-1
137,1,5.60,1.07,237.95,479.92,1,-1,-1,-1
137,2,307.31,2.78,276.98,477.90,1,-1,-1,-1
137,11,586.42,203.48,19.10,36.07,1,-1,-1,-1
138,1,5.56,1.05,236.83,479.93,1,-1,-1,-1
138,2,306.95,2.87,277.11,477.85,1,-1,-1,-1
138,11,586.14,203.54,18.98,36.13,1,-1,-1,-1
139,1,5.10,1.04,235.91,479.94,1,-1,-1,-1
139,2,307.29,2.70,276.24,477.97,1,-1,-1,-1
139,11,585.87,203.53,18.96,36.41,1,-1,-1,-1
140,1,4.37,1.80,235.12,479.43,1,-1,-1,-1
140,2,307.34,2.85,276.23,477.88,1,-1,-1,-1
140,11,585.56,203.52,18.95,36.74,1,-1,-1,-1
141,1,4.02,2.06,233.73,479.26,1,-1,-1,-1
141,2,307.22,3.04,276.38,477.77,1,-1,-1,-1
141,11,584.95,203.60,19.02,36.93,1,-1,-1,-1
142,1,3.61,2.57,232.46,478.91,1,-1,-1,-1
142,2,307.08,3.60,276.63,477.40,1,-1,-1,-1
142,11,584.30,203.55,19.17,37.16,1,-1,-1,-1
143,1,3.09,2.60,231.72,478.87,1,-1,-1,-1
143,2,307.32,3.18,277.34,477.69,1,-1,-1,-1
143,11,583.71,203.59,19.28,37.25,1,-1,-1,-1
144,1,3.16,2.36,230.15,479.02,1,-1,-1,-1
144,2,308.23,2.73,277.42,478.00,1,-1,-1,-1
144,11,583.31,203.78,19.27,37.22,1,-1,-1,-1
145,1,2.70,2.14,229.60,479.15,1,-1,-1,-1
145,2,307.28,2.35,278.92,478.26,1,-1,-1,-1
145,11,583.11,203.65,19.27,37.22,1,-1,-1,-1
146,1,2.32,1.95,228.84,479.26,1,-1,-1,-1
146,2,306.90,2.41,280.38,478.24,1,-1,-1,-1
146,11,582.91,203.52,19.27,37.22,1,-1,-1,-1
147,1,1.99,1.79,228.70,479.36,1,-1,-1,-1
147,2,307.31,2.32,282.14,478.31,1,-1,-1,-1
147,11,582.72,203.39,19.27,37.22,1,-1,-1,-1
148,1,1.72,1.65,229.16,479.44,1,-1,-1,-1
148,2,307.60,2.29,284.07,478.35,1,-1,-1,-1
148,11,582.52,203.26,19.27,37.22,1,-1,-1,-1
149,1,1.49,1.57,229.35,479.49,1,-1,-1,-1
149,2,307.20,1.98,287.25,478.57,1,-1,-1,-1
149,11,582.32,203.13,19.27,37.22,1,-1,-1,-1
150,1,1.30,1.68,229.90,479.41,1,-1,-1,-1
150,2,307.59,1.73,288.24,478.76,1,-1,-1,-1
150,11,582.13,203.00,19.27,37.22,1,-1,-1,-1
151,1,1.53,1.55,230.25,479.49,1,-1,-1,-1
151,2,306.46,1.65,290.69,478.83,1,-1,-1,-1
151,11,581.93,202.87,19.27,37.22,1,-1,-1,-1
152,1,1.86,1.44,230.79,479.56,1,-1,-1,-1
152,2,306.64,1.59,292.06,478.89,1,-1,-1,-1
152,11,581.74,202.74,19.27,37.22,1,-1,-1,-1
153,1,2.15,1.35,231.62,479.61,1,-1,-1,-1
153,2,306.57,1.41,293.08,479.04,1,-1,-1,-1
153,11,580.80,203.47,19.04,37.24,1,-1,-1,-1
154,1,1.88,1.65,232.31,479.41,1,-1,-1,-1
154,2,304.87,1.26,293.66,479.16,1,-1,-1,-1
154,11,579.76,202.69,19.13,37.76,1,-1,-1,-1
154,12,548.90,190.80,23.20,56.00,1,-1,-1,-1
155,1,2.37,1.53,232.63,479.49,1,-1,-1,-1
155,2,303.40,1.13,293.81,479.27,1,-1,-1,-1
155,11,579.34,202.52,19.14,37.90,1,-1,-1,-1
155,12,549.70,195.97,22.86,55.04,1,-1,-1,-1
156,1,2.53,1.42,233.13,479.56,1,-1,-1,-1
156,2,301.56,1.03,293.23,479.37,1,-1,-1,-1
156,11,578.82,202.18,19.17,38.27,1,-1,-1,-1
156,12,549.45,196.34,22.80,54.64,1,-1,-1,-1
156,13,525.20,178.50,21.70,77.40,1,-1,-1,-1
157,1,2.89,1.51,232.95,479.50,1,-1,-1,-1
157,2,299.57,0.94,291.19,479.45,1,-1,-1,-1
157,11,578.37,201.87,19.25,38.62,1,-1,-1,-1
157,12,549.04,198.60,22.56,53.61,1,-1,-1,-1
157,13,522.02,173.43,22.46,78.52,1,-1,-1,-1
158,1,3.23,1.41,232.83,479.56,1,-1,-1,-1
158,2,298.67,0.88,286.19,479.52,1,-1,-1,-1
158,11,577.98,201.43,19.28,39.17,1,-1,-1,-1
158,12,547.62,199.32,22.63,53.29,1,-1,-1,-1
158,13,525.03,180.76,22.10,77.35,1,-1,-1,-1
159,1,3.49,1.32,232.39,479.62,1,-1,-1,-1
159,2,298.09,0.83,279.59,479.59,1,-1,-1,-1
159,11,577.46,201.10,19.44,39.60,1,-1,-1,-1
159,12,546.49,199.32,22.86,53.16,1,-1,-1,-1
159,13,527.21,188.08,21.55,75.23,1,-1,-1,-1
160,1,3.39,1.25,232.57,479.67,1,-1,-1,-1
160,2,298.15,1.69,271.99,479.04,1,-1,-1,-1
160,11,576.98,201.05,19.59,39.87,1,-1,-1,-1
160,12,545.79,199.08,23.01,53.15,1,-1,-1,-1
160,13,526.17,191.05,21.48,73.78,1,-1,-1,-1
160,14,492.60,178.40,35.90,108.10,1,-1,-1,-1
161,1,3.00,1.19,232.21,479.71,1,-1,-1,-1
161,2,297.89,2.16,265.16,478.74,1,-1,-1,-1
161,11,576.39,201.15,19.65,39.93,1,-1,-1,-1
161,12,545.37,199.09,23.05,53.12,1,-1,-1,-1
161,13,525.23,192.38,21.32,72.69,1,-1,-1,-1
161,14,494.19,179.49,35.67,107.32,1,-1,-1,-1
162,1,3.13,1.13,231.72,479.75,1,-1,-1,-1
162,2,298.03,2.69,258.91,478.41,1,-1,-1,-1
162,11,576.17,201.12,19.62,40.09,1,-1,-1,-1
162,12,545.17,198.60,23.16,53.27,1,-1,-1,-1
162,13,524.37,192.79,21.38,72.01,1,-1,-1,-1
162,14,494.10,179.30,35.72,106.74,1,-1,-1,-1
163,1,3.33,1.09,230.78,479.79,1,-1,-1,-1
163,2,297.34,2.38,253.65,478.62,1,-1,-1,-1
163,11,576.05,201.35,19.53,39.94,1,-1,-1,-1
163,12,545.24,198.80,23.13,53.15,1,-1,-1,-1
163,13,523.86,192.88,21.00,71.67,1,-1,-1,-1
163,14,494.74,179.58,36.00,105.58,1,-1,-1,-1
164,1,2.89,1.06,230.90,479.81,1,-1,-1,-1
164,2,296.28,3.03,249.34,478.19,1,-1,-1,-1
164,11,575.61,201.26,19.58,40.13,1,-1,-1,-1
164,12,545.12,198.62,23.25,53.20,1,-1,-1,-1
164,13,522.46,192.20,20.89,71.77,1,-1,-1,-1
164,14,495.35,179.30,36.29,104.77,1,-1,-1,-1
165,1,2.52,1.36,230.97,479.61,1,-1,-1,-1
165,2,296.03,3.83,244.88,477.65,1,-1,-1,-1
165,11,575.30,201.14,19.53,40.27,1,-1,-1,-1
165,12,544.99,198.34,23.33,53.33,1,-1,-1,-1
165,13,522.08,193.86,20.89,71.77,1,-1,-1,-1
165,14,496.01,180.42,36.16,103.78,1,-1,-1,-1
166,1,2.20,1.39,231.06,479.60,1,-1,-1,-1
166,2,295.84,3.50,241.20,477.87,1,-1,-1,-1
166,11,575.07,201.13,19.47,40.41,1,-1,-1,-1
166,12,545.03,198.01,23.45,53.54,1,-1,-1,-1
166,13,521.70,195.51,20.89,71.77,1,-1,-1,-1
166,14,496.81,179.86,36.02,103.02,1,-1,-1,-1
167,1,2.50,1.31,230.17,479.65,1,-1,-1,-1
167,2,294.89,3.06,238.29,478.15,1,-1,-1,-1
167,11,574.76,201.18,19.42,40.33,1,-1,-1,-1
167,12,544.95,197.65,23.56,53.83,1,-1,-1,-1
167,13,519.24,191.98,21.14,72.17,1,-1,-1,-1
167,14,497.35,180.16,35.87,102.23,1,-1,-1,-1
168,1,2.50,1.24,229.16,479.70,1,-1,-1,-1
168,2,294.52,4.21,235.37,477.38,1,-1,-1,-1
168,11,574.33,201.04,19.53,40.40,1,-1,-1,-1
168,12,544.87,197.39,23.62,54.09,1,-1,-1,-1
168,13,518.64,193.08,21.14,72.17,1,-1,-1,-1
168,14,498.08,180.50,35.80,101.35,1,-1,-1,-1
169,1,2.19,1.21,228.89,479.72,1,-1,-1,-1
169,2,294.48,4.30,232.60,477.30,1,-1,-1,-1
169,11,574.03,200.93,19.54,40.51,1,-1,-1,-1
169,12,544.99,197.24,23.60,54.21,1,-1,-1,-1
169,13,518.04,194.17,21.14,72.17,1,-1,-1,-1
169,14,498.30,180.64,35.83,100.77,1,-1,-1,-1
170,1,1.92,1.16,228.59,479.76,1,-1,-1,-1
170,2,293.72,5.06,230.52,476.78,1,-1,-1,-1
170,11,573.70,200.83,19.54,40.51,1,-1,-1,-1
170,12,545.05,196.92,23.70,54.73,1,-1,-1,-1
170,13,517.43,195.26,21.14,72.17,1,-1,-1,-1
170,14,498.60,180.04,35.72,100.45,1,-1,-1,-1
171,1,2.39,1.12,227.63,479.79,1,-1,-1,-1
171,2,293.15,4.38,228.53,477.20,1,-1,-1,-1
171,11,573.37,200.73,19.54,40.51,1,-1,-1,-1
171,12,544.83,197.13,23.70,54.73,1,-1,-1,-1
171,13,516.83,196.35,21.14,72.17,1,-1,-1,-1
171,14,499.18,180.17,35.72,100.45,1,-1,-1,-1
172,1,2.47,1.08,226.97,479.82,1,-1,-1,-1
172,2,292.53,3.79,227.21,477.57,1,-1,-1,-1
172,11,573.04,200.63,19.54,40.51,1,-1,-1,-1
172,12,544.62,197.34,23.70,54.73,1,-1,-1,-1
172,13,516.23,197.44,21.14,72.17,1,-1,-1,-1
172,14,499.76,180.30,35.72,100.45,1,-1,-1,-1
173,1,2.58,1.05,226.93,479.84,1,-1,-1,-1
173,2,292.13,3.29,226.02,477.89,1,-1,-1,-1
173,11,572.71,200.53,19.54,40.51,1,-1,-1,-1
173,12,544.40,197.55,23.70,54.73,1,-1,-1,-1
173,13,515.62,198.53,21.14,72.17,1,-1,-1,-1
173,14,500.33,180.44,35.72,100.45,1,-1,-1,-1
174,1,2.54,1.03,227.20,479.86,1,-1,-1,-1
174,2,292.24,3.64,224.82,477.64,1,-1,-1,-1
174,11,572.38,200.42,19.54,40.51,1,-1,-1,-1
174,12,544.18,197.75,23.70,54.73,1,-1,-1,-1
174,13,515.02,199.63,21.14,72.17,1,-1,-1,-1
174,14,500.91,180.57,35.72,100.45,1,-1,-1,-1
175,1,2.86,1.01,226.98,479.88,1,-1,-1,-1
175,2,291.69,4.41,224.14,477.11,1,-1,-1,-1
175,11,572.05,200.32,19.54,40.51,1,-1,-1,-1
175,12,543.97,197.96,23.70,54.73,1,-1,-1,-1
175,13,514.41,200.72,21.14,72.17,1,-1,-1,-1
175,14,501.48,180.70,35.72,100.45,1,-1,-1,-1
176,1,3.16,1.11,226.53,479.82,1,-1,-1,-1
176,2,291.85,3.81,223.49,477.49,1,-1,-1,-1
176,11,571.72,200.22,19.54,40.51,1,-1,-1,-1
176,12,543.75,198.17,23.70,54.73,1,-1,-1,-1
176,13,513.81,201.81,21.14,72.17,1,-1,-1,-1
176,14,502.06,180.83,35.72,100.45,1,-1,-1,-1
177,1,3.07,1.12,226.94,479.82,1,-1,-1,-1
177,2,291.91,3.29,222.70,477.82,1,-1,-1,-1
177,11,571.97,198.52,19.66,42.88,1,-1,-1,-1
177,12,543.53,198.38,23.70,54.73,1,-1,-1,-1
177,13,513.21,202.90,21.14,72.17,1,-1,-1,-1
177,14,502.64,180.96,35.72,100.45,1,-1,-1,-1
178,1,3.51,1.09,226.02,479.84,1,-1,-1,-1
178,2,291.36,4.03,221.65,477.32,1,-1,-1,-1
178,11,570.66,199.61,19.77,42.97,1,-1,-1,-1
178,12,544.37,197.68,23.56,54.65,1,-1,-1,-1
178,13,516.04,191.08,21.80,72.93,1,-1,-1,-1
178,14,499.29,180.17,35.80,100.10,1,-1,-1,-1
179,1,3.57,1.06,225.40,479.86,1,-1,-1,-1
179,2,291.10,5.03,220.65,476.63,1,-1,-1,-1
179,11,569.88,200.21,19.85,43.06,1,-1,-1,-1
179,12,544.47,197.38,23.71,54.72,1,-1,-1,-1
179,13,517.96,190.01,21.57,72.53,1,-1,-1,-1
179,14,497.87,180.47,35.96,99.92,1,-1,-1,-1
180,1,3.34,1.04,225.89,479.88,1,-1,-1,-1
180,2,291.72,4.33,219.74,477.07,1,-1,-1,-1
180,11,569.22,200.60,19.97,43.28,1,-1,-1,-1
180,12,544.44,197.14,23.78,54.90,1,-1,-1,-1
180,13,518.16,189.24,21.89,72.95,1,-1,-1,-1
180,14,497.64,180.44,35.74,99.66,1,-1,-1,-1
181,1,3.34,1.02,225.85,479.90,1,-1,-1,-1
181,2,292.44,3.90,218.81,477.34,1,-1,-1,-1
181,11,568.59,200.89,20.18,43.52,1,-1,-1,-1
181,12,544.15,196.83,24.00,55.19,1,-1,-1,-1
181,13,519.00,189.00,21.75,73.05,1,-1,-1,-1
181,14,497.64,180.88,35.26,99.25,1,-1,-1,-1
182,1,3.47,1.01,225.26,479.91,1,-1,-1,-1
182,2,293.38,3.35,218.18,477.69,1,-1,-1,-1
182,11,568.03,200.95,20.24,43.76,1,-1,-1,-1
182,12,543.91,196.70,24.22,55.20,1,-1,-1,-1
182,13,519.13,188.63,22.03,73.40,1,-1,-1,-1
182,14,497.49,180.68,34.96,100.16,1,-1,-1,-1
183,1,3.47,1.00,224.90,479.92,1,-1,-1,-1
183,2,294.13,2.88,217.94,478.00,1,-1,-1,-1
183,11,567.59,200.90,20.31,44.10,1,-1,-1,-1
183,12,543.81,196.57,24.32,55.23,1,-1,-1,-1
183,13,519.92,188.45,21.79,73.61,1,-1,-1,-1
183,14,497.15,180.94,34.51,100.79,1,-1,-1,-1
184,1,3.52,0.99,225.01,479.93,1,-1,-1,-1
184,2,295.28,3.14,217.16,477.82,1,-1,-1,-1
184,11,567.24,200.91,20.36,44.28,1,-1,-1,-1
184,12,543.98,196.58,24.35,55.14,1,-1,-1,-1
184,13,520.43,187.99,22.32,73.94,1,-1,-1,-1
184,14,497.26,181.03,34.51,100.79,1,-1,-1,-1
185,1,3.05,1.26,225.69,479.76,1,-1,-1,-1
185,2,296.82,2.70,216.47,478.11,1,-1,-1,-1
185,11,566.92,200.93,20.41,44.31,1,-1,-1,-1
185,12,543.57,196.25,24.64,55.34,1,-1,-1,-1
185,13,521.05,187.51,22.88,74.28,1,-1,-1,-1
185,14,497.37,181.12,34.51,100.79,1,-1,-1,-1
186,1,3.05,1.21,225.34,479.79,1,-1,-1,-1
186,2,298.55,2.33,215.21,478.36,1,-1,-1,-1
186,11,566.61,201.04,20.40,44.28,1,-1,-1,-1
186,12,543.25,195.92,24.83,55.69,1,-1,-1,-1
186,13,521.87,187.15,23.25,74.46,1,-1,-1,-1
186,14,497.48,181.21,34.51,100.79,1,-1,-1,-1
187,1,2.64,1.17,225.45,479.82,1,-1,-1,-1
187,2,300.30,2.01,214.35,478.58,1,-1,-1,-1
187,11,566.27,201.18,20.40,44.26,1,-1,-1,-1
187,12,543.08,195.68,25.00,56.09,1,-1,-1,-1
187,13,522.67,187.09,23.44,74.32,1,-1,-1,-1
187,14,497.59,181.30,34.51,100.79,1,-1,-1,-1
188,1,2.30,1.26,225.76,479.76,1,-1,-1,-1
188,2,300.82,2.56,214.58,478.22,1,-1,-1,-1
188,11,565.90,201.26,20.44,44.35,1,-1,-1,-1
188,12,542.84,195.54,25.18,56.31,1,-1,-1,-1
188,13,523.44,186.95,23.68,74.35,1,-1,-1,-1
188,14,497.70,181.40,34.51,100.79,1,-1,-1,-1
189,1,2.01,1.21,226.19,479.79,1,-1,-1,-1
189,2,301.57,2.99,214.53,477.94,1,-1,-1,-1
189,11,565.38,201.38,20.47,44.49,1,-1,-1,-1
189,12,542.32,195.54,25.36,56.24,1,-1,-1,-1
189,13,524.11,186.92,23.88,74.40,1,-1,-1,-1
189,14,497.81,181.49,34.51,100.79,1,-1,-1,-1
190,1,2.16,1.17,225.65,479.82,1,-1,-1,-1
190,2,302.58,2.59,214.34,478.21,1,-1,-1,-1
190,11,564.89,201.29,20.45,44.76,1,-1,-1,-1
190,12,541.91,195.46,25.59,56.11,1,-1,-1,-1
190,13,524.55,186.93,24.15,74.48,1,-1,-1,-1
190,14,497.93,181.58,34.51,100.79,1,-1,-1,-1
191,1,1.95,1.14,226.17,479.84,1,-1,-1,-1
191,2,303.06,2.30,214.48,478.41,1,-1,-1,-1
191,11,564.48,201.49,20.42,44.87,1,-1,-1,-1
191,12,541.85,195.40,25.39,56.24,1,-1,-1,-1
191,13,525.32,187.14,24.56,74.20,1,-1,-1,-1
191,14,498.04,181.67,34.51,100.79,1,-1,-1,-1
192,1,2.01,1.40,225.96,479.67,1,-1,-1,-1
192,2,303.31,2.00,214.72,478.62,1,-1,-1,-1
192,11,563.98,201.64,20.47,45.01,1,-1,-1,-1
192,12,541.85,195.26,24.93,56.34,1,-1,-1,-1
192,13,525.83,187.41,25.14,74.16,1,-1,-1,-1
192,14,498.15,181.76,34.51,100.79,1,-1,-1,-1
193,1,2.01,1.75,226.03,479.43,1,-1,-1,-1
193,2,304.02,1.75,214.16,478.80,1,-1,-1,-1
193,11,563.45,201.83,20.60,45.06,1,-1,-1,-1
193,12,541.95,194.81,24.52,56.79,1,-1,-1,-1
193,13,526.43,187.45,25.48,74.42,1,-1,-1,-1
193,14,498.26,181.86,34.51,100.79,1,-1,-1,-1
194,1,1.81,1.81,226.03,479.39,1,-1,-1,-1
194,2,304.90,1.54,213.51,478.96,1,-1,-1,-1
194,11,562.83,201.79,20.76,45.26,1,-1,-1,-1
194,12,542.39,194.47,23.95,57.07,1,-1,-1,-1
194,13,526.85,187.37,25.84,74.81,1,-1,-1,-1
194,14,498.37,181.95,34.51,100.79,1,-1,-1,-1
195,1,1.79,2.17,225.89,479.14,1,-1,-1,-1
195,2,305.38,1.60,213.31,478.94,1,-1,-1,-1
195,11,562.39,202.01,20.75,45.27,1,-1,-1,-1
195,12,542.27,194.40,23.95,57.07,1,-1,-1,-1
195,13,527.34,187.32,26.31,75.24,1,-1,-1,-1
195,14,498.48,182.04,34.51,100.79,1,-1,-1,-1
196,1,1.92,1.99,225.59,479.25,1,-1,-1,-1
196,2,305.60,1.42,212.99,479.08,1,-1,-1,-1
196,11,561.87,202.24,20.75,45.21,1,-1,-1,-1
196,12,542.15,194.32,23.95,57.07,1,-1,-1,-1
196,13,527.44,187.26,26.80,75.61,1,-1,-1,-1
196,14,498.59,182.13,34.51,100.79,1,-1,-1,-1
197,1,1.87,2.46,225.34,478.93,1,-1,-1,-1
197,2,305.87,1.78,212.69,478.86,1,-1,-1,-1
197,11,561.26,202.49,20.73,45.24,1,-1,-1,-1
197,12,542.03,194.25,23.95,57.07,1,-1,-1,-1
197,13,527.78,187.20,27.25,75.97,1,-1,-1,-1
197,14,498.70,182.22,34.51,100.79,1,-1,-1,-1
198,1,1.66,2.23,225.76,479.07,1,-1,-1,-1
198,2,305.63,1.58,212.84,479.01,1,-1,-1,-1
198,11,560.75,202.80,20.67,45.13,1,-1,-1,-1
198,12,541.91,194.18,23.95,57.07,1,-1,-1,-1
198,13,528.07,187.21,27.64,76.37,1,-1,-1,-1
198,14,498.81,182.32,34.51,100.79,1,-1,-1,-1
199,1,1.49,2.68,225.88,478.76,1,-1,-1,-1
199,2,305.05,1.67,213.44,478.97,1,-1,-1,-1
199,11,559.92,202.47,20.60,45.29,1,-1,-1,-1
199,12,541.79,194.10,23.95,57.07,1,-1,-1,-1
199,13,528.32,187.02,27.93,76.85,1,-1,-1,-1
199,14,498.92,182.41,34.51,100.79,1,-1,-1,-1
200,1,1.34,3.24,225.95,478.37,1,-1,-1,-1
200,2,304.49,2.28,214.16,478.58,1,-1,-1,-1
200,11,559.35,201.95,20.45,45.59,1,-1,-1,-1
200,12,541.67,194.03,23.95,57.07,1,-1,-1,-1
200,13,528.67,186.79,28.03,77.37,1,-1,-1,-1
200,14,499.03,182.50,34.51,100.79,1,-1,-1,-1
201,1,1.22,3.12,226.31,478.43,1,-1,-1,-1
201,2,303.94,3.62,214.51,477.70,1,-1,-1,-1
201,11,558.87,201.96,20.45,45.59,1,-1,-1,-1
201,12,541.55,193.96,23.95,57.07,1,-1,-1,-1
201,13,528.87,186.60,28.14,77.69,1,-1,-1,-1
201,14,499.15,182.59,34.51,100.79,1,-1,-1,-1
202,1,1.12,3.27,226.94,478.30,1,-1,-1,-1
202,2,302.85,3.16,215.20,478.00,1,-1,-1,-1
202,11,558.38,201.98,20.45,45.59,1,-1,-1,-1
202,12,545.39,194.07,23.44,56.76,1,-1,-1,-1
202,13,528.85,186.47,28.30,77.90,1,-1,-1,-1
202,14,499.26,182.68,34.51,100.79,1,-1,-1,-1
203,1,1.04,3.39,227.23,478.20,1,-1,-1,-1
203,2,302.39,3.38,215.06,477.86,1,-1,-1,-1
203,11,557.90,202.00,20.45,45.59,1,-1,-1,-1
203,12,545.49,194.00,23.44,56.76,1,-1,-1,-1
203,13,528.97,186.56,28.26,78.01,1,-1,-1,-1
203,14,499.37,182.78,34.51,100.79,1,-1,-1,-1
204,1,1.37,3.00,226.42,478.44,1,-1,-1,-1
204,2,300.92,3.13,216.34,478.02,1,-1,-1,-1
204,11,557.41,202.02,20.45,45.59,1,-1,-1,-1
204,12,546.97,195.98,23.35,55.95,1,-1,-1,-1
204,13,528.89,186.62,28.25,78.47,1,-1,-1,-1
204,14,499.48,182.87,34.51,100.79,1,-1,-1,-1
205,1,1.26,3.23,225.81,478.26,1,-1,-1,-1
205,2,299.87,2.73,216.73,478.28,1,-1,-1,-1
205,11,556.93,202.03,20.45,45.59,1,-1,-1,-1
205,12,547.68,196.35,22.97,56.11,1,-1,-1,-1
205,13,528.71,186.52,28.11,78.74,1,-1,-1,-1
205,14,499.59,182.96,34.51,100.79,1,-1,-1,-1
206,1,1.17,3.11,225.81,478.32,1,-1,-1,-1
206,2,298.17,2.39,218.01,478.51,1,-1,-1,-1
206,11,556.44,202.05,20.45,45.59,1,-1,-1,-1
206,12,547.88,196.41,22.97,56.11,1,-1,-1,-1
206,13,528.29,186.17,28.16,79.30,1,-1,-1,-1
206,14,499.70,183.05,34.51,100.79,1,-1,-1,-1
207,1,1.09,2.78,225.51,478.51,1,-1,-1,-1
207,2,296.40,2.11,219.31,478.70,1,-1,-1,-1
207,11,555.96,202.07,20.45,45.59,1,-1,-1,-1
207,12,548.00,196.42,22.69,56.22,1,-1,-1,-1
207,13,527.46,185.65,28.31,80.25,1,-1,-1,-1
207,14,499.81,183.14,34.51,100.79,1,-1,-1,-1
208,1,1.03,2.46,224.44,478.71,1,-1,-1,-1
208,2,295.93,1.94,219.41,478.82,1,-1,-1,-1
208,11,555.47,202.09,20.45,45.59,1,-1,-1,-1
208,12,547.18,195.06,22.76,57.08,1,-1,-1,-1
208,13,526.37,185.10,28.56,81.11,1,-1,-1,-1
208,14,499.92,183.23,34.51,100.79,1,-1,-1,-1
209,1,0.98,2.19,222.77,478.88,1,-1,-1,-1
209,2,293.70,1.72,220.95,478.98,1,-1,-1,-1
209,11,554.98,202.10,20.45,45.59,1,-1,-1,-1
209,12,546.96,194.00,22.93,57.64,1,-1,-1,-1
209,13,525.40,184.58,28.84,81.89,1,-1,-1,-1
210,1,0.94,1.95,220.79,479.03,1,-1,-1,-1
210,2,291.15,1.53,222.70,479.11,1,-1,-1,-1
210,11,554.50,202.12,20.45,45.59,1,-1,-1,-1
210,12,546.52,193.94,22.99,57.53,1,-1,-1,-1
210,13,524.39,184.43,29.00,82.51,1,-1,-1,-1
211,1,0.91,1.75,218.75,479.15,1,-1,-1,-1
211,2,289.36,1.38,224.03,479.23,1,-1,-1,-1
211,11,554.01,202.14,20.45,45.59,1,-1,-1,-1
211,12,546.59,193.81,23.08,57.32,1,-1,-1,-1
211,13,523.57,184.28,29.17,82.93,1,-1,-1,-1
212,1,1.38,1.58,216.67,479.27,1,-1,-1,-1
212,2,287.49,1.90,225.87,478.90,1,-1,-1,-1
212,11,553.53,202.15,20.45,45.59,1,-1,-1,-1
212,12,546.24,194.43,22.96,57.03,1,-1,-1,-1
212,13,522.84,184.46,29.22,83.18,1,-1,-1,-1
213,1,1.29,1.43,214.00,479.36,1,-1,-1,-1
213,2,286.09,1.70,226.27,479.04,1,-1,-1,-1
213,11,553.04,202.17,20.45,45.59,1,-1,-1,-1
213,12,545.49,194.25,22.94,57.31,1,-1,-1,-1
213,13,521.86,184.25,29.25,83.51,1,-1,-1,-1
214,1,2.04,1.96,209.81,479.01,1,-1,-1,-1
214,2,284.76,1.52,226.67,479.17,1,-1,-1,-1
214,11,552.56,202.19,20.45,45.59,1,-1,-1,-1
214,12,545.50,194.21,22.94,57.31,1,-1,-1,-1
214,13,520.82,184.48,29.27,83.64,1,-1,-1,-1
215,1,2.07,1.77,206.90,479.14,1,-1,-1,-1
215,2,284.62,1.38,226.79,479.28,1,-1,-1,-1
215,11,552.07,202.21,20.45,45.59,1,-1,-1,-1
215,12,543.63,193.65,23.06,58.48,1,-1,-1,-1
215,13,520.05,184.12,29.01,84.35,1,-1,-1,-1
216,1,2.40,1.60,204.12,479.26,1,-1,-1,-1
216,2,284.83,1.26,226.03,479.37,1,-1,-1,-1
216,11,551.59,202.22,20.45,45.59,1,-1,-1,-1
216,12,541.91,193.65,23.36,58.76,1,-1,-1,-1
216,13,519.24,183.79,28.93,84.92,1,-1,-1,-1
217,1,2.55,1.46,201.16,479.35,1,-1,-1,-1
217,2,284.21,1.16,225.56,479.46,1,-1,-1,-1
217,11,551.10,202.24,20.45,45.59,1,-1,-1,-1
217,12,539.85,192.55,23.77,60.05,1,-1,-1,-1
217,13,518.24,183.12,28.90,85.69,1,-1,-1,-1
218,1,2.33,1.91,199.56,479.06,1,-1,-1,-1
218,2,284.64,1.08,224.01,479.53,1,-1,-1,-1
218,11,550.62,202.26,20.45,45.59,1,-1,-1,-1
218,12,538.29,192.72,24.16,60.25,1,-1,-1,-1
218,13,516.76,182.89,29.23,86.25,1,-1,-1,-1
219,1,2.45,2.71,198.51,478.52,1,-1,-1,-1
219,2,284.19,1.52,223.04,479.25,1,-1,-1,-1
219,11,550.13,202.28,20.45,45.59,1,-1,-1,-1
219,12,536.95,192.81,24.58,60.59,1,-1,-1,-1
219,13,515.31,183.04,29.50,86.31,1,-1,-1,-1
220,1,2.89,2.41,197.32,478.72,1,-1,-1,-1
220,2,284.47,2.34,221.31,478.71,1,-1,-1,-1
220,11,549.65,202.29,20.45,45.59,1,-1,-1,-1
220,12,536.33,193.13,24.87,60.69,1,-1,-1,-1
220,13,513.50,182.82,30.07,86.99,1,-1,-1,-1
220,15,483.20,179.10,29.00,106.60,1,-1,-1,-1
221,1,2.57,2.15,198.36,478.89,1,-1,-1,-1
221,2,286.08,5.39,219.54,476.68,1,-1,-1,-1
221,11,549.16,202.31,20.45,45.59,1,-1,-1,-1
221,12,535.87,193.35,25.20,60.93,1,-1,-1,-1
221,13,511.53,182.75,30.60,87.48,1,-1,-1,-1
221,15,485.59,182.09,28.39,105.45,1,-1,-1,-1
222,1,2.29,1.97,199.84,479.01,1,-1,-1,-1
222,2,287.55,9.10,216.74,474.18,1,-1,-1,-1
222,11,548.67,202.33,20.45,45.59,1,-1,-1,-1
222,12,535.82,193.55,25.50,61.07,1,-1,-1,-1
222,13,509.95,182.69,30.95,88.02,1,-1,-1,-1
222,15,487.51,183.96,27.91,103.97,1,-1,-1,-1
223,1,2.05,2.03,202.34,478.97,1,-1,-1,-1
223,2,289.49,11.66,213.52,472.40,1,-1,-1,-1
223,11,548.19,202.34,20.45,45.59,1,-1,-1,-1
223,12,535.84,193.71,25.66,61.33,1,-1,-1,-1
223,13,508.29,182.72,31.16,88.61,1,-1,-1,-1
223,15,485.19,183.81,28.94,103.47,1,-1,-1,-1
224,1,1.85,2.10,204.93,478.92,1,-1,-1,-1
224,2,291.64,14.40,209.81,470.48,1,-1,-1,-1
224,11,547.70,202.36,20.45,45.59,1,-1,-1,-1
224,12,535.88,193.92,25.82,61.55,1,-1,-1,-1
224,13,506.92,182.89,31.05,88.84,1,-1,-1,-1
224,15,482.91,182.50,30.17,103.58,1,-1,-1,-1
225,1,1.67,1.89,208.04,479.06,1,-1,-1,-1
225,2,293.69,19.39,206.41,467.02,1,-1,-1,-1
225,11,547.22,202.38,20.45,45.59,1,-1,-1,-1
225,12,536.15,193.90,25.99,61.91,1,-1,-1,-1
225,13,505.61,182.73,30.85,88.98,1,-1,-1,-1
225,15,482.59,182.67,31.10,103.17,1,-1,-1,-1
226,1,1.53,1.70,210.48,479.18,1,-1,-1,-1
226,2,296.26,23.09,203.38,464.37,1,-1,-1,-1
226,11,546.73,202.40,20.45,45.59,1,-1,-1,-1
226,12,536.62,194.17,25.99,62.12,1,-1,-1,-1
226,13,504.68,182.67,30.66,89.11,1,-1,-1,-1
226,15,482.97,181.68,31.85,103.24,1,-1,-1,-1
227,1,1.40,1.84,211.97,479.09,1,-1,-1,-1
227,2,298.78,28.05,199.53,460.83,1,-1,-1,-1
227,11,546.25,202.41,20.45,45.59,1,-1,-1,-1
227,12,537.26,194.83,25.94,61.97,1,-1,-1,-1
227,13,504.05,182.79,30.21,89.28,1,-1,-1,-1
227,15,482.82,181.08,32.69,103.44,1,-1,-1,-1
228,1,1.51,1.67,213.19,479.21,1,-1,-1,-1
228,2,301.64,32.60,195.63,457.50,1,-1,-1,-1
228,11,545.76,202.43,20.45,45.59,1,-1,-1,-1
228,12,538.13,194.82,25.84,62.38,1,-1,-1,-1
228,13,504.31,182.76,29.49,89.35,1,-1,-1,-1
228,15,483.22,180.11,33.16,103.96,1,-1,-1,-1
229,1,1.39,1.81,215.12,479.12,1,-1,-1,-1
229,2,305.02,38.98,190.64,452.90,1,-1,-1,-1
229,11,545.28,202.45,20.45,45.59,1,-1,-1,-1
229,12,539.20,194.79,25.89,62.91,1,-1,-1,-1
229,13,503.52,182.67,29.49,89.35,1,-1,-1,-1
229,15,483.77,180.26,33.77,104.26,1,-1,-1,-1
230,1,1.29,3.02,216.83,478.31,1,-1,-1,-1
230,2,308.51,44.39,185.25,448.88,1,-1,-1,-1
230,11,544.79,202.47,20.45,45.59,1,-1,-1,-1
230,12,540.72,195.02,25.97,63.24,1,-1,-1,-1
230,13,502.72,182.58,29.49,89.35,1,-1,-1,-1
230,15,484.57,180.95,34.23,104.29,1,-1,-1,-1
231,1,1.20,4.45,217.96,477.35,1,-1,-1,-1
231,2,311.69,49.27,180.38,445.16,1,-1,-1,-1
231,11,544.31,202.48,20.45,45.59,1,-1,-1,-1
231,12,543.07,195.48,25.96,63.46,1,-1,-1,-1
231,13,503.83,182.38,30.15,91.10,1,-1,-1,-1
231,15,485.74,180.47,34.50,105.01,1,-1,-1,-1
231,16,454.90,166.20,36.20,129.60,1,-1,-1,-1
232,1,1.13,5.71,218.65,476.49,1,-1,-1,-1
232,2,315.38,54.13,176.42,441.38,1,-1,-1,-1
232,11,543.82,202.50,20.45,45.59,1,-1,-1,-1
232,12,545.73,196.17,25.94,63.53,1,-1,-1,-1
232,13,505.12,182.46,30.62,92.29,1,-1,-1,-1
232,15,487.12,181.02,34.50,105.77,1,-1,-1,-1
232,16,456.19,164.91,36.56,129.73,1,-1,-1,-1
233,1,1.29,5.30,219.12,476.73,1,-1,-1,-1
233,2,320.49,57.22,171.16,438.73,1,-1,-1,-1
233,11,543.34,202.52,20.45,45.59,1,-1,-1,-1
233,12,548.87,196.61,25.82,63.69,1,-1,-1,-1
233,13,506.04,182.91,31.52,93.40,1,-1,-1,-1
233,15,488.86,180.73,34.04,106.05,1,-1,-1,-1
233,16,467.68,167.00,36.78,127.15,1,-1,-1,-1
234,1,1.78,4.62,219.60,477.14,1,-1,-1,-1
234,2,325.07,61.10,167.89,435.53,1,-1,-1,-1
234,11,542.85,202.53,20.45,45.59,1,-1,-1,-1
234,12,550.14,197.27,24.67,62.66,1,-1,-1,-1
234,13,507.66,183.04,32.54,94.55,1,-1,-1,-1
234,15,489.35,180.77,34.04,106.05,1,-1,-1,-1
234,16,474.31,167.48,36.78,127.15,1,-1,-1,-1
235,1,2.66,4.15,220.51,477.43,1,-1,-1,-1
235,2,330.92,64.59,164.88,432.53,1,-1,-1,-1
235,11,542.36,202.55,20.45,45.59,1,-1,-1,-1
235,12,550.71,197.44,24.67,62.66,1,-1,-1,-1
235,13,510.50,183.21,32.95,95.54,1,-1,-1,-1
235,15,489.83,180.81,34.04,106.05,1,-1,-1,-1
235,16,480.94,167.96,36.78,127.15,1,-1,-1,-1
236,1,4.00,3.89,221.56,477.57,1,-1,-1,-1
236,2,337.80,68.78,162.09,429.04,1,-1,-1,-1
236,11,541.88,202.57,20.45,45.59,1,-1,-1,-1
236,12,551.27,197.61,24.67,62.66,1,-1,-1,-1
236,13,513.38,182.46,33.53,96.93,1,-1,-1,-1
236,15,490.32,180.85,34.04,106.05,1,-1,-1,-1
236,16,487.57,168.43,36.78,127.15,1,-1,-1,-1
237,1,4.78,3.38,223.70,477.89,1,-1,-1,-1
237,2,346.31,74.38,160.26,424.47,1,-1,-1,-1
237,11,541.39,202.59,20.45,45.59,1,-1,-1,-1
237,12,551.84,197.78,24.67,62.66,1,-1,-1,-1
237,13,516.85,181.76,34.15,97.97,1,-1,-1,-1
237,15,490.80,180.89,34.04,106.05,1,-1,-1,-1
237,16,494.20,168.91,36.78,127.15,1,-1,-1,-1
238,1,6.55,3.70,225.93,477.65,1,-1,-1,-1
238,2,354.36,79.52,159.46,420.26,1,-1,-1,-1
238,11,540.91,202.60,20.45,45.59,1,-1,-1,-1
238,12,552.40,197.95,24.67,62.66,1,-1,-1,-1
238,13,517.11,181.65,34.15,97.97,1,-1,-1,-1
238,15,491.29,180.93,34.04,106.05,1,-1,-1,-1
238,16,500.83,169.39,36.78,127.15,1,-1,-1,-1
239,1,9.79,4.71,227.86,476.96,1,-1,-1,-1
239,2,364.21,82.31,158.19,417.10,1,-1,-1,-1
239,11,540.42,202.62,20.45,45.59,1,-1,-1,-1
239,12,552.97,198.13,24.67,62.66,1,-1,-1,-1
239,13,517.37,181.54,34.15,97.97,1,-1,-1,-1
239,15,491.77,180.97,34.04,106.05,1,-1,-1,-1
239,16,507.46,169.87,36.78,127.15,1,-1,-1,-1
240,1,15.74,4.97,227.66,476.76,1,-1,-1,-1
240,2,374.45,84.14,156.98,413.95,1,-1,-1,-1
240,12,553.53,198.30,24.67,62.66,1,-1,-1,-1
240,13,517.63,181.42,34.15,97.97,1,-1,-1,-1
240,15,492.26,181.01,34.04,106.05,1,-1,-1,-1
240,16,514.09,170.35,36.78,127.15,1,-1,-1,-1
241,1,22.09,6.50,228.00,475.71,1,-1,-1,-1
241,2,384.87,85.11,155.28,411.85,1,-1,-1,-1
241,12,554.10,198.47,24.67,62.66,1,-1,-1,-1
241,13,517.89,181.31,34.15,97.97,1,-1,-1,-1
241,15,492.74,181.06,34.04,106.05,1,-1,-1,-1
241,16,520.71,170.83,36.78,127.15,1,-1,-1,-1
242,1,28.11,7.12,228.40,475.25,1,-1,-1,-1
242,2,396.48,87.22,153.49,408.27,1,-1,-1,-1
242,12,554.66,198.64,24.67,62.66,1,-1,-1,-1
242,13,518.16,181.20,34.15,97.97,1,-1,-1,-1
242,15,493.23,181.10,34.04,106.05,1,-1,-1,-1
242,16,527.34,171.31,36.78,127.15,1,-1,-1,-1
243,1,33.25,6.66,228.94,475.50,1,-1,-1,-1
243,2,405.16,88.96,152.91,404.72,1,-1,-1,-1
243,12,555.23,198.81,24.67,62.66,1,-1,-1,-1
243,13,518.42,181.09,34.15,97.97,1,-1,-1,-1
243,15,493.72,181.14,34.04,106.05,1,-1,-1,-1
243,16,533.97,171.79,36.78,127.15,1,-1,-1,-1
244,1,39.54,6.52,228.46,475.54,1,-1,-1,-1
244,2,413.53,90.58,152.38,402.74,1,-1,-1,-1
244,12,555.79,198.98,24.67,62.66,1,-1,-1,-1
244,13,518.68,180.98,34.15,97.97,1,-1,-1,-1
244,15,494.20,181.18,34.04,106.05,1,-1,-1,-1
244,16,540.60,172.26,36.78,127.15,1,-1,-1,-1
245,1,43.78,6.91,229.27,475.23,1,-1,-1,-1
245,2,421.71,92.63,150.87,399.15,1,-1,-1,-1
245,12,556.36,199.15,24.67,62.66,1,-1,-1,-1
245,13,518.94,180.87,34.15,97.97,1,-1,-1,-1
245,15,494.69,181.22,34.04,106.05,1,-1,-1,-1
245,16,547.23,172.74,36.78,127.15,1,-1,-1,-1
246,1,48.00,6.53,229.27,475.44,1,-1,-1,-1
246,2,430.69,92.23,147.63,398.05,1,-1,-1,-1
246,12,556.92,199.32,24.67,62.66,1,-1,-1,-1
246,13,519.20,180.75,34.15,97.97,1,-1,-1,-1
246,15,495.17,181.26,34.04,106.05,1,-1,-1,-1
246,16,553.86,173.22,36.78,127.15,1,-1,-1,-1
247,1,54.34,8.44,227.80,474.12,1,-1,-1,-1
247,2,439.69,92.26,142.62,394.23,1,-1,-1,-1
247,12,557.49,199.49,24.67,62.66,1,-1,-1,-1
247,13,519.46,180.64,34.15,97.97,1,-1,-1,-1
247,15,495.66,181.30,34.04,106.05,1,-1,-1,-1
247,16,560.49,173.70,36.78,127.15,1,-1,-1,-1
248,1,59.60,8.60,226.68,473.94,1,-1,-1,-1
248,2,447.59,92.54,137.62,390.57,1,-1,-1,-1
248,12,558.05,199.67,24.67,62.66,1,-1,-1,-1
248,13,519.73,180.53,34.15,97.97,1,-1,-1,-1
248,15,496.14,181.34,34.04,106.05,1,-1,-1,-1
248,16,567.12,174.18,36.78,127.15,1,-1,-1,-1
249,1,66.17,8.27,224.93,474.10,1,-1,-1,-1
249,2,457.51,90.14,133.35,388.21,1,-1,-1,-1
249,12,558.62,199.84,24.67,62.66,1,-1,-1,-1
249,13,519.99,180.42,34.15,97.97,1,-1,-1,-1
249,15,496.63,181.38,34.04,106.05,1,-1,-1,-1
249,16,573.75,174.66,36.78,127.15,1,-1,-1,-1
250,1,75.13,7.96,222.53,474.24,1,-1,-1,-1
250,2,463.77,92.00,133.35,388.21,1,-1,-1,-1
250,12,559.18,200.01,24.67,62.66,1,-1,-1,-1
250,13,520.25,180.31,34.15,97.97,1,-1,-1,-1
250,15,497.11,181.42,34.04,106.05,1,-1,-1,-1
250,16,580.38,175.14,36.78,127.15,1,-1,-1,-1
251,1,85.14,8.12,219.52,474.08,1,-1,-1,-1
251,2,470.03,93.86,133.35,388.21,1,-1,-1,-1
251,12,559.74,200.18,24.67,62.66,1,-1,-1,-1
251,13,520.51,180.19,34.15,97.97,1,-1,-1,-1
251,15,497.60,181.46,34.04,106.05,1,-1,-1,-1
251,16,587.01,175.62,36.78,127.15,1,-1,-1,-1
252,1,94.46,8.06,217.33,474.05,1,-1,-1,-1
252,2,476.29,95.72,133.35,388.21,1,-1,-1,-1
252,12,560.31,200.35,24.67,62.66,1,-1,-1,-1
252,13,520.77,180.08,34.15,97.97,1,-1,-1,-1
252,15,498.08,181.50,34.04,106.05,1,-1,-1,-1
252,16,593.64,176.09,36.78,127.15,1,-1,-1,-1
253,1,103.38,9.09,215.98,473.31,1,-1,-1,-1
253,2,482.55,97.57,133.35,388.21,1,-1,-1,-1
253,12,560.87,200.52,24.67,62.66,1,-1,-1,-1
253,13,521.04,179.97,34.15,97.97,1,-1,-1,-1
253,15,468.66,150.27,42.97,132.22,1,-1,-1,-1
253,16,600.26,176.57,36.78,127.15,1,-1,-1,-1
254,1,112.60,13.98,215.58,469.97,1,-1,-1,-1
254,2,488.82,99.43,133.35,388.21,1,-1,-1,-1
254,12,561.44,200.69,24.67,62.66,1,-1,-1,-1
254,13,521.30,179.86,34.15,97.97,1,-1,-1,-1
254,15,461.19,147.13,48.73,145.77,1,-1,-1,-1
254,16,606.89,177.05,36.78,127.15,1,-1,-1,-1
255,1,121.96,16.97,214.49,467.87,1,-1,-1,-1
255,2,495.08,101.29,133.35,388.21,1,-1,-1,-1
255,12,562.00,200.86,24.67,62.66,1,-1,-1,-1
255,13,521.56,179.75,34.15,97.97,1,-1,-1,-1
255,15,455.08,144.48,53.07,156.58,1,-1,-1,-1
255,16,613.52,177.53,36.78,127.15,1,-1,-1,-1
256,1,132.15,19.44,213.21,466.08,1,-1,-1,-1
256,2,501.34,103.15,133.35,388.21,1,-1,-1,-1
256,12,562.57,201.03,24.67,62.66,1,-1,-1,-1
256,13,521.82,179.63,34.15,97.97,1,-1,-1,-1
256,15,446.84,142.76,58.12,164.06,1,-1,-1,-1
256,16,620.15,178.01,36.78,127.15,1,-1,-1,-1
257,1,141.59,23.34,211.98,463.30,1,-1,-1,-1
257,2,507.60,105.01,133.35,388.21,1,-1,-1,-1
257,12,563.13,201.21,24.67,62.66,1,-1,-1,-1
257,13,522.08,179.52,34.15,97.97,1,-1,-1,-1
257,15,440.81,141.08,60.89,170.47,1,-1,-1,-1
257,16,626.78,178.49,36.78,127.15,1,-1,-1,-1
258,1,147.94,25.10,211.25,461.92,1,-1,-1,-1
258,2,513.86,106.87,133.35,388.21,1,-1,-1,-1
258,12,563.70,201.38,24.67,62.66,1,-1,-1,-1
258,13,522.34,179.41,34.15,97.97,1,-1,-1,-1
258,15,432.59,137.68,63.68,177.64,1,-1,-1,-1
258,16,633.41,178.97,36.78,127.15,1,-1,-1,-1
259,1,151.89,24.28,210.65,462.23,1,-1,-1,-1
259,2,520.12,108.73,133.35,388.21,1,-1,-1,-1
259,12,564.26,201.55,24.67,62.66,1,-1,-1,-1
259,13,522.61,179.30,34.15,97.97,1,-1,-1,-1
259,15,422.94,134.39,66.57,184.16,1,-1,-1,-1
259,16,640.04,179.45,36.78,127.15,1,-1,-1,-1
260,1,153.94,26.51,209.68,460.52,1,-1,-1,-1
260,2,517.03,51.98,133.03,412.10,1,-1,-1,-1
260,12,564.83,201.72,24.67,62.66,1,-1,-1,-1
260,13,522.87,179.19,34.15,97.97,1,-1,-1,-1
260,15,411.49,131.37,70.04,191.58,1,-1,-1,-1
260,16,646.67,179.93,36.78,127.15,1,-1,-1,-1
261,1,153.00,26.41,208.73,460.33,1,-1,-1,-1
261,2,513.02,33.04,135.43,426.33,1,-1,-1,-1
261,12,565.39,201.89,24.67,62.66,1,-1,-1,-1
261,13,523.13,179.07,34.15,97.97,1,-1,-1,-1
261,15,398.91,129.41,74.03,197.97,1,-1,-1,-1
261,16,653.30,180.40,36.78,127.15,1,-1,-1,-1
262,1,149.22,23.84,208.32,461.79,1,-1,-1,-1
262,2,504.87,22.31,141.44,436.39,1,-1,-1,-1
262,12,565.96,202.06,24.67,62.66,1,-1,-1,-1
262,13,523.39,178.96,34.15,97.97,1,-1,-1,-1
262,15,384.03,127.39,77.24,204.96,1,-1,-1,-1
263,1,142.58,21.71,209.00,462.99,1,-1,-1,-1
263,2,494.04,18.16,149.92,441.86,1,-1,-1,-1
263,12,566.52,202.23,24.67,62.66,1,-1,-1,-1
263,13,523.65,178.85,34.15,97.97,1,-1,-1,-1
263,15,380.18,132.00,73.59,202.07,1,-1,-1,-1
264,1,135.42,18.99,208.94,464.60,1,-1,-1,-1
264,2,485.46,15.03,157.26,446.12,1,-1,-1,-1
264,12,567.09,202.40,24.67,62.66,1,-1,-1,-1
264,13,523.92,178.74,34.15,97.97,1,-1,-1,-1
264,15,376.44,134.32,70.76,199.47,1,-1,-1,-1
265,1,125.66,16.73,210.50,465.94,1,-1,-1,-1
265,2,477.11,10.62,164.46,450.88,1,-1,-1,-1
265,12,567.65,202.57,24.67,62.66,1,-1,-1,-1
265,13,524.18,178.63,34.15,97.97,1,-1,-1,-1
265,15,372.83,137.83,68.60,195.04,1,-1,-1,-1
266,1,115.82,14.76,212.58,467.12,1,-1,-1,-1
266,2,468.94,6.86,171.44,454.95,1,-1,-1,-1
266,12,568.22,202.75,24.67,62.66,1,-1,-1,-1
266,13,524.44,178.52,34.15,97.97,1,-1,-1,-1
266,15,368.86,140.41,67.17,191.03,1,-1,-1,-1
267,1,106.31,12.06,214.97,468.82,1,-1,-1,-1
267,2,462.45,4.42,177.10,457.92,1,-1,-1,-1
267,12,568.78,202.92,24.67,62.66,1,-1,-1,-1
267,13,524.70,178.40,34.15,97.97,1,-1,-1,-1
267,15,363.56,140.58,66.46,188.47,1,-1,-1,-1
268,1,96.90,9.75,217.85,470.29,1,-1,-1,-1
268,2,456.63,3.67,182.13,459.58,1,-1,-1,-1
268,12,569.35,203.09,24.67,62.66,1,-1,-1,-1
268,13,524.96,178.29,34.15,97.97,1,-1,-1,-1
268,15,358.85,139.95,65.75,186.57,1,-1,-1,-1
269,1,89.02,8.24,221.48,471.27,1,-1,-1,-1
269,2,449.02,2.29,188.25,461.57,1,-1,-1,-1
269,12,569.91,203.26,24.67,62.66,1,-1,-1,-1
269,13,525.23,178.18,34.15,97.97,1,-1,-1,-1
269,15,353.48,138.14,65.12,185.28,1,-1,-1,-1
270,1,80.20,6.51,225.54,472.42,1,-1,-1,-1
270,2,442.01,0.02,193.84,464.10,1,-1,-1,-1
270,12,570.48,203.43,24.67,62.66,1,-1,-1,-1
270,13,525.49,178.07,34.15,97.97,1,-1,-1,-1
270,15,346.59,133.14,64.76,184.43,1,-1,-1,-1
271,1,73.26,5.06,227.93,473.42,1,-1,-1,-1
271,2,435.23,-1.79,199.17,466.26,1,-1,-1,-1
271,12,571.04,203.60,24.67,62.66,1,-1,-1,-1
271,13,525.75,177.96,34.15,97.97,1,-1,-1,-1
271,15,339.59,123.62,64.62,184.47,1,-1,-1,-1
272,1,65.61,3.84,230.04,470.73,1,-1,-1,-1
272,2,426.82,-3.21,205.55,468.11,1,-1,-1,-1
272,12,571.61,203.77,24.67,62.66,1,-1,-1,-1
272,15,331.13,107.16,64.75,186.15,1,-1,-1,-1
273,1,55.93,2.82,233.77,467.83,1,-1,-1,-1
273,2,417.89,-4.29,212.24,469.70,1,-1,-1,-1
273,12,572.17,203.94,24.67,62.66,1,-1,-1,-1
273,15,323.47,92.50,64.69,187.65,1,-1,-1,-1
274,1,48.09,1.98,235.00,469.43,1,-1,-1,-1
274,2,411.20,-5.09,217.42,471.08,1,-1,-1,-1
274,12,572.73,204.11,24.67,62.66,1,-1,-1,-1
274,15,315.81,82.53,64.74,189.99,1,-1,-1,-1
275,1,43.08,1.30,234.11,470.82,1,-1,-1,-1
275,2,403.94,-5.66,222.14,472.27,1,-1,-1,-1
275,12,573.30,204.29,24.67,62.66,1,-1,-1,-1
275,15,307.99,78.08,65.36,191.97,1,-1,-1,-1
276,1,40.82,0.74,231.68,472.03,1,-1,-1,-1
276,2,398.04,-6.03,226.78,473.29,1,-1,-1,-1
276,12,573.86,204.46,24.67,62.66,1,-1,-1,-1
276,15,300.14,80.04,66.79,194.10,1,-1,-1,-1
277,1,36.93,1.05,229.90,472.58,1,-1,-1,-1
277,2,392.45,-6.23,230.69,474.18,1,-1,-1,-1
277,12,574.43,204.63,24.67,62.66,1,-1,-1,-1
277,15,291.60,84.41,68.45,196.25,1,-1,-1,-1
278,1,33.21,1.54,226.87,472.93,1,-1,-1,-1
278,2,385.95,-6.30,233.50,474.95,1,-1,-1,-1
278,12,574.99,204.80,24.67,62.66,1,-1,-1,-1
278,15,282.46,87.81,69.74,199.89,1,-1,-1,-1
279,1,25.22,5.21,225.49,471.08,1,-1,-1,-1
279,2,378.24,-5.75,236.25,475.27,1,-1,-1,-1
279,15,270.93,93.38,71.39,203.89,1,-1,-1,-1
280,1,17.86,9.29,221.53,468.85,1,-1,-1,-1
280,2,368.77,-5.66,238.49,475.87,1,-1,-1,-1
280,15,270.27,103.18,68.28,196.26,1,-1,-1,-1
280,17,224.30,125.30,85.30,229.90,1,-1,-1,-1
280,18,168.40,144.70,74.30,200.80,1,-1,-1,-1
280,19,556.70,52.40,84.30,334.50,1,-1,-1,-1
281,1,11.73,8.76,211.15,469.61,1,-1,-1,-1
281,2,356.26,-5.54,241.27,476.42,1,-1,-1,-1
281,15,265.03,108.79,66.74,189.62,1,-1,-1,-1
281,17,187.09,104.30,85.16,232.73,1,-1,-1,-1
281,18,138.15,131.57,74.05,201.77,1,-1,-1,-1
281,19,525.95,51.01,89.87,330.17,1,-1,-1,-1
282,1,6.68,11.43,196.86,468.19,1,-1,-1,-1
282,2,344.63,-4.93,244.73,476.60,1,-1,-1,-1
282,15,257.97,115.15,64.91,184.13,1,-1,-1,-1
282,17,155.80,103.92,85.96,236.60,1,-1,-1,-1
282,18,107.94,118.45,74.05,201.77,1,-1,-1,-1
282,19,495.24,49.62,89.87,330.17,1,-1,-1,-1
283,1,2.55,15.99,185.13,465.42,1,-1,-1,-1
283,2,338.14,-4.76,247.24,477.05,1,-1,-1,-1
283,15,254.30,122.62,62.57,179.86,1,-1,-1,-1
283,17,139.63,107.33,86.80,242.13,1,-1,-1,-1
283,18,77.72,105.33,74.05,201.77,1,-1,-1,-1
283,19,464.53,48.22,89.87,330.17,1,-1,-1,-1
284,1,-0.55,20.10,176.78,462.87,1,-1,-1,-1
284,2,340.09,-4.56,247.82,477.44,1,-1,-1,-1
284,15,253.61,130.20,60.74,175.67,1,-1,-1,-1
284,17,131.46,107.38,88.97,247.88,1,-1,-1,-1
284,18,47.50,92.21,74.05,201.77,1,-1,-1,-1
284,19,433.82,46.83,89.87,330.17,1,-1,-1,-1
285,1,-3.24,22.93,171.01,461.10,1,-1,-1,-1
285,2,346.47,-2.31,248.26,476.43,1,-1,-1,-1
285,15,248.09,130.90,60.74,175.67,1,-1,-1,-1
285,17,131.22,104.40,90.17,253.69,1,-1,-1,-1
285,18,17.29,79.09,74.05,201.77,1,-1,-1,-1
285,19,335.09,81.53,96.82,333.05,1,-1,-1,-1
286,1,-4.83,25.10,167.27,459.70,1,-1,-1,-1
286,2,360.17,-2.35,243.28,476.90,1,-1,-1,-1
286,15,241.62,140.71,58.39,171.10,1,-1,-1,-1
286,17,134.04,104.11,91.53,258.17,1,-1,-1,-1
286,18,-12.93,65.97,74.05,201.77,1,-1,-1,-1
286,19,290.40,87.56,96.82,333.05,1,-1,-1,-1
287,1,-6.18,27.32,164.52,458.21,1,-1,-1,-1
287,2,379.35,0.65,234.09,475.32,1,-1,-1,-1
287,15,237.15,146.18,56.86,172.32,1,-1,-1,-1
287,17,138.41,101.89,93.02,264.57,1,-1,-1,-1
287,18,-43.14,52.85,74.05,201.77,1,-1,-1,-1
287,19,245.70,93.59,96.82,333.05,1,-1,-1,-1
288,1,-7.48,31.93,162.38,455.08,1,-1,-1,-1
288,2,380.55,11.69,220.81,466.80,1,-1,-1,-1
288,15,231.64,147.72,56.86,172.32,1,-1,-1,-1
288,17,127.89,99.02,93.02,264.57,1,-1,-1,-1
288,18,-73.36,39.73,74.05,201.77,1,-1,-1,-1
288,19,178.47,101.14,97.91,327.44,1,-1,-1,-1
289,1,-8.42,34.28,162.29,453.38,1,-1,-1,-1
289,2,385.56,17.65,210.00,463.26,1,-1,-1,-1
289,15,234.36,151.14,57.24,174.09,1,-1,-1,-1
289,17,125.66,123.03,85.92,251.84,1,-1,-1,-1
289,18,-103.57,26.61,74.05,201.77,1,-1,-1,-1
289,19,157.11,102.24,97.31,327.64,1,-1,-1,-1
290,1,-9.06,38.59,163.41,450.32,1,-1,-1,-1
290,2,393.22,22.44,204.72,460.38,1,-1,-1,-1
290,15,222.12,139.93,63.73,198.76,1,-1,-1,-1
290,17,128.05,137.13,80.80,241.29,1,-1,-1,-1
290,18,-133.79,13.49,74.05,201.77,1,-1,-1,-1
290,19,112.58,107.85,97.31,327.64,1,-1,-1,-1
291,1,-9.44,40.16,165.99,449.04,1,-1,-1,-1
291,2,403.74,23.41,201.92,459.93,1,-1,-1,-1
291,15,215.13,128.31,69.63,221.10,1,-1,-1,-1
291,17,120.02,139.38,80.80,241.29,1,-1,-1,-1
291,18,-164.01,0.37,74.05,201.77,1,-1,-1,-1
291,19,68.05,113.47,97.31,327.64,1,-1,-1,-1
292,1,-8.71,42.86,168.68,446.97,1,-1,-1,-1
292,2,418.65,23.08,196.96,460.30,1,-1,-1,-1
292,15,211.49,118.29,75.66,242.49,1,-1,-1,-1
292,17,111.99,141.62,80.80,241.29,1,-1,-1,-1
292,18,-194.22,-12.75,74.05,201.77,1,-1,-1,-1
292,19,23.53,119.08,97.31,327.64,1,-1,-1,-1
293,1,-8.16,44.24,172.60,445.73,1,-1,-1,-1
293,2,421.27,26.36,188.24,451.39,1,-1,-1,-1
293,15,210.26,108.00,81.36,262.32,1,-1,-1,-1
293,17,103.96,143.86,80.80,241.29,1,-1,-1,-1
293,18,-224.44,-25.87,74.05,201.77,1,-1,-1,-1
293,19,-21.00,124.70,97.31,327.64,1,-1,-1,-1
294,1,-5.92,43.06,176.00,446.18,1,-1,-1,-1
294,2,427.70,28.51,184.32,448.02,1,-1,-1,-1
294,15,211.50,96.97,86.35,283.16,1,-1,-1,-1
294,17,95.92,146.11,80.80,241.29,1,-1,-1,-1
294,18,-254.65,-38.99,74.05,201.77,1,-1,-1,-1
294,19,-65.53,130.32,97.31,327.64,1,-1,-1,-1
295,1,-0.92,43.24,178.12,445.72,1,-1,-1,-1
295,2,434.02,26.10,179.26,448.07,1,-1,-1,-1
295,15,214.13,87.68,91.93,301.33,1,-1,-1,-1
295,17,87.89,148.35,80.80,241.29,1,-1,-1,-1
295,18,-284.87,-52.11,74.05,201.77,1,-1,-1,-1
295,19,-110.05,135.93,97.31,327.64,1,-1,-1,-1
296,1,5.03,44.47,179.45,444.56,1,-1,-1,-1
296,2,440.37,23.90,175.55,450.21,1,-1,-1,-1
296,15,216.26,77.84,97.95,319.14,1,-1,-1,-1
296,17,79.86,150.60,80.80,241.29,1,-1,-1,-1
296,18,-315.08,-65.23,74.05,201.77,1,-1,-1,-1
296,19,-154.58,141.55,97.31,327.64,1,-1,-1,-1
297,1,10.77,45.63,181.84,443.43,1,-1,-1,-1
297,2,445.62,20.39,175.31,452.68,1,-1,-1,-1
297,15,218.63,65.70,103.16,337.10,1,-1,-1,-1
297,17,71.82,152.84,80.80,241.29,1,-1,-1,-1
297,18,-345.30,-78.35,74.05,201.77,1,-1,-1,-1
297,19,-199.11,147.16,97.31,327.64,1,-1,-1,-1
298,1,17.21,46.75,184.23,442.32,1,-1,-1,-1
298,2,451.95,16.83,175.15,456.28,1,-1,-1,-1
298,15,218.22,55.02,110.19,352.93,1,-1,-1,-1
298,17,63.79,155.08,80.80,241.29,1,-1,-1,-1
298,18,-375.52,-91.47,74.05,201.77,1,-1,-1,-1
298,19,-243.63,152.78,97.31,327.64,1,-1,-1,-1
299,1,24.68,49.76,185.60,439.93,1,-1,-1,-1
299,2,458.72,13.77,174.01,459.41,1,-1,-1,-1
299,15,215.88,43.87,117.34,368.10,1,-1,-1,-1
299,17,55.76,157.33,80.80,241.29,1,-1,-1,-1
299,18,-405.73,-104.59,74.05,201.77,1,-1,-1,-1
299,19,-288.16,158.39,97.31,327.64,1,-1,-1,-1
300,1,32.47,50.60,186.25,438.98,1,-1,-1,-1
300,2,467.11,11.15,171.17,462.12,1,-1,-1,-1
300,15,211.23,33.79,125.08,381.75,1,-1,-1,-1
300,17,47.72,159.57,80.80,241.29,1,-1,-1,-1
300,18,-435.95,-117.71,74.05,201.77,1,-1,-1,-1
300,19,-332.69,164.01,97.31,327.64,1,-1,-1,-1
301,1,43.60,46.17,183.31,441.54,1,-1,-1,-1
301,2,476.85,8.92,166.89,464.48,1,-1,-1,-1
301,15,204.11,23.61,132.76,394.76,1,-1,-1,-1
301,17,39.69,161.81,80.80,241.29,1,-1,-1,-1
301,18,-466.16,-130.83,74.05,201.77,1,-1,-1,-1
301,19,-377.22,169.62,97.31,327.64,1,-1,-1,-1
302,1,45.01,47.17,183.31,441.54,1,-1,-1,-1
302,2,487.86,7.03,161.25,466.52,1,-1,-1,-1
302,15,191.77,15.15,142.14,406.04,1,-1,-1,-1
302,17,10.57,148.48,76.73,221.82,1,-1,-1,-1
302,18,-496.38,-143.95,74.05,201.77,1,-1,-1,-1
302,19,-421.74,175.24,97.31,327.64,1,-1,-1,-1
303,1,46.87,60.16,170.22,421.40,1,-1,-1,-1
303,2,499.52,5.44,154.72,468.30,1,-1,-1,-1
303,15,175.18,8.18,151.48,415.82,1,-1,-1,-1
303,17,1.39,149.87,76.73,221.82,1,-1,-1,-1
303,18,-526.59,-157.07,74.05,201.77,1,-1,-1,-1
303,19,-466.27,180.85,97.31,327.64,1,-1,-1,-1
304,1,48.31,61.92,170.22,421.40,1,-1,-1,-1
304,2,504.32,4.86,154.72,468.30,1,-1,-1,-1
304,15,156.94,2.50,158.16,424.29,1,-1,-1,-1
304,17,1.00,126.33,84.34,233.64,1,-1,-1,-1
304,18,-556.81,-170.19,74.05,201.77,1,-1,-1,-1
304,19,-510.80,186.47,97.31,327.64,1,-1,-1,-1
305,1,52.88,47.67,177.14,430.62,1,-1,-1,-1
305,2,513.61,28.42,145.93,440.80,1,-1,-1,-1
305,15,151.15,-2.84,158.16,424.29,1,-1,-1,-1
305,17,-3.97,126.27,84.39,229.29,1,-1,-1,-1
305,18,-587.03,-183.31,74.05,201.77,1,-1,-1,-1
305,19,-555.32,192.09,97.31,327.64,1,-1,-1,-1
305,20,382.90,162.50,50.70,145.80,1,-1,-1,-1
305,21,444.40,205.50,21.60,64.90,1,-1,-1,-1
306,1,43.91,41.03,189.45,435.61,1,-1,-1,-1
306,2,516.98,50.27,141.35,414.67,1,-1,-1,-1
306,15,145.36,-8.17,158.16,424.29,1,-1,-1,-1
306,17,-12.50,126.37,84.39,229.29,1,-1,-1,-1
306,18,-617.24,-196.43,74.05,201.77,1,-1,-1,-1
306,19,-599.85,197.70,97.31,327.64,1,-1,-1,-1
306,20,380.31,156.53,52.12,146.99,1,-1,-1,-1
306,21,444.40,205.50,21.60,64.90,1,-1,-1,-1
307,1,36.23,36.81,195.06,439.14,1,-1,-1,-1
307,2,518.91,67.30,137.84,393.43,1,-1,-1,-1
307,15,147.02,7.35,150.14,422.22,1,-1,-1,-1
307,17,-21.03,126.47,84.39,229.29,1,-1,-1,-1
307,18,-647.46,-209.55,74.05,201.77,1,-1,-1,-1
307,19,-644.38,203.32,97.31,327.64,1,-1,-1,-1
307,20,379.73,156.09,55.01,148.34,1,-1,-1,-1
307,21,444.40,205.50,21.60,64.90,1,-1,-1,-1
308,1,36.68,36.83,195.06,439.14,1,-1,-1,-1
308,2,518.85,80.14,136.22,376.57,1,-1,-1,-1
308,15,138.19,16.75,151.48,422.28,1,-1,-1,-1
308,17,-29.56,126.56,84.39,229.29,1,-1,-1,-1
308,18,-677.67,-222.67,74.05,201.77,1,-1,-1,-1
308,19,-688.90,208.93,97.31,327.64,1,-1,-1,-1
308,20,383.49,155.72,57.16,149.71,1,-1,-1,-1
308,21,444.40,205.50,21.60,64.90,1,-1,-1,-1
309,1,37.13,36.86,195.06,439.14,1,-1,-1,-1
309,2,518.49,89.53,135.61,364.07,1,-1,-1,-1
309,15,131.90,22.47,153.15,423.19,1,-1,-1,-1
309,17,-38.09,126.66,84.39,229.29,1,-1,-1,-1
309,18,-707.89,-235.79,74.05,201.77,1,-1,-1,-1
309,19,-733.43,214.55,97.31,327.64,1,-1,-1,-1
309,20,384.83,154.84,60.08,151.38,1,-1,-1,-1
309,21,444.40,205.50,21.60,64.90,1,-1,-1,-1
310,1,37.58,36.88,195.06,439.14,1,-1,-1,-1
310,2,517.67,97.24,135.46,355.09,1,-1,-1,-1
310,15,126.18,25.91,155.44,424.66,1,-1,-1,-1
310,17,-46.62,126.76,84.39,229.29,1,-1,-1,-1
310,18,-738.10,-248.91,74.05,201.77,1,-1,-1,-1
310,19,-777.96,220.16,97.31,327.64,1,-1,-1,-1
310,20,384.70,155.86,62.94,152.33,1,-1,-1,-1
310,21,444.40,205.50,21.60,64.90,1,-1,-1,-1
311,1,39.94,44.97,178.85,429.78,1,-1,-1,-1
311,2,515.80,102.27,136.59,350.28,1,-1,-1,-1
311,15,121.92,29.25,156.52,425.54,1,-1,-1,-1
311,17,-55.15,126.85,84.39,229.29,1,-1,-1,-1
311,18,-768.32,-262.03,74.05,201.77,1,-1,-1,-1
311,19,-822.49,225.78,97.31,327.64,1,-1,-1,-1
311,20,386.52,156.22,63.89,153.66,1,-1,-1,-1
311,21,444.40,205.50,21.60,64.90,1,-1,-1,-1
312,1,29.62,47.88,169.28,427.54,1,-1,-1,-1
312,2,513.07,104.18,137.77,348.89,1,-1,-1,-1
312,15,117.09,33.89,158.00,425.05,1,-1,-1,-1
312,17,-63.68,126.95,84.39,229.29,1,-1,-1,-1
312,18,-798.53,-275.15,74.05,201.77,1,-1,-1,-1
312,19,-867.01,231.39,97.31,327.64,1,-1,-1,-1
312,20,389.34,155.66,63.62,155.62,1,-1,-1,-1
312,21,444.40,205.50,21.60,64.90,1,-1,-1,-1
313,1,23.36,52.62,155.39,421.13,1,-1,-1,-1
313,2,509.84,105.04,139.28,349.17,1,-1,-1,-1
313,15,111.39,38.70,160.27,424.03,1,-1,-1,-1
313,17,-72.21,127.04,84.39,229.29,1,-1,-1,-1
313,18,-828.75,-288.27,74.05,201.77,1,-1,-1,-1
313,19,-911.54,237.01,97.31,327.64,1,-1,-1,-1
313,20,392.05,155.58,62.78,156.79,1,-1,-1,-1
313,21,443.90,176.80,27.87,78.16,1,-1,-1,-1
314,1,20.79,70.91,145.85,389.44,1,-1,-1,-1
314,2,505.71,102.79,141.36,352.99,1,-1,-1,-1
314,15,106.03,41.27,162.93,424.18,1,-1,-1,-1
314,17,-80.74,127.14,84.39,229.29,1,-1,-1,-1
314,18,-858.97,-301.39,74.05,201.77,1,-1,-1,-1
314,19,-956.07,242.62,97.31,327.64,1,-1,-1,-1
314,20,393.31,155.06,63.48,157.91,1,-1,-1,-1
314,21,441.34,173.60,30.80,88.28,1,-1,-1,-1
315,1,16.96,89.00,136.79,359.63,1,-1,-1,-1
315,2,501.47,100.17,144.61,359.68,1,-1,-1,-1
315,15,102.12,44.95,166.41,423.32,1,-1,-1,-1
315,17,-89.26,127.24,84.39,229.29,1,-1,-1,-1
315,18,-889.18,-314.51,74.05,201.77,1,-1,-1,-1
315,19,-1000.59,248.24,97.31,327.64,1,-1,-1,-1
315,20,395.63,156.40,65.16,159.55,1,-1,-1,-1
315,21,440.99,170.06,30.80,88.28,1,-1,-1,-1
316,1,17.16,102.01,126.91,335.09,1,-1,-1,-1
316,2,500.40,94.31,145.65,368.15,1,-1,-1,-1
316,15,99.52,46.72,169.58,423.50,1,-1,-1,-1
316,17,-97.79,127.33,84.39,229.29,1,-1,-1,-1
316,18,-919.40,-327.63,74.05,201.77,1,-1,-1,-1
316,19,-1045.12,253.86,97.31,327.64,1,-1,-1,-1
316,20,391.25,165.34,66.68,158.23,1,-1,-1,-1
316,21,430.52,160.55,36.44,104.89,1,-1,-1,-1
317,1,18.08,113.34,118.32,313.99,1,-1,-1,-1
317,2,498.69,88.13,147.02,376.17,1,-1,-1,-1
317,15,98.24,47.78,172.76,423.98,1,-1,-1,-1
317,17,-106.32,127.43,84.39,229.29,1,-1,-1,-1
317,18,-949.61,-340.75,74.05,201.77,1,-1,-1,-1
317,19,-1089.65,259.47,97.31,327.64,1,-1,-1,-1
317,20,388.44,171.91,68.54,157.40,1,-1,-1,-1
317,21,429.17,156.42,36.44,104.89,1,-1,-1,-1
318,1,18.85,122.23,111.89,296.16,1,-1,-1,-1
318,2,499.66,80.05,146.53,384.92,1,-1,-1,-1
318,15,98.67,49.08,175.46,424.14,1,-1,-1,-1
318,17,-114.85,127.52,84.39,229.29,1,-1,-1,-1
318,20,389.31,175.83,70.09,157.35,1,-1,-1,-1
318,21,427.83,152.29,36.44,104.89,1,-1,-1,-1
319,1,20.39,129.21,106.93,281.40,1,-1,-1,-1
319,2,503.47,67.65,144.06,396.12,1,-1,-1,-1
319,15,100.39,50.01,178.15,424.42,1,-1,-1,-1
319,17,-123.38,127.62,84.39,229.29,1,-1,-1,-1
319,20,393.35,178.41,71.21,157.66,1,-1,-1,-1
319,21,426.49,148.16,36.44,104.89,1,-1,-1,-1
320,1,22.66,134.76,103.16,267.90,1,-1,-1,-1
320,2,507.77,58.78,141.16,404.63,1,-1,-1,-1
320,15,104.30,50.88,180.58,424.61,1,-1,-1,-1
320,17,-131.91,127.72,84.39,229.29,1,-1,-1,-1
320,20,400.95,178.79,71.41,158.39,1,-1,-1,-1
320,21,425.14,144.03,36.44,104.89,1,-1,-1,-1
321,1,26.16,137.61,99.59,257.10,1,-1,-1,-1
321,2,509.52,58.73,141.16,404.63,1,-1,-1,-1
321,15,109.99,50.81,183.23,425.33,1,-1,-1,-1
321,17,-140.44,127.81,84.39,229.29,1,-1,-1,-1
321,20,389.13,165.78,75.73,167.26,1,-1,-1,-1
321,21,423.80,139.90,36.44,104.89,1,-1,-1,-1
322,1,31.74,138.29,96.26,247.37,1,-1,-1,-1
322,2,511.27,58.69,141.16,404.63,1,-1,-1,-1
322,15,117.87,47.69,185.85,428.01,1,-1,-1,-1
322,17,-148.97,127.91,84.39,229.29,1,-1,-1,-1
322,20,383.16,154.08,78.76,175.44,1,-1,-1,-1
322,21,422.46,135.77,36.44,104.89,1,-1,-1,-1
323,1,38.05,139.31,93.74,238.19,1,-1,-1,-1
323,2,513.01,58.64,141.16,404.63,1,-1,-1,-1
323,15,128.83,43.86,187.29,431.11,1,-1,-1,-1
323,17,-157.50,128.01,84.39,229.29,1,-1,-1,-1
323,20,382.45,143.39,81.30,183.41,1,-1,-1,-1
323,21,421.12,131.64,36.44,104.89,1,-1,-1,-1
324,1,44.68,139.01,91.68,230.56,1,-1,-1,-1
324,2,508.20,87.55,133.87,365.66,1,-1,-1,-1
324,15,139.40,38.61,188.83,435.13,1,-1,-1,-1
324,17,-166.03,128.10,84.39,229.29,1,-1,-1,-1
324,20,385.35,133.39,82.63,191.02,1,-1,-1,-1
324,21,419.77,127.51,36.44,104.89,1,-1,-1,-1
324,22,3.60,165.80,35.70,124.00,1,-1,-1,-1
325,1,50.99,138.37,89.12,224.21,1,-1,-1,-1
325,2,510.65,105.88,126.98,336.35,1,-1,-1,-1
325,15,151.05,35.87,189.75,437.48,1,-1,-1,-1
325,17,-174.55,128.20,84.39,229.29,1,-1,-1,-1
325,20,391.05,123.94,83.74,198.35,1,-1,-1,-1
325,21,418.43,123.38,36.44,104.89,1,-1,-1,-1
325,22,5.19,124.31,34.71,133.86,1,-1,-1,-1
326,1,56.37,137.38,86.38,218.56,1,-1,-1,-1
326,2,517.27,117.37,120.17,314.51,1,-1,-1,-1
326,15,161.15,32.27,191.37,440.38,1,-1,-1,-1
326,17,-183.08,128.29,84.39,229.29,1,-1,-1,-1
326,20,397.17,115.25,84.59,205.31,1,-1,-1,-1
326,21,417.09,119.25,36.44,104.89,1,-1,-1,-1
326,22,3.64,119.26,34.37,140.30,1,-1,-1,-1
327,1,60.09,137.06,83.25,213.67,1,-1,-1,-1
327,2,528.19,126.23,112.37,296.04,1,-1,-1,-1
327,15,171.31,29.82,192.57,442.52,1,-1,-1,-1
327,17,-191.61,128.39,84.39,229.29,1,-1,-1,-1
327,20,403.01,108.01,86.56,211.77,1,-1,-1,-1
327,21,415.74,115.12,36.44,104.89,1,-1,-1,-1
327,22,3.27,113.96,33.64,146.63,1,-1,-1,-1
328,1,65.91,127.29,85.86,222.40,1,-1,-1,-1
328,2,537.84,131.04,107.22,283.18,1,-1,-1,-1
328,15,179.91,30.20,194.10,442.76,1,-1,-1,-1
328,17,-200.14,128.49,84.39,229.29,1,-1,-1,-1
328,20,408.58,101.56,88.88,217.99,1,-1,-1,-1
328,21,414.40,110.99,36.44,104.89,1,-1,-1,-1
328,22,3.66,117.23,33.25,148.02,1,-1,-1,-1
329,1,68.48,117.50,87.49,231.67,1,-1,-1,-1
329,2,545.66,136.48,102.85,271.24,1,-1,-1,-1
329,15,189.55,27.30,194.93,445.16,1,-1,-1,-1
329,17,-208.67,128.58,84.39,229.29,1,-1,-1,-1
329,20,414.00,96.42,90.92,223.84,1,-1,-1,-1
329,21,413.06,106.86,36.44,104.89,1,-1,-1,-1
329,22,2.36,110.56,35.42,150.16,1,-1,-1,-1
330,1,67.07,107.79,89.05,242.11,1,-1,-1,-1
330,2,552.23,142.20,99.01,260.51,1,-1,-1,-1
330,15,198.16,26.12,196.18,446.42,1,-1,-1,-1
330,17,-217.20,128.68,84.39,229.29,1,-1,-1,-1
330,20,418.79,92.75,92.52,229.31,1,-1,-1,-1
330,21,411.72,102.73,36.44,104.89,1,-1,-1,-1
330,22,1.60,112.64,37.38,151.53,1,-1,-1,-1
331,1,62.85,99.42,90.46,251.86,1,-1,-1,-1
331,2,557.95,145.16,95.50,253.28,1,-1,-1,-1
331,15,206.03,26.01,197.29,446.96,1,-1,-1,-1
331,17,-225.73,128.78,84.39,229.29,1,-1,-1,-1
331,20,424.36,88.74,93.49,235.11,1,-1,-1,-1
331,21,410.37,98.60,36.44,104.89,1,-1,-1,-1
331,22,1.21,105.00,37.38,151.53,1,-1,-1,-1
332,1,52.68,87.52,92.99,264.20,1,-1,-1,-1
332,2,562.01,139.91,92.91,251.10,1,-1,-1,-1
332,15,213.13,22.13,197.74,449.99,1,-1,-1,-1
332,17,-234.26,128.87,84.39,229.29,1,-1,-1,-1
332,20,430.25,85.58,94.27,239.39,1,-1,-1,-1
332,21,409.03,94.47,36.44,104.89,1,-1,-1,-1
332,22,0.82,97.37,37.38,151.53,1,-1,-1,-1
333,1,43.67,74.46,93.74,278.42,1,-1,-1,-1
333,2,564.63,135.21,91.13,248.45,1,-1,-1,-1
333,15,218.82,21.87,198.10,450.63,1,-1,-1,-1
333,17,-242.79,128.97,84.39,229.29,1,-1,-1,-1
333,20,436.58,82.58,94.49,243.41,1,-1,-1,-1
333,21,407.69,90.34,36.44,104.89,1,-1,-1,-1
333,22,0.43,89.73,37.38,151.53,1,-1,-1,-1
334,1,36.80,67.50,90.40,286.32,1,-1,-1,-1
334,2,566.12,131.05,89.99,244.91,1,-1,-1,-1
334,15,223.63,19.76,198.80,452.48,1,-1,-1,-1
334,17,-251.32,129.06,84.39,229.29,1,-1,-1,-1
334,20,442.79,79.03,95.21,248.59,1,-1,-1,-1
334,21,406.34,86.21,36.44,104.89,1,-1,-1,-1
334,22,0.04,82.10,37.38,151.53,1,-1,-1,-1
335,1,34.90,75.15,88.21,273.82,1,-1,-1,-1
335,2,567.14,127.52,89.05,242.28,1,-1,-1,-1
335,15,226.77,17.97,199.18,454.13,1,-1,-1,-1
335,17,-259.84,129.16,84.39,229.29,1,-1,-1,-1
335,20,448.09,76.80,96.24,253.11,1,-1,-1,-1
335,21,405.00,82.08,36.44,104.89,1,-1,-1,-1
335,22,-0.35,74.47,37.38,151.53,1,-1,-1,-1
336,1,32.24,81.71,85.59,262.84,1,-1,-1,-1
336,2,568.60,123.71,87.74,240.21,1,-1,-1,-1
336,15,229.17,15.83,199.28,456.01,1,-1,-1,-1
336,17,-268.37,129.26,84.39,229.29,1,-1,-1,-1
336,20,453.29,72.84,97.84,258.37,1,-1,-1,-1
336,21,403.66,77.95,36.44,104.89,1,-1,-1,-1
336,22,-0.74,66.83,37.38,151.53,1,-1,-1,-1
337,1,29.78,86.27,83.55,252.58,1,-1,-1,-1
337,2,572.25,119.30,84.88,237.82,1,-1,-1,-1
337,15,230.99,12.79,199.43,458.50,1,-1,-1,-1
337,17,-276.90,129.35,84.39,229.29,1,-1,-1,-1
337,20,458.15,69.11,100.10,262.64,1,-1,-1,-1
337,21,402.31,73.82,36.44,104.89,1,-1,-1,-1
337,22,-1.14,59.20,37.38,151.53,1,-1,-1,-1
338,1,28.38,90.76,82.04,244.08,1,-1,-1,-1
338,2,577.68,115.13,80.75,237.38,1,-1,-1,-1
338,15,234.15,15.06,199.16,457.46,1,-1,-1,-1
338,17,-285.43,129.45,84.39,229.29,1,-1,-1,-1
338,20,463.64,65.72,102.87,267.17,1,-1,-1,-1
338,21,400.97,69.69,36.44,104.89,1,-1,-1,-1
338,22,-1.53,51.56,37.38,151.53,1,-1,-1,-1
339,1,27.37,95.15,80.70,236.37,1,-1,-1,-1
339,2,582.40,110.47,77.01,238.12,1,-1,-1,-1
339,15,236.43,12.31,199.14,459.74,1,-1,-1,-1
339,17,-293.96,129.55,84.39,229.29,1,-1,-1,-1
339,20,469.60,63.03,104.64,271.14,1,-1,-1,-1
339,21,399.63,65.56,36.44,104.89,1,-1,-1,-1
339,22,-1.92,43.93,37.38,151.53,1,-1,-1,-1
340,1,27.20,98.38,79.99,229.72,1,-1,-1,-1
340,2,585.72,110.97,77.01,238.12,1,-1,-1,-1
340,15,238.56,9.33,199.40,462.19,1,-1,-1,-1
340,17,-302.49,129.64,84.39,229.29,1,-1,-1,-1
340,20,475.58,60.46,106.57,275.27,1,-1,-1,-1
340,21,398.29,61.43,36.44,104.89,1,-1,-1,-1
340,22,-2.31,36.30,37.38,151.53,1,-1,-1,-1
341,1,28.14,102.70,79.21,222.61,1,-1,-1,-1
341,2,589.03,111.48,77.01,238.12,1,-1,-1,-1
341,15,240.89,7.17,199.94,464.10,1,-1,-1,-1
341,17,-311.02,129.74,84.39,229.29,1,-1,-1,-1
341,20,482.21,58.07,109.74,279.12,1,-1,-1,-1
341,21,396.94,57.30,36.44,104.89,1,-1,-1,-1
341,22,-2.70,28.66,37.38,151.53,1,-1,-1,-1
342,1,28.69,105.80,78.90,216.46,1,-1,-1,-1
342,2,592.35,111.98,77.01,238.12,1,-1,-1,-1
342,15,243.32,5.37,202.23,465.78,1,-1,-1,-1
342,17,-319.55,129.83,84.39,229.29,1,-1,-1,-1
342,20,491.12,55.39,112.07,283.67,1,-1,-1,-1
342,21,395.60,53.17,36.44,104.89,1,-1,-1,-1
342,22,-3.09,21.03,37.38,151.53,1,-1,-1,-1
343,1,30.37,107.95,78.51,212.14,1,-1,-1,-1
343,2,595.66,112.49,77.01,238.12,1,-1,-1,-1
343,15,248.63,5.34,203.37,466.28,1,-1,-1,-1
343,17,-328.08,129.93,84.39,229.29,1,-1,-1,-1
343,20,501.98,53.56,112.10,289.05,1,-1,-1,-1
343,21,394.26,49.04,36.44,104.89,1,-1,-1,-1
343,22,-3.48,13.39,37.38,151.53,1,-1,-1,-1
344,1,32.23,110.01,78.49,208.60,1,-1,-1,-1
344,2,598.98,112.99,77.01,238.12,1,-1,-1,-1
344,15,254.78,3.93,204.16,467.69,1,-1,-1,-1
344,17,-336.61,130.03,84.39,229.29,1,-1,-1,-1
344,20,513.58,52.61,110.42,293.81,1,-1,-1,-1
344,21,392.91,44.91,36.44,104.89,1,-1,-1,-1
344,22,-3.87,5.76,37.38,151.53,1,-1,-1,-1
345,1,34.59,111.53,78.95,205.10,1,-1,-1,-1
345,2,602.29,113.50,77.01,238.12,1,-1,-1,-1
345,15,262.37,2.47,205.31,469.14,1,-1,-1,-1
345,17,-345.13,130.12,84.39,229.29,1,-1,-1,-1
345,20,527.31,50.89,106.26,299.07,1,-1,-1,-1
345,22,-4.26,-1.87,37.38,151.53,1,-1,-1,-1
346,1,39.57,114.45,78.73,201.74,1,-1,-1,-1
346,2,605.61,114.00,77.01,238.12,1,-1,-1,-1
346,15,271.37,1.66,205.95,470.15,1,-1,-1,-1
346,17,-353.66,130.22,84.39,229.29,1,-1,-1,-1
346,20,533.88,61.68,104.15,293.23,1,-1,-1,-1
346,22,-4.65,-9.51,37.38,151.53,1,-1,-1,-1
347,1,34.82,118.26,78.15,198.64,1,-1,-1,-1
347,2,608.92,114.51,77.01,238.12,1,-1,-1,-1
347,15,280.95,0.42,207.06,471.45,1,-1,-1,-1
347,20,542.96,68.70,101.56,289.51,1,-1,-1,-1
347,22,-5.04,-17.14,37.38,151.53,1,-1,-1,-1
348,1,34.62,120.70,75.97,196.18,1,-1,-1,-1
348,2,612.24,115.01,77.01,238.12,1,-1,-1,-1
348,15,291.84,-0.57,207.22,472.58,1,-1,-1,-1
348,20,555.21,74.55,96.11,286.96,1,-1,-1,-1
348,22,-5.43,-24.78,37.38,151.53,1,-1,-1,-1
349,1,37.15,122.88,73.60,193.28,1,-1,-1,-1
349,2,615.55,115.51,77.01,238.12,1,-1,-1,-1
349,15,301.75,-1.35,207.44,473.55,1,-1,-1,-1
349,20,561.58,73.50,96.11,286.96,1,-1,-1,-1
349,22,-5.82,-32.41,37.38,151.53,1,-1,-1,-1
350,1,39.89,124.95,72.33,190.39,1,-1,-1,-1
350,2,618.87,116.02,77.01,238.12,1,-1,-1,-1
350,15,309.94,-1.94,208.22,474.40,1,-1,-1,-1
350,20,567.95,72.45,96.11,286.96,1,-1,-1,-1
350,22,-6.21,-40.04,37.38,151.53,1,-1,-1,-1
351,1,43.35,126.33,72.34,187.83,1,-1,-1,-1
351,2,622.18,116.52,77.01,238.12,1,-1,-1,-1
351,15,317.11,-2.38,209.53,475.14,1,-1,-1,-1
351,20,574.32,71.40,96.11,286.96,1,-1,-1,-1
351,22,-6.60,-47.68,37.38,151.53,1,-1,-1,-1
352,1,48.30,127.71,71.96,184.74,1,-1,-1,-1
352,2,625.50,117.03,77.01,238.12,1,-1,-1,-1
352,15,324.02,-2.69,209.53,475.78,1,-1,-1,-1
352,20,580.69,70.36,96.11,286.96,1,-1,-1,-1
352,22,-6.99,-55.31,37.38,151.53,1,-1,-1,-1
353,1,53.24,128.87,72.65,181.51,1,-1,-1,-1
353,2,628.81,117.53,77.01,238.12,1,-1,-1,-1
353,15,330.45,-2.89,210.02,476.34,1,-1,-1,-1
353,20,564.36,61.83,99.37,302.21,1,-1,-1,-1
353,22,-7.38,-62.94,37.38,151.53,1,-1,-1,-1
354,1,59.24,129.25,73.40,179.97,1,-1,-1,-1
354,2,632.13,118.04,77.01,238.12,1,-1,-1,-1
354,15,336.72,-3.00,210.60,476.82,1,-1,-1,-1
354,20,557.40,53.83,101.80,317.23,1,-1,-1,-1
354,22,-7.77,-70.58,37.38,151.53,1,-1,-1,-1
355,1,68.01,130.99,73.01,178.27,1,-1,-1,-1
355,2,635.44,118.54,77.01,238.12,1,-1,-1,-1
355,15,342.13,-3.04,211.33,477.24,1,-1,-1,-1
355,20,556.68,48.75,101.35,329.47,1,-1,-1,-1
355,22,-8.16,-78.21,37.38,151.53,1,-1,-1,-1
356,1,78.01,131.26,71.53,176.90,1,-1,-1,-1
356,2,638.76,119.04,77.01,238.12,1,-1,-1,-1
356,15,346.28,-3.02,212.75,477.60,1,-1,-1,-1
356,20,560.23,42.18,98.43,343.53,1,-1,-1,-1
356,22,-8.56,-85.85,37.38,151.53,1,-1,-1,-1
357,1,88.27,130.62,69.85,175.65,1,-1,-1,-1
357,2,642.07,119.55,77.01,238.12,1,-1,-1,-1
357,15,350.03,-2.96,214.07,477.92,1,-1,-1,-1
357,20,564.22,39.85,98.43,343.53,1,-1,-1,-1
357,22,-8.95,-93.48,37.38,151.53,1,-1,-1,-1
358,1,96.85,131.30,69.08,175.11,1,-1,-1,-1
358,2,645.39,120.05,77.01,238.12,1,-1,-1,-1
358,15,353.11,-2.85,215.38,478.19,1,-1,-1,-1
358,20,568.20,37.53,98.43,343.53,1,-1,-1,-1
358,22,-9.34,-101.11,37.38,151.53,1,-1,-1,-1
359,1,103.06,136.98,69.61,173.75,1,-1,-1,-1
359,2,648.70,120.56,77.01,238.12,1,-1,-1,-1
359,15,354.43,-0.49,216.41,476.94,1,-1,-1,-1
359,20,572.19,35.20,98.43,343.53,1,-1,-1,-1
359,22,-9.73,-108.75,37.38,151.53,1,-1,-1,-1
360,1,108.42,143.57,70.95,172.07,1,-1,-1,-1
360,2,652.02,121.06,77.01,238.12,1,-1,-1,-1
360,15,356.42,3.36,217.37,474.66,1,-1,-1,-1
360,20,558.83,46.73,102.19,347.61,1,-1,-1,-1
360,22,-10.12,-116.38,37.38,151.53,1,-1,-1,-1
361,1,112.50,148.18,72.07,170.91,1,-1,-1,-1
361,2,655.33,121.57,77.01,238.12,1,-1,-1,-1
361,15,357.87,4.88,217.93,473.87,1,-1,-1,-1
361,20,554.61,37.44,102.69,363.24,1,-1,-1,-1
361,22,-10.51,-124.02,37.38,151.53,1,-1,-1,-1
362,1,117.06,151.16,72.14,169.17,1,-1,-1,-1
362,2,658.65,122.07,77.01,238.12,1,-1,-1,-1
362,15,359.15,6.70,217.32,472.86,1,-1,-1,-1
362,20,552.26,28.62,102.82,372.21,1,-1,-1,-1
362,22,-10.90,-131.65,37.38,151.53,1,-1,-1,-1
363,1,123.32,153.52,70.93,168.50,1,-1,-1,-1
363,2,661.96,122.57,77.01,238.12,1,-1,-1,-1
363,15,361.42,7.86,216.18,472.25,1,-1,-1,-1
363,20,547.71,22.18,104.83,386.07,1,-1,-1,-1
363,22,-11.29,-139.28,37.38,151.53,1,-1,-1,-1
363,23,178.90,161.50,64.40,160.70,1,-1,-1,-1
364,1,129.78,156.72,69.80,167.98,1,-1,-1,-1
364,2,665.28,123.08,77.01,238.12,1,-1,-1,-1
364,15,364.08,10.51,215.22,470.61,1,-1,-1,-1
364,20,548.81,17.95,103.38,396.34,1,-1,-1,-1
364,23,183.58,164.49,64.78,161.58,1,-1,-1,-1
365,1,135.02,160.39,68.86,166.69,1,-1,-1,-1
365,2,668.59,123.58,77.01,238.12,1,-1,-1,-1
365,15,365.93,10.88,214.35,470.45,1,-1,-1,-1
365,20,550.64,14.19,101.51,407.04,1,-1,-1,-1
365,23,187.08,166.36,64.20,162.77,1,-1,-1,-1
366,1,136.97,161.64,70.18,165.54,1,-1,-1,-1
366,2,671.91,124.09,77.01,238.12,1,-1,-1,-1
366,15,367.18,10.72,213.61,470.63,1,-1,-1,-1
366,20,552.48,11.42,101.51,407.04,1,-1,-1,-1
366,23,188.00,159.99,63.13,162.95,1,-1,-1,-1
367,1,139.69,161.04,70.88,164.34,1,-1,-1,-1
367,2,675.23,124.59,77.01,238.12,1,-1,-1,-1
367,15,368.94,9.54,213.47,471.47,1,-1,-1,-1
367,20,554.32,8.65,101.51,407.04,1,-1,-1,-1
367,23,194.16,151.39,62.90,163.60,1,-1,-1,-1
368,1,142.26,160.18,73.18,163.81,1,-1,-1,-1
368,2,678.54,125.10,77.01,238.12,1,-1,-1,-1
368,15,372.88,8.84,213.09,471.98,1,-1,-1,-1
368,20,556.16,5.89,101.51,407.04,1,-1,-1,-1
368,23,203.44,148.68,63.07,163.98,1,-1,-1,-1
369,1,148.39,160.91,73.12,163.09,1,-1,-1,-1
369,2,681.86,125.60,77.01,238.12,1,-1,-1,-1
369,15,376.88,9.76,213.70,471.42,1,-1,-1,-1
369,20,558.00,3.12,101.51,407.04,1,-1,-1,-1
369,23,212.90,148.91,64.20,163.83,1,-1,-1,-1
370,1,156.32,162.00,71.68,162.71,1,-1,-1,-1
370,2,685.17,126.11,77.01,238.12,1,-1,-1,-1
370,15,380.90,9.31,214.53,471.75,1,-1,-1,-1
370,20,559.84,0.35,101.51,407.04,1,-1,-1,-1
370,23,219.38,152.05,65.04,163.24,1,-1,-1,-1
371,1,165.62,162.06,68.95,162.83,1,-1,-1,-1
371,2,688.49,126.61,77.01,238.12,1,-1,-1,-1
371,15,385.63,8.16,215.73,472.54,1,-1,-1,-1
371,20,561.68,-2.42,101.51,407.04,1,-1,-1,-1
371,23,223.34,153.93,66.02,162.67,1,-1,-1,-1
372,1,175.11,162.37,67.69,162.42,1,-1,-1,-1
372,2,691.80,127.11,77.01,238.12,1,-1,-1,-1
372,15,391.20,7.09,217.95,473.29,1,-1,-1,-1
372,20,563.52,-5.19,101.51,407.04,1,-1,-1,-1
372,23,229.95,155.24,66.48,162.20,1,-1,-1,-1
373,1,184.46,162.93,66.57,162.02,1,-1,-1,-1
373,2,695.12,127.62,77.01,238.12,1,-1,-1,-1
373,15,397.25,5.83,220.21,474.17,1,-1,-1,-1
373,20,565.37,-7.96,101.51,407.04,1,-1,-1,-1
373,23,240.39,154.00,65.31,162.53,1,-1,-1,-1
374,1,193.62,163.91,66.49,160.74,1,-1,-1,-1
374,2,698.43,128.12,77.01,238.12,1,-1,-1,-1
374,15,405.05,4.75,220.27,474.94,1,-1,-1,-1
374,20,567.21,-10.72,101.51,407.04,1,-1,-1,-1
374,23,250.61,154.01,64.58,162.64,1,-1,-1,-1
374,24,415.90,222.90,14.50,39.70,1,-1,-1,-1
375,1,202.23,164.68,66.30,159.67,1,-1,-1,-1
375,2,701.75,128.63,77.01,238.12,1,-1,-1,-1
375,15,415.50,3.84,217.67,475.61,1,-1,-1,-1
375,20,569.05,-13.49,101.51,407.04,1,-1,-1,-1
375,23,260.21,154.27,63.86,162.20,1,-1,-1,-1
375,24,415.80,224.69,14.18,39.01,1,-1,-1,-1
375,25,425.40,223.80,12.50,36.50,1,-1,-1,-1
375,26,408.50,225.40,12.10,32.80,1,-1,-1,-1
376,1,210.07,165.39,66.28,158.63,1,-1,-1,-1
376,2,705.06,129.13,77.01,238.12,1,-1,-1,-1
376,15,427.96,3.07,212.89,476.19,1,-1,-1,-1
376,20,570.89,-16.26,101.51,407.04,1,-1,-1,-1
376,23,267.96,154.56,63.38,162.31,1,-1,-1,-1
376,24,415.38,223.42,14.20,38.78,1,-1,-1,-1
376,25,431.27,221.41,12.55,36.70,1,-1,-1,-1
376,26,408.50,225.40,12.10,32.80,1,-1,-1,-1
377,1,217.63,165.83,65.62,157.49,1,-1,-1,-1
377,2,708.38,129.64,77.01,238.12,1,-1,-1,-1
377,15,445.35,3.27,204.08,476.12,1,-1,-1,-1
377,20,572.73,-19.03,101.51,407.04,1,-1,-1,-1
377,23,274.98,155.26,62.94,161.82,1,-1,-1,-1
377,24,415.37,223.74,13.99,38.48,1,-1,-1,-1
377,25,432.66,220.62,12.24,36.97,1,-1,-1,-1
377,26,408.50,225.40,12.10,32.80,1,-1,-1,-1
378,1,224.96,166.05,64.29,156.40,1,-1,-1,-1
378,2,711.69,130.14,77.01,238.12,1,-1,-1,-1
378,15,464.04,4.03,193.68,475.68,1,-1,-1,-1
378,20,574.57,-21.80,101.51,407.04,1,-1,-1,-1
378,23,280.42,155.51,62.92,161.99,1,-1,-1,-1
378,24,413.80,223.76,13.96,38.27,1,-1,-1,-1
378,25,430.90,221.27,12.36,36.89,1,-1,-1,-1
378,26,408.50,225.40,12.10,32.80,1,-1,-1,-1
379,1,231.37,165.63,62.83,156.02,1,-1,-1,-1
379,2,715.01,130.64,77.01,238.12,1,-1,-1,-1
379,15,470.84,3.84,193.68,475.68,1,-1,-1,-1
379,20,576.41,-24.57,101.51,407.04,1,-1,-1,-1
379,23,286.12,155.53,62.56,161.74,1,-1,-1,-1
379,24,413.66,222.66,13.91,38.19,1,-1,-1,-1
379,25,427.37,220.28,12.61,37.00,1,-1,-1,-1
379,26,408.50,225.40,12.10,32.80,1,-1,-1,-1
380,1,236.56,165.48,61.77,155.90,1,-1,-1,-1
380,2,718.32,131.15,77.01,238.12,1,-1,-1,-1
380,15,477.63,3.64,193.68,475.68,1,-1,-1,-1
380,20,578.25,-27.34,101.51,407.04,1,-1,-1,-1
380,23,291.77,156.21,61.50,161.22,1,-1,-1,-1
380,24,413.19,222.54,13.91,38.19,1,-1,-1,-1
380,25,424.28,221.08,12.81,37.12,1,-1,-1,-1
380,26,409.90,223.90,12.52,33.79,1,-1,-1,-1
380,27,2.00,95.30,45.90,286.50,1,-1,-1,-1
381,1,241.44,166.62,61.11,155.12,1,-1,-1,-1
381,2,721.64,131.65,77.01,238.12,1,-1,-1,-1
381,15,484.42,3.45,193.68,475.68,1,-1,-1,-1
381,20,580.09,-30.10,101.51,407.04,1,-1,-1,-1
381,23,296.52,156.81,60.56,161.60,1,-1,-1,-1
381,24,412.24,224.88,13.83,37.94,1,-1,-1,-1
381,25,423.73,220.63,12.81,37.12,1,-1,-1,-1
381,26,407.10,226.22,12.57,34.05,1,-1,-1,-1
381,27,1.00,104.95,45.61,285.29,1,-1,-1,-1
382,1,245.30,168.21,60.06,153.73,1,-1,-1,-1
382,2,724.95,132.16,77.01,238.12,1,-1,-1,-1
382,15,491.22,3.25,193.68,475.68,1,-1,-1,-1
382,20,581.93,-32.87,101.51,407.04,1,-1,-1,-1
382,23,299.85,157.64,60.21,161.32,1,-1,-1,-1
382,24,411.69,225.17,13.83,37.94,1,-1,-1,-1
382,25,420.94,222.13,12.78,37.00,1,-1,-1,-1
382,26,405.40,225.01,12.83,34.75,1,-1,-1,-1
382,27,0.01,114.59,45.61,285.29,1,-1,-1,-1
383,1,247.02,170.03,59.67,152.69,1,-1,-1,-1
383,2,728.27,132.66,77.01,238.12,1,-1,-1,-1
383,15,498.01,3.06,193.68,475.68,1,-1,-1,-1
383,20,583.77,-35.64,101.51,407.04,1,-1,-1,-1
383,23,301.77,159.34,60.64,160.96,1,-1,-1,-1
383,24,411.87,225.58,13.81,37.62,1,-1,-1,-1
383,25,420.03,221.99,12.78,37.00,1,-1,-1,-1
383,26,402.55,225.16,13.16,35.33,1,-1,-1,-1
383,27,-0.98,124.23,45.61,285.29,1,-1,-1,-1
384,1,249.17,170.34,58.72,152.43,1,-1,-1,-1
384,2,731.58,133.17,77.01,238.12,1,-1,-1,-1
384,15,504.80,2.86,193.68,475.68,1,-1,-1,-1
384,20,585.61,-38.41,101.51,407.04,1,-1,-1,-1
384,23,302.23,159.95,61.35,160.86,1,-1,-1,-1
384,24,411.42,225.88,13.81,37.62,1,-1,-1,-1
384,25,419.12,221.85,12.78,37.00,1,-1,-1,-1
384,26,402.46,224.12,13.15,35.45,1,-1,-1,-1
384,27,9.37,75.84,60.16,296.73,1,-1,-1,-1
385,1,250.91,169.63,57.89,152.48,1,-1,-1,-1
385,2,734.90,133.67,77.01,238.12,1,-1,-1,-1
385,15,511.60,2.67,193.68,475.68,1,-1,-1,-1
385,20,587.46,-41.18,101.51,407.04,1,-1,-1,-1
385,23,302.03,160.05,62.02,160.96,1,-1,-1,-1
385,24,410.97,226.19,13.81,37.62,1,-1,-1,-1
385,25,418.21,221.72,12.78,37.00,1,-1,-1,-1
385,26,401.93,223.02,13.16,35.56,1,-1,-1,-1
385,27,10.27,69.71,70.26,304.70,1,-1,-1,-1
386,1,251.73,168.37,57.52,152.81,1,-1,-1,-1
386,2,738.21,134.17,77.01,238.12,1,-1,-1,-1
386,15,518.39,2.47,193.68,475.68,1,-1,-1,-1
386,20,589.30,-43.95,101.51,407.04,1,-1,-1,-1
386,23,301.94,159.58,62.40,161.24,1,-1,-1,-1
386,24,410.51,226.49,13.81,37.62,1,-1,-1,-1
386,25,417.30,221.58,12.78,37.00,1,-1,-1,-1
386,26,399.30,222.32,13.19,35.60,1,-1,-1,-1
386,27,8.11,63.24,78.71,312.90,1,-1,-1,-1
387,1,251.48,167.31,57.23,153.22,1,-1,-1,-1
387,2,741.53,134.68,77.01,238.12,1,-1,-1,-1
387,15,525.18,2.28,193.68,475.68,1,-1,-1,-1
387,20,591.14,-46.72,101.51,407.04,1,-1,-1,-1
387,23,301.95,158.73,61.95,161.39,1,-1,-1,-1
387,24,410.06,226.79,13.81,37.62,1,-1,-1,-1
387,25,416.40,221.44,12.78,37.00,1,-1,-1,-1
387,26,398.40,222.01,13.19,35.60,1,-1,-1,-1
387,27,5.83,55.19,84.71,321.80,1,-1,-1,-1
388,1,251.02,166.87,56.96,153.06,1,-1,-1,-1
388,2,744.84,135.18,77.01,238.12,1,-1,-1,-1
388,15,531.98,2.08,193.68,475.68,1,-1,-1,-1
388,20,592.98,-49.48,101.51,407.04,1,-1,-1,-1
388,23,300.65,157.43,61.70,162.38,1,-1,-1,-1
388,24,409.61,227.10,13.81,37.62,1,-1,-1,-1
388,25,415.49,221.30,12.78,37.00,1,-1,-1,-1
388,26,397.50,221.69,13.19,35.60,1,-1,-1,-1
388,27,4.52,51.90,88.42,327.57,1,-1,-1,-1
389,1,249.48,167.80,57.01,153.00,1,-1,-1,-1
389,2,748.16,135.69,77.01,238.12,1,-1,-1,-1
389,15,538.77,1.89,193.68,475.68,1,-1,-1,-1
389,20,594.82,-52.25,101.51,407.04,1,-1,-1,-1
389,23,299.41,158.28,61.28,162.53,1,-1,-1,-1
389,24,409.15,227.40,13.81,37.62,1,-1,-1,-1
389,25,414.58,221.17,12.78,37.00,1,-1,-1,-1
389,26,396.60,221.38,13.19,35.60,1,-1,-1,-1
389,27,3.50,50.85,91.75,332.34,1,-1,-1,-1
390,1,246.82,168.33,57.18,152.65,1,-1,-1,-1
390,15,545.56,1.69,193.68,475.68,1,-1,-1,-1
390,20,596.66,-55.02,101.51,407.04,1,-1,-1,-1
390,23,296.70,159.07,61.14,162.01,1,-1,-1,-1
390,24,408.70,227.70,13.81,37.62,1,-1,-1,-1
390,25,413.67,221.03,12.78,37.00,1,-1,-1,-1
390,26,395.70,221.06,13.19,35.60,1,-1,-1,-1
390,27,2.77,49.77,92.74,335.95,1,-1,-1,-1
391,1,252.93,167.92,57.47,153.29,1,-1,-1,-1
391,15,552.36,1.49,193.68,475.68,1,-1,-1,-1
391,20,598.50,-57.79,101.51,407.04,1,-1,-1,-1
391,23,300.06,159.10,61.14,162.01,1,-1,-1,-1
391,24,408.25,228.01,13.81,37.62,1,-1,-1,-1
391,25,412.76,220.89,12.78,37.00,1,-1,-1,-1
391,26,394.80,220.75,13.19,35.60,1,-1,-1,-1
391,27,3.58,51.37,90.14,337.39,1,-1,-1,-1
392,1,257.53,167.79,57.45,153.33,1,-1,-1,-1
392,15,559.15,1.30,193.68,475.68,1,-1,-1,-1
392,20,600.34,-60.56,101.51,407.04,1,-1,-1,-1
392,23,303.43,159.14,61.14,162.01,1,-1,-1,-1
392,24,407.80,228.31,13.81,37.62,1,-1,-1,-1
392,25,411.85,220.76,12.78,37.00,1,-1,-1,-1
392,26,393.90,220.43,13.19,35.60,1,-1,-1,-1
392,27,3.65,47.46,90.14,337.39,1,-1,-1,-1
393,1,260.44,167.34,57.44,153.45,1,-1,-1,-1
393,15,516.22,63.80,181.32,427.62,1,-1,-1,-1
393,20,602.18,-63.33,101.51,407.04,1,-1,-1,-1
393,23,306.79,159.18,61.14,162.01,1,-1,-1,-1
393,24,407.34,228.61,13.81,37.62,1,-1,-1,-1
393,25,410.94,220.62,12.78,37.00,1,-1,-1,-1
393,26,393.00,220.11,13.19,35.60,1,-1,-1,-1
393,27,3.72,43.55,90.14,337.39,1,-1,-1,-1
394,1,263.05,166.81,57.45,153.85,1,-1,-1,-1
394,15,508.46,77.15,173.60,403.75,1,-1,-1,-1
394,20,604.02,-66.09,101.51,407.04,1,-1,-1,-1
394,23,310.15,159.21,61.14,162.01,1,-1,-1,-1
394,24,406.89,228.92,13.81,37.62,1,-1,-1,-1
394,25,410.03,220.48,12.78,37.00,1,-1,-1,-1
394,26,392.10,219.80,13.19,35.60,1,-1,-1,-1
394,27,4.25,55.42,83.13,338.09,1,-1,-1,-1
395,1,264.67,165.70,57.14,154.13,1,-1,-1,-1
395,15,506.20,81.74,168.23,392.61,1,-1,-1,-1
395,20,605.86,-68.86,101.51,407.04,1,-1,-1,-1
395,23,313.51,159.25,61.14,162.01,1,-1,-1,-1
395,24,406.44,229.22,13.81,37.62,1,-1,-1,-1
395,25,409.13,220.34,12.78,37.00,1,-1,-1,-1
395,26,391.20,219.48,13.19,35.60,1,-1,-1,-1
395,27,4.36,52.93,83.13,338.09,1,-1,-1,-1
396,1,265.12,165.15,57.02,154.62,1,-1,-1,-1
396,15,504.96,84.73,164.67,387.53,1,-1,-1,-1
396,20,607.71,-71.63,101.51,407.04,1,-1,-1,-1
396,23,316.87,159.28,61.14,162.01,1,-1,-1,-1
396,24,405.98,229.52,13.81,37.62,1,-1,-1,-1
396,25,408.22,220.21,12.78,37.00,1,-1,-1,-1
396,26,390.30,219.17,13.19,35.60,1,-1,-1,-1
396,27,4.47,50.43,83.13,338.09,1,-1,-1,-1
397,1,264.31,165.49,57.51,155.06,1,-1,-1,-1
397,15,504.72,85.38,161.77,385.49,1,-1,-1,-1
397,20,609.55,-74.40,101.51,407.04,1,-1,-1,-1
397,23,320.23,159.32,61.14,162.01,1,-1,-1,-1
397,24,405.53,229.83,13.81,37.62,1,-1,-1,-1
397,25,407.31,220.07,12.78,37.00,1,-1,-1,-1
397,26,389.40,218.85,13.19,35.60,1,-1,-1,-1
397,27,4.58,47.94,83.13,338.09,1,-1,-1,-1
398,1,263.58,166.46,57.75,155.07,1,-1,-1,-1
398,15,508.63,80.20,156.71,392.45,1,-1,-1,-1
398,20,611.39,-77.17,101.51,407.04,1,-1,-1,-1
398,23,323.60,159.36,61.14,162.01,1,-1,-1,-1
398,24,405.08,230.13,13.81,37.62,1,-1,-1,-1
398,25,406.40,219.93,12.78,37.00,1,-1,-1,-1
398,26,388.50,218.54,13.19,35.60,1,-1,-1,-1
398,27,4.69,45.44,83.13,338.09,1,-1,-1,-1
399,1,262.90,166.96,57.78,154.81,1,-1,-1,-1
399,15,514.12,72.55,150.94,400.61,1,-1,-1,-1
399,20,613.23,-79.94,101.51,407.04,1,-1,-1,-1
399,23,326.96,159.39,61.14,162.01,1,-1,-1,-1
399,24,404.63,230.43,13.81,37.62,1,-1,-1,-1
399,25,405.49,219.79,12.78,37.00,1,-1,-1,-1
399,26,387.60,218.22,13.19,35.60,1,-1,-1,-1
399,27,4.80,42.95,83.13,338.09,1,-1,-1,-1
400,1,262.19,166.52,57.68,154.77,1,-1,-1,-1
400,15,523.19,62.90,142.89,409.75,1,-1,-1,-1
400,20,615.07,-82.71,101.51,407.04,1,-1,-1,-1
400,23,330.32,159.43,61.14,162.01,1,-1,-1,-1
400,24,404.17,230.74,13.81,37.62,1,-1,-1,-1
400,25,404.58,219.66,12.78,37.00,1,-1,-1,-1
400,26,386.69,217.91,13.19,35.60,1,-1,-1,-1
400,27,4.91,40.45,83.13,338.09,1,-1,-1,-1
401,1,261.01,165.80,57.31,155.38,1,-1,-1,-1
401,15,532.79,55.24,134.64,417.11,1,-1,-1,-1
401,20,616.91,-85.47,101.51,407.04,1,-1,-1,-1
401,23,351.05,180.91,52.88,141.87,1,-1,-1,-1
401,24,403.72,231.04,13.81,37.62,1,-1,-1,-1
401,25,403.67,219.52,12.78,37.00,1,-1,-1,-1
401,26,385.79,217.59,13.19,35.60,1,-1,-1,-1
401,27,5.02,37.96,83.13,338.09,1,-1,-1,-1
402,1,259.26,164.49,57.27,155.31,1,-1,-1,-1
402,15,536.90,56.06,134.64,417.11,1,-1,-1,-1
402,20,618.75,-88.24,101.51,407.04,1,-1,-1,-1
402,23,358.09,187.15,47.74,129.24,1,-1,-1,-1
402,24,403.27,231.35,13.81,37.62,1,-1,-1,-1
402,25,402.76,219.38,12.78,37.00,1,-1,-1,-1
402,26,384.89,217.27,13.19,35.60,1,-1,-1,-1
402,27,5.12,35.46,83.13,338.09,1,-1,-1,-1
403,1,257.38,164.42,57.54,155.04,1,-1,-1,-1
403,15,541.01,56.88,134.64,417.11,1,-1,-1,-1
403,20,620.59,-91.01,101.51,407.04,1,-1,-1,-1
403,23,362.32,191.63,44.22,120.25,1,-1,-1,-1
403,24,402.81,231.65,13.81,37.62,1,-1,-1,-1
403,25,401.86,219.24,12.78,37.00,1,-1,-1,-1
403,26,383.99,216.96,13.19,35.60,1,-1,-1,-1
403,27,5.23,32.96,83.13,338.09,1,-1,-1,-1
404,1,255.53,165.17,57.80,154.14,1,-1,-1,-1
404,15,545.11,57.70,134.64,417.11,1,-1,-1,-1
404,20,622.43,-93.78,101.51,407.04,1,-1,-1,-1
404,23,364.52,193.94,41.92,113.80,1,-1,-1,-1
404,24,402.36,231.95,13.81,37.62,1,-1,-1,-1
404,25,400.95,219.11,12.78,37.00,1,-1,-1,-1
404,26,383.09,216.64,13.19,35.60,1,-1,-1,-1
404,27,5.34,30.47,83.13,338.09,1,-1,-1,-1
405,1,253.33,165.11,58.50,153.62,1,-1,-1,-1
405,15,549.22,58.52,134.64,417.11,1,-1,-1,-1
405,20,624.27,-96.55,101.51,407.04,1,-1,-1,-1
405,23,365.92,194.96,40.30,109.09,1,-1,-1,-1
405,24,401.91,232.26,13.81,37.62,1,-1,-1,-1
405,25,400.04,218.97,12.78,37.00,1,-1,-1,-1
405,26,382.19,216.33,13.19,35.60,1,-1,-1,-1
405,27,5.45,27.97,83.13,338.09,1,-1,-1,-1
406,1,252.19,164.49,58.75,153.47,1,-1,-1,-1
406,15,553.32,59.34,134.64,417.11,1,-1,-1,-1
406,20,626.11,-99.32,101.51,407.04,1,-1,-1,-1
406,23,366.54,195.83,39.09,105.32,1,-1,-1,-1
406,24,401.46,232.56,13.81,37.62,1,-1,-1,-1
406,25,399.13,218.83,12.78,37.00,1,-1,-1,-1
406,26,381.29,216.01,13.19,35.60,1,-1,-1,-1
406,27,5.56,25.48,83.13,338.09,1,-1,-1,-1
407,1,251.65,163.82,58.62,152.50,1,-1,-1,-1
407,15,557.43,60.16,134.64,417.11,1,-1,-1,-1
407,20,627.96,-102.09,101.51,407.04,1,-1,-1,-1
407,23,366.80,195.98,38.20,102.18,1,-1,-1,-1
407,24,401.00,232.86,13.81,37.62,1,-1,-1,-1
407,25,398.22,218.69,12.78,37.00,1,-1,-1,-1
407,26,380.39,215.70,13.19,35.60,1,-1,-1,-1
407,27,5.67,22.98,83.13,338.09,1,-1,-1,-1
408,1,251.38,162.49,58.34,152.22,1,-1,-1,-1
408,15,561.54,60.98,134.64,417.11,1,-1,-1,-1
408,20,629.80,-104.85,101.51,407.04,1,-1,-1,-1
408,23,366.89,195.83,37.42,99.61,1,-1,-1,-1
408,24,400.55,233.17,13.81,37.62,1,-1,-1,-1
408,25,397.31,218.56,12.78,37.00,1,-1,-1,-1
408,26,379.49,215.38,13.19,35.60,1,-1,-1,-1
408,27,5.78,20.49,83.13,338.09,1,-1,-1,-1
409,1,251.71,161.04,57.61,152.13,1,-1,-1,-1
409,15,565.64,61.80,134.64,417.11,1,-1,-1,-1
409,23,370.38,197.17,37.42,99.61,1,-1,-1,-1
409,24,400.10,233.47,13.81,37.62,1,-1,-1,-1
409,25,396.40,218.42,12.78,37.00,1,-1,-1,-1
409,26,378.59,215.07,13.19,35.60,1,-1,-1,-1
409,27,5.89,17.99,83.13,338.09,1,-1,-1,-1
410,1,251.60,160.18,56.85,151.69,1,-1,-1,-1
410,15,569.75,62.61,134.64,417.11,1,-1,-1,-1
410,23,373.87,198.50,37.42,99.61,1,-1,-1,-1
410,24,399.64,233.77,13.81,37.62,1,-1,-1,-1
410,25,395.49,218.28,12.78,37.00,1,-1,-1,-1
410,26,377.69,214.75,13.19,35.60,1,-1,-1,-1
410,27,6.00,15.50,83.13,338.09,1,-1,-1,-1
411,1,250.03,160.50,56.50,150.75,1,-1,-1,-1
411,15,573.86,63.43,134.64,417.11,1,-1,-1,-1
411,23,377.36,199.84,37.42,99.61,1,-1,-1,-1
411,24,399.19,234.08,13.81,37.62,1,-1,-1,-1
411,25,394.59,218.15,12.78,37.00,1,-1,-1,-1
411,26,376.79,214.43,13.19,35.60,1,-1,-1,-1
411,27,6.11,13.00,83.13,338.09,1,-1,-1,-1
412,1,248.23,160.88,55.85,149.80,1,-1,-1,-1
412,15,577.96,64.25,134.64,417.11,1,-1,-1,-1
412,23,380.85,201.17,37.42,99.61,1,-1,-1,-1
412,24,398.74,234.38,13.81,37.62,1,-1,-1,-1
412,25,393.68,218.01,12.78,37.00,1,-1,-1,-1
412,26,375.89,214.12,13.19,35.60,1,-1,-1,-1
412,27,6.22,10.51,83.13,338.09,1,-1,-1,-1
413,1,246.55,160.66,55.16,148.90,1,-1,-1,-1
413,15,582.07,65.07,134.64,417.11,1,-1,-1,-1
413,23,384.34,202.51,37.42,99.61,1,-1,-1,-1
413,24,398.29,234.68,13.81,37.62,1,-1,-1,-1
413,26,374.99,213.80,13.19,35.60,1,-1,-1,-1
413,27,6.33,8.01,83.13,338.09,1,-1,-1,-1
414,1,244.36,159.93,54.23,148.89,1,-1,-1,-1
414,15,586.18,65.89,134.64,417.11,1,-1,-1,-1
414,23,387.83,203.85,37.42,99.61,1,-1,-1,-1
414,24,397.83,234.99,13.81,37.62,1,-1,-1,-1
414,26,374.09,213.49,13.19,35.60,1,-1,-1,-1
414,27,6.44,5.52,83.13,338.09,1,-1,-1,-1
415,1,241.29,160.00,53.37,148.23,1,-1,-1,-1
415,15,590.28,66.71,134.64,417.11,1,-1,-1,-1
415,23,391.32,205.18,37.42,99.61,1,-1,-1,-1
415,24,397.38,235.29,13.81,37.62,1,-1,-1,-1
415,26,373.19,213.17,13.19,35.60,1,-1,-1,-1
415,27,6.55,3.02,83.13,338.09,1,-1,-1,-1
416,1,237.04,160.27,53.22,147.82,1,-1,-1,-1
416,15,594.39,67.53,134.64,417.11,1,-1,-1,-1
416,23,394.81,206.52,37.42,99.61,1,-1,-1,-1
416,24,396.93,235.59,13.81,37.62,1,-1,-1,-1
416,27,6.66,0.53,83.13,338.09,1,-1,-1,-1
417,1,232.77,162.26,52.82,146.71,1,-1,-1,-1
417,15,598.49,68.35,134.64,417.11,1,-1,-1,-1
417,23,398.30,207.86,37.42,99.61,1,-1,-1,-1
417,24,396.47,235.90,13.81,37.62,1,-1,-1,-1
417,27,6.77,-1.97,83.13,338.09,1,-1,-1,-1
418,1,228.09,163.00,52.57,145.35,1,-1,-1,-1
418,15,602.60,69.17,134.64,417.11,1,-1,-1,-1
418,23,401.79,209.19,37.42,99.61,1,-1,-1,-1
418,24,396.02,236.20,13.81,37.62,1,-1,-1,-1
418,27,6.88,-4.46,83.13,338.09,1,-1,-1,-1
419,1,223.73,164.25,52.39,143.96,1,-1,-1,-1
419,15,606.71,69.99,134.64,417.11,1,-1,-1,-1
419,23,405.28,210.53,37.42,99.61,1,-1,-1,-1
419,24,395.57,236.50,13.81,37.62,1,-1,-1,-1
419,27,6.99,-6.96,83.13,338.09,1,-1,-1,-1
420,1,219.68,165.31,51.99,142.31,1,-1,-1,-1
420,15,610.81,70.81,134.64,417.11,1,-1,-1,-1
420,23,408.77,211.86,37.42,99.61,1,-1,-1,-1
420,27,7.10,-9.46,83.13,338.09,1,-1,-1,-1
421,1,214.91,165.34,51.62,141.40,1,-1,-1,-1
421,15,614.92,71.63,134.64,417.11,1,-1,-1,-1
421,23,412.26,213.20,37.42,99.61,1,-1,-1,-1
421,27,7.21,-11.95,83.13,338.09,1,-1,-1,-1
422,1,210.47,164.65,51.28,140.86,1,-1,-1,-1
422,15,619.03,72.45,134.64,417.11,1,-1,-1,-1
422,23,415.75,214.54,37.42,99.61,1,-1,-1,-1
422,27,7.32,-14.45,83.13,338.09,1,-1,-1,-1
423,1,206.27,163.93,50.79,140.23,1,-1,-1,-1
423,15,623.13,73.26,134.64,417.11,1,-1,-1,-1
423,23,419.24,215.87,37.42,99.61,1,-1,-1,-1
423,27,7.43,-16.94,83.13,338.09,1,-1,-1,-1
424,1,201.81,163.60,50.39,139.78,1,-1,-1,-1
424,15,627.24,74.08,134.64,417.11,1,-1,-1,-1
424,23,422.73,217.21,37.42,99.61,1,-1,-1,-1
424,27,7.54,-19.44,83.13,338.09,1,-1,-1,-1
425,1,197.01,163.18,49.91,138.98,1,-1,-1,-1
425,15,631.35,74.90,134.64,417.11,1,-1,-1,-1
425,23,426.22,218.55,37.42,99.61,1,-1,-1,-1
425,27,7.65,-21.93,83.13,338.09,1,-1,-1,-1
426,1,192.31,162.23,49.74,138.48,1,-1,-1,-1
426,15,635.45,75.72,134.64,417.11,1,-1,-1,-1
426,23,429.71,219.88,37.42,99.61,1,-1,-1,-1
426,27,7.76,-24.43,83.13,338.09,1,-1,-1,-1
427,1,187.73,160.89,49.48,138.13,1,-1,-1,-1
427,15,639.56,76.54,134.64,417.11,1,-1,-1,-1
427,23,433.20,221.22,37.42,99.61,1,-1,-1,-1
427,27,7.87,-26.92,83.13,338.09,1,-1,-1,-1
428,1,183.39,159.03,49.16,137.71,1,-1,-1,-1
428,15,643.67,77.36,134.64,417.11,1,-1,-1,-1
428,23,436.69,222.55,37.42,99.61,1,-1,-1,-1
428,27,7.98,-29.42,83.13,338.09,1,-1,-1,-1
428,28,537.80,6.10,103.20,474.90,1,-1,-1,-1
429,1,178.68,157.86,48.65,136.88,1,-1,-1,-1
429,15,647.77,78.18,134.64,417.11,1,-1,-1,-1
429,23,440.18,223.89,37.42,99.61,1,-1,-1,-1
429,28,491.23,12.77,111.64,473.69,1,-1,-1,-1
430,1,173.89,156.94,48.39,135.82,1,-1,-1,-1
430,15,651.88,79.00,134.64,417.11,1,-1,-1,-1
430,23,443.67,225.23,37.42,99.61,1,-1,-1,-1
430,28,448.10,10.19,125.07,473.58,1,-1,-1,-1
430,29,238.60,181.80,25.70,76.70,1,-1,-1,-1
431,1,169.39,156.20,48.27,134.91,1,-1,-1,-1
431,15,655.98,79.82,134.64,417.11,1,-1,-1,-1
431,23,447.16,226.56,37.42,99.61,1,-1,-1,-1
431,28,382.88,34.30,124.51,455.74,1,-1,-1,-1
431,29,233.82,178.42,26.11,76.99,1,-1,-1,-1
432,1,165.06,155.95,48.30,133.46,1,-1,-1,-1
432,15,660.09,80.64,134.64,417.11,1,-1,-1,-1
432,23,450.65,227.90,37.42,99.61,1,-1,-1,-1
432,28,350.81,46.58,121.13,437.30,1,-1,-1,-1
432,29,229.41,178.00,26.41,76.89,1,-1,-1,-1
433,1,161.06,155.41,48.34,132.17,1,-1,-1,-1
433,15,664.20,81.46,134.64,417.11,1,-1,-1,-1
433,23,454.14,229.24,37.42,99.61,1,-1,-1,-1
433,28,304.24,57.08,121.13,437.30,1,-1,-1,-1
433,29,224.55,176.45,27.21,77.10,1,-1,-1,-1
434,1,157.37,154.97,48.46,131.20,1,-1,-1,-1
434,15,668.30,82.28,134.64,417.11,1,-1,-1,-1
434,23,457.63,230.57,37.42,99.61,1,-1,-1,-1
434,28,257.66,67.59,121.13,437.30,1,-1,-1,-1
434,29,219.83,175.49,27.78,77.19,1,-1,-1,-1
435,1,154.02,154.01,48.33,130.51,1,-1,-1,-1
435,15,672.41,83.10,134.64,417.11,1,-1,-1,-1
435,23,461.12,231.91,37.42,99.61,1,-1,-1,-1
435,28,211.08,78.10,121.13,437.30,1,-1,-1,-1
435,29,216.38,175.64,27.98,77.06,1,-1,-1,-1
436,1,150.77,152.63,48.25,129.77,1,-1,-1,-1
436,15,676.52,83.91,134.64,417.11,1,-1,-1,-1
436,23,464.61,233.24,37.42,99.61,1,-1,-1,-1
436,28,164.51,88.61,121.13,437.30,1,-1,-1,-1
436,29,211.98,174.63,28.31,76.92,1,-1,-1,-1
437,1,147.90,151.22,48.08,129.53,1,-1,-1,-1
437,15,680.62,84.73,134.64,417.11,1,-1,-1,-1
437,23,468.10,234.58,37.42,99.61,1,-1,-1,-1
437,28,117.93,99.12,121.13,437.30,1,-1,-1,-1
437,29,208.21,174.33,28.71,76.95,1,-1,-1,-1
438,1,144.71,150.49,48.05,128.82,1,-1,-1,-1
438,15,684.73,85.55,134.64,417.11,1,-1,-1,-1
438,23,471.59,235.92,37.42,99.61,1,-1,-1,-1
438,28,71.35,109.63,121.13,437.30,1,-1,-1,-1
438,29,203.51,174.33,28.92,76.69,1,-1,-1,-1
439,1,141.77,149.79,47.70,128.36,1,-1,-1,-1
439,15,688.84,86.37,134.64,417.11,1,-1,-1,-1
439,23,475.08,237.25,37.42,99.61,1,-1,-1,-1
439,28,24.78,120.14,121.13,437.30,1,-1,-1,-1
439,29,199.14,173.50,28.92,76.69,1,-1,-1,-1
440,1,138.62,149.24,47.70,128.36,1,-1,-1,-1
440,15,692.94,87.19,134.64,417.11,1,-1,-1,-1
440,23,478.57,238.59,37.42,99.61,1,-1,-1,-1
440,28,-21.80,130.65,121.13,437.30,1,-1,-1,-1
440,29,194.78,172.66,28.92,76.69,1,-1,-1,-1
441,1,135.47,148.68,47.70,128.36,1,-1,-1,-1
441,15,697.05,88.01,134.64,417.11,1,-1,-1,-1
441,23,482.06,239.93,37.42,99.61,1,-1,-1,-1
441,28,-68.38,141.16,121.13,437.30,1,-1,-1,-1
441,29,190.42,171.82,28.92,76.69,1,-1,-1,-1
442,1,132.31,148.12,47.70,128.36,1,-1,-1,-1
442,15,701.16,88.83,134.64,417.11,1,-1,-1,-1
442,23,485.55,241.26,37.42,99.61,1,-1,-1,-1
442,28,-114.95,151.67,121.13,437.30,1,-1,-1,-1
442,29,186.05,170.98,28.92,76.69,1,-1,-1,-1
443,1,129.16,147.56,47.70,128.36,1,-1,-1,-1
443,15,705.26,89.65,134.64,417.11,1,-1,-1,-1
443,23,489.04,242.60,37.42,99.61,1,-1,-1,-1
443,28,-161.53,162.18,121.13,437.30,1,-1,-1,-1
443,29,181.69,170.15,28.92,76.69,1,-1,-1,-1
444,1,129.54,149.33,47.36,128.61,1,-1,-1,-1
444,15,709.37,90.47,134.64,417.11,1,-1,-1,-1
444,23,492.53,243.93,37.42,99.61,1,-1,-1,-1
444,28,-208.11,172.69,121.13,437.30,1,-1,-1,-1
444,29,177.33,169.31,28.92,76.69,1,-1,-1,-1
444,30,4.70,16.90,144.00,464.10,1,-1,-1,-1
445,1,130.83,151.39,47.04,126.65,1,-1,-1,-1
445,15,713.47,91.29,134.64,417.11,1,-1,-1,-1
445,23,496.02,245.27,37.42,99.61,1,-1,-1,-1
445,28,-254.68,183.20,121.13,437.30,1,-1,-1,-1
445,29,172.96,168.47,28.92,76.69,1,-1,-1,-1
445,30,4.70,16.90,144.00,464.10,1,-1,-1,-1
445,31,570.80,76.00,70.20,312.00,1,-1,-1,-1
446,1,132.44,153.23,46.73,124.45,1,-1,-1,-1
446,15,717.58,92.11,134.64,417.11,1,-1,-1,-1
446,23,499.51,246.61,37.42,99.61,1,-1,-1,-1
446,28,-301.26,193.71,121.13,437.30,1,-1,-1,-1
446,29,168.60,167.64,28.92,76.69,1,-1,-1,-1
446,30,4.70,16.90,144.00,464.10,1,-1,-1,-1
446,31,567.91,72.32,70.72,315.70,1,-1,-1,-1
447,1,130.00,153.09,46.73,124.45,1,-1,-1,-1
447,15,721.69,92.93,134.64,417.11,1,-1,-1,-1
447,23,503.00,247.94,37.42,99.61,1,-1,-1,-1
447,28,-347.84,204.22,121.13,437.30,1,-1,-1,-1
447,29,151.89,162.84,31.90,85.90,1,-1,-1,-1
447,30,2.70,30.29,132.32,461.33,1,-1,-1,-1
447,31,571.88,67.40,69.82,317.93,1,-1,-1,-1
447,32,345.10,143.40,65.70,176.30,1,-1,-1,-1
448,1,127.56,152.94,46.73,124.45,1,-1,-1,-1
448,15,725.79,93.75,134.64,417.11,1,-1,-1,-1
448,23,506.49,249.28,37.42,99.61,1,-1,-1,-1
448,28,-394.41,214.73,121.13,437.30,1,-1,-1,-1
448,29,146.82,159.61,34.01,91.99,1,-1,-1,-1
448,30,1.75,33.43,124.93,458.93,1,-1,-1,-1
448,31,560.88,74.53,72.18,315.94,1,-1,-1,-1
448,32,346.19,141.71,65.29,177.04,1,-1,-1,-1
449,1,118.72,153.70,46.18,124.36,1,-1,-1,-1
449,15,729.90,94.57,134.64,417.11,1,-1,-1,-1
449,23,509.98,250.62,37.42,99.61,1,-1,-1,-1
449,28,-440.99,225.24,121.13,437.30,1,-1,-1,-1
449,29,145.03,158.76,35.49,96.73,1,-1,-1,-1
449,30,1.01,34.90,120.07,457.17,1,-1,-1,-1
449,31,560.13,75.60,73.04,314.82,1,-1,-1,-1
449,32,348.59,139.36,64.84,178.65,1,-1,-1,-1
450,1,115.00,154.67,46.16,123.60,1,-1,-1,-1
450,23,513.47,251.95,37.42,99.61,1,-1,-1,-1
450,28,-487.57,235.75,121.13,437.30,1,-1,-1,-1
450,29,146.16,157.62,36.55,100.58,1,-1,-1,-1
450,30,0.59,39.49,118.22,454.47,1,-1,-1,-1
450,31,519.41,77.91,79.19,315.30,1,-1,-1,-1
450,32,354.29,135.79,64.52,179.71,1,-1,-1,-1
451,1,114.36,155.69,45.68,123.05,1,-1,-1,-1
451,23,516.96,253.29,37.42,99.61,1,-1,-1,-1
451,28,-534.14,246.26,121.13,437.30,1,-1,-1,-1
451,29,141.57,156.40,36.55,100.58,1,-1,-1,-1
451,30,0.34,39.08,118.40,453.53,1,-1,-1,-1
451,31,493.73,79.78,86.23,315.61,1,-1,-1,-1
451,32,358.39,135.16,64.66,180.77,1,-1,-1,-1
452,1,111.62,155.72,45.68,123.05,1,-1,-1,-1
452,23,520.45,254.62,37.42,99.61,1,-1,-1,-1
452,28,-580.72,256.77,121.13,437.30,1,-1,-1,-1
452,29,135.54,156.59,37.86,102.84,1,-1,-1,-1
452,30,0.19,30.03,121.22,456.33,1,-1,-1,-1
452,31,478.06,82.19,92.58,316.24,1,-1,-1,-1
452,32,362.59,136.46,64.77,181.02,1,-1,-1,-1
453,1,108.89,155.74,45.68,123.05,1,-1,-1,-1
453,23,523.94,255.96,37.42,99.61,1,-1,-1,-1
453,28,-627.30,267.28,121.13,437.30,1,-1,-1,-1
453,29,133.30,155.18,38.58,105.95,1,-1,-1,-1
453,30,0.09,21.29,126.68,459.70,1,-1,-1,-1
453,31,467.92,82.16,99.35,318.08,1,-1,-1,-1
453,32,366.55,136.78,65.02,181.42,1,-1,-1,-1
454,1,106.15,155.77,45.68,123.05,1,-1,-1,-1
454,23,527.43,257.30,37.42,99.61,1,-1,-1,-1
454,28,-673.87,277.79,121.13,437.30,1,-1,-1,-1
454,29,128.76,154.03,38.58,105.95,1,-1,-1,-1
454,30,0.04,18.38,132.63,461.00,1,-1,-1,-1
454,31,463.04,83.14,103.95,319.77,1,-1,-1,-1
454,32,371.23,139.04,65.62,182.22,1,-1,-1,-1
455,1,103.42,155.80,45.68,123.05,1,-1,-1,-1
455,28,-720.45,288.30,121.13,437.30,1,-1,-1,-1
455,29,124.23,152.88,38.58,105.95,1,-1,-1,-1
455,30,0.02,15.65,140.39,462.38,1,-1,-1,-1
455,31,459.47,83.45,107.64,320.57,1,-1,-1,-1
455,32,376.33,139.20,65.60,182.99,1,-1,-1,-1
456,1,100.68,155.83,45.68,123.05,1,-1,-1,-1
456,28,-767.03,298.81,121.13,437.30,1,-1,-1,-1
456,29,119.69,151.74,38.58,105.95,1,-1,-1,-1
456,30,0.01,11.43,147.12,464.63,1,-1,-1,-1
456,31,458.17,82.83,110.88,322.36,1,-1,-1,-1
456,32,380.34,139.23,65.99,183.99,1,-1,-1,-1
457,1,97.95,155.85,45.68,123.05,1,-1,-1,-1
457,28,-813.60,309.32,121.13,437.30,1,-1,-1,-1
457,29,115.16,150.59,38.58,105.95,1,-1,-1,-1
457,30,0.02,9.82,154.34,465.73,1,-1,-1,-1
457,31,456.89,83.50,113.79,323.66,1,-1,-1,-1
457,32,384.44,138.94,66.44,184.87,1,-1,-1,-1
458,1,95.21,155.88,45.68,123.05,1,-1,-1,-1
458,28,-860.18,319.83,121.13,437.30,1,-1,-1,-1
458,29,110.62,149.44,38.58,105.95,1,-1,-1,-1
458,30,0.68,10.06,161.50,465.92,1,-1,-1,-1
458,31,456.99,84.08,116.48,324.37,1,-1,-1,-1
458,32,389.24,137.90,66.21,185.84,1,-1,-1,-1
459,1,92.48,155.91,45.68,123.05,1,-1,-1,-1
459,28,-906.76,330.34,121.13,437.30,1,-1,-1,-1
459,29,106.09,148.29,38.58,105.95,1,-1,-1,-1
459,30,3.15,8.64,168.18,466.97,1,-1,-1,-1
459,31,459.43,86.28,117.60,324.68,1,-1,-1,-1
459,32,395.29,138.48,65.89,186.35,1,-1,-1,-1
460,1,89.74,155.93,45.68,123.05,1,-1,-1,-1
460,28,-953.33,340.85,121.13,437.30,1,-1,-1,-1
460,29,101.55,147.15,38.58,105.95,1,-1,-1,-1
460,30,6.78,6.67,173.38,468.36,1,-1,-1,-1
460,31,462.59,87.01,118.30,325.76,1,-1,-1,-1
460,32,400.93,139.26,65.14,186.88,1,-1,-1,-1
461,1,87.01,155.96,45.68,123.05,1,-1,-1,-1
461,28,-999.91,351.35,121.13,437.30,1,-1,-1,-1
461,29,97.01,146.00,38.58,105.95,1,-1,-1,-1
461,30,10.98,4.51,178.55,469.91,1,-1,-1,-1
461,31,466.68,86.25,118.33,327.43,1,-1,-1,-1
461,32,406.71,139.82,64.22,187.82,1,-1,-1,-1
462,1,84.27,155.99,45.68,123.05,1,-1,-1,-1
462,28,-1046.49,361.86,121.13,437.30,1,-1,-1,-1
462,29,92.48,144.85,38.58,105.95,1,-1,-1,-1
462,30,14.75,2.81,182.64,471.25,1,-1,-1,-1
462,31,469.36,85.56,117.97,328.45,1,-1,-1,-1
462,32,410.96,140.56,63.85,188.60,1,-1,-1,-1
463,1,81.54,156.02,45.68,123.05,1,-1,-1,-1
463,28,-1093.06,372.37,121.13,437.30,1,-1,-1,-1
463,29,87.94,143.70,38.58,105.95,1,-1,-1,-1
463,30,19.04,3.35,185.30,471.29,1,-1,-1,-1
463,31,472.11,87.04,116.78,329.38,1,-1,-1,-1
463,32,414.60,141.42,62.95,189.50,1,-1,-1,-1
464,1,78.81,156.04,45.68,123.05,1,-1,-1,-1
464,28,-1139.64,382.88,121.13,437.30,1,-1,-1,-1
464,29,83.41,142.56,38.58,105.95,1,-1,-1,-1
464,30,21.44,3.55,188.31,471.51,1,-1,-1,-1
464,31,472.18,88.28,116.86,330.13,1,-1,-1,-1
464,32,416.72,141.33,62.47,190.64,1,-1,-1,-1
465,1,76.07,156.07,45.68,123.05,1,-1,-1,-1
465,28,-1186.22,393.39,121.13,437.30,1,-1,-1,-1
465,29,78.87,141.41,38.58,105.95,1,-1,-1,-1
465,30,22.72,2.60,191.63,472.40,1,-1,-1,-1
465,31,470.64,89.33,117.37,331.03,1,-1,-1,-1
465,32,418.32,140.48,61.77,191.56,1,-1,-1,-1
466,1,73.34,156.10,45.68,123.05,1,-1,-1,-1
466,28,-1232.79,403.90,121.13,437.30,1,-1,-1,-1
466,29,74.33,140.26,38.58,105.95,1,-1,-1,-1
466,30,23.73,1.64,194.99,473.31,1,-1,-1,-1
466,31,468.13,90.19,117.57,331.02,1,-1,-1,-1
466,32,419.82,139.67,60.65,192.26,1,-1,-1,-1
467,1,70.60,156.13,45.68,123.05,1,-1,-1,-1
467,28,-1279.37,414.41,121.13,437.30,1,-1,-1,-1
467,29,69.80,139.11,38.58,105.95,1,-1,-1,-1
467,30,26.12,1.40,197.86,473.77,1,-1,-1,-1
467,31,464.80,90.66,117.67,329.70,1,-1,-1,-1
467,32,421.14,139.44,59.43,192.68,1,-1,-1,-1
468,1,67.87,156.15,45.68,123.05,1,-1,-1,-1
468,28,-1325.95,424.92,121.13,437.30,1,-1,-1,-1
468,29,65.26,137.96,38.58,105.95,1,-1,-1,-1
468,30,27.19,0.59,201.28,474.60,1,-1,-1,-1
468,31,459.34,90.41,118.94,329.25,1,-1,-1,-1
468,32,421.37,138.83,58.74,193.82,1,-1,-1,-1
469,1,65.13,156.18,45.68,123.05,1,-1,-1,-1
469,28,-1372.52,435.43,121.13,437.30,1,-1,-1,-1
469,29,60.73,136.82,38.58,105.95,1,-1,-1,-1
469,30,28.28,-0.06,203.42,475.31,1,-1,-1,-1
469,31,454.19,90.05,119.35,328.92,1,-1,-1,-1
469,32,421.10,136.72,58.25,195.49,1,-1,-1,-1
470,1,62.40,156.21,45.68,123.05,1,-1,-1,-1
470,28,-1419.10,445.94,121.13,437.30,1,-1,-1,-1
470,29,56.19,135.67,38.58,105.95,1,-1,-1,-1
470,30,28.84,-0.56,206.94,475.93,1,-1,-1,-1
470,31,449.77,90.48,119.11,328.53,1,-1,-1,-1
470,32,421.43,136.74,57.81,195.58,1,-1,-1,-1
471,1,59.66,156.23,45.68,123.05,1,-1,-1,-1
471,28,-1465.68,456.45,121.13,437.30,1,-1,-1,-1
471,29,51.66,134.52,38.58,105.95,1,-1,-1,-1
471,30,30.03,-0.93,210.14,476.46,1,-1,-1,-1
471,31,446.38,90.75,118.61,328.29,1,-1,-1,-1
471,32,422.34,136.79,57.66,194.98,1,-1,-1,-1
472,1,56.93,156.26,45.68,123.05,1,-1,-1,-1
472,28,-1512.25,466.96,121.13,437.30,1,-1,-1,-1
472,29,47.12,133.37,38.58,105.95,1,-1,-1,-1
472,30,32.34,-1.21,212.19,476.93,1,-1,-1,-1
472,31,443.69,89.88,118.07,328.55,1,-1,-1,-1
472,32,425.19,136.55,57.66,194.98,1,-1,-1,-1
473,1,54.19,156.29,45.68,123.05,1,-1,-1,-1
473,28,-1558.83,477.47,121.13,437.30,1,-1,-1,-1
473,29,42.58,132.23,38.58,105.95,1,-1,-1,-1
473,30,35.20,-1.41,214.90,477.33,1,-1,-1,-1
473,31,440.85,88.47,118.08,328.72,1,-1,-1,-1
473,32,428.03,136.31,57.66,194.98,1,-1,-1,-1
474,1,51.46,156.32,45.68,123.05,1,-1,-1,-1
474,28,-1605.41,487.98,121.13,437.30,1,-1,-1,-1
474,29,38.05,131.08,38.58,105.95,1,-1,-1,-1
474,30,39.17,-1.53,217.21,477.69,1,-1,-1,-1
474,31,438.83,86.85,116.53,327.68,1,-1,-1,-1
474,32,424.76,134.80,58.50,194.58,1,-1,-1,-1
475,1,48.72,156.34,45.68,123.05,1,-1,-1,-1
475,28,-1651.98,498.49,121.13,437.30,1,-1,-1,-1
475,29,33.51,129.93,38.58,105.95,1,-1,-1,-1
475,30,43.73,-1.06,219.37,477.64,1,-1,-1,-1
475,31,438.01,84.47,114.91,328.46,1,-1,-1,-1
475,32,427.21,134.48,58.50,194.58,1,-1,-1,-1
476,1,45.99,156.37,45.68,123.05,1,-1,-1,-1
476,29,28.98,128.78,38.58,105.95,1,-1,-1,-1
476,30,48.79,-1.17,220.48,477.95,1,-1,-1,-1
476,31,438.67,83.39,112.97,328.67,1,-1,-1,-1
476,32,429.67,134.16,58.50,194.58,1,-1,-1,-1
477,1,43.25,156.40,45.68,123.05,1,-1,-1,-1
477,29,24.44,127.64,38.58,105.95,1,-1,-1,-1
477,30,54.18,-1.22,220.52,478.22,1,-1,-1,-1
477,31,439.38,83.08,110.89,329.68,1,-1,-1,-1
477,32,432.12,133.83,58.50,194.58,1,-1,-1,-1
478,1,40.52,156.42,45.68,123.05,1,-1,-1,-1
478,29,19.91,126.49,38.58,105.95,1,-1,-1,-1
478,30,57.22,-1.24,222.18,478.45,1,-1,-1,-1
478,31,438.52,82.76,110.44,330.16,1,-1,-1,-1
478,32,434.57,133.51,58.50,194.58,1,-1,-1,-1
479,1,37.78,156.45,45.68,123.05,1,-1,-1,-1
479,29,15.37,125.34,38.58,105.95,1,-1,-1,-1
479,30,57.31,-1.22,225.53,478.66,1,-1,-1,-1
479,31,437.60,84.14,109.91,328.75,1,-1,-1,-1
479,32,437.02,133.19,58.50,194.58,1,-1,-1,-1
480,1,35.05,156.48,45.68,123.05,1,-1,-1,-1
480,29,10.83,124.19,38.58,105.95,1,-1,-1,-1
480,30,58.54,-1.18,227.74,478.83,1,-1,-1,-1
480,31,435.33,84.94,110.30,328.72,1,-1,-1,-1
480,32,439.47,132.86,58.50,194.58,1,-1,-1,-1
481,1,32.32,156.51,45.68,123.05,1,-1,-1,-1
481,29,6.30,123.05,38.58,105.95,1,-1,-1,-1
481,30,56.88,-1.13,231.95,478.99,1,-1,-1,-1
481,31,431.67,84.91,110.83,328.52,1,-1,-1,-1
481,32,441.93,132.54,58.50,194.58,1,-1,-1,-1
482,1,29.58,156.53,45.68,123.05,1,-1,-1,-1
482,29,1.76,121.90,38.58,105.95,1,-1,-1,-1
482,30,54.93,-1.05,235.53,479.12,1,-1,-1,-1
482,31,427.14,84.92,111.34,328.01,1,-1,-1,-1
482,32,444.38,132.22,58.50,194.58,1,-1,-1,-1
483,1,26.85,156.56,45.68,123.05,1,-1,-1,-1
483,29,-2.77,120.75,38.58,105.95,1,-1,-1,-1
483,30,53.66,-0.73,236.80,479.08,1,-1,-1,-1
483,31,421.77,85.42,112.19,328.95,1,-1,-1,-1
483,32,446.83,131.89,58.50,194.58,1,-1,-1,-1
484,1,24.11,156.59,45.68,123.05,1,-1,-1,-1
484,30,47.72,-0.57,242.38,479.13,1,-1,-1,-1
484,31,415.76,87.57,112.69,328.72,1,-1,-1,-1
484,32,449.28,131.57,58.50,194.58,1,-1,-1,-1
485,1,21.38,156.61,45.68,123.05,1,-1,-1,-1
485,30,44.29,0.15,246.12,478.80,1,-1,-1,-1
485,31,409.61,88.42,113.22,329.93,1,-1,-1,-1
485,32,451.73,131.25,58.50,194.58,1,-1,-1,-1
486,1,18.64,156.64,45.68,123.05,1,-1,-1,-1
486,30,38.84,0.12,250.86,478.96,1,-1,-1,-1
486,31,404.37,89.95,112.64,329.52,1,-1,-1,-1
486,32,454.19,130.93,58.50,194.58,1,-1,-1,-1
487,1,15.91,156.67,45.68,123.05,1,-1,-1,-1
487,30,35.08,0.79,253.49,478.63,1,-1,-1,-1
487,31,398.87,91.50,111.92,328.96,1,-1,-1,-1
487,32,456.64,130.60,58.50,194.58,1,-1,-1,-1
488,1,13.17,156.70,45.68,123.05,1,-1,-1,-1
488,30,31.84,1.04,256.93,478.58,1,-1,-1,-1
488,31,393.72,92.26,110.97,329.44,1,-1,-1,-1
488,32,459.09,130.28,58.50,194.58,1,-1,-1,-1
489,1,10.44,156.72,45.68,123.05,1,-1,-1,-1
489,30,28.54,0.95,260.68,478.74,1,-1,-1,-1
489,31,388.56,93.53,110.25,328.83,1,-1,-1,-1
489,32,468.63,102.42,77.62,239.89,1,-1,-1,-1
490,1,7.70,156.75,45.68,123.05,1,-1,-1,-1
490,30,23.16,0.84,264.22,478.90,1,-1,-1,-1
490,31,384.26,94.16,109.29,329.26,1,-1,-1,-1
490,32,468.20,97.71,90.13,263.56,1,-1,-1,-1
491,1,4.97,156.78,45.68,123.05,1,-1,-1,-1
491,30,18.64,0.75,267.59,479.05,1,-1,-1,-1
491,31,380.12,95.58,108.28,329.86,1,-1,-1,-1
491,32,468.10,96.43,95.07,276.52,1,-1,-1,-1
492,1,2.23,156.81,45.68,123.05,1,-1,-1,-1
492,30,14.43,0.69,269.55,479.17,1,-1,-1,-1
492,31,376.92,96.57,107.64,329.31,1,-1,-1,-1
492,32,468.88,94.43,96.86,286.24,1,-1,-1,-1
493,1,-0.50,156.83,45.68,123.05,1,-1,-1,-1
493,30,10.83,1.15,272.62,478.94,1,-1,-1,-1
493,31,374.39,96.69,106.92,329.01,1,-1,-1,-1
493,32,470.71,92.46,97.31,293.36,1,-1,-1,-1
494,1,-3.24,156.86,45.68,123.05,1,-1,-1,-1
494,30,7.81,1.58,274.34,478.72,1,-1,-1,-1
494,31,371.02,98.25,107.62,328.24,1,-1,-1,-1
494,32,472.73,91.81,96.75,297.64,1,-1,-1,-1
495,30,5.31,1.41,275.94,478.89,1,-1,-1,-1
495,31,368.26,97.89,107.50,328.27,1,-1,-1,-1
495,32,472.93,90.35,98.08,302.79,1,-1,-1,-1
496,30,3.24,1.27,276.83,479.04,1,-1,-1,-1
496,31,366.94,97.04,107.17,329.38,1,-1,-1,-1
496,32,473.14,88.75,99.61,308.45,1,-1,-1,-1
497,30,1.55,1.49,278.05,478.94,1,-1,-1,-1
497,31,366.32,97.00,106.89,330.45,1,-1,-1,-1
497,32,474.38,85.79,99.56,314.70,1,-1,-1,-1
498,30,0.19,1.72,279.14,478.83,1,-1,-1,-1
498,31,366.23,96.74,106.58,331.57,1,-1,-1,-1
498,32,474.80,84.58,99.93,318.23,1,-1,-1,-1
499,30,-0.89,2.14,281.20,478.59,1,-1,-1,-1
499,31,365.83,96.59,106.92,331.66,1,-1,-1,-1
499,32,475.39,84.15,100.66,319.63,1,-1,-1,-1
500,30,-1.74,2.38,284.56,478.46,1,-1,-1,-1
500,31,366.96,95.31,106.20,331.91,1,-1,-1,-1
500,32,475.18,82.57,102.39,322.24,1,-1,-1,-1
501,30,-2.38,2.12,287.76,478.66,1,-1,-1,-1
501,31,368.33,94.34,106.95,331.93,1,-1,-1,-1
501,32,475.14,81.09,104.58,324.89,1,-1,-1,-1
502,30,0.64,2.42,289.07,478.48,1,-1,-1,-1
502,31,370.50,93.17,106.63,332.41,1,-1,-1,-1
502,32,475.85,80.76,106.94,327.38,1,-1,-1,-1
503,30,2.10,2.15,291.22,478.68,1,-1,-1,-1
503,31,372.65,92.42,106.67,332.74,1,-1,-1,-1
503,32,476.83,79.98,109.47,328.62,1,-1,-1,-1
504,30,5.21,3.29,293.72,477.93,1,-1,-1,-1
504,31,374.76,92.29,106.85,331.74,1,-1,-1,-1
504,32,478.63,79.03,111.01,330.07,1,-1,-1,-1
505,30,9.79,2.89,294.57,478.21,1,-1,-1,-1
505,31,376.29,90.95,107.28,331.92,1,-1,-1,-1
505,32,480.61,76.91,111.89,331.83,1,-1,-1,-1
506,30,14.78,2.55,295.62,478.44,1,-1,-1,-1
506,31,376.70,89.21,107.86,331.69,1,-1,-1,-1
506,32,481.81,76.23,112.81,331.19,1,-1,-1,-1
507,30,21.04,2.25,295.81,478.65,1,-1,-1,-1
507,31,376.66,88.09,108.35,331.76,1,-1,-1,-1
507,32,483.12,75.69,112.70,332.30,1,-1,-1,-1
508,30,28.63,2.00,295.50,478.83,1,-1,-1,-1
508,31,376.47,87.94,109.44,330.95,1,-1,-1,-1
508,32,484.99,73.56,112.29,334.40,1,-1,-1,-1
509,30,38.59,1.78,292.89,478.98,1,-1,-1,-1
509,31,375.50,86.21,110.86,331.36,1,-1,-1,-1
509,32,486.50,73.23,113.15,334.95,1,-1,-1,-1
510,30,48.72,2.86,292.97,478.27,1,-1,-1,-1
510,31,375.29,85.85,111.77,332.42,1,-1,-1,-1
510,32,487.67,73.37,113.75,336.34,1,-1,-1,-1
511,30,58.75,4.59,294.55,477.12,1,-1,-1,-1
511,31,376.74,84.00,111.13,335.13,1,-1,-1,-1
511,32,489.54,74.03,114.11,336.39,1,-1,-1,-1
512,30,70.02,4.00,294.90,477.50,1,-1,-1,-1
512,31,378.77,84.88,110.30,334.79,1,-1,-1,-1
512,32,492.84,73.65,114.03,337.33,1,-1,-1,-1
513,30,88.30,3.92,294.20,477.54,1,-1,-1,-1
513,31,383.19,86.13,108.11,331.36,1,-1,-1,-1
513,32,495.35,75.05,114.19,337.32,1,-1,-1,-1
513,33,11.30,111.50,88.20,251.50,1,-1,-1,-1
513,34,82.10,60.40,107.40,369.40,1,-1,-1,-1
514,30,107.30,4.00,291.98,477.47,1,-1,-1,-1
514,31,386.74,87.49,106.57,327.14,1,-1,-1,-1
514,32,497.04,75.20,115.02,337.73,1,-1,-1,-1
514,33,10.21,116.08,86.50,249.70,1,-1,-1,-1
514,34,79.81,54.83,109.13,369.96,1,-1,-1,-1
515,30,125.80,3.72,290.71,477.64,1,-1,-1,-1
515,31,386.61,87.36,106.57,327.14,1,-1,-1,-1
515,32,497.83,76.61,116.66,337.45,1,-1,-1,-1
515,33,5.63,113.74,83.88,250.50,1,-1,-1,-1
515,34,89.71,72.65,109.71,362.32,1,-1,-1,-1
516,30,147.26,3.43,290.05,477.82,1,-1,-1,-1
516,31,386.48,87.22,106.57,327.14,1,-1,-1,-1
516,32,498.57,77.11,117.86,338.52,1,-1,-1,-1
516,33,3.70,106.30,80.96,252.81,1,-1,-1,-1
516,34,96.51,79.11,110.35,356.32,1,-1,-1,-1
517,30,167.08,2.98,292.37,478.11,1,-1,-1,-1
517,31,386.34,87.09,106.57,327.14,1,-1,-1,-1
517,32,498.83,79.40,119.93,339.17,1,-1,-1,-1
517,33,1.67,97.56,77.41,256.29,1,-1,-1,-1
517,34,103.83,89.34,111.34,349.55,1,-1,-1,-1
518,30,174.10,8.02,271.30,474.73,1,-1,-1,-1
518,31,343.39,61.06,141.49,353.85,1,-1,-1,-1
518,32,504.69,77.18,118.19,343.31,1,-1,-1,-1
518,33,-0.74,93.65,77.41,256.29,1,-1,-1,-1
518,34,112.43,94.34,112.21,343.49,1,-1,-1,-1
519,30,178.83,12.48,257.03,471.14,1,-1,-1,-1
519,31,317.13,44.51,172.48,374.01,1,-1,-1,-1
519,32,506.48,76.64,118.19,343.31,1,-1,-1,-1
519,33,-3.15,89.75,77.41,256.29,1,-1,-1,-1
519,34,118.77,101.36,112.21,343.49,1,-1,-1,-1
520,30,183.17,14.70,244.47,469.64,1,-1,-1,-1
520,31,304.16,32.04,194.85,390.36,1,-1,-1,-1
520,32,508.28,76.10,118.19,343.31,1,-1,-1,-1
520,33,-5.57,85.84,77.41,256.29,1,-1,-1,-1
520,34,125.11,108.38,112.21,343.49,1,-1,-1,-1
521,30,187.97,15.48,233.27,469.05,1,-1,-1,-1
521,31,302.91,22.49,208.83,403.69,1,-1,-1,-1
521,32,510.08,75.55,118.19,343.31,1,-1,-1,-1
521,33,-7.98,81.94,77.41,256.29,1,-1,-1,-1
521,34,131.45,115.39,112.21,343.49,1,-1,-1,-1
522,30,192.17,15.64,224.10,468.86,1,-1,-1,-1
522,31,306.13,15.04,220.89,414.68,1,-1,-1,-1
522,32,511.87,75.01,118.19,343.31,1,-1,-1,-1
522,33,-10.40,78.03,77.41,256.29,1,-1,-1,-1
522,34,137.79,122.41,112.21,343.49,1,-1,-1,-1
523,30,194.32,16.32,217.50,467.81,1,-1,-1,-1
523,31,312.26,9.13,230.76,423.86,1,-1,-1,-1
523,32,513.67,74.47,118.19,343.31,1,-1,-1,-1
523,33,-12.81,74.12,77.41,256.29,1,-1,-1,-1
523,34,144.14,129.43,112.21,343.49,1,-1,-1,-1
524,30,197.03,14.65,210.91,468.39,1,-1,-1,-1
524,31,321.78,4.32,236.14,431.65,1,-1,-1,-1
524,32,515.46,73.93,118.19,343.31,1,-1,-1,-1
524,33,-15.22,70.22,77.41,256.29,1,-1,-1,-1
524,34,150.48,136.44,112.21,343.49,1,-1,-1,-1
525,30,201.66,14.09,204.26,468.77,1,-1,-1,-1
525,31,334.37,0.45,237.62,438.27,1,-1,-1,-1
525,32,517.26,73.38,118.19,343.31,1,-1,-1,-1
525,33,-17.64,66.31,77.41,256.29,1,-1,-1,-1
525,34,156.82,143.46,112.21,343.49,1,-1,-1,-1
526,30,206.67,15.60,199.02,467.39,1,-1,-1,-1
526,31,348.66,-2.63,236.44,443.94,1,-1,-1,-1
526,32,519.05,72.84,118.19,343.31,1,-1,-1,-1
526,33,-20.05,62.41,77.41,256.29,1,-1,-1,-1
526,34,163.16,150.48,112.21,343.49,1,-1,-1,-1
527,30,209.62,15.74,195.75,466.76,1,-1,-1,-1
527,31,362.60,-5.06,234.20,448.80,1,-1,-1,-1
527,32,520.85,72.30,118.19,343.31,1,-1,-1,-1
527,33,-22.46,58.50,77.41,256.29,1,-1,-1,-1
527,34,169.50,157.49,112.21,343.49,1,-1,-1,-1
528,30,214.39,17.77,190.83,464.84,1,-1,-1,-1
528,31,366.42,14.87,214.25,432.01,1,-1,-1,-1
528,32,479.37,35.96,139.54,377.36,1,-1,-1,-1
528,33,-24.88,54.60,77.41,256.29,1,-1,-1,-1
528,34,175.84,164.51,112.21,343.49,1,-1,-1,-1
529,30,218.39,19.91,186.62,463.52,1,-1,-1,-1
529,31,370.22,30.85,198.63,420.70,1,-1,-1,-1
529,32,473.06,21.58,147.70,399.13,1,-1,-1,-1
529,33,-27.29,50.69,77.41,256.29,1,-1,-1,-1
529,34,182.19,171.53,112.21,343.49,1,-1,-1,-1
530,30,220.98,21.78,184.16,462.32,1,-1,-1,-1
530,31,373.24,46.71,185.72,407.96,1,-1,-1,-1
530,32,474.56,13.38,150.24,414.31,1,-1,-1,-1
530,33,-29.71,46.78,77.41,256.29,1,-1,-1,-1
530,34,168.35,112.33,107.42,329.04,1,-1,-1,-1
531,30,223.62,22.56,181.72,461.80,1,-1,-1,-1
531,31,375.53,58.25,173.88,398.14,1,-1,-1,-1
531,32,477.30,7.90,150.92,425.51,1,-1,-1,-1
531,33,-32.12,42.88,77.41,256.29,1,-1,-1,-1
531,34,173.40,115.10,107.42,329.04,1,-1,-1,-1
532,30,225.05,23.48,179.61,461.16,1,-1,-1,-1
532,31,375.60,68.61,164.05,387.14,1,-1,-1,-1
532,32,481.46,3.66,149.94,434.31,1,-1,-1,-1
532,33,-34.53,38.97,77.41,256.29,1,-1,-1,-1
532,34,178.45,117.88,107.42,329.04,1,-1,-1,-1
533,30,225.33,22.93,176.84,461.46,1,-1,-1,-1
533,31,374.53,76.04,155.92,377.85,1,-1,-1,-1
533,32,482.56,0.39,150.54,441.32,1,-1,-1,-1
533,33,-36.95,35.07,77.41,256.29,1,-1,-1,-1
533,34,183.50,120.65,107.42,329.04,1,-1,-1,-1
534,30,230.14,23.62,176.84,461.46,1,-1,-1,-1
534,31,389.51,80.30,146.91,371.73,1,-1,-1,-1
534,32,486.18,-2.18,149.13,447.04,1,-1,-1,-1
534,33,-39.36,31.16,77.41,256.29,1,-1,-1,-1
534,34,187.07,64.60,122.61,362.17,1,-1,-1,-1
534,35,145.70,166.80,30.80,122.90,1,-1,-1,-1
535,30,258.42,41.23,167.80,440.77,1,-1,-1,-1
535,31,402.66,81.87,140.23,370.13,1,-1,-1,-1
535,32,489.42,-2.28,147.75,450.44,1,-1,-1,-1
535,33,-41.77,27.26,77.41,256.29,1,-1,-1,-1
535,34,186.80,45.19,133.51,384.46,1,-1,-1,-1
535,35,145.70,166.80,30.80,122.90,1,-1,-1,-1
536,30,278.93,55.13,161.35,423.75,1,-1,-1,-1
536,31,411.43,85.04,136.01,366.68,1,-1,-1,-1
536,32,495.42,-3.96,144.28,454.46,1,-1,-1,-1
536,33,-44.19,23.35,77.41,256.29,1,-1,-1,-1
536,34,186.76,35.65,141.10,399.56,1,-1,-1,-1
536,35,128.52,158.01,32.89,125.13,1,-1,-1,-1
537,30,295.43,65.59,154.80,409.63,1,-1,-1,-1
537,31,419.68,84.95,131.72,366.42,1,-1,-1,-1
537,32,498.08,-0.17,142.66,454.35,1,-1,-1,-1
537,33,-46.60,19.44,77.41,256.29,1,-1,-1,-1
537,34,188.07,25.76,145.76,413.05,1,-1,-1,-1
537,35,124.39,148.78,34.76,129.17,1,-1,-1,-1
538,30,308.96,74.13,148.33,398.44,1,-1,-1,-1
538,31,426.19,86.49,128.26,363.96,1,-1,-1,-1
538,32,498.58,5.20,140.71,452.86,1,-1,-1,-1
538,33,-49.02,15.54,77.41,256.29,1,-1,-1,-1
538,34,188.34,17.85,150.74,424.04,1,-1,-1,-1
538,35,121.07,144.35,37.16,131.68,1,-1,-1,-1
539,30,321.39,79.95,142.45,388.59,1,-1,-1,-1
539,31,432.60,87.57,125.59,360.82,1,-1,-1,-1
539,32,499.31,3.03,140.71,452.86,1,-1,-1,-1
539,33,-51.43,11.63,77.41,256.29,1,-1,-1,-1
539,34,191.67,11.91,154.44,432.75,1,-1,-1,-1
539,35,118.83,140.52,39.54,134.01,1,-1,-1,-1
540,30,332.95,84.64,136.52,381.11,1,-1,-1,-1
540,31,438.41,88.23,124.04,357.56,1,-1,-1,-1
540,32,500.04,0.85,140.71,452.86,1,-1,-1,-1
540,33,-53.84,7.73,77.41,256.29,1,-1,-1,-1
540,34,195.91,7.29,156.39,439.80,1,-1,-1,-1
540,35,117.52,138.88,41.59,136.01,1,-1,-1,-1
541,30,344.05,88.34,130.74,373.84,1,-1,-1,-1
541,31,444.29,87.32,122.83,356.07,1,-1,-1,-1
541,32,500.77,-1.32,140.71,452.86,1,-1,-1,-1
541,33,-56.26,3.82,77.41,256.29,1,-1,-1,-1
541,34,202.18,4.09,157.90,445.31,1,-1,-1,-1
541,35,117.80,136.90,43.79,139.08,1,-1,-1,-1
542,30,353.98,88.95,126.03,371.63,1,-1,-1,-1
542,31,447.41,86.50,124.09,355.33,1,-1,-1,-1
542,32,501.50,-3.50,140.71,452.86,1,-1,-1,-1
542,33,-58.67,-0.09,77.41,256.29,1,-1,-1,-1
542,34,208.12,1.47,159.78,449.96,1,-1,-1,-1
542,35,115.98,135.36,46.45,142.40,1,-1,-1,-1
543,30,363.77,91.16,120.93,366.91,1,-1,-1,-1
543,31,450.82,86.52,125.64,355.27,1,-1,-1,-1
543,32,502.23,-5.67,140.71,452.86,1,-1,-1,-1
543,33,-61.09,-3.99,77.41,256.29,1,-1,-1,-1
543,34,214.60,0.61,161.12,453.05,1,-1,-1,-1
543,35,113.25,134.76,49.96,145.53,1,-1,-1,-1
544,30,371.16,91.91,116.89,363.97,1,-1,-1,-1
544,31,454.11,85.99,127.78,356.04,1,-1,-1,-1
544,32,502.96,-7.85,140.71,452.86,1,-1,-1,-1
544,33,-63.50,-7.90,77.41,256.29,1,-1,-1,-1
544,34,220.85,-0.19,163.32,455.82,1,-1,-1,-1
544,35,109.99,132.95,53.00,148.84,1,-1,-1,-1
545,30,379.97,95.09,116.89,363.97,1,-1,-1,-1
545,31,458.27,85.07,128.97,357.51,1,-1,-1,-1
545,32,503.69,-10.02,140.71,452.86,1,-1,-1,-1
545,33,-65.91,-11.80,77.41,256.29,1,-1,-1,-1
545,34,227.56,-1.24,166.08,458.52,1,-1,-1,-1
545,35,106.81,131.69,55.93,152.00,1,-1,-1,-1
546,30,388.78,98.27,116.89,363.97,1,-1,-1,-1
546,31,462.97,84.36,130.81,358.58,1,-1,-1,-1
546,32,504.42,-12.19,140.71,452.86,1,-1,-1,-1
546,33,-68.33,-15.71,77.41,256.29,1,-1,-1,-1
546,34,233.97,-1.68,170.03,460.62,1,-1,-1,-1
546,35,104.80,129.80,59.14,155.74,1,-1,-1,-1
547,30,397.59,101.45,116.89,363.97,1,-1,-1,-1
547,31,469.23,81.78,132.20,360.73,1,-1,-1,-1
547,32,505.15,-14.37,140.71,452.86,1,-1,-1,-1
547,33,-70.74,-19.61,77.41,256.29,1,-1,-1,-1
547,34,239.21,-2.84,175.19,463.04,1,-1,-1,-1
547,35,103.79,125.41,61.72,159.73,1,-1,-1,-1
548,30,406.40,104.63,116.89,363.97,1,-1,-1,-1
548,31,473.23,82.45,132.20,360.73,1,-1,-1,-1
548,32,499.52,25.34,142.20,434.27,1,-1,-1,-1
548,33,-73.15,-23.52,77.41,256.29,1,-1,-1,-1
548,34,245.20,-3.04,178.94,464.68,1,-1,-1,-1
548,35,103.29,121.94,63.68,164.24,1,-1,-1,-1
549,30,415.21,107.81,116.89,363.97,1,-1,-1,-1
549,31,477.22,83.12,132.20,360.73,1,-1,-1,-1
549,32,500.69,38.98,141.51,425.64,1,-1,-1,-1
549,33,-75.57,-27.43,77.41,256.29,1,-1,-1,-1
549,34,252.43,-4.01,180.57,466.72,1,-1,-1,-1
549,35,102.83,118.87,64.81,168.75,1,-1,-1,-1
550,30,424.02,110.99,116.89,363.97,1,-1,-1,-1
550,31,481.22,83.79,132.20,360.73,1,-1,-1,-1
550,32,506.82,42.76,137.61,421.64,1,-1,-1,-1
550,33,-77.98,-31.33,77.41,256.29,1,-1,-1,-1
550,34,258.66,-4.73,182.63,468.48,1,-1,-1,-1
550,35,100.48,113.17,66.11,174.26,1,-1,-1,-1
551,30,432.83,114.17,116.89,363.97,1,-1,-1,-1
551,31,485.21,84.47,132.20,360.73,1,-1,-1,-1
551,32,512.26,41.52,133.78,420.56,1,-1,-1,-1
551,33,-80.40,-35.24,77.41,256.29,1,-1,-1,-1
551,34,264.69,-5.23,183.70,470.01,1,-1,-1,-1
551,35,96.60,107.84,67.96,179.48,1,-1,-1,-1
552,30,441.64,117.35,116.89,363.97,1,-1,-1,-1
552,31,489.21,85.14,132.20,360.73,1,-1,-1,-1
552,32,516.10,44.03,130.87,418.15,1,-1,-1,-1
552,34,267.47,-5.55,185.29,471.33,1,-1,-1,-1
552,35,91.02,104.55,70.31,184.50,1,-1,-1,-1
553,30,450.46,120.53,116.89,363.97,1,-1,-1,-1
553,31,493.20,85.81,132.20,360.73,1,-1,-1,-1
553,32,520.32,45.24,127.65,416.82,1,-1,-1,-1
553,34,270.48,-5.72,185.87,472.48,1,-1,-1,-1
553,35,84.43,100.98,72.44,189.84,1,-1,-1,-1
554,30,459.27,123.71,116.89,363.97,1,-1,-1,-1
554,31,497.20,86.49,132.20,360.73,1,-1,-1,-1
554,32,524.98,45.62,124.11,415.99,1,-1,-1,-1
554,34,272.55,-5.77,186.18,473.47,1,-1,-1,-1
554,35,76.48,98.73,74.48,195.49,1,-1,-1,-1
555,30,468.08,126.89,116.89,363.97,1,-1,-1,-1
555,31,501.19,87.16,132.20,360.73,1,-1,-1,-1
555,32,530.48,45.48,119.96,416.02,1,-1,-1,-1
555,34,273.11,-5.73,187.12,474.33,1,-1,-1,-1
555,35,67.56,93.65,76.98,202.94,1,-1,-1,-1
556,30,476.89,130.07,116.89,363.97,1,-1,-1,-1
556,31,505.19,87.83,132.20,360.73,1,-1,-1,-1
556,32,535.80,46.17,115.91,416.61,1,-1,-1,-1
556,34,272.40,-5.61,188.27,475.08,1,-1,-1,-1
556,35,58.16,89.98,79.80,210.06,1,-1,-1,-1
557,30,485.70,133.25,116.89,363.97,1,-1,-1,-1
557,31,509.18,88.50,132.20,360.73,1,-1,-1,-1
557,32,539.48,50.16,112.97,414.00,1,-1,-1,-1
557,34,271.42,-5.42,189.59,475.73,1,-1,-1,-1
557,35,46.11,87.94,83.09,217.57,1,-1,-1,-1
558,30,494.51,136.43,116.89,363.97,1,-1,-1,-1
558,31,513.18,89.18,132.20,360.73,1,-1,-1,-1
558,32,542.82,53.90,110.25,411.37,1,-1,-1,-1
558,34,270.65,-5.19,190.88,476.29,1,-1,-1,-1
558,35,34.05,84.11,85.85,225.47,1,-1,-1,-1
559,30,503.32,139.61,116.89,363.97,1,-1,-1,-1
559,31,517.17,89.85,132.20,360.73,1,-1,-1,-1
559,32,546.84,56.43,107.04,407.04,1,-1,-1,-1
559,34,272.55,-4.93,191.40,476.78,1,-1,-1,-1
559,35,23.29,79.80,87.08,233.91,1,-1,-1,-1
560,30,512.13,142.79,116.89,363.97,1,-1,-1,-1
560,31,521.17,90.52,132.20,360.73,1,-1,-1,-1
560,32,550.31,58.23,104.18,403.60,1,-1,-1,-1
560,34,273.23,-4.65,192.49,477.21,1,-1,-1,-1
560,35,14.22,76.78,87.27,240.49,1,-1,-1,-1
561,30,520.94,145.97,116.89,363.97,1,-1,-1,-1
561,31,525.16,91.20,132.20,360.73,1,-1,-1,-1
561,32,553.50,56.28,101.49,403.40,1,-1,-1,-1
561,34,271.59,-4.35,194.06,477.57,1,-1,-1,-1
561,35,6.89,70.81,85.28,248.94,1,-1,-1,-1
562,30,529.75,149.15,116.89,363.97,1,-1,-1,-1
562,31,486.07,62.42,126.77,369.13,1,-1,-1,-1
562,32,556.49,53.94,98.91,404.45,1,-1,-1,-1
562,34,268.92,-4.04,194.64,477.89,1,-1,-1,-1
562,35,0.92,61.60,81.05,257.31,1,-1,-1,-1
563,30,538.56,152.33,116.89,363.97,1,-1,-1,-1
563,31,479.68,51.30,131.74,387.40,1,-1,-1,-1
563,32,558.93,54.79,98.91,404.45,1,-1,-1,-1
563,34,264.36,-3.73,196.77,478.17,1,-1,-1,-1
563,35,-5.07,57.62,81.05,257.31,1,-1,-1,-1
564,30,547.37,155.51,116.89,363.97,1,-1,-1,-1
564,31,481.17,43.62,136.24,400.66,1,-1,-1,-1
564,32,561.37,55.64,98.91,404.45,1,-1,-1,-1
564,34,260.17,-3.42,198.02,478.41,1,-1,-1,-1
564,35,-11.06,53.65,81.05,257.31,1,-1,-1,-1
565,30,556.18,158.69,116.89,363.97,1,-1,-1,-1
565,31,487.05,37.88,137.46,410.67,1,-1,-1,-1
565,32,563.81,56.49,98.91,404.45,1,-1,-1,-1
565,34,256.02,-3.11,199.75,478.62,1,-1,-1,-1
565,35,-17.06,49.67,81.05,257.31,1,-1,-1,-1
566,30,565.00,161.87,116.89,363.97,1,-1,-1,-1
566,31,495.37,32.95,135.45,418.79,1,-1,-1,-1
566,32,566.25,57.34,98.91,404.45,1,-1,-1,-1
566,34,251.62,-2.81,201.48,478.80,1,-1,-1,-1
566,35,-23.05,45.70,81.05,257.31,1,-1,-1,-1
567,30,573.81,165.05,116.89,363.97,1,-1,-1,-1
567,31,497.57,31.14,135.45,418.79,1,-1,-1,-1
567,32,561.55,49.29,97.86,412.90,1,-1,-1,-1
567,34,247.56,-2.53,203.27,478.96,1,-1,-1,-1
567,35,-29.04,41.72,81.05,257.31,1,-1,-1,-1
568,30,582.62,168.23,116.89,363.97,1,-1,-1,-1
568,31,499.76,29.33,135.45,418.79,1,-1,-1,-1
568,32,563.23,50.81,94.53,406.24,1,-1,-1,-1
568,34,242.07,-2.25,206.47,479.10,1,-1,-1,-1
568,35,-35.03,37.75,81.05,257.31,1,-1,-1,-1
569,30,591.43,171.41,116.89,363.97,1,-1,-1,-1
569,31,479.00,25.16,133.79,413.93,1,-1,-1,-1
569,32,564.11,51.40,92.20,399.96,1,-1,-1,-1
569,34,236.87,-1.99,209.45,479.22,1,-1,-1,-1
569,35,-41.02,33.77,81.05,257.31,1,-1,-1,-1
570,30,600.24,174.59,116.89,363.97,1,-1,-1,-1
570,31,465.71,23.06,134.03,411.83,1,-1,-1,-1
570,32,564.78,50.66,90.37,395.41,1,-1,-1,-1
570,34,231.87,-1.74,212.21,479.32,1,-1,-1,-1
570,35,-47.01,29.80,81.05,257.31,1,-1,-1,-1
571,30,609.05,177.77,116.89,363.97,1,-1,-1,-1
571,31,457.60,19.26,136.52,413.63,1,-1,-1,-1
571,32,564.67,50.15,89.29,392.31,1,-1,-1,-1
571,34,226.80,-1.51,214.75,479.41,1,-1,-1,-1
571,35,-53.00,25.82,81.05,257.31,1,-1,-1,-1
572,30,617.86,180.95,116.89,363.97,1,-1,-1,-1
572,31,451.96,14.33,140.58,418.67,1,-1,-1,-1
572,32,565.57,52.31,87.74,384.51,1,-1,-1,-1
572,34,221.88,-1.29,217.60,479.49,1,-1,-1,-1
572,35,-58.99,21.85,81.05,257.31,1,-1,-1,-1
573,30,626.67,184.13,116.89,363.97,1,-1,-1,-1
573,31,449.29,9.73,145.04,427.72,1,-1,-1,-1
573,32,567.25,52.70,87.74,384.51,1,-1,-1,-1
573,34,216.49,-1.09,220.53,479.55,1,-1,-1,-1
573,35,-64.98,17.87,81.05,257.31,1,-1,-1,-1
574,30,635.48,187.31,116.89,363.97,1,-1,-1,-1
574,31,450.76,6.04,150.31,435.23,1,-1,-1,-1
574,32,568.93,53.10,87.74,384.51,1,-1,-1,-1
574,34,211.47,-0.90,224.81,479.61,1,-1,-1,-1
574,35,-70.98,13.90,81.05,257.31,1,-1,-1,-1
575,30,644.29,190.49,116.89,363.97,1,-1,-1,-1
575,31,454.65,3.06,152.89,441.52,1,-1,-1,-1
575,32,570.61,53.49,87.74,384.51,1,-1,-1,-1
575,34,207.36,-0.72,229.22,479.66,1,-1,-1,-1
575,35,-76.97,9.92,81.05,257.31,1,-1,-1,-1
576,30,653.10,193.67,116.89,363.97,1,-1,-1,-1
576,31,460.13,0.66,153.57,446.85,1,-1,-1,-1
576,32,572.30,53.88,87.74,384.51,1,-1,-1,-1
576,34,203.83,-0.55,233.08,479.71,1,-1,-1,-1
576,35,-82.96,5.95,81.05,257.31,1,-1,-1,-1
577,30,661.91,196.85,116.89,363.97,1,-1,-1,-1
577,31,467.76,-1.25,152.11,451.38,1,-1,-1,-1
577,32,573.98,54.28,87.74,384.51,1,-1,-1,-1
577,34,201.99,-0.40,236.65,479.75,1,-1,-1,-1
577,35,-88.95,1.97,81.05,257.31,1,-1,-1,-1
578,31,478.38,-2.76,148.03,455.26,1,-1,-1,-1
578,32,575.66,54.67,87.74,384.51,1,-1,-1,-1
578,34,201.85,-0.26,239.23,479.78,1,-1,-1,-1
578,35,-94.94,-2.00,81.05,257.31,1,-1,-1,-1
579,31,479.53,-5.14,148.03,455.26,1,-1,-1,-1
579,32,577.34,55.06,87.74,384.51,1,-1,-1,-1
579,34,203.90,-0.14,240.86,479.81,1,-1,-1,-1
579,35,-100.93,-5.97,81.05,257.31,1,-1,-1,-1
580,31,485.77,9.30,142.95,438.01,1,-1,-1,-1
580,32,579.02,55.46,87.74,384.51,1,-1,-1,-1
580,34,207.71,0.59,241.97,479.43,1,-1,-1,-1
580,35,-106.92,-9.95,81.05,257.31,1,-1,-1,-1
581,31,489.10,20.29,137.63,424.82,1,-1,-1,-1
581,32,580.70,55.85,87.74,384.51,1,-1,-1,-1
581,34,213.63,1.54,243.29,478.88,1,-1,-1,-1
581,35,-112.91,-13.92,81.05,257.31,1,-1,-1,-1
582,31,489.82,30.27,133.82,411.98,1,-1,-1,-1
582,32,582.39,56.24,87.74,384.51,1,-1,-1,-1
582,34,220.51,2.23,244.73,478.49,1,-1,-1,-1
582,35,-118.91,-17.90,81.05,257.31,1,-1,-1,-1
583,31,488.55,40.57,131.23,401.63,1,-1,-1,-1
583,32,584.07,56.64,87.74,384.51,1,-1,-1,-1
583,34,226.19,2.01,247.76,478.69,1,-1,-1,-1
583,35,-124.90,-21.87,81.05,257.31,1,-1,-1,-1
584,31,494.36,51.78,125.31,389.41,1,-1,-1,-1
584,32,585.75,57.03,87.74,384.51,1,-1,-1,-1
584,34,233.23,1.83,250.70,478.86,1,-1,-1,-1
584,35,-130.89,-25.85,81.05,257.31,1,-1,-1,-1
585,31,496.01,53.25,125.31,389.41,1,-1,-1,-1
585,32,587.43,57.42,87.74,384.51,1,-1,-1,-1
585,34,240.78,1.67,253.69,479.01,1,-1,-1,-1
585,35,-136.88,-29.82,81.05,257.31,1,-1,-1,-1
586,31,497.65,54.72,125.31,389.41,1,-1,-1,-1
586,32,589.11,57.82,87.74,384.51,1,-1,-1,-1
586,34,247.49,1.63,257.30,479.08,1,-1,-1,-1
586,35,-142.87,-33.80,81.05,257.31,1,-1,-1,-1
587,31,499.29,56.18,125.31,389.41,1,-1,-1,-1
587,32,590.80,58.21,87.74,384.51,1,-1,-1,-1
587,34,253.41,1.50,259.68,479.20,1,-1,-1,-1
587,35,-148.86,-37.77,81.05,257.31,1,-1,-1,-1
588,31,500.93,57.65,125.31,389.41,1,-1,-1,-1
588,32,592.48,58.60,87.74,384.51,1,-1,-1,-1
588,34,256.80,1.62,259.92,479.15,1,-1,-1,-1
588,35,-154.85,-41.75,81.05,257.31,1,-1,-1,-1
589,31,492.88,81.95,118.68,361.65,1,-1,-1,-1
589,32,594.16,59.00,87.74,384.51,1,-1,-1,-1
589,34,255.39,1.49,259.37,479.26,1,-1,-1,-1
589,35,-160.84,-45.72,81.05,257.31,1,-1,-1,-1
590,31,484.69,95.57,114.24,342.28,1,-1,-1,-1
590,32,595.84,59.39,87.74,384.51,1,-1,-1,-1
590,34,251.74,1.39,259.59,479.36,1,-1,-1,-1
590,35,-166.84,-49.70,81.05,257.31,1,-1,-1,-1
591,31,475.30,106.16,109.07,325.06,1,-1,-1,-1
591,32,597.52,59.78,87.74,384.51,1,-1,-1,-1
591,34,248.25,1.29,258.67,479.44,1,-1,-1,-1
592,31,475.24,110.04,109.07,325.06,1,-1,-1,-1
592,32,599.20,60.18,87.74,384.51,1,-1,-1,-1
592,34,242.51,1.21,257.54,479.51,1,-1,-1,-1
593,31,475.19,113.92,109.07,325.06,1,-1,-1,-1
593,32,600.89,60.57,87.74,384.51,1,-1,-1,-1
593,34,235.25,1.15,257.36,479.58,1,-1,-1,-1
594,31,475.13,117.80,109.07,325.06,1,-1,-1,-1
594,32,602.57,60.96,87.74,384.51,1,-1,-1,-1
594,34,227.51,1.09,257.31,479.63,1,-1,-1,-1
595,31,475.07,121.67,109.07,325.06,1,-1,-1,-1
595,32,604.25,61.36,87.74,384.51,1,-1,-1,-1
595,34,219.92,1.05,257.10,479.68,1,-1,-1,-1
596,31,475.01,125.55,109.07,325.06,1,-1,-1,-1
596,32,605.93,61.75,87.74,384.51,1,-1,-1,-1
596,34,213.14,1.01,256.09,479.72,1,-1,-1,-1
597,31,474.95,129.43,109.07,325.06,1,-1,-1,-1
597,32,607.61,62.14,87.74,384.51,1,-1,-1,-1
597,34,208.25,1.28,252.78,479.56,1,-1,-1,-1
598,31,474.89,133.31,109.07,325.06,1,-1,-1,-1
598,32,609.30,62.54,87.74,384.51,1,-1,-1,-1
598,34,205.07,1.35,248.91,479.53,1,-1,-1,-1
599,31,474.83,137.18,109.07,325.06,1,-1,-1,-1
599,32,610.98,62.93,87.74,384.51,1,-1,-1,-1
599,34,202.17,1.27,245.50,479.59,1,-1,-1,-1
600,31,503.93,87.22,107.24,356.17,1,-1,-1,-1
600,32,612.66,63.33,87.74,384.51,1,-1,-1,-1
600,34,198.96,1.27,242.91,479.60,1,-1,-1,-1
600,36,2.70,113.20,78.00,258.70,1,-1,-1,-1
601,31,516.51,62.48,106.80,379.31,1,-1,-1,-1
601,32,614.34,63.72,87.74,384.51,1,-1,-1,-1
601,34,196.65,1.20,241.54,479.66,1,-1,-1,-1
601,36,2.70,113.20,78.00,258.70,1,-1,-1,-1
602,31,524.72,49.14,105.83,395.22,1,-1,-1,-1
602,32,616.02,64.11,87.74,384.51,1,-1,-1,-1
602,34,194.20,1.15,241.14,479.70,1,-1,-1,-1
602,36,2.70,113.20,78.00,258.70,1,-1,-1,-1
603,31,533.54,37.80,101.92,408.75,1,-1,-1,-1
603,32,617.70,64.51,87.74,384.51,1,-1,-1,-1
603,34,191.43,1.11,240.61,479.74,1,-1,-1,-1
603,36,2.70,113.20,78.00,258.70,1,-1,-1,-1
604,31,536.19,36.40,101.92,408.75,1,-1,-1,-1
604,32,619.39,64.90,87.74,384.51,1,-1,-1,-1
604,34,188.86,1.07,240.71,479.78,1,-1,-1,-1
604,36,2.70,113.20,78.00,258.70,1,-1,-1,-1
605,31,538.85,35.01,101.92,408.75,1,-1,-1,-1
605,32,621.07,65.29,87.74,384.51,1,-1,-1,-1
605,34,186.35,1.04,239.60,479.80,1,-1,-1,-1
605,36,2.70,113.20,78.00,258.70,1,-1,-1,-1
606,31,541.50,33.61,101.92,408.75,1,-1,-1,-1
606,32,622.75,65.69,87.74,384.51,1,-1,-1,-1
606,34,184.16,1.01,239.02,479.83,1,-1,-1,-1
606,36,2.70,113.20,78.00,258.70,1,-1,-1,-1
607,31,544.15,32.21,101.92,408.75,1,-1,-1,-1
607,32,624.43,66.08,87.74,384.51,1,-1,-1,-1
607,34,182.82,0.99,238.27,479.85,1,-1,-1,-1
607,36,2.70,113.20,78.00,258.70,1,-1,-1,-1
608,31,546.80,30.81,101.92,408.75,1,-1,-1,-1
608,32,626.11,66.47,87.74,384.51,1,-1,-1,-1
608,34,183.32,1.33,236.45,479.64,1,-1,-1,-1
608,36,2.70,113.20,78.00,258.70,1,-1,-1,-1
609,31,549.45,29.41,101.92,408.75,1,-1,-1,-1
609,32,627.79,66.87,87.74,384.51,1,-1,-1,-1
609,34,184.06,1.27,236.17,479.68,1,-1,-1,-1
609,36,2.70,113.20,78.00,258.70,1,-1,-1,-1
610,31,552.10,28.01,101.92,408.75,1,-1,-1,-1
610,34,187.45,1.21,235.94,479.72,1,-1,-1,-1
610,36,2.70,113.20,78.00,258.70,1,-1,-1,-1
611,31,554.75,26.61,101.92,408.75,1,-1,-1,-1
611,34,192.23,1.16,235.25,479.76,1,-1,-1,-1
611,36,2.70,113.20,78.00,258.70,1,-1,-1,-1
612,31,557.40,25.21,101.92,408.75,1,-1,-1,-1
612,34,196.66,1.13,236.78,479.79,1,-1,-1,-1
612,36,2.70,113.20,78.00,258.70,1,-1,-1,-1
612,37,192.50,106.40,89.80,288.90,1,-1,-1,-1
613,31,560.05,23.81,101.92,408.75,1,-1,-1,-1
613,34,200.71,1.09,238.14,479.82,1,-1,-1,-1
613,36,2.70,113.20,78.00,258.70,1,-1,-1,-1
613,37,188.72,109.19,90.63,285.11,1,-1,-1,-1
614,31,562.70,22.41,101.92,408.75,1,-1,-1,-1
614,34,207.88,3.21,239.01,478.41,1,-1,-1,-1
614,36,44.80,92.20,84.52,263.89,1,-1,-1,-1
614,37,184.50,107.39,89.82,282.31,1,-1,-1,-1
615,31,565.35,21.01,101.92,408.75,1,-1,-1,-1
615,34,217.40,3.74,237.57,478.04,1,-1,-1,-1
615,36,43.06,90.38,88.92,269.96,1,-1,-1,-1
615,37,182.22,107.66,88.99,280.43,1,-1,-1,-1
616,31,568.01,19.61,101.92,408.75,1,-1,-1,-1
616,34,227.01,3.32,236.81,478.30,1,-1,-1,-1
616,36,40.97,84.12,88.55,282.74,1,-1,-1,-1
616,37,182.06,109.01,88.11,278.54,1,-1,-1,-1
617,31,570.66,18.21,101.92,408.75,1,-1,-1,-1
617,34,235.80,3.79,235.96,477.97,1,-1,-1,-1
617,36,41.06,81.46,85.48,283.72,1,-1,-1,-1
617,37,180.94,107.72,87.75,277.08,1,-1,-1,-1
618,31,573.31,16.81,101.92,408.75,1,-1,-1,-1
618,34,243.07,3.80,237.10,477.93,1,-1,-1,-1
618,36,31.53,57.73,86.72,317.95,1,-1,-1,-1
618,37,178.21,104.45,86.97,275.13,1,-1,-1,-1
619,31,575.96,15.41,101.92,408.75,1,-1,-1,-1
619,34,248.89,4.04,237.19,477.74,1,-1,-1,-1
619,36,32.96,54.39,86.72,317.95,1,-1,-1,-1
619,37,172.36,101.10,86.52,274.21,1,-1,-1,-1
620,31,578.61,14.02,101.92,408.75,1,-1,-1,-1
620,34,255.60,3.55,236.56,478.04,1,-1,-1,-1
620,36,26.77,36.53,87.95,346.55,1,-1,-1,-1
620,37,166.66,99.24,86.31,273.19,1,-1,-1,-1
621,31,581.26,12.62,101.92,408.75,1,-1,-1,-1
621,34,262.55,3.12,234.99,478.30,1,-1,-1,-1
621,36,23.40,30.39,88.95,364.50,1,-1,-1,-1
621,37,162.78,100.73,86.44,272.71,1,-1,-1,-1
622,31,583.91,11.22,101.92,408.75,1,-1,-1,-1
622,34,269.53,2.75,232.75,478.52,1,-1,-1,-1
622,36,19.75,23.03,91.97,380.48,1,-1,-1,-1
622,37,161.39,105.23,86.30,271.20,1,-1,-1,-1
623,31,586.56,9.82,101.92,408.75,1,-1,-1,-1
623,34,276.33,2.44,230.53,478.72,1,-1,-1,-1
623,36,15.73,14.42,94.62,395.34,1,-1,-1,-1
623,37,160.67,110.15,85.87,269.71,1,-1,-1,-1
623,38,250.20,116.20,86.80,263.10,1,-1,-1,-1
624,31,589.21,8.42,101.92,408.75,1,-1,-1,-1
624,34,280.54,2.16,229.94,478.89,1,-1,-1,-1
624,36,12.56,7.65,98.11,407.60,1,-1,-1,-1
624,37,158.91,114.46,86.42,269.56,1,-1,-1,-1
624,38,253.38,115.70,86.98,264.24,1,-1,-1,-1
625,31,591.86,7.02,101.92,408.75,1,-1,-1,-1
625,34,286.39,1.93,228.86,479.03,1,-1,-1,-1
625,36,11.23,2.29,100.60,417.85,1,-1,-1,-1
625,37,157.98,116.32,87.35,269.77,1,-1,-1,-1
625,38,254.25,113.91,86.87,264.23,1,-1,-1,-1
626,31,594.51,5.62,101.92,408.75,1,-1,-1,-1
626,34,291.36,1.73,228.45,479.16,1,-1,-1,-1
626,36,10.02,-1.95,102.03,426.49,1,-1,-1,-1
626,37,159.23,116.46,87.44,269.81,1,-1,-1,-1
626,38,256.14,110.46,85.97,264.90,1,-1,-1,-1
627,31,597.17,4.22,101.92,408.75,1,-1,-1,-1
627,34,295.73,1.56,229.78,479.27,1,-1,-1,-1
627,36,8.21,-5.28,102.62,433.83,1,-1,-1,-1
627,37,161.91,115.40,86.69,268.69,1,-1,-1,-1
627,38,254.85,105.47,84.76,265.26,1,-1,-1,-1
628,31,599.82,2.82,101.92,408.75,1,-1,-1,-1
628,34,302.28,1.43,230.47,479.35,1,-1,-1,-1
628,36,6.68,-7.85,105.26,440.10,1,-1,-1,-1
628,37,164.55,112.33,86.59,268.76,1,-1,-1,-1
628,38,254.00,100.73,84.52,265.65,1,-1,-1,-1
629,31,602.47,1.42,101.92,408.75,1,-1,-1,-1
629,34,310.53,1.35,232.17,479.41,1,-1,-1,-1
629,36,5.15,-9.80,111.08,445.48,1,-1,-1,-1
629,37,169.51,111.65,85.91,268.44,1,-1,-1,-1
629,38,257.38,103.02,84.49,265.48,1,-1,-1,-1
630,31,605.12,0.02,101.92,408.75,1,-1,-1,-1
630,34,319.52,2.11,234.98,478.91,1,-1,-1,-1
630,36,3.88,-11.22,118.67,450.11,1,-1,-1,-1
630,37,175.42,112.90,85.74,267.08,1,-1,-1,-1
630,38,264.25,106.20,84.53,264.94,1,-1,-1,-1
631,31,607.77,-1.38,101.92,408.75,1,-1,-1,-1
631,34,330.28,2.56,236.51,478.61,1,-1,-1,-1
631,36,2.83,-12.20,127.78,454.10,1,-1,-1,-1
631,37,181.87,114.57,85.71,265.92,1,-1,-1,-1
631,38,272.06,108.69,83.82,263.20,1,-1,-1,-1
632,31,610.42,-2.78,101.92,408.75,1,-1,-1,-1
632,34,341.84,3.25,238.50,478.14,1,-1,-1,-1
632,36,2.15,-12.82,137.33,457.55,1,-1,-1,-1
632,37,189.04,115.52,84.82,264.51,1,-1,-1,-1
632,38,279.57,110.61,82.88,260.66,1,-1,-1,-1
633,31,613.07,-4.18,101.92,408.75,1,-1,-1,-1
633,34,354.55,3.97,239.29,477.65,1,-1,-1,-1
633,36,2.93,-13.14,147.09,460.53,1,-1,-1,-1
633,37,196.09,116.41,83.82,263.72,1,-1,-1,-1
633,38,287.11,110.83,81.98,260.35,1,-1,-1,-1
634,31,615.72,-5.57,101.92,408.75,1,-1,-1,-1
634,34,368.42,3.47,239.37,477.96,1,-1,-1,-1
634,36,6.27,-13.21,154.94,463.11,1,-1,-1,-1
634,37,203.40,116.04,82.85,263.31,1,-1,-1,-1
634,38,295.10,111.44,80.68,259.11,1,-1,-1,-1
635,34,380.69,3.36,238.95,478.02,1,-1,-1,-1
635,36,11.96,-13.09,160.70,465.34,1,-1,-1,-1
635,37,211.05,116.05,81.99,261.81,1,-1,-1,-1
635,38,302.52,112.14,79.88,258.43,1,-1,-1,-1
636,34,391.42,3.28,238.21,478.06,1,-1,-1,-1
636,36,18.57,-12.82,165.57,467.28,1,-1,-1,-1
636,37,217.54,116.45,81.15,260.35,1,-1,-1,-1
636,38,308.70,112.65,78.59,257.54,1,-1,-1,-1
637,34,401.66,2.88,236.61,478.31,1,-1,-1,-1
637,36,23.75,-12.42,171.52,468.96,1,-1,-1,-1
637,37,223.47,117.82,80.01,258.56,1,-1,-1,-1
637,38,313.91,113.25,76.96,255.73,1,-1,-1,-1
638,34,409.73,2.80,235.44,478.35,1,-1,-1,-1
638,36,31.65,-11.93,174.55,470.42,1,-1,-1,-1
638,37,227.94,118.22,79.25,256.08,1,-1,-1,-1
638,38,317.30,113.36,75.77,254.24,1,-1,-1,-1
639,34,416.06,3.31,234.55,478.00,1,-1,-1,-1
639,36,35.69,-11.38,179.32,471.68,1,-1,-1,-1
639,37,231.21,117.94,78.86,254.31,1,-1,-1,-1
639,38,319.24,112.81,74.68,253.18,1,-1,-1,-1
640,34,421.74,2.90,233.34,478.26,1,-1,-1,-1
640,36,36.34,-10.78,184.94,472.78,1,-1,-1,-1
640,37,233.11,117.45,78.38,252.80,1,-1,-1,-1
640,38,319.29,112.68,73.73,252.30,1,-1,-1,-1
641,34,424.75,2.54,233.29,478.49,1,-1,-1,-1
641,36,33.33,-9.79,192.59,473.50,1,-1,-1,-1
641,37,233.15,117.99,77.90,251.64,1,-1,-1,-1
641,38,317.57,114.24,73.25,249.48,1,-1,-1,-1
642,34,427.23,2.23,233.05,478.69,1,-1,-1,-1
642,36,32.32,-8.95,196.93,474.19,1,-1,-1,-1
642,37,232.76,118.31,77.58,251.05,1,-1,-1,-1
642,38,316.42,115.60,72.45,247.49,1,-1,-1,-1
643,34,428.44,2.27,233.22,478.67,1,-1,-1,-1
643,36,31.69,-7.23,200.05,474.20,1,-1,-1,-1
643,37,231.31,119.25,77.20,250.10,1,-1,-1,-1
643,38,314.38,117.90,72.01,244.73,1,-1,-1,-1
644,34,427.68,2.61,234.33,478.43,1,-1,-1,-1
644,36,29.58,-6.83,204.55,474.96,1,-1,-1,-1
644,37,229.37,120.94,76.58,248.90,1,-1,-1,-1
644,38,311.97,119.54,71.68,242.76,1,-1,-1,-1
645,34,425.68,3.72,235.99,477.69,1,-1,-1,-1
645,36,31.12,-5.65,204.76,475.12,1,-1,-1,-1
645,37,226.67,121.73,76.12,247.22,1,-1,-1,-1
645,38,309.23,121.14,71.39,240.68,1,-1,-1,-1
646,34,424.23,4.58,237.06,477.10,1,-1,-1,-1
646,36,34.00,-5.32,203.35,475.77,1,-1,-1,-1
646,37,228.16,122.26,76.12,247.22,1,-1,-1,-1
646,38,305.78,121.88,71.18,239.68,1,-1,-1,-1
647,34,422.58,5.22,238.08,476.65,1,-1,-1,-1
647,36,37.34,-4.64,202.29,476.10,1,-1,-1,-1
647,37,222.68,124.04,75.08,241.39,1,-1,-1,-1
647,38,301.43,123.51,71.27,238.84,1,-1,-1,-1
648,34,419.76,4.51,239.74,477.09,1,-1,-1,-1
648,36,41.30,-3.85,199.70,476.28,1,-1,-1,-1
648,37,218.36,127.30,74.82,233.85,1,-1,-1,-1
648,38,297.17,126.02,71.48,237.45,1,-1,-1,-1
649,34,416.27,4.73,241.75,476.92,1,-1,-1,-1
649,36,43.32,-3.61,197.65,476.77,1,-1,-1,-1
649,37,215.42,130.21,74.02,231.87,1,-1,-1,-1
649,38,293.25,129.12,71.60,235.75,1,-1,-1,-1
650,34,412.93,5.82,243.60,476.17,1,-1,-1,-1
650,36,46.07,-1.17,194.48,475.74,1,-1,-1,-1
650,37,212.52,130.94,73.26,231.73,1,-1,-1,-1
650,38,289.27,131.17,71.41,234.38,1,-1,-1,-1
651,34,409.19,6.41,245.68,475.74,1,-1,-1,-1
651,36,46.67,-0.58,192.15,475.86,1,-1,-1,-1
651,37,208.66,130.70,73.27,230.65,1,-1,-1,-1
651,38,284.35,130.75,71.32,233.24,1,-1,-1,-1
652,34,405.76,5.50,247.54,476.30,1,-1,-1,-1
652,36,46.62,-0.41,190.64,476.21,1,-1,-1,-1
652,37,204.93,131.58,73.27,229.89,1,-1,-1,-1
652,38,279.99,130.95,70.90,232.26,1,-1,-1,-1
653,34,402.75,4.72,249.12,476.79,1,-1,-1,-1
653,36,44.00,0.62,191.26,475.95,1,-1,-1,-1
653,37,201.09,133.43,74.27,229.66,1,-1,-1,-1
653,38,275.92,132.50,70.54,230.98,1,-1,-1,-1
654,34,399.06,4.04,251.16,477.21,1,-1,-1,-1
654,36,41.13,0.38,191.79,476.48,1,-1,-1,-1
654,37,198.12,134.36,74.67,227.30,1,-1,-1,-1
654,38,272.06,133.26,70.14,230.04,1,-1,-1,-1
655,34,396.15,3.46,252.71,477.58,1,-1,-1,-1
655,36,37.66,0.19,193.06,476.94,1,-1,-1,-1
655,37,196.14,134.51,74.50,227.11,1,-1,-1,-1
655,38,269.58,133.71,69.80,228.98,1,-1,-1,-1
656,34,394.17,2.96,253.65,477.90,1,-1,-1,-1
656,36,33.71,0.21,194.93,477.24,1,-1,-1,-1
656,37,195.68,135.13,73.47,226.07,1,-1,-1,-1
656,38,267.35,134.48,70.21,227.29,1,-1,-1,-1
657,34,393.09,2.53,254.03,478.17,1,-1,-1,-1
657,36,32.42,0.09,195.48,477.60,1,-1,-1,-1
657,37,194.48,134.50,73.94,223.80,1,-1,-1,-1
657,38,267.03,133.00,70.20,226.10,1,-1,-1,-1
658,34,391.85,2.17,254.53,478.41,1,-1,-1,-1
658,36,32.24,0.36,195.87,477.68,1,-1,-1,-1
658,37,195.79,133.81,73.00,221.63,1,-1,-1,-1
658,38,267.85,131.33,69.96,224.98,1,-1,-1,-1
659,34,391.56,1.87,254.42,478.62,1,-1,-1,-1
659,36,35.33,0.58,195.61,477.76,1,-1,-1,-1
659,37,198.22,133.09,71.83,218.59,1,-1,-1,-1
659,38,269.73,130.23,69.60,224.23,1,-1,-1,-1
660,34,389.68,1.61,255.39,478.81,1,-1,-1,-1
660,36,40.57,1.11,192.91,477.62,1,-1,-1,-1
660,37,197.82,133.65,71.83,218.59,1,-1,-1,-1
660,38,270.16,130.78,69.72,222.47,1,-1,-1,-1
661,34,388.56,1.40,255.88,478.96,1,-1,-1,-1
661,36,46.71,1.67,190.56,477.44,1,-1,-1,-1
661,37,197.41,134.21,71.83,218.59,1,-1,-1,-1
661,38,270.92,131.02,69.34,221.04,1,-1,-1,-1
662,34,389.08,1.23,255.30,479.10,1,-1,-1,-1
662,36,53.23,1.51,187.57,477.71,1,-1,-1,-1
662,37,197.01,134.77,71.83,218.59,1,-1,-1,-1
662,38,271.17,131.91,68.86,219.15,1,-1,-1,-1
663,34,391.46,1.42,253.50,478.99,1,-1,-1,-1
663,36,58.59,1.28,184.18,478.01,1,-1,-1,-1
663,37,203.56,137.04,68.02,212.83,1,-1,-1,-1
663,38,271.64,132.78,68.33,217.80,1,-1,-1,-1
663,39,25.00,128.00,80.20,211.80,1,-1,-1,-1
664,34,394.06,1.90,251.53,478.69,1,-1,-1,-1
664,36,64.57,2.73,180.61,477.18,1,-1,-1,-1
664,37,203.59,137.70,68.02,212.83,1,-1,-1,-1
664,38,271.90,132.94,68.06,217.09,1,-1,-1,-1
664,39,14.75,125.01,81.16,213.60,1,-1,-1,-1
665,34,395.94,1.67,250.04,478.86,1,-1,-1,-1
665,36,70.28,4.05,177.66,476.40,1,-1,-1,-1
665,37,208.56,138.20,66.02,207.96,1,-1,-1,-1
665,38,273.37,132.55,67.43,215.89,1,-1,-1,-1
665,39,5.15,114.73,82.53,217.17,1,-1,-1,-1
666,34,400.30,2.21,246.87,478.53,1,-1,-1,-1
666,36,74.85,4.01,175.40,476.52,1,-1,-1,-1
666,37,211.05,138.47,65.74,202.70,1,-1,-1,-1
666,38,274.36,132.09,67.48,214.85,1,-1,-1,-1
666,39,0.84,106.79,82.95,221.54,1,-1,-1,-1
667,34,405.52,2.57,243.11,478.30,1,-1,-1,-1
667,36,78.19,3.98,174.63,476.61,1,-1,-1,-1
667,37,212.41,138.11,66.09,198.63,1,-1,-1,-1
667,38,275.06,131.47,67.91,213.49,1,-1,-1,-1
667,39,-1.49,100.15,82.01,226.64,1,-1,-1,-1
668,34,412.19,3.06,238.32,477.98,1,-1,-1,-1
668,36,82.74,5.50,173.19,475.66,1,-1,-1,-1
668,37,215.56,137.51,64.62,197.67,1,-1,-1,-1
668,38,276.73,131.11,68.00,212.38,1,-1,-1,-1
668,39,-0.24,96.84,79.89,230.85,1,-1,-1,-1
669,34,417.64,2.67,234.29,478.25,1,-1,-1,-1
669,36,85.54,4.71,173.48,475.78,1,-1,-1,-1
669,37,216.22,138.01,64.62,197.67,1,-1,-1,-1
669,38,277.81,130.30,68.59,211.61,1,-1,-1,-1
669,39,0.21,89.79,77.43,240.45,1,-1,-1,-1
670,34,423.62,2.34,229.85,478.48,1,-1,-1,-1
670,36,83.84,5.58,176.59,473.64,1,-1,-1,-1
670,37,220.53,136.06,64.02,197.25,1,-1,-1,-1
670,38,280.28,130.17,68.68,209.89,1,-1,-1,-1
670,39,1.87,85.48,75.03,245.81,1,-1,-1,-1
670,40,406.80,107.60,95.70,269.90,1,-1,-1,-1
671,34,431.71,2.05,223.94,478.68,1,-1,-1,-1
671,36,81.58,8.04,180.38,472.29,1,-1,-1,-1
671,37,223.03,135.46,63.86,197.00,1,-1,-1,-1
671,38,282.25,130.68,69.00,209.25,1,-1,-1,-1
671,39,-0.92,79.45,75.03,245.81,1,-1,-1,-1
671,40,407.10,112.67,95.93,272.26,1,-1,-1,-1
672,34,440.21,1.81,217.67,478.85,1,-1,-1,-1
672,36,79.68,13.61,183.89,468.80,1,-1,-1,-1
672,37,224.89,138.04,63.91,196.17,1,-1,-1,-1
672,38,283.92,133.51,69.16,208.33,1,-1,-1,-1
672,39,10.69,66.56,74.80,261.80,1,-1,-1,-1
672,40,402.95,122.80,96.46,273.99,1,-1,-1,-1
673,34,448.19,1.60,211.67,479.00,1,-1,-1,-1
673,36,80.66,15.53,184.82,467.65,1,-1,-1,-1
673,37,227.02,139.25,64.37,195.02,1,-1,-1,-1
673,38,286.33,134.40,69.02,207.27,1,-1,-1,-1
673,39,12.38,55.16,76.79,279.15,1,-1,-1,-1
673,40,403.09,119.99,96.12,272.73,1,-1,-1,-1
674,34,456.08,1.43,205.64,479.14,1,-1,-1,-1
674,36,81.73,16.71,184.37,466.95,1,-1,-1,-1
674,37,229.34,139.77,63.75,193.95,1,-1,-1,-1
674,38,287.86,133.58,68.15,206.67,1,-1,-1,-1
674,39,8.90,46.79,79.99,293.09,1,-1,-1,-1
674,40,403.83,114.96,95.06,271.07,1,-1,-1,-1
675,34,461.92,1.29,200.89,479.25,1,-1,-1,-1
675,36,83.72,16.41,182.27,467.18,1,-1,-1,-1
675,37,230.51,140.53,63.00,194.17,1,-1,-1,-1
675,38,287.91,134.76,67.23,205.20,1,-1,-1,-1
675,39,8.05,35.57,78.64,308.61,1,-1,-1,-1
675,40,400.34,114.71,94.72,271.60,1,-1,-1,-1
676,34,466.10,1.17,197.19,479.35,1,-1,-1,-1
676,36,85.07,16.96,180.41,466.46,1,-1,-1,-1
676,37,230.77,141.92,62.55,195.17,1,-1,-1,-1
676,38,286.91,136.36,66.65,203.84,1,-1,-1,-1
676,39,7.14,27.64,78.64,308.61,1,-1,-1,-1
676,40,394.95,116.48,94.69,271.84,1,-1,-1,-1
677,34,469.74,1.21,193.80,479.34,1,-1,-1,-1
677,36,88.93,18.41,177.29,464.21,1,-1,-1,-1
677,37,232.91,142.40,60.95,195.12,1,-1,-1,-1
677,38,286.05,136.88,65.89,202.62,1,-1,-1,-1
677,39,6.23,19.71,78.64,308.61,1,-1,-1,-1
677,40,390.21,117.61,95.62,271.44,1,-1,-1,-1
678,34,472.70,1.11,190.84,479.43,1,-1,-1,-1
678,36,90.99,17.69,174.72,463.88,1,-1,-1,-1
678,37,234.11,142.50,59.26,194.59,1,-1,-1,-1
678,38,284.97,136.97,65.09,201.50,1,-1,-1,-1
678,39,5.33,11.77,78.64,308.61,1,-1,-1,-1
678,40,386.29,116.62,96.19,271.55,1,-1,-1,-1
679,34,476.06,1.03,187.58,479.50,1,-1,-1,-1
679,36,91.90,19.50,172.77,462.92,1,-1,-1,-1
679,37,235.01,143.72,58.12,193.51,1,-1,-1,-1
679,38,283.97,138.62,64.89,199.84,1,-1,-1,-1
679,39,4.42,3.84,78.64,308.61,1,-1,-1,-1
679,40,382.70,117.27,96.68,272.28,1,-1,-1,-1
680,34,479.85,1.62,184.01,479.13,1,-1,-1,-1
680,36,93.40,23.08,169.82,460.70,1,-1,-1,-1
680,37,234.59,146.29,57.63,191.97,1,-1,-1,-1
680,38,283.27,140.18,64.60,198.61,1,-1,-1,-1
680,39,3.51,-4.09,78.64,308.61,1,-1,-1,-1
680,40,379.15,119.60,97.71,272.89,1,-1,-1,-1
681,34,482.80,1.47,180.98,479.25,1,-1,-1,-1
681,36,95.22,27.42,167.08,457.91,1,-1,-1,-1
681,37,233.53,147.56,57.42,191.39,1,-1,-1,-1
681,38,282.22,141.46,64.01,197.30,1,-1,-1,-1
681,39,2.61,-12.02,78.64,308.61,1,-1,-1,-1
681,40,375.86,118.89,98.22,273.82,1,-1,-1,-1
681,41,69.20,131.60,62.80,214.30,1,-1,-1,-1
682,34,485.22,1.60,178.29,479.18,1,-1,-1,-1
682,36,95.47,29.89,165.79,456.27,1,-1,-1,-1
682,37,232.37,147.49,57.03,191.57,1,-1,-1,-1
682,38,280.99,142.00,63.63,195.95,1,-1,-1,-1
682,39,1.70,-19.95,78.64,308.61,1,-1,-1,-1
682,40,373.53,117.68,97.85,274.78,1,-1,-1,-1
682,41,58.85,127.12,64.10,214.03,1,-1,-1,-1
683,34,488.74,1.57,178.29,479.18,1,-1,-1,-1
683,36,94.19,30.74,165.57,455.66,1,-1,-1,-1
683,37,230.66,147.84,57.41,190.64,1,-1,-1,-1
683,38,279.89,142.06,63.56,195.74,1,-1,-1,-1
683,39,0.79,-27.88,78.64,308.61,1,-1,-1,-1
683,40,370.45,117.37,98.03,275.07,1,-1,-1,-1
683,41,55.53,120.59,65.57,218.26,1,-1,-1,-1
684,34,492.26,1.54,178.29,479.18,1,-1,-1,-1
684,36,91.73,31.45,166.33,454.54,1,-1,-1,-1
684,37,227.95,147.37,58.29,189.41,1,-1,-1,-1
684,38,278.62,142.02,63.67,195.70,1,-1,-1,-1
684,39,-0.12,-35.81,78.64,308.61,1,-1,-1,-1
684,40,367.77,116.47,98.28,275.90,1,-1,-1,-1
684,41,48.87,115.04,65.57,218.26,1,-1,-1,-1
685,34,495.78,1.52,178.29,479.18,1,-1,-1,-1
685,36,86.64,31.62,169.57,452.11,1,-1,-1,-1
685,37,226.18,146.98,58.67,188.67,1,-1,-1,-1
685,38,277.54,142.17,64.15,194.39,1,-1,-1,-1
685,39,-1.02,-43.74,78.64,308.61,1,-1,-1,-1
685,40,365.52,115.89,98.15,276.91,1,-1,-1,-1
685,41,42.21,109.49,65.57,218.26,1,-1,-1,-1
686,34,499.30,1.49,178.29,479.18,1,-1,-1,-1
686,36,83.35,31.92,171.38,452.12,1,-1,-1,-1
686,37,223.70,146.20,59.48,187.95,1,-1,-1,-1
686,38,276.34,141.86,64.29,194.18,1,-1,-1,-1
686,39,-1.93,-51.67,78.64,308.61,1,-1,-1,-1
686,40,364.01,115.80,97.63,277.45,1,-1,-1,-1
686,41,18.91,88.93,67.13,227.72,1,-1,-1,-1
687,34,502.82,1.46,178.29,479.18,1,-1,-1,-1
687,36,80.92,32.56,172.28,451.84,1,-1,-1,-1
687,37,222.22,145.33,59.11,187.12,1,-1,-1,-1
687,38,274.70,142.17,64.33,192.81,1,-1,-1,-1
687,39,-2.84,-59.60,78.64,308.61,1,-1,-1,-1
687,40,362.19,115.37,97.16,278.00,1,-1,-1,-1
687,41,7.97,85.38,70.40,236.68,1,-1,-1,-1
688,34,506.34,1.43,178.29,479.18,1,-1,-1,-1
688,36,77.20,29.99,173.44,453.64,1,-1,-1,-1
688,37,218.83,144.25,60.12,185.60,1,-1,-1,-1
688,38,272.59,140.63,63.56,192.91,1,-1,-1,-1
688,39,-3.74,-67.53,78.64,308.61,1,-1,-1,-1
688,40,360.38,113.39,96.51,278.61,1,-1,-1,-1
688,41,1.52,75.20,71.23,246.65,1,-1,-1,-1
689,34,509.86,1.40,178.29,479.18,1,-1,-1,-1
689,36,74.45,28.56,174.37,454.67,1,-1,-1,-1
689,37,216.93,142.85,58.97,185.60,1,-1,-1,-1
689,38,271.01,139.50,62.04,192.65,1,-1,-1,-1
689,39,-4.65,-75.46,78.64,308.61,1,-1,-1,-1
689,40,358.46,111.54,95.86,279.91,1,-1,-1,-1
689,41,-4.66,74.68,71.55,249.25,1,-1,-1,-1
690,34,513.38,1.38,178.29,479.18,1,-1,-1,-1
690,36,73.82,29.21,174.02,454.28,1,-1,-1,-1
690,37,216.60,143.01,58.97,185.60,1,-1,-1,-1
690,38,269.26,137.97,60.87,192.84,1,-1,-1,-1
690,39,-5.56,-83.39,78.64,308.61,1,-1,-1,-1
690,40,356.13,109.78,95.94,280.48,1,-1,-1,-1
690,41,-8.57,76.53,71.64,250.80,1,-1,-1,-1
691,34,516.90,1.35,178.29,479.18,1,-1,-1,-1
691,36,78.02,29.89,171.26,453.83,1,-1,-1,-1
691,37,216.27,143.17,58.97,185.60,1,-1,-1,-1
691,38,267.88,137.67,59.54,192.75,1,-1,-1,-1
691,39,-6.47,-91.32,78.64,308.61,1,-1,-1,-1
691,40,353.66,109.11,96.23,280.96,1,-1,-1,-1
691,41,-6.85,97.52,67.72,233.65,1,-1,-1,-1
692,34,520.42,1.32,178.29,479.18,1,-1,-1,-1
692,36,82.91,28.86,168.05,454.50,1,-1,-1,-1
692,37,215.93,143.32,58.97,185.60,1,-1,-1,-1
692,38,266.17,138.30,58.93,192.07,1,-1,-1,-1
692,39,-7.37,-99.25,78.64,308.61,1,-1,-1,-1
692,40,351.38,107.83,96.71,281.71,1,-1,-1,-1
692,41,-5.11,115.51,64.74,217.81,1,-1,-1,-1
693,34,512.15,1.14,168.09,479.39,1,-1,-1,-1
693,36,89.02,28.14,164.84,454.18,1,-1,-1,-1
693,37,215.60,143.48,58.97,185.60,1,-1,-1,-1
693,38,264.92,137.34,58.37,191.41,1,-1,-1,-1
693,39,-8.28,-107.18,78.64,308.61,1,-1,-1,-1
693,40,349.76,106.13,97.34,282.57,1,-1,-1,-1
693,41,-11.46,114.99,64.74,217.81,1,-1,-1,-1
694,34,515.08,1.10,168.09,479.39,1,-1,-1,-1
694,36,94.44,26.44,161.29,454.51,1,-1,-1,-1
694,37,215.27,143.64,58.97,185.60,1,-1,-1,-1
694,38,264.83,135.64,57.53,190.20,1,-1,-1,-1
694,39,-9.19,-115.11,78.64,308.61,1,-1,-1,-1
694,40,349.03,104.20,96.61,282.18,1,-1,-1,-1
694,41,-17.81,114.47,64.74,217.81,1,-1,-1,-1
695,34,518.00,1.06,168.09,479.39,1,-1,-1,-1
695,36,98.98,26.76,158.80,453.62,1,-1,-1,-1
695,37,214.94,143.79,58.97,185.60,1,-1,-1,-1
695,38,264.64,134.06,57.06,188.67,1,-1,-1,-1
695,39,-10.09,-123.04,78.64,308.61,1,-1,-1,-1
695,40,346.95,102.66,96.82,283.10,1,-1,-1,-1
695,41,-24.15,113.94,64.74,217.81,1,-1,-1,-1
696,34,520.93,1.03,168.09,479.39,1,-1,-1,-1
696,36,103.97,27.31,156.51,453.50,1,-1,-1,-1
696,37,214.61,143.95,58.97,185.60,1,-1,-1,-1
696,38,265.19,133.69,56.22,188.19,1,-1,-1,-1
696,39,-11.00,-130.97,78.64,308.61,1,-1,-1,-1
696,40,345.65,100.75,97.36,284.38,1,-1,-1,-1
696,41,-14.22,115.47,69.14,218.43,1,-1,-1,-1
697,34,523.86,0.99,168.09,479.39,1,-1,-1,-1
697,36,109.27,28.39,155.09,452.96,1,-1,-1,-1
697,37,214.27,144.11,58.97,185.60,1,-1,-1,-1
697,38,265.49,133.91,56.06,187.89,1,-1,-1,-1
697,39,-11.91,-138.90,78.64,308.61,1,-1,-1,-1
697,40,344.99,99.70,96.96,284.53,1,-1,-1,-1
697,41,-10.59,115.70,71.97,219.79,1,-1,-1,-1
698,34,526.78,0.96,168.09,479.39,1,-1,-1,-1
698,36,114.84,28.08,153.43,452.62,1,-1,-1,-1
698,37,213.94,144.26,58.97,185.60,1,-1,-1,-1
698,38,265.48,133.57,56.23,187.47,1,-1,-1,-1
698,39,-12.82,-146.83,78.64,308.61,1,-1,-1,-1
698,40,342.53,99.28,97.83,284.26,1,-1,-1,-1
698,41,-10.16,113.43,72.10,222.90,1,-1,-1,-1
699,34,501.02,0.96,167.38,479.56,1,-1,-1,-1
699,36,121.56,27.84,151.17,451.87,1,-1,-1,-1
699,37,213.61,144.42,58.97,185.60,1,-1,-1,-1
699,38,265.49,134.18,56.12,187.23,1,-1,-1,-1
699,39,-13.72,-154.76,78.64,308.61,1,-1,-1,-1
699,40,339.57,99.93,99.08,283.54,1,-1,-1,-1
699,41,-10.06,111.56,70.10,226.64,1,-1,-1,-1
700,34,502.61,0.93,167.38,479.56,1,-1,-1,-1
700,36,125.22,31.89,150.67,447.59,1,-1,-1,-1
700,37,213.28,144.58,58.97,185.60,1,-1,-1,-1
700,38,265.22,135.20,56.19,187.19,1,-1,-1,-1
700,39,-14.63,-162.69,78.64,308.61,1,-1,-1,-1
700,40,336.62,100.85,101.05,285.01,1,-1,-1,-1
700,41,-6.33,118.45,68.89,222.39,1,-1,-1,-1
701,34,504.19,0.89,167.38,479.56,1,-1,-1,-1
701,36,125.78,32.50,152.67,445.67,1,-1,-1,-1
701,37,212.95,144.73,58.97,185.60,1,-1,-1,-1
701,38,264.51,135.16,55.78,184.83,1,-1,-1,-1
701,39,-15.54,-170.62,78.64,308.61,1,-1,-1,-1
701,40,332.37,100.63,103.23,286.22,1,-1,-1,-1
701,41,-1.62,124.79,66.65,214.25,1,-1,-1,-1
702,34,505.78,0.86,167.38,479.56,1,-1,-1,-1
702,36,124.74,33.11,155.28,445.04,1,-1,-1,-1
702,37,212.62,144.89,58.97,185.60,1,-1,-1,-1
702,38,262.78,135.04,55.14,181.80,1,-1,-1,-1
702,39,-16.44,-178.55,78.64,308.61,1,-1,-1,-1
702,40,326.57,101.48,106.11,286.67,1,-1,-1,-1
702,41,1.12,129.94,64.47,207.54,1,-1,-1,-1
703,34,473.79,0.91,177.48,479.67,1,-1,-1,-1
703,36,124.06,35.06,158.18,444.36,1,-1,-1,-1
703,37,212.28,145.05,58.97,185.60,1,-1,-1,-1
703,38,262.21,134.99,55.14,181.80,1,-1,-1,-1
703,39,-17.35,-186.48,78.64,308.61,1,-1,-1,-1
703,40,320.43,101.95,108.73,286.74,1,-1,-1,-1
703,41,2.79,134.99,62.27,202.77,1,-1,-1,-1
704,34,456.03,1.61,186.49,479.31,1,-1,-1,-1
704,36,123.43,38.59,160.35,442.47,1,-1,-1,-1
704,37,211.95,145.20,58.97,185.60,1,-1,-1,-1
704,38,261.65,134.95,55.14,181.80,1,-1,-1,-1
704,39,-18.26,-194.41,78.64,308.61,1,-1,-1,-1
704,40,314.05,102.94,111.55,285.45,1,-1,-1,-1
704,41,3.82,135.28,63.81,211.48,1,-1,-1,-1
705,34,442.64,1.44,194.82,479.44,1,-1,-1,-1
705,36,121.93,41.38,162.38,438.93,1,-1,-1,-1
705,37,211.62,145.36,58.97,185.60,1,-1,-1,-1
705,38,261.09,134.91,55.14,181.80,1,-1,-1,-1
705,40,308.59,102.14,112.99,286.37,1,-1,-1,-1
705,41,5.57,132.08,65.24,223.10,1,-1,-1,-1
706,34,430.11,1.33,203.40,479.54,1,-1,-1,-1
706,36,122.91,39.86,161.41,438.55,1,-1,-1,-1
706,37,211.29,145.52,58.97,185.60,1,-1,-1,-1
706,38,260.52,134.87,55.14,181.80,1,-1,-1,-1
706,40,303.27,100.55,113.24,287.07,1,-1,-1,-1
706,41,4.92,132.54,65.26,231.97,1,-1,-1,-1
707,34,418.50,1.24,211.73,479.61,1,-1,-1,-1
707,36,122.89,39.16,160.33,437.57,1,-1,-1,-1
707,37,210.96,145.67,58.97,185.60,1,-1,-1,-1
707,38,259.96,134.83,55.14,181.80,1,-1,-1,-1
707,40,297.73,99.54,113.53,287.77,1,-1,-1,-1
707,41,2.96,130.95,64.68,241.56,1,-1,-1,-1
708,34,406.85,1.18,220.27,479.67,1,-1,-1,-1
708,36,122.94,38.12,158.99,437.09,1,-1,-1,-1
708,37,210.62,145.83,58.97,185.60,1,-1,-1,-1
708,38,259.40,134.79,55.14,181.80,1,-1,-1,-1
708,40,292.72,100.23,113.26,287.88,1,-1,-1,-1
708,41,5.55,122.05,69.62,250.65,1,-1,-1,-1
709,34,393.52,1.13,230.07,479.72,1,-1,-1,-1
709,36,123.75,36.51,157.27,437.43,1,-1,-1,-1
709,37,210.29,145.99,58.97,185.60,1,-1,-1,-1
709,38,250.89,135.78,53.40,173.23,1,-1,-1,-1
709,40,287.24,100.01,113.55,288.18,1,-1,-1,-1
709,41,4.57,112.74,73.90,261.43,1,-1,-1,-1
710,34,384.61,1.09,236.83,479.76,1,-1,-1,-1
710,36,122.86,36.57,156.72,437.78,1,-1,-1,-1
710,37,209.96,146.14,58.97,185.60,1,-1,-1,-1
710,38,249.88,135.80,53.40,173.23,1,-1,-1,-1
710,40,282.43,100.55,113.48,287.97,1,-1,-1,-1
710,41,2.89,105.31,76.25,269.31,1,-1,-1,-1
711,34,375.91,1.05,243.46,479.80,1,-1,-1,-1
711,36,121.86,36.24,155.65,438.16,1,-1,-1,-1
711,37,209.63,146.30,58.97,185.60,1,-1,-1,-1
711,38,248.87,135.82,53.40,173.23,1,-1,-1,-1
711,40,277.93,98.66,113.47,289.30,1,-1,-1,-1
711,41,1.58,95.73,76.58,280.11,1,-1,-1,-1
712,34,366.62,1.03,250.55,479.82,1,-1,-1,-1
712,36,119.18,35.72,155.47,439.57,1,-1,-1,-1
712,37,209.30,146.46,58.97,185.60,1,-1,-1,-1
712,38,247.86,135.84,53.40,173.23,1,-1,-1,-1
712,40,273.38,97.97,112.89,289.54,1,-1,-1,-1
712,41,4.18,90.09,75.40,279.57,1,-1,-1,-1
713,34,358.36,1.00,256.90,479.85,1,-1,-1,-1
713,36,116.63,35.15,155.11,439.31,1,-1,-1,-1
713,37,208.96,146.61,58.97,185.60,1,-1,-1,-1
713,38,246.84,135.85,53.40,173.23,1,-1,-1,-1
713,40,269.19,96.83,112.95,290.01,1,-1,-1,-1
713,41,5.91,89.06,76.48,275.07,1,-1,-1,-1
714,34,350.05,0.99,263.45,479.87,1,-1,-1,-1
714,36,115.10,32.76,154.27,439.28,1,-1,-1,-1
714,37,208.63,146.77,58.97,185.60,1,-1,-1,-1
714,38,245.83,135.87,53.40,173.23,1,-1,-1,-1
714,40,266.45,95.46,112.59,291.56,1,-1,-1,-1
714,41,6.69,87.98,77.86,271.64,1,-1,-1,-1
715,34,345.95,1.47,267.20,479.55,1,-1,-1,-1
715,36,112.76,29.86,154.88,438.38,1,-1,-1,-1
715,37,208.30,146.93,58.97,185.60,1,-1,-1,-1
715,38,244.82,135.89,53.40,173.23,1,-1,-1,-1
715,40,265.27,94.13,112.38,292.86,1,-1,-1,-1
715,41,6.96,85.88,80.00,269.50,1,-1,-1,-1
716,34,345.82,1.40,268.33,479.60,1,-1,-1,-1
716,36,109.55,29.23,156.55,435.36,1,-1,-1,-1
716,37,207.97,147.08,58.97,185.60,1,-1,-1,-1
716,38,243.81,135.90,53.40,173.23,1,-1,-1,-1
716,40,265.65,94.54,112.01,293.50,1,-1,-1,-1
716,41,7.90,83.29,81.64,268.45,1,-1,-1,-1
717,34,341.69,1.49,272.18,479.54,1,-1,-1,-1
717,36,106.74,29.21,158.73,433.67,1,-1,-1,-1
717,37,207.64,147.24,58.97,185.60,1,-1,-1,-1
717,38,242.80,135.92,53.40,173.23,1,-1,-1,-1
717,40,267.53,94.49,111.28,295.17,1,-1,-1,-1
717,41,7.56,80.92,84.64,268.29,1,-1,-1,-1
718,34,340.71,1.40,273.97,479.60,1,-1,-1,-1
718,36,105.82,29.59,160.09,433.28,1,-1,-1,-1
718,38,241.79,135.94,53.40,173.23,1,-1,-1,-1
718,40,269.73,95.91,111.77,295.10,1,-1,-1,-1
718,41,6.71,78.44,87.44,270.94,1,-1,-1,-1
719,34,341.91,1.33,274.32,479.66,1,-1,-1,-1
719,36,103.52,33.71,162.23,430.62,1,-1,-1,-1
719,38,240.78,135.95,53.40,173.23,1,-1,-1,-1
719,40,273.16,97.05,111.73,295.54,1,-1,-1,-1
719,41,5.81,75.85,90.63,275.47,1,-1,-1,-1
720,34,343.30,1.26,274.53,479.70,1,-1,-1,-1
720,36,104.86,36.67,161.33,428.30,1,-1,-1,-1
720,38,239.76,135.97,53.40,173.23,1,-1,-1,-1
720,40,276.85,97.83,111.37,295.67,1,-1,-1,-1
720,41,4.93,73.21,93.05,280.02,1,-1,-1,-1
721,34,346.22,1.21,273.69,479.74,1,-1,-1,-1
721,36,105.53,39.66,160.69,423.91,1,-1,-1,-1
721,38,238.75,135.99,53.40,173.23,1,-1,-1,-1
721,40,280.35,97.77,111.04,296.61,1,-1,-1,-1
721,41,4.00,67.75,95.18,287.99,1,-1,-1,-1
722,34,349.77,1.16,272.39,479.78,1,-1,-1,-1
722,36,107.55,41.35,159.69,420.85,1,-1,-1,-1
722,38,237.74,136.01,53.40,173.23,1,-1,-1,-1
722,40,284.10,98.11,111.26,297.15,1,-1,-1,-1
722,41,3.09,63.02,96.95,297.27,1,-1,-1,-1
723,34,353.92,1.12,270.64,479.81,1,-1,-1,-1
723,36,112.54,44.56,157.16,417.27,1,-1,-1,-1
723,38,244.69,149.97,51.12,166.21,1,-1,-1,-1
723,40,288.44,99.02,110.90,297.06,1,-1,-1,-1
723,41,2.25,55.75,98.68,309.14,1,-1,-1,-1
723,42,114.60,199.20,23.50,51.40,1,-1,-1,-1
724,34,356.35,1.09,269.95,479.83,1,-1,-1,-1
724,36,116.95,47.01,154.64,414.77,1,-1,-1,-1
724,38,246.35,153.63,50.91,162.68,1,-1,-1,-1
724,40,293.03,100.47,110.42,296.69,1,-1,-1,-1
724,41,1.48,49.26,100.28,319.12,1,-1,-1,-1
724,42,117.78,196.02,23.07,52.10,1,-1,-1,-1
724,43,86.20,187.70,29.40,77.20,1,-1,-1,-1
724,44,135.80,197.80,18.00,51.40,1,-1,-1,-1
725,34,358.81,1.06,269.18,479.85,1,-1,-1,-1
725,36,122.06,49.07,151.37,412.11,1,-1,-1,-1
725,38,248.93,155.53,50.45,160.61,1,-1,-1,-1
725,40,296.67,100.46,110.43,297.03,1,-1,-1,-1
725,41,0.86,40.01,99.67,330.41,1,-1,-1,-1
725,42,120.35,193.53,22.92,52.72,1,-1,-1,-1
725,43,89.28,187.10,29.20,76.57,1,-1,-1,-1
725,44,137.59,192.82,17.73,51.92,1,-1,-1,-1
726,34,363.43,1.43,266.90,479.61,1,-1,-1,-1
726,36,127.79,51.31,147.69,411.48,1,-1,-1,-1
726,38,250.87,156.80,50.23,159.16,1,-1,-1,-1
726,40,300.77,101.15,110.11,296.59,1,-1,-1,-1
726,41,1.11,32.44,98.41,344.53,1,-1,-1,-1
726,42,124.26,195.20,22.64,52.95,1,-1,-1,-1
726,43,91.59,187.23,28.83,76.06,1,-1,-1,-1
726,44,141.98,197.83,17.11,51.52,1,-1,-1,-1
727,34,367.05,1.35,265.20,479.66,1,-1,-1,-1
727,36,133.28,53.64,144.29,410.32,1,-1,-1,-1
727,38,252.45,156.60,50.38,158.36,1,-1,-1,-1
727,40,305.08,100.42,110.43,296.33,1,-1,-1,-1
727,41,1.27,23.70,96.35,356.95,1,-1,-1,-1
727,42,126.94,194.56,22.55,53.04,1,-1,-1,-1
727,43,93.03,187.53,28.62,75.31,1,-1,-1,-1
727,44,145.13,198.09,17.11,51.52,1,-1,-1,-1
728,34,370.92,1.29,263.25,479.71,1,-1,-1,-1
728,36,137.71,55.25,140.83,408.12,1,-1,-1,-1
728,38,253.93,156.09,50.22,157.75,1,-1,-1,-1
728,40,307.82,99.68,110.46,296.51,1,-1,-1,-1
728,41,1.03,31.82,93.50,356.67,1,-1,-1,-1
728,42,126.27,194.43,22.58,53.09,1,-1,-1,-1
728,43,90.92,185.82,28.24,75.32,1,-1,-1,-1
728,44,148.29,198.34,17.11,51.52,1,-1,-1,-1
729,34,372.37,1.23,262.82,479.74,1,-1,-1,-1
729,36,141.55,56.64,138.32,404.27,1,-1,-1,-1
729,38,255.23,156.09,50.31,156.02,1,-1,-1,-1
729,40,310.41,99.08,110.63,296.98,1,-1,-1,-1
729,41,0.51,28.62,93.50,356.67,1,-1,-1,-1
729,42,124.83,194.67,22.52,52.86,1,-1,-1,-1
729,43,88.86,185.80,27.92,75.03,1,-1,-1,-1
729,44,151.44,198.59,17.11,51.52,1,-1,-1,-1
730,34,372.63,1.18,263.12,479.78,1,-1,-1,-1
730,36,143.39,58.94,136.34,400.35,1,-1,-1,-1
730,38,256.73,157.65,50.05,155.09,1,-1,-1,-1
730,40,312.77,98.77,109.67,299.48,1,-1,-1,-1
730,41,-0.02,25.42,93.50,356.67,1,-1,-1,-1
730,42,123.37,195.94,22.44,53.34,1,-1,-1,-1
730,43,85.61,187.22,28.14,75.41,1,-1,-1,-1
730,44,154.59,198.85,17.11,51.52,1,-1,-1,-1
731,34,372.86,1.14,263.39,479.81,1,-1,-1,-1
731,36,145.73,61.98,133.74,397.72,1,-1,-1,-1
731,38,258.51,159.80,49.40,154.70,1,-1,-1,-1
731,40,314.66,100.99,110.20,300.64,1,-1,-1,-1
731,41,-0.55,22.22,93.50,356.67,1,-1,-1,-1
731,42,122.48,198.29,22.42,53.69,1,-1,-1,-1
731,43,82.51,189.65,28.33,75.92,1,-1,-1,-1
731,44,157.74,199.10,17.11,51.52,1,-1,-1,-1
732,34,372.81,1.11,263.82,479.83,1,-1,-1,-1
732,36,147.10,64.96,132.25,395.79,1,-1,-1,-1
732,38,259.44,161.36,49.20,154.82,1,-1,-1,-1
732,40,316.23,105.97,109.45,299.39,1,-1,-1,-1
732,41,-1.07,19.02,93.50,356.67,1,-1,-1,-1
732,42,121.77,200.93,22.36,53.87,1,-1,-1,-1
732,43,78.77,191.26,28.75,76.68,1,-1,-1,-1
732,44,160.89,199.35,17.11,51.52,1,-1,-1,-1
733,34,375.10,3.37,262.64,478.33,1,-1,-1,-1
733,36,147.27,69.57,132.70,394.08,1,-1,-1,-1
733,38,260.79,163.05,48.39,153.62,1,-1,-1,-1
733,40,316.97,108.92,108.75,299.75,1,-1,-1,-1
733,41,-1.60,15.82,93.50,356.67,1,-1,-1,-1
733,42,120.52,203.28,22.37,54.08,1,-1,-1,-1
733,43,73.91,192.44,29.60,77.91,1,-1,-1,-1
733,44,164.04,199.61,17.11,51.52,1,-1,-1,-1
734,34,377.14,5.66,261.58,476.78,1,-1,-1,-1
734,36,146.32,75.28,134.06,391.62,1,-1,-1,-1
734,38,261.55,165.06,47.93,152.92,1,-1,-1,-1
734,40,317.79,111.29,108.49,300.51,1,-1,-1,-1
734,41,-2.13,12.62,93.50,356.67,1,-1,-1,-1
734,42,119.33,205.85,22.57,54.32,1,-1,-1,-1
734,43,68.60,193.88,30.40,79.54,1,-1,-1,-1
734,44,167.19,199.86,17.11,51.52,1,-1,-1,-1
735,34,379.26,5.93,260.41,476.56,1,-1,-1,-1
735,36,145.40,78.42,134.50,389.45,1,-1,-1,-1
735,38,261.91,166.56,47.63,151.57,1,-1,-1,-1
735,40,318.06,111.54,107.85,300.23,1,-1,-1,-1
735,41,-2.65,9.42,93.50,356.67,1,-1,-1,-1
735,42,117.69,205.43,22.52,55.14,1,-1,-1,-1
735,43,63.60,194.61,31.26,80.46,1,-1,-1,-1
735,44,170.35,200.11,17.11,51.52,1,-1,-1,-1
736,34,380.39,5.57,259.86,476.75,1,-1,-1,-1
736,36,145.44,80.44,133.52,385.47,1,-1,-1,-1
736,38,261.51,167.54,47.69,151.04,1,-1,-1,-1
736,40,318.30,111.81,107.48,299.94,1,-1,-1,-1
736,41,-3.18,6.22,93.50,356.67,1,-1,-1,-1
736,42,117.68,206.16,22.52,55.14,1,-1,-1,-1
736,43,58.29,193.91,32.05,81.61,1,-1,-1,-1
736,44,173.50,200.37,17.11,51.52,1,-1,-1,-1
737,34,379.64,5.59,260.52,476.69,1,-1,-1,-1
737,36,145.53,80.97,131.89,382.48,1,-1,-1,-1
737,38,261.05,168.59,47.65,150.21,1,-1,-1,-1
737,40,318.35,110.56,107.58,301.26,1,-1,-1,-1
737,41,-3.70,3.02,93.50,356.67,1,-1,-1,-1
737,42,117.67,206.88,22.52,55.14,1,-1,-1,-1
737,43,52.50,192.53,33.32,82.82,1,-1,-1,-1
737,44,176.65,200.62,17.11,51.52,1,-1,-1,-1
738,34,379.13,5.06,261.01,476.99,1,-1,-1,-1
738,36,146.07,81.73,129.74,379.58,1,-1,-1,-1
738,38,260.70,169.02,47.58,149.57,1,-1,-1,-1
738,40,318.02,111.81,107.49,300.44,1,-1,-1,-1
738,41,-4.23,-0.18,93.50,356.67,1,-1,-1,-1
738,42,117.66,207.61,22.52,55.14,1,-1,-1,-1
738,43,47.04,190.88,34.37,84.02,1,-1,-1,-1
738,44,179.80,200.87,17.11,51.52,1,-1,-1,-1
739,34,379.47,4.97,260.90,477.01,1,-1,-1,-1
739,36,145.48,82.33,127.84,376.66,1,-1,-1,-1
739,38,260.45,169.05,47.87,148.90,1,-1,-1,-1
739,40,317.31,114.09,106.92,299.08,1,-1,-1,-1
739,41,-4.76,-3.38,93.50,356.67,1,-1,-1,-1
739,42,117.64,208.34,22.52,55.14,1,-1,-1,-1
739,43,40.79,189.51,35.50,85.11,1,-1,-1,-1
739,44,182.95,201.13,17.11,51.52,1,-1,-1,-1
740,34,379.06,4.31,261.28,477.40,1,-1,-1,-1
740,36,145.21,82.78,125.62,375.03,1,-1,-1,-1
740,38,260.71,168.81,48.33,148.35,1,-1,-1,-1
740,40,316.78,115.03,107.22,297.52,1,-1,-1,-1
740,41,-5.28,-6.58,93.50,356.67,1,-1,-1,-1
740,42,117.63,209.06,22.52,55.14,1,-1,-1,-1
740,43,34.76,187.79,36.44,86.52,1,-1,-1,-1
740,44,186.10,201.38,17.11,51.52,1,-1,-1,-1
741,34,380.03,3.74,260.73,477.74,1,-1,-1,-1
741,36,145.01,83.08,123.65,371.88,1,-1,-1,-1
741,38,261.20,167.87,48.26,147.74,1,-1,-1,-1
741,40,317.41,114.24,106.65,298.03,1,-1,-1,-1
741,41,-5.81,-9.78,93.50,356.67,1,-1,-1,-1
741,42,117.62,209.79,22.52,55.14,1,-1,-1,-1
741,43,28.60,185.39,37.73,88.13,1,-1,-1,-1
741,44,189.25,201.63,17.11,51.52,1,-1,-1,-1
742,34,381.84,3.24,259.59,478.04,1,-1,-1,-1
742,36,144.32,84.75,122.32,369.94,1,-1,-1,-1
742,38,261.59,167.53,48.33,146.98,1,-1,-1,-1
742,40,317.00,113.69,107.11,297.33,1,-1,-1,-1
742,41,-6.33,-12.98,93.50,356.67,1,-1,-1,-1
742,42,117.60,210.52,22.52,55.14,1,-1,-1,-1
742,43,22.77,183.46,39.18,89.96,1,-1,-1,-1
742,44,192.40,201.89,17.11,51.52,1,-1,-1,-1
743,34,381.43,2.82,259.91,478.30,1,-1,-1,-1
743,36,143.84,85.36,120.60,366.58,1,-1,-1,-1
743,38,262.52,167.08,48.26,147.01,1,-1,-1,-1
743,40,315.16,112.38,108.00,296.66,1,-1,-1,-1
743,41,-6.86,-16.17,93.50,356.67,1,-1,-1,-1
743,42,117.59,211.25,22.52,55.14,1,-1,-1,-1
743,43,17.16,181.27,40.74,92.06,1,-1,-1,-1
743,44,195.56,202.14,17.11,51.52,1,-1,-1,-1
744,34,380.97,2.46,260.25,478.52,1,-1,-1,-1
744,36,144.29,86.55,119.05,362.65,1,-1,-1,-1
744,38,263.75,166.21,48.27,147.53,1,-1,-1,-1
744,40,316.09,111.61,107.69,295.86,1,-1,-1,-1
744,41,26.16,59.53,92.57,325.81,1,-1,-1,-1
744,42,117.58,211.97,22.52,55.14,1,-1,-1,-1
744,43,11.80,178.20,42.06,96.86,1,-1,-1,-1
744,44,198.71,202.39,17.11,51.52,1,-1,-1,-1
745,34,382.11,2.15,259.52,478.72,1,-1,-1,-1
745,36,144.73,86.01,117.58,359.56,1,-1,-1,-1
745,38,264.93,165.02,48.71,148.22,1,-1,-1,-1
745,40,315.33,111.29,107.79,296.27,1,-1,-1,-1
745,41,26.34,73.46,95.01,310.95,1,-1,-1,-1
745,42,117.57,212.70,22.52,55.14,1,-1,-1,-1
745,43,7.52,177.49,42.06,96.86,1,-1,-1,-1
745,44,201.86,202.65,17.11,51.52,1,-1,-1,-1
746,34,381.99,1.88,259.61,478.89,1,-1,-1,-1
746,36,147.27,85.83,115.59,356.91,1,-1,-1,-1
746,38,267.00,164.51,49.01,148.21,1,-1,-1,-1
746,40,315.86,109.16,108.53,298.17,1,-1,-1,-1
746,41,22.05,79.08,97.57,305.69,1,-1,-1,-1
746,42,117.55,213.43,22.52,55.14,1,-1,-1,-1
746,43,3.24,176.77,42.06,96.86,1,-1,-1,-1
746,44,205.01,202.90,17.11,51.52,1,-1,-1,-1
747,34,385.12,1.66,257.53,479.03,1,-1,-1,-1
747,36,149.39,85.56,114.02,355.36,1,-1,-1,-1
747,38,269.28,163.74,49.03,148.12,1,-1,-1,-1
747,40,315.76,109.03,108.83,298.37,1,-1,-1,-1
747,41,17.37,80.87,99.46,305.54,1,-1,-1,-1
747,42,117.54,214.16,22.52,55.14,1,-1,-1,-1
747,43,-1.04,176.06,42.06,96.86,1,-1,-1,-1
747,44,208.16,203.15,17.11,51.52,1,-1,-1,-1
748,34,386.69,1.79,256.44,478.95,1,-1,-1,-1
748,36,151.63,85.74,113.02,353.95,1,-1,-1,-1
748,38,272.41,163.03,48.79,148.33,1,-1,-1,-1
748,40,316.09,108.69,108.60,298.31,1,-1,-1,-1
748,41,13.67,79.91,99.31,308.72,1,-1,-1,-1
748,42,117.53,214.88,22.52,55.14,1,-1,-1,-1
748,43,-5.32,175.35,42.06,96.86,1,-1,-1,-1
748,44,211.31,203.41,17.11,51.52,1,-1,-1,-1
749,34,389.54,1.59,254.49,479.09,1,-1,-1,-1
749,36,153.34,87.19,112.87,352.62,1,-1,-1,-1
749,38,275.31,163.62,49.40,148.15,1,-1,-1,-1
749,40,316.47,109.36,108.27,297.55,1,-1,-1,-1
749,41,10.96,75.47,96.28,315.88,1,-1,-1,-1
749,42,117.52,215.61,22.52,55.14,1,-1,-1,-1
749,43,-9.59,174.63,42.06,96.86,1,-1,-1,-1
749,44,214.46,203.66,17.11,51.52,1,-1,-1,-1
750,34,396.29,1.42,249.89,479.21,1,-1,-1,-1
750,36,156.30,87.31,112.58,351.87,1,-1,-1,-1
750,38,279.59,164.34,49.24,148.30,1,-1,-1,-1
750,40,317.32,109.24,108.50,296.60,1,-1,-1,-1
750,41,10.07,86.31,91.62,293.61,1,-1,-1,-1
750,42,117.50,216.34,22.52,55.14,1,-1,-1,-1
750,43,-13.87,173.92,42.06,96.86,1,-1,-1,-1
750,44,217.62,203.91,17.11,51.52,1,-1,-1,-1
751,34,397.27,1.34,249.89,479.21,1,-1,-1,-1
751,36,161.21,88.19,111.32,348.31,1,-1,-1,-1
751,38,280.70,164.57,49.24,148.30,1,-1,-1,-1
751,40,318.69,108.17,108.82,296.55,1,-1,-1,-1
751,41,10.07,87.60,91.62,293.61,1,-1,-1,-1
751,42,117.49,217.06,22.52,55.14,1,-1,-1,-1
751,43,-18.15,173.21,42.06,96.86,1,-1,-1,-1
751,44,220.77,204.17,17.11,51.52,1,-1,-1,-1
752,34,401.01,4.54,247.09,477.21,1,-1,-1,-1
752,36,166.14,87.71,110.61,344.56,1,-1,-1,-1
752,38,277.81,161.02,48.27,149.64,1,-1,-1,-1
752,40,320.29,107.76,109.34,296.10,1,-1,-1,-1
752,41,10.08,88.89,91.62,293.61,1,-1,-1,-1
752,42,117.48,217.79,22.52,55.14,1,-1,-1,-1
752,43,-22.43,172.49,42.06,96.86,1,-1,-1,-1
753,34,403.72,8.35,244.91,474.71,1,-1,-1,-1
753,36,171.09,88.69,109.37,340.39,1,-1,-1,-1
753,38,276.05,158.95,48.60,149.08,1,-1,-1,-1
753,40,321.88,107.50,109.80,295.52,1,-1,-1,-1
753,41,10.09,90.18,91.62,293.61,1,-1,-1,-1
753,42,117.47,218.52,22.52,55.14,1,-1,-1,-1
753,43,-12.42,167.65,39.05,99.94,1,-1,-1,-1
754,34,404.97,8.71,244.91,474.71,1,-1,-1,-1
754,36,176.99,88.20,107.83,337.54,1,-1,-1,-1
754,38,276.78,157.97,48.10,147.82,1,-1,-1,-1
754,40,324.84,107.56,109.93,295.11,1,-1,-1,-1
754,41,10.09,91.47,91.62,293.61,1,-1,-1,-1
754,42,117.45,219.25,22.52,55.14,1,-1,-1,-1
754,43,-8.94,169.14,36.72,100.48,1,-1,-1,-1
755,34,406.23,9.08,244.91,474.71,1,-1,-1,-1
755,36,182.61,87.36,106.64,334.99,1,-1,-1,-1
755,38,277.75,156.70,47.86,147.93,1,-1,-1,-1
755,40,327.97,107.78,109.56,294.17,1,-1,-1,-1
755,41,10.10,92.76,91.62,293.61,1,-1,-1,-1
755,42,117.44,219.97,22.52,55.14,1,-1,-1,-1
755,43,-8.12,165.13,36.37,104.09,1,-1,-1,-1
756,34,407.48,9.44,244.91,474.71,1,-1,-1,-1
756,36,188.21,88.52,105.78,332.53,1,-1,-1,-1
756,38,279.64,155.98,47.80,146.85,1,-1,-1,-1
756,40,331.76,107.15,109.26,294.16,1,-1,-1,-1
756,41,10.11,94.05,91.62,293.61,1,-1,-1,-1
756,42,117.43,220.70,22.52,55.14,1,-1,-1,-1
756,43,-7.86,163.18,35.98,107.40,1,-1,-1,-1
757,34,408.73,9.81,244.91,474.71,1,-1,-1,-1
757,36,192.64,89.34,106.04,330.28,1,-1,-1,-1
757,38,282.02,154.74,47.41,145.88,1,-1,-1,-1
757,40,335.33,106.02,109.20,294.32,1,-1,-1,-1
757,41,27.43,80.11,98.65,297.33,1,-1,-1,-1
757,42,117.41,221.43,22.52,55.14,1,-1,-1,-1
757,43,-7.05,161.40,33.60,110.14,1,-1,-1,-1
758,34,409.98,10.18,244.91,474.71,1,-1,-1,-1
758,36,197.48,89.68,105.76,327.99,1,-1,-1,-1
758,38,284.49,153.43,46.83,144.86,1,-1,-1,-1
758,40,337.94,103.70,109.37,295.23,1,-1,-1,-1
758,41,32.19,68.68,103.29,304.35,1,-1,-1,-1
758,42,117.40,222.15,22.52,55.14,1,-1,-1,-1
758,43,-9.59,160.32,33.60,110.14,1,-1,-1,-1
759,34,411.23,10.54,244.91,474.71,1,-1,-1,-1
759,36,200.25,88.58,106.82,326.44,1,-1,-1,-1
759,38,286.84,152.93,46.50,143.50,1,-1,-1,-1
759,40,340.32,102.55,110.20,295.19,1,-1,-1,-1
759,41,30.66,59.13,107.84,312.52,1,-1,-1,-1
759,42,117.39,222.88,22.52,55.14,1,-1,-1,-1
759,43,-12.12,159.24,33.60,110.14,1,-1,-1,-1
760,34,412.49,10.91,244.91,474.71,1,-1,-1,-1
760,36,201.03,86.92,108.52,325.25,1,-1,-1,-1
760,38,289.26,152.48,45.97,141.49,1,-1,-1,-1
760,40,342.61,101.08,110.90,296.18,1,-1,-1,-1
760,41,25.21,50.16,112.63,322.30,1,-1,-1,-1
760,42,117.38,223.61,22.52,55.14,1,-1,-1,-1
760,43,-14.66,158.17,33.60,110.14,1,-1,-1,-1
761,34,413.74,11.27,244.91,474.71,1,-1,-1,-1
761,36,201.76,83.68,111.18,324.72,1,-1,-1,-1
761,38,292.44,151.71,45.27,140.16,1,-1,-1,-1
761,40,345.71,100.11,110.72,296.83,1,-1,-1,-1
761,41,20.12,40.92,113.58,333.38,1,-1,-1,-1
761,42,117.36,224.34,22.52,55.14,1,-1,-1,-1
761,43,-17.20,157.09,33.60,110.14,1,-1,-1,-1
762,34,414.99,11.64,244.91,474.71,1,-1,-1,-1
762,36,201.55,82.31,113.83,323.65,1,-1,-1,-1
762,38,295.28,149.97,44.03,139.03,1,-1,-1,-1
762,40,348.49,98.52,110.75,297.78,1,-1,-1,-1
762,41,16.18,31.30,112.89,345.60,1,-1,-1,-1
762,42,117.35,225.06,22.52,55.14,1,-1,-1,-1
762,43,-19.73,156.01,33.60,110.14,1,-1,-1,-1
763,34,416.24,12.01,244.91,474.71,1,-1,-1,-1
763,36,201.42,80.31,116.36,322.64,1,-1,-1,-1
763,38,296.67,149.45,44.03,139.03,1,-1,-1,-1
763,40,350.70,95.48,111.46,298.46,1,-1,-1,-1
763,41,13.03,24.10,108.63,352.03,1,-1,-1,-1
763,42,117.34,225.79,22.52,55.14,1,-1,-1,-1
763,43,-22.27,154.94,33.60,110.14,1,-1,-1,-1
764,34,417.50,12.37,244.91,474.71,1,-1,-1,-1
764,36,202.92,80.12,117.40,321.22,1,-1,-1,-1
764,38,298.06,148.92,44.03,139.03,1,-1,-1,-1
764,40,353.34,93.79,111.78,297.86,1,-1,-1,-1
764,41,12.90,21.66,108.63,352.03,1,-1,-1,-1
764,42,117.33,226.52,22.52,55.14,1,-1,-1,-1
764,43,-24.81,153.86,33.60,110.14,1,-1,-1,-1
765,34,418.75,12.74,244.91,474.71,1,-1,-1,-1
765,36,205.79,80.96,117.53,319.34,1,-1,-1,-1
765,38,300.28,147.18,43.15,139.35,1,-1,-1,-1
765,40,355.79,92.30,112.06,298.73,1,-1,-1,-1
765,41,12.78,19.22,108.63,352.03,1,-1,-1,-1
765,42,117.31,227.24,22.52,55.14,1,-1,-1,-1
765,43,-27.34,152.79,33.60,110.14,1,-1,-1,-1
766,34,420.00,13.10,244.91,474.71,1,-1,-1,-1
766,36,209.47,81.93,116.91,317.26,1,-1,-1,-1
766,38,302.28,147.22,42.47,138.55,1,-1,-1,-1
766,40,357.51,90.65,112.10,299.84,1,-1,-1,-1
766,41,12.66,16.78,108.63,352.03,1,-1,-1,-1
766,42,117.30,227.97,22.52,55.14,1,-1,-1,-1
766,43,-29.88,151.71,33.60,110.14,1,-1,-1,-1
766,45,346.30,184.40,14.70,62.40,1,-1,-1,-1
766,46,205.90,158.60,31.00,119.60,1,-1,-1,-1
767,34,421.25,13.47,244.91,474.71,1,-1,-1,-1
767,36,212.85,82.46,115.14,314.75,1,-1,-1,-1
767,38,303.72,147.70,40.79,135.41,1,-1,-1,-1
767,40,358.42,89.85,111.97,300.58,1,-1,-1,-1
767,41,12.54,14.34,108.63,352.03,1,-1,-1,-1
767,42,117.29,228.70,22.52,55.14,1,-1,-1,-1
767,43,-32.42,150.63,33.60,110.14,1,-1,-1,-1
767,45,346.30,184.40,14.70,62.40,1,-1,-1,-1
767,46,189.88,153.33,34.23,120.92,1,-1,-1,-1
768,34,422.50,13.84,244.91,474.71,1,-1,-1,-1
768,36,216.02,83.74,112.70,312.50,1,-1,-1,-1
768,38,305.19,147.20,40.79,135.41,1,-1,-1,-1
768,40,358.54,90.91,111.73,300.28,1,-1,-1,-1
768,41,12.42,11.90,108.63,352.03,1,-1,-1,-1
768,42,117.27,229.43,22.52,55.14,1,-1,-1,-1
768,43,-34.96,149.56,33.60,110.14,1,-1,-1,-1
768,45,346.30,184.40,14.70,62.40,1,-1,-1,-1
768,46,182.46,155.12,36.33,122.40,1,-1,-1,-1
769,34,423.76,14.20,244.91,474.71,1,-1,-1,-1
769,36,218.43,83.17,110.83,311.49,1,-1,-1,-1
769,38,312.28,156.29,37.59,123.73,1,-1,-1,-1
769,40,357.56,92.04,111.34,300.11,1,-1,-1,-1
769,41,12.30,9.46,108.63,352.03,1,-1,-1,-1
769,42,117.26,230.15,22.52,55.14,1,-1,-1,-1
769,43,-37.49,148.48,33.60,110.14,1,-1,-1,-1
769,45,346.30,184.40,14.70,62.40,1,-1,-1,-1
769,46,177.40,153.78,37.98,124.62,1,-1,-1,-1
770,34,425.01,14.57,244.91,474.71,1,-1,-1,-1
770,36,220.60,82.75,109.28,310.54,1,-1,-1,-1
770,38,317.50,162.29,35.05,115.12,1,-1,-1,-1
770,40,356.75,93.05,110.81,299.12,1,-1,-1,-1
770,41,12.18,7.02,108.63,352.03,1,-1,-1,-1
770,42,117.25,230.88,22.52,55.14,1,-1,-1,-1
770,43,-40.03,147.41,33.60,110.14,1,-1,-1,-1
770,45,346.30,184.40,14.70,62.40,1,-1,-1,-1
770,46,173.13,151.68,39.62,126.74,1,-1,-1,-1
771,34,426.26,14.93,244.91,474.71,1,-1,-1,-1
771,36,221.24,83.61,108.47,309.10,1,-1,-1,-1
771,38,320.88,167.54,32.66,107.21,1,-1,-1,-1
771,40,355.38,93.42,110.54,298.37,1,-1,-1,-1
771,41,12.06,4.58,108.63,352.03,1,-1,-1,-1
771,42,117.24,231.61,22.52,55.14,1,-1,-1,-1
771,43,-42.57,146.33,33.60,110.14,1,-1,-1,-1
771,45,346.30,184.40,14.70,62.40,1,-1,-1,-1
771,46,165.25,148.46,41.72,129.61,1,-1,-1,-1
772,34,427.51,15.30,244.91,474.71,1,-1,-1,-1
772,36,221.17,83.84,108.04,308.12,1,-1,-1,-1
772,38,322.90,171.25,30.81,101.16,1,-1,-1,-1
772,40,353.74,93.38,109.75,297.73,1,-1,-1,-1
772,41,11.94,2.15,108.63,352.03,1,-1,-1,-1
772,42,117.22,232.33,22.52,55.14,1,-1,-1,-1
772,43,-45.10,145.25,33.60,110.14,1,-1,-1,-1
772,45,346.30,184.40,14.70,62.40,1,-1,-1,-1
772,46,158.31,145.74,43.57,132.05,1,-1,-1,-1
773,34,428.76,15.67,244.91,474.71,1,-1,-1,-1
773,36,220.29,83.66,108.14,307.16,1,-1,-1,-1
773,38,323.96,174.35,29.53,96.04,1,-1,-1,-1
773,40,352.43,92.76,108.34,297.10,1,-1,-1,-1
773,41,11.82,-0.29,108.63,352.03,1,-1,-1,-1
773,42,117.21,233.06,22.52,55.14,1,-1,-1,-1
773,43,-47.64,144.18,33.60,110.14,1,-1,-1,-1
773,45,346.30,184.40,14.70,62.40,1,-1,-1,-1
773,46,150.51,142.89,45.59,134.67,1,-1,-1,-1
774,34,430.02,16.03,244.91,474.71,1,-1,-1,-1
774,36,220.76,84.61,107.59,305.62,1,-1,-1,-1
774,38,324.60,176.89,28.46,91.57,1,-1,-1,-1
774,40,350.64,93.00,107.47,296.67,1,-1,-1,-1
774,41,11.70,-2.73,108.63,352.03,1,-1,-1,-1
774,42,117.20,233.79,22.52,55.14,1,-1,-1,-1
774,43,-50.18,143.10,33.60,110.14,1,-1,-1,-1
774,45,346.30,184.40,14.70,62.40,1,-1,-1,-1
774,46,145.45,139.87,46.86,137.59,1,-1,-1,-1
775,34,462.52,19.97,216.48,469.30,1,-1,-1,-1
775,36,219.87,84.75,107.88,302.65,1,-1,-1,-1
775,38,324.62,178.84,27.69,87.78,1,-1,-1,-1
775,40,349.04,93.63,106.83,296.38,1,-1,-1,-1
775,41,11.57,-5.17,108.63,352.03,1,-1,-1,-1
775,42,117.19,234.52,22.52,55.14,1,-1,-1,-1
775,43,-52.71,142.02,33.60,110.14,1,-1,-1,-1
775,45,346.30,184.40,14.70,62.40,1,-1,-1,-1
775,46,140.62,136.73,48.49,141.50,1,-1,-1,-1
776,34,460.02,31.25,196.46,456.63,1,-1,-1,-1
776,36,218.24,85.67,109.44,300.34,1,-1,-1,-1
776,38,324.27,180.73,27.27,84.52,1,-1,-1,-1
776,40,348.22,95.52,105.26,295.96,1,-1,-1,-1
776,41,11.45,-7.61,108.63,352.03,1,-1,-1,-1
776,42,117.17,235.24,22.52,55.14,1,-1,-1,-1
776,43,-55.25,140.95,33.60,110.14,1,-1,-1,-1
776,45,346.30,184.40,14.70,62.40,1,-1,-1,-1
776,46,135.98,135.76,49.73,145.00,1,-1,-1,-1
777,34,457.31,35.12,181.42,452.84,1,-1,-1,-1
777,36,216.82,86.38,110.27,298.61,1,-1,-1,-1
777,38,323.54,182.02,27.05,82.16,1,-1,-1,-1
777,40,346.88,96.03,104.56,296.63,1,-1,-1,-1
777,41,11.33,-10.05,108.63,352.03,1,-1,-1,-1
777,42,117.16,235.97,22.52,55.14,1,-1,-1,-1
777,43,-57.79,139.87,33.60,110.14,1,-1,-1,-1
777,45,346.30,184.40,14.70,62.40,1,-1,-1,-1
777,46,131.19,134.50,50.99,148.85,1,-1,-1,-1
778,34,450.91,35.54,175.02,448.48,1,-1,-1,-1
778,36,216.22,87.42,110.53,297.20,1,-1,-1,-1
778,38,323.31,183.59,26.73,80.02,1,-1,-1,-1
778,40,345.84,97.00,104.90,296.52,1,-1,-1,-1
778,41,11.21,-12.49,108.63,352.03,1,-1,-1,-1
778,43,-60.32,138.80,33.60,110.14,1,-1,-1,-1
778,45,346.30,184.40,14.70,62.40,1,-1,-1,-1
778,46,126.60,132.90,52.63,153.27,1,-1,-1,-1
779,34,443.32,34.77,173.88,449.05,1,-1,-1,-1
779,36,216.84,90.51,111.15,294.75,1,-1,-1,-1
779,38,325.11,185.40,25.97,78.26,1,-1,-1,-1
779,40,346.78,98.44,104.07,296.45,1,-1,-1,-1
779,41,11.09,-14.93,108.63,352.03,1,-1,-1,-1
779,43,-62.86,137.72,33.60,110.14,1,-1,-1,-1
779,45,346.30,184.40,14.70,62.40,1,-1,-1,-1
779,46,123.97,130.97,53.64,157.73,1,-1,-1,-1
779,47,74.80,169.50,30.10,109.70,1,-1,-1,-1
780,34,437.63,32.87,171.73,450.49,1,-1,-1,-1
780,36,218.17,93.38,111.00,292.05,1,-1,-1,-1
780,38,326.05,186.69,25.48,76.61,1,-1,-1,-1
780,40,349.06,98.64,102.94,296.50,1,-1,-1,-1
780,41,10.97,-17.37,108.63,352.03,1,-1,-1,-1
780,43,-65.40,136.64,33.60,110.14,1,-1,-1,-1
780,45,346.30,184.40,14.70,62.40,1,-1,-1,-1
780,46,121.42,129.29,54.82,161.81,1,-1,-1,-1
780,47,71.02,160.45,31.99,110.84,1,-1,-1,-1
781,34,424.99,32.90,171.93,449.08,1,-1,-1,-1
781,36,220.09,95.17,111.13,289.42,1,-1,-1,-1
781,38,327.18,187.85,24.91,75.06,1,-1,-1,-1
781,40,349.44,98.68,102.94,296.50,1,-1,-1,-1
781,41,19.81,105.89,91.40,280.97,1,-1,-1,-1
781,43,-67.93,135.57,33.60,110.14,1,-1,-1,-1
781,45,346.30,184.40,14.70,62.40,1,-1,-1,-1
781,46,116.95,126.11,56.88,168.10,1,-1,-1,-1
781,47,71.09,154.71,32.66,113.12,1,-1,-1,-1
782,34,413.26,32.70,173.55,447.13,1,-1,-1,-1
782,36,221.91,97.10,111.20,286.65,1,-1,-1,-1
782,38,327.99,188.94,24.61,73.78,1,-1,-1,-1
782,40,349.82,98.73,102.94,296.50,1,-1,-1,-1
782,41,18.98,129.90,81.69,244.45,1,-1,-1,-1
782,43,-70.47,134.49,33.60,110.14,1,-1,-1,-1
782,45,346.30,184.40,14.70,62.40,1,-1,-1,-1
782,46,112.64,123.58,59.04,173.57,1,-1,-1,-1
782,47,64.35,158.84,33.28,113.02,1,-1,-1,-1
783,34,403.61,32.08,173.31,447.35,1,-1,-1,-1
783,36,224.96,98.51,109.93,284.76,1,-1,-1,-1
783,38,328.79,189.78,24.58,72.91,1,-1,-1,-1
783,40,350.20,98.78,102.94,296.50,1,-1,-1,-1
783,41,17.62,141.55,74.64,222.75,1,-1,-1,-1
783,43,-73.01,133.42,33.60,110.14,1,-1,-1,-1
783,45,346.30,184.40,14.70,62.40,1,-1,-1,-1
783,46,106.79,121.18,62.12,179.34,1,-1,-1,-1
783,47,58.56,162.45,34.79,112.22,1,-1,-1,-1
784,34,393.68,32.87,173.24,446.90,1,-1,-1,-1
784,36,228.94,102.10,107.87,280.70,1,-1,-1,-1
784,38,329.50,189.88,24.29,72.94,1,-1,-1,-1
784,40,350.58,98.83,102.94,296.50,1,-1,-1,-1
784,41,14.70,149.67,69.60,207.83,1,-1,-1,-1
784,43,-75.54,132.34,33.60,110.14,1,-1,-1,-1
784,45,346.30,184.40,14.70,62.40,1,-1,-1,-1
784,46,101.05,118.82,64.98,185.41,1,-1,-1,-1
784,47,54.69,166.70,35.81,111.46,1,-1,-1,-1
785,34,382.30,32.61,173.81,447.60,1,-1,-1,-1
785,36,231.88,104.22,106.43,278.51,1,-1,-1,-1
785,38,329.94,190.10,23.99,73.12,1,-1,-1,-1
785,40,350.96,98.88,102.94,296.50,1,-1,-1,-1
785,41,11.83,154.96,65.18,196.73,1,-1,-1,-1
785,45,346.30,184.40,14.70,62.40,1,-1,-1,-1
785,46,93.67,116.29,68.31,191.06,1,-1,-1,-1
785,47,51.89,168.52,36.54,110.14,1,-1,-1,-1
786,34,372.11,34.35,175.32,445.80,1,-1,-1,-1
786,36,234.67,109.57,104.76,273.16,1,-1,-1,-1
786,38,331.17,191.22,23.99,73.12,1,-1,-1,-1
786,40,351.35,98.93,102.94,296.50,1,-1,-1,-1
786,41,9.53,159.58,59.71,187.86,1,-1,-1,-1
786,45,346.30,184.40,14.70,62.40,1,-1,-1,-1
786,46,84.74,112.01,70.88,198.15,1,-1,-1,-1
786,47,47.55,169.43,36.85,109.06,1,-1,-1,-1
787,34,363.45,33.58,178.08,445.44,1,-1,-1,-1
787,36,238.12,111.16,102.05,271.28,1,-1,-1,-1
787,38,332.40,192.33,23.99,73.12,1,-1,-1,-1
787,40,351.73,98.98,102.94,296.50,1,-1,-1,-1
787,41,8.41,164.68,56.34,176.66,1,-1,-1,-1
787,45,346.30,184.40,14.70,62.40,1,-1,-1,-1
787,46,73.96,107.79,74.30,204.98,1,-1,-1,-1
787,47,43.62,169.83,36.85,109.06,1,-1,-1,-1
788,34,353.87,31.69,180.88,446.44,1,-1,-1,-1
788,36,241.37,112.69,99.05,269.28,1,-1,-1,-1
788,38,333.63,193.45,23.99,73.12,1,-1,-1,-1
788,40,352.11,99.02,102.94,296.50,1,-1,-1,-1
788,41,6.63,170.16,52.94,166.79,1,-1,-1,-1
788,45,346.30,184.40,14.70,62.40,1,-1,-1,-1
788,46,62.92,103.53,77.10,214.46,1,-1,-1,-1
788,47,39.68,170.23,36.85,109.06,1,-1,-1,-1
789,34,346.77,29.37,180.98,448.59,1,-1,-1,-1
789,36,244.03,114.02,96.14,266.66,1,-1,-1,-1
789,38,334.86,194.56,23.99,73.12,1,-1,-1,-1
789,40,352.49,99.07,102.94,296.50,1,-1,-1,-1
789,41,6.24,174.57,52.94,166.79,1,-1,-1,-1
789,45,346.30,184.40,14.70,62.40,1,-1,-1,-1
789,46,50.29,100.05,79.74,223.25,1,-1,-1,-1
789,47,35.75,170.62,36.85,109.06,1,-1,-1,-1
790,34,337.37,29.95,183.61,448.71,1,-1,-1,-1
790,36,244.51,116.10,94.58,263.42,1,-1,-1,-1
790,38,336.09,195.68,23.99,73.12,1,-1,-1,-1
790,40,352.87,99.12,102.94,296.50,1,-1,-1,-1
790,41,5.85,178.98,52.94,166.79,1,-1,-1,-1
790,45,346.30,184.40,14.70,62.40,1,-1,-1,-1
790,46,35.99,96.39,82.66,233.40,1,-1,-1,-1
790,47,31.81,171.02,36.85,109.06,1,-1,-1,-1
791,34,328.72,31.30,185.20,448.25,1,-1,-1,-1
791,36,244.41,118.29,93.00,260.23,1,-1,-1,-1
791,38,337.32,196.79,23.99,73.12,1,-1,-1,-1
791,40,353.25,99.17,102.94,296.50,1,-1,-1,-1
791,41,5.46,183.39,52.94,166.79,1,-1,-1,-1
791,45,346.30,184.40,14.70,62.40,1,-1,-1,-1
791,46,23.06,91.70,84.36,245.83,1,-1,-1,-1
791,47,27.88,171.41,36.85,109.06,1,-1,-1,-1
792,34,321.58,34.12,186.63,446.73,1,-1,-1,-1
792,36,244.11,120.96,91.63,257.55,1,-1,-1,-1
792,38,338.55,197.91,23.99,73.12,1,-1,-1,-1
792,40,353.63,99.22,102.94,296.50,1,-1,-1,-1
792,41,3.82,151.86,56.37,201.10,1,-1,-1,-1
792,46,15.22,88.81,84.36,245.83,1,-1,-1,-1
792,47,23.95,171.81,36.85,109.06,1,-1,-1,-1
793,34,313.31,36.21,189.36,444.56,1,-1,-1,-1
793,36,243.51,123.40,90.43,254.71,1,-1,-1,-1
793,38,339.78,199.03,23.99,73.12,1,-1,-1,-1
793,40,354.01,99.27,102.94,296.50,1,-1,-1,-1
793,41,3.42,134.44,55.72,221.52,1,-1,-1,-1
793,46,14.28,80.98,92.11,263.93,1,-1,-1,-1
793,47,20.01,172.20,36.85,109.06,1,-1,-1,-1
794,34,305.00,36.41,192.01,441.08,1,-1,-1,-1
794,36,242.25,123.86,89.29,252.96,1,-1,-1,-1
794,38,341.01,200.14,23.99,73.12,1,-1,-1,-1
794,40,354.40,99.31,102.94,296.50,1,-1,-1,-1
794,41,2.96,135.51,55.72,221.52,1,-1,-1,-1
794,46,7.44,70.25,101.24,283.01,1,-1,-1,-1
794,47,16.08,172.60,36.85,109.06,1,-1,-1,-1
795,34,297.54,39.98,194.44,435.69,1,-1,-1,-1
795,36,240.79,124.49,87.74,251.24,1,-1,-1,-1
795,38,342.24,201.26,23.99,73.12,1,-1,-1,-1
795,40,354.78,99.36,102.94,296.50,1,-1,-1,-1
795,41,2.50,136.58,55.72,221.52,1,-1,-1,-1
795,46,0.77,59.93,105.32,303.86,1,-1,-1,-1
795,47,12.14,172.99,36.85,109.06,1,-1,-1,-1
796,34,289.92,43.04,197.05,432.93,1,-1,-1,-1
796,36,238.95,125.92,86.89,249.01,1,-1,-1,-1
796,38,343.47,202.37,23.99,73.12,1,-1,-1,-1
796,40,355.16,99.41,102.94,296.50,1,-1,-1,-1
796,41,2.04,137.64,55.72,221.52,1,-1,-1,-1
796,46,-4.94,48.48,106.52,325.25,1,-1,-1,-1
796,47,8.21,173.39,36.85,109.06,1,-1,-1,-1
797,34,282.87,42.50,201.48,431.51,1,-1,-1,-1
797,36,236.60,125.62,85.51,247.59,1,-1,-1,-1
797,38,344.70,203.49,23.99,73.12,1,-1,-1,-1
797,40,355.54,99.46,102.94,296.50,1,-1,-1,-1
797,41,1.57,138.71,55.72,221.52,1,-1,-1,-1
797,46,-12.14,43.89,106.52,325.25,1,-1,-1,-1
797,47,4.27,173.79,36.85,109.06,1,-1,-1,-1
798,34,277.83,43.39,202.83,428.75,1,-1,-1,-1
798,36,234.95,125.15,84.43,246.32,1,-1,-1,-1
798,38,345.93,204.60,23.99,73.12,1,-1,-1,-1
798,40,397.45,63.03,107.21,330.95,1,-1,-1,-1
798,41,8.70,131.01,54.86,218.42,1,-1,-1,-1
798,46,-19.35,39.29,106.52,325.25,1,-1,-1,-1
798,47,0.34,174.18,36.85,109.06,1,-1,-1,-1
798,48,216.30,198.80,23.00,69.50,1,-1,-1,-1
799,34,273.72,45.54,205.32,425.77,1,-1,-1,-1
799,36,234.16,124.78,83.11,245.41,1,-1,-1,-1
799,38,347.16,205.72,23.99,73.12,1,-1,-1,-1
799,40,409.35,47.80,109.64,352.90,1,-1,-1,-1
799,41,14.08,135.59,53.81,206.57,1,-1,-1,-1
799,46,-26.55,34.69,106.52,325.25,1,-1,-1,-1
799,47,-3.59,174.58,36.85,109.06,1,-1,-1,-1
799,48,215.50,193.82,23.13,70.56,1,-1,-1,-1
800,34,270.49,45.85,205.95,420.96,1,-1,-1,-1
800,36,232.90,124.59,82.16,243.80,1,-1,-1,-1
800,38,348.39,206.84,23.99,73.12,1,-1,-1,-1
800,40,413.62,40.89,114.48,368.70,1,-1,-1,-1
800,41,16.04,137.68,53.01,197.39,1,-1,-1,-1
800,46,-33.76,30.09,106.52,325.25,1,-1,-1,-1
800,47,-7.53,174.97,36.85,109.06,1,-1,-1,-1
800,48,209.37,183.88,23.91,72.76,1,-1,-1,-1
801,34,266.93,48.10,207.96,415.71,1,-1,-1,-1
801,36,231.74,125.56,81.71,242.01,1,-1,-1,-1
801,38,349.62,207.95,23.99,73.12,1,-1,-1,-1
801,40,416.22,33.93,117.16,381.22,1,-1,-1,-1
801,41,17.02,140.45,52.59,189.40,1,-1,-1,-1
801,46,-40.97,25.49,106.52,325.25,1,-1,-1,-1
801,47,-11.46,175.37,36.85,109.06,1,-1,-1,-1
801,48,205.66,182.65,24.76,74.84,1,-1,-1,-1
802,34,264.61,49.58,207.60,412.38,1,-1,-1,-1
802,36,231.37,127.36,81.62,239.65,1,-1,-1,-1
802,38,350.85,209.07,23.99,73.12,1,-1,-1,-1
802,40,417.98,30.92,119.02,388.61,1,-1,-1,-1
802,41,17.70,142.90,52.42,183.57,1,-1,-1,-1
802,46,-48.17,20.89,106.52,325.25,1,-1,-1,-1
802,47,-15.40,175.76,36.85,109.06,1,-1,-1,-1
802,48,203.47,182.08,25.71,76.52,1,-1,-1,-1
803,34,262.95,51.33,209.25,408.73,1,-1,-1,-1
803,36,231.33,128.96,81.20,237.53,1,-1,-1,-1
803,38,352.08,210.18,23.99,73.12,1,-1,-1,-1
803,40,420.83,26.86,118.79,395.03,1,-1,-1,-1
803,41,17.94,144.24,52.30,179.61,1,-1,-1,-1
803,46,-55.38,16.29,106.52,325.25,1,-1,-1,-1
803,47,-19.33,176.16,36.85,109.06,1,-1,-1,-1
803,48,200.51,183.25,26.89,78.09,1,-1,-1,-1
804,34,260.70,52.93,211.15,408.05,1,-1,-1,-1
804,36,232.39,130.44,80.84,234.71,1,-1,-1,-1
804,38,353.32,211.30,23.99,73.12,1,-1,-1,-1
804,40,424.91,25.96,117.18,399.86,1,-1,-1,-1
804,41,19.13,145.78,52.11,176.27,1,-1,-1,-1
804,46,-62.58,11.70,106.52,325.25,1,-1,-1,-1
804,47,-23.27,176.55,36.85,109.06,1,-1,-1,-1
804,48,200.95,184.82,27.43,79.46,1,-1,-1,-1
805,34,262.41,51.17,211.96,410.17,1,-1,-1,-1
805,36,233.11,130.39,82.15,232.95,1,-1,-1,-1
805,38,354.55,212.41,23.99,73.12,1,-1,-1,-1
805,40,430.51,20.72,114.55,410.40,1,-1,-1,-1
805,41,20.82,146.31,51.70,173.53,1,-1,-1,-1
805,46,-69.79,7.10,106.52,325.25,1,-1,-1,-1
805,47,-27.20,176.95,36.85,109.06,1,-1,-1,-1
805,48,202.73,184.03,27.88,80.72,1,-1,-1,-1
806,34,266.63,48.74,212.92,414.14,1,-1,-1,-1
806,36,234.60,130.47,83.09,231.55,1,-1,-1,-1
806,38,355.78,213.53,23.99,73.12,1,-1,-1,-1
806,40,435.69,20.82,116.71,415.26,1,-1,-1,-1
806,41,23.60,146.53,51.26,171.58,1,-1,-1,-1
806,46,-76.99,2.50,106.52,325.25,1,-1,-1,-1
806,47,-31.13,177.35,36.85,109.06,1,-1,-1,-1
806,48,205.19,182.72,28.44,82.61,1,-1,-1,-1
807,34,272.85,48.60,219.21,416.28,1,-1,-1,-1
807,36,236.50,131.25,84.61,229.72,1,-1,-1,-1
807,38,357.01,214.65,23.99,73.12,1,-1,-1,-1
807,40,438.66,18.33,116.71,415.26,1,-1,-1,-1
807,41,26.93,146.52,51.11,169.89,1,-1,-1,-1
807,46,-84.20,-2.10,106.52,325.25,1,-1,-1,-1
807,47,-35.07,177.74,36.85,109.06,1,-1,-1,-1
807,48,208.47,182.36,28.76,84.01,1,-1,-1,-1
808,34,281.45,47.05,215.88,419.43,1,-1,-1,-1
808,36,240.01,131.76,84.91,228.35,1,-1,-1,-1
808,38,358.24,215.76,23.99,73.12,1,-1,-1,-1
808,40,444.80,22.07,118.48,417.89,1,-1,-1,-1
808,41,31.14,146.26,50.79,168.96,1,-1,-1,-1
808,46,-91.40,-6.70,106.52,325.25,1,-1,-1,-1
808,47,-39.00,178.14,36.85,109.06,1,-1,-1,-1
808,48,211.71,181.90,29.25,85.19,1,-1,-1,-1
809,34,290.12,48.14,214.50,417.90,1,-1,-1,-1
809,36,245.98,132.84,84.08,226.76,1,-1,-1,-1
809,38,359.47,216.88,23.99,73.12,1,-1,-1,-1
809,40,453.10,23.89,119.59,419.24,1,-1,-1,-1
809,41,37.13,146.77,49.75,167.20,1,-1,-1,-1
809,46,-98.61,-11.30,106.52,325.25,1,-1,-1,-1
809,47,-42.94,178.53,36.85,109.06,1,-1,-1,-1
809,48,203.00,179.00,32.15,90.39,1,-1,-1,-1
810,34,301.66,46.53,209.75,417.94,1,-1,-1,-1
810,36,252.60,134.58,83.33,225.49,1,-1,-1,-1
810,38,360.70,217.99,23.99,73.12,1,-1,-1,-1
810,40,461.21,25.98,121.27,419.29,1,-1,-1,-1
810,41,43.18,147.40,48.86,166.11,1,-1,-1,-1
810,46,-105.81,-15.89,106.52,325.25,1,-1,-1,-1
810,47,-46.87,178.93,36.85,109.06,1,-1,-1,-1
810,48,197.15,177.03,34.67,95.60,1,-1,-1,-1
811,34,313.16,45.47,208.35,417.79,1,-1,-1,-1
811,36,259.57,135.42,82.56,224.44,1,-1,-1,-1
811,38,361.93,219.11,23.99,73.12,1,-1,-1,-1
811,40,470.83,27.70,122.49,420.28,1,-1,-1,-1
811,41,48.81,147.74,48.69,165.48,1,-1,-1,-1
811,46,-113.02,-20.49,106.52,325.25,1,-1,-1,-1
811,47,-50.81,179.32,36.85,109.06,1,-1,-1,-1
811,48,192.86,175.25,36.98,100.14,1,-1,-1,-1
812,34,322.94,44.78,209.17,418.40,1,-1,-1,-1
812,36,266.36,135.97,81.59,223.17,1,-1,-1,-1
812,38,363.16,220.23,23.99,73.12,1,-1,-1,-1
812,40,480.19,27.81,123.27,422.37,1,-1,-1,-1
812,41,53.86,147.59,49.32,165.71,1,-1,-1,-1
812,46,-120.23,-25.09,106.52,325.25,1,-1,-1,-1
812,47,-54.74,179.72,36.85,109.06,1,-1,-1,-1
812,48,189.32,173.64,39.22,104.35,1,-1,-1,-1
813,34,329.31,43.35,214.57,421.82,1,-1,-1,-1
813,36,273.14,136.12,80.33,222.21,1,-1,-1,-1
813,38,364.39,221.34,23.99,73.12,1,-1,-1,-1
813,40,490.14,26.14,124.10,422.95,1,-1,-1,-1
813,41,57.77,147.49,50.33,166.06,1,-1,-1,-1
813,46,-127.43,-29.69,106.52,325.25,1,-1,-1,-1
813,47,-58.68,180.11,36.85,109.06,1,-1,-1,-1
813,48,186.17,171.78,41.42,108.72,1,-1,-1,-1
814,34,341.49,41.96,218.02,424.52,1,-1,-1,-1
814,36,279.49,135.61,79.38,221.62,1,-1,-1,-1
814,38,365.62,222.46,23.99,73.12,1,-1,-1,-1
814,40,494.99,24.82,124.10,422.95,1,-1,-1,-1
814,41,60.79,146.13,50.93,166.70,1,-1,-1,-1
814,46,-134.64,-34.29,106.52,325.25,1,-1,-1,-1
814,47,-62.61,180.51,36.85,109.06,1,-1,-1,-1
814,48,183.64,168.72,43.21,113.55,1,-1,-1,-1
815,34,350.79,38.47,219.35,428.14,1,-1,-1,-1
815,36,285.59,135.77,78.72,220.70,1,-1,-1,-1
815,38,366.85,223.57,23.99,73.12,1,-1,-1,-1
815,40,499.83,23.49,124.10,422.95,1,-1,-1,-1
815,41,62.51,145.30,51.65,167.27,1,-1,-1,-1
815,46,-141.84,-38.89,106.52,325.25,1,-1,-1,-1
815,47,-66.54,180.91,36.85,109.06,1,-1,-1,-1
815,48,181.47,166.10,44.61,118.35,1,-1,-1,-1
816,34,358.58,37.01,219.05,430.90,1,-1,-1,-1
816,36,291.71,136.11,77.90,219.95,1,-1,-1,-1
816,38,368.08,224.69,23.99,73.12,1,-1,-1,-1
816,40,508.59,26.28,123.74,423.69,1,-1,-1,-1
816,41,62.86,143.36,52.36,168.69,1,-1,-1,-1
816,46,-149.05,-43.48,106.52,325.25,1,-1,-1,-1
816,47,-70.48,181.30,36.85,109.06,1,-1,-1,-1
816,48,178.90,163.50,46.31,123.17,1,-1,-1,-1
816,49,293.00,184.30,21.90,90.70,1,-1,-1,-1
817,34,365.06,34.20,219.59,434.08,1,-1,-1,-1
817,36,297.52,135.97,77.39,219.33,1,-1,-1,-1
817,38,369.31,225.80,23.99,73.12,1,-1,-1,-1
817,40,513.68,25.22,123.74,423.69,1,-1,-1,-1
817,41,62.54,141.19,52.74,170.75,1,-1,-1,-1
817,46,-156.25,-48.08,106.52,325.25,1,-1,-1,-1
817,47,-74.41,181.70,36.85,109.06,1,-1,-1,-1
817,48,176.49,161.07,47.55,127.58,1,-1,-1,-1
817,49,290.11,179.82,22.39,91.87,1,-1,-1,-1
818,34,373.68,30.06,219.55,437.79,1,-1,-1,-1
818,36,303.36,135.50,76.94,218.55,1,-1,-1,-1
818,38,370.54,226.92,23.99,73.12,1,-1,-1,-1
818,40,518.77,24.16,123.74,423.69,1,-1,-1,-1
818,41,61.29,139.43,53.42,172.43,1,-1,-1,-1
818,46,-163.46,-52.68,106.52,325.25,1,-1,-1,-1
818,48,173.81,158.65,48.23,132.40,1,-1,-1,-1
818,49,287.37,178.70,23.59,92.53,1,-1,-1,-1
819,34,382.49,25.49,217.14,442.20,1,-1,-1,-1
819,36,308.69,134.55,76.74,218.13,1,-1,-1,-1
819,38,371.77,228.04,23.99,73.12,1,-1,-1,-1
819,40,523.86,23.09,123.74,423.69,1,-1,-1,-1
819,41,59.62,137.90,53.61,173.56,1,-1,-1,-1
819,46,-170.66,-57.28,106.52,325.25,1,-1,-1,-1
819,48,170.59,156.77,49.45,137.43,1,-1,-1,-1
819,49,283.92,179.57,25.31,92.98,1,-1,-1,-1
819,50,4.70,140.50,58.60,167.10,1,-1,-1,-1
820,34,388.69,19.91,214.13,447.18,1,-1,-1,-1
820,36,312.52,133.66,76.64,218.14,1,-1,-1,-1
820,38,373.00,229.15,23.99,73.12,1,-1,-1,-1
820,40,528.95,22.03,123.74,423.69,1,-1,-1,-1
820,41,64.60,140.22,53.06,171.88,1,-1,-1,-1
820,46,-177.87,-61.88,106.52,325.25,1,-1,-1,-1
820,48,165.44,154.44,50.74,143.23,1,-1,-1,-1
820,49,280.67,181.98,26.66,93.07,1,-1,-1,-1
820,50,6.29,132.94,57.32,169.21,1,-1,-1,-1
821,34,395.16,15.19,210.70,451.51,1,-1,-1,-1
821,36,314.88,132.38,76.42,217.62,1,-1,-1,-1
821,38,374.23,230.27,23.99,73.12,1,-1,-1,-1
821,40,534.04,20.97,123.74,423.69,1,-1,-1,-1
821,41,67.77,141.03,52.54,170.64,1,-1,-1,-1
821,46,-185.07,-66.48,106.52,325.25,1,-1,-1,-1
821,48,159.71,151.63,51.85,148.93,1,-1,-1,-1
821,49,276.56,181.65,27.79,92.99,1,-1,-1,-1
821,50,23.33,125.40,57.57,173.88,1,-1,-1,-1
822,34,401.50,13.22,206.46,453.93,1,-1,-1,-1
822,36,316.24,132.07,76.49,216.92,1,-1,-1,-1
822,38,375.46,231.38,23.99,73.12,1,-1,-1,-1
822,40,539.13,19.90,123.74,423.69,1,-1,-1,-1
822,41,68.62,141.38,52.10,169.98,1,-1,-1,-1
822,46,-192.28,-71.07,106.52,325.25,1,-1,-1,-1
822,48,152.10,148.28,53.57,155.28,1,-1,-1,-1
822,49,271.49,181.25,28.85,93.30,1,-1,-1,-1
822,50,23.41,123.51,57.73,177.98,1,-1,-1,-1
823,34,410.02,11.78,202.89,455.92,1,-1,-1,-1
823,36,317.71,133.12,76.70,215.53,1,-1,-1,-1
823,38,376.69,232.50,23.99,73.12,1,-1,-1,-1
823,40,544.22,18.84,123.74,423.69,1,-1,-1,-1
823,41,68.61,142.13,51.96,169.86,1,-1,-1,-1
823,46,-199.48,-75.67,106.52,325.25,1,-1,-1,-1
823,48,143.34,146.03,56.36,161.09,1,-1,-1,-1
823,49,267.28,181.09,29.69,94.64,1,-1,-1,-1
823,50,21.34,121.91,57.97,181.70,1,-1,-1,-1
824,34,417.57,10.38,202.32,457.81,1,-1,-1,-1
824,36,318.82,134.11,76.25,215.63,1,-1,-1,-1
824,38,377.92,233.61,23.99,73.12,1,-1,-1,-1
824,40,549.31,17.78,123.74,423.69,1,-1,-1,-1
824,41,67.20,142.97,51.73,169.56,1,-1,-1,-1
824,46,-206.69,-80.27,106.52,325.25,1,-1,-1,-1
824,48,133.97,142.97,59.01,167.41,1,-1,-1,-1
824,49,263.91,179.52,30.41,96.00,1,-1,-1,-1
824,50,17.02,119.87,58.03,185.77,1,-1,-1,-1
825,34,427.44,7.34,200.09,460.74,1,-1,-1,-1
825,36,319.07,135.59,76.43,214.54,1,-1,-1,-1
825,38,379.15,234.73,23.99,73.12,1,-1,-1,-1
825,40,554.40,16.72,123.74,423.69,1,-1,-1,-1
825,41,64.54,143.15,51.62,169.53,1,-1,-1,-1
825,46,-213.90,-84.87,106.52,325.25,1,-1,-1,-1
825,48,123.06,139.80,62.53,174.42,1,-1,-1,-1
825,49,260.71,178.07,30.49,97.97,1,-1,-1,-1
825,50,12.10,113.96,57.90,190.74,1,-1,-1,-1
826,34,438.72,4.82,196.96,463.27,1,-1,-1,-1
826,36,319.64,135.05,76.45,214.31,1,-1,-1,-1
826,38,380.38,235.85,23.99,73.12,1,-1,-1,-1
826,40,559.49,15.65,123.74,423.69,1,-1,-1,-1
826,41,60.86,141.56,51.43,170.70,1,-1,-1,-1
826,46,-221.10,-89.47,106.52,325.25,1,-1,-1,-1
826,48,112.47,136.07,65.43,181.21,1,-1,-1,-1
826,49,258.64,175.90,30.37,99.25,1,-1,-1,-1
826,50,8.22,108.44,57.42,195.16,1,-1,-1,-1
827,34,449.24,2.75,193.49,465.48,1,-1,-1,-1
827,36,319.29,136.23,76.29,212.59,1,-1,-1,-1
827,38,381.61,236.96,23.99,73.12,1,-1,-1,-1
827,40,564.58,14.59,123.74,423.69,1,-1,-1,-1
827,41,61.75,141.67,51.43,170.70,1,-1,-1,-1
827,46,-228.31,-94.07,106.52,325.25,1,-1,-1,-1
827,48,99.90,131.07,68.85,189.63,1,-1,-1,-1
827,49,254.09,175.20,30.57,101.28,1,-1,-1,-1
827,50,5.63,103.58,55.51,199.58,1,-1,-1,-1
828,34,460.34,1.88,188.88,466.85,1,-1,-1,-1
828,36,318.71,135.85,76.42,212.45,1,-1,-1,-1
828,38,382.85,238.08,23.99,73.12,1,-1,-1,-1
828,40,569.67,13.53,123.74,423.69,1,-1,-1,-1
828,41,62.65,141.77,51.43,170.70,1,-1,-1,-1
828,46,-235.51,-98.67,106.52,325.25,1,-1,-1,-1
828,48,87.43,125.84,72.45,198.05,1,-1,-1,-1
828,49,249.68,174.42,31.41,103.09,1,-1,-1,-1
828,50,9.99,104.33,53.63,200.66,1,-1,-1,-1
828,51,286.80,176.50,36.40,97.20,1,-1,-1,-1
829,34,473.01,0.56,182.56,468.48,1,-1,-1,-1
829,36,318.75,135.14,76.21,212.56,1,-1,-1,-1
829,38,384.08,239.19,23.99,73.12,1,-1,-1,-1
829,40,574.76,12.46,123.74,423.69,1,-1,-1,-1
829,41,63.54,141.88,51.43,170.70,1,-1,-1,-1
829,46,-242.72,-103.26,106.52,325.25,1,-1,-1,-1
829,48,75.05,120.66,76.33,206.26,1,-1,-1,-1
829,49,246.53,172.47,31.82,104.95,1,-1,-1,-1
829,50,10.22,100.49,53.63,200.66,1,-1,-1,-1
829,51,292.67,172.02,36.47,98.46,1,-1,-1,-1
830,34,487.76,-0.00,174.23,469.58,1,-1,-1,-1
830,36,319.99,135.36,75.94,213.00,1,-1,-1,-1
830,38,385.31,240.31,23.99,73.12,1,-1,-1,-1
830,40,579.85,11.40,123.74,423.69,1,-1,-1,-1
830,41,64.44,141.98,51.43,170.70,1,-1,-1,-1
830,46,-249.92,-107.86,106.52,325.25,1,-1,-1,-1
830,48,62.83,116.12,78.77,216.03,1,-1,-1,-1
830,49,244.45,172.87,32.29,106.42,1,-1,-1,-1
830,50,10.45,96.65,53.63,200.66,1,-1,-1,-1
830,51,291.56,173.25,37.16,99.72,1,-1,-1,-1
831,34,502.57,-1.03,165.31,470.95,1,-1,-1,-1
831,36,320.28,136.01,75.66,212.92,1,-1,-1,-1
831,38,386.54,241.42,23.99,73.12,1,-1,-1,-1
831,40,584.94,10.34,123.74,423.69,1,-1,-1,-1
831,41,65.33,142.09,51.43,170.70,1,-1,-1,-1
831,46,-257.13,-112.46,106.52,325.25,1,-1,-1,-1
831,48,50.95,111.16,81.17,226.29,1,-1,-1,-1
831,49,240.96,171.49,33.39,108.99,1,-1,-1,-1
831,50,10.69,92.81,53.63,200.66,1,-1,-1,-1
831,51,289.29,173.70,38.13,100.06,1,-1,-1,-1
832,34,510.04,-2.53,165.31,470.95,1,-1,-1,-1
832,36,320.09,135.13,75.60,213.06,1,-1,-1,-1
832,38,387.77,242.54,23.99,73.12,1,-1,-1,-1
832,40,590.03,9.27,123.74,423.69,1,-1,-1,-1
832,41,66.23,142.19,51.43,170.70,1,-1,-1,-1
832,46,-264.33,-117.06,106.52,325.25,1,-1,-1,-1
832,48,36.76,102.92,83.81,239.33,1,-1,-1,-1
832,49,235.80,168.53,34.79,111.85,1,-1,-1,-1
832,50,10.92,88.97,53.63,200.66,1,-1,-1,-1
832,51,284.30,170.05,38.52,100.93,1,-1,-1,-1
833,34,517.52,-4.03,165.31,470.95,1,-1,-1,-1
833,36,320.05,134.30,75.03,212.75,1,-1,-1,-1
833,38,389.00,243.66,23.99,73.12,1,-1,-1,-1
833,40,595.12,8.21,123.74,423.69,1,-1,-1,-1
833,41,67.12,142.29,51.43,170.70,1,-1,-1,-1
833,46,-271.54,-121.66,106.52,325.25,1,-1,-1,-1
833,48,24.13,96.27,85.32,249.59,1,-1,-1,-1
833,49,230.36,166.43,36.37,114.42,1,-1,-1,-1
833,50,11.15,85.13,53.63,200.66,1,-1,-1,-1
833,51,279.83,168.29,38.83,101.04,1,-1,-1,-1
834,34,524.99,-5.53,165.31,470.95,1,-1,-1,-1
834,36,320.64,132.83,74.59,212.11,1,-1,-1,-1
834,38,390.23,244.77,23.99,73.12,1,-1,-1,-1
834,40,600.21,7.15,123.74,423.69,1,-1,-1,-1
834,41,68.02,142.40,51.43,170.70,1,-1,-1,-1
834,46,-278.74,-126.26,106.52,325.25,1,-1,-1,-1
834,48,13.39,90.75,84.99,258.46,1,-1,-1,-1
834,49,226.38,164.41,37.71,117.01,1,-1,-1,-1
834,50,11.38,81.29,53.63,200.66,1,-1,-1,-1
834,51,276.50,168.33,39.54,100.81,1,-1,-1,-1
835,34,532.47,-7.03,165.31,470.95,1,-1,-1,-1
835,36,321.30,131.19,74.50,211.65,1,-1,-1,-1
835,38,391.46,245.89,23.99,73.12,1,-1,-1,-1
835,40,605.30,6.08,123.74,423.69,1,-1,-1,-1
835,41,80.33,132.93,56.66,185.24,1,-1,-1,-1
835,46,-285.95,-130.85,106.52,325.25,1,-1,-1,-1
835,48,4.67,88.71,82.46,264.03,1,-1,-1,-1
835,49,223.03,162.34,39.04,119.46,1,-1,-1,-1
835,50,11.61,77.45,53.63,200.66,1,-1,-1,-1
835,51,274.40,166.74,39.91,101.64,1,-1,-1,-1
836,34,539.94,-8.53,165.31,470.95,1,-1,-1,-1
836,36,322.75,129.35,74.65,211.71,1,-1,-1,-1
836,40,610.39,5.02,123.74,423.69,1,-1,-1,-1
836,41,81.64,125.75,61.62,198.64,1,-1,-1,-1
836,48,-2.42,90.24,77.88,258.15,1,-1,-1,-1
836,49,220.80,160.17,40.45,122.36,1,-1,-1,-1
836,50,11.84,73.61,53.63,200.66,1,-1,-1,-1
836,51,272.76,165.64,40.49,102.26,1,-1,-1,-1
837,34,547.41,-10.03,165.31,470.95,1,-1,-1,-1
837,36,325.49,128.43,74.32,211.34,1,-1,-1,-1
837,40,615.48,3.96,123.74,423.69,1,-1,-1,-1
837,41,81.51,120.57,65.55,210.86,1,-1,-1,-1
837,48,-7.77,90.57,73.21,254.94,1,-1,-1,-1
837,49,219.24,158.27,41.95,125.52,1,-1,-1,-1
837,50,12.07,69.77,53.63,200.66,1,-1,-1,-1
837,51,272.01,165.45,40.90,103.18,1,-1,-1,-1
