1,1,1691.70,383.50,169.90,358.10,1,-1,-1,-1
1,2,257.70,452.00,104.80,258.40,1,-1,-1,-1
1,3,1292.90,461.50,71.10,198.80,1,-1,-1,-1
1,4,1252.10,537.60,63.20,123.30,1,-1,-1,-1
2,1,1684.44,388.97,170.13,357.61,1,-1,-1,-1
2,2,260.39,453.99,105.05,258.69,1,-1,-1,-1
2,3,1293.10,458.02,71.60,199.86,1,-1,-1,-1
2,4,1254.79,521.88,62.71,126.35,1,-1,-1,-1
3,1,1681.00,384.30,170.48,358.51,1,-1,-1,-1
3,2,263.58,453.65,105.19,259.14,1,-1,-1,-1
3,3,1295.48,456.53,72.12,200.87,1,-1,-1,-1
3,4,1259.76,515.25,61.36,129.39,1,-1,-1,-1
4,1,1678.56,382.11,170.94,359.31,1,-1,-1,-1
4,2,265.85,450.84,105.43,260.06,1,-1,-1,-1
4,3,1298.73,456.21,72.26,201.62,1,-1,-1,-1
4,4,1263.55,512.50,59.21,132.07,1,-1,-1,-1
5,1,1676.82,383.65,171.25,359.61,1,-1,-1,-1
5,2,267.46,449.86,105.62,260.87,1,-1,-1,-1
5,3,1300.61,455.30,72.64,202.44,1,-1,-1,-1
5,4,1267.39,504.50,59.21,132.07,1,-1,-1,-1
6,1,1676.45,385.24,171.52,359.68,1,-1,-1,-1
6,2,268.13,449.69,106.22,261.37,1,-1,-1,-1
6,3,1302.06,454.79,73.23,203.06,1,-1,-1,-1
6,4,1268.23,511.81,58.15,133.86,1,-1,-1,-1
7,1,1676.24,386.82,170.88,359.80,1,-1,-1,-1
7,2,270.99,449.69,106.03,261.34,1,-1,-1,-1
7,3,1304.22,453.96,73.86,203.41,1,-1,-1,-1
7,4,1271.20,519.73,57.32,133.22,1,-1,-1,-1
8,1,1676.48,388.47,170.21,359.87,1,-1,-1,-1
8,2,273.18,448.26,105.86,262.02,1,-1,-1,-1
8,3,1305.38,453.45,74.80,203.77,1,-1,-1,-1
8,4,1274.76,524.29,56.69,132.62,1,-1,-1,-1
9,1,1676.33,389.31,169.85,360.29,1,-1,-1,-1
9,2,275.59,446.82,105.66,263.31,1,-1,-1,-1
9,3,1306.79,453.26,75.51,203.80,1,-1,-1,-1
9,4,1275.80,528.17,56.44,132.01,1,-1,-1,-1
10,1,1675.68,388.25,169.48,361.06,1,-1,-1,-1
10,2,277.67,444.24,105.39,265.03,1,-1,-1,-1
10,3,1308.03,452.41,76.51,204.44,1,-1,-1,-1
10,4,1276.86,530.37,56.52,131.41,1,-1,-1,-1
10,5,1.00,261.80,170.20,640.10,1,-1,-1,-1
11,1,1674.49,386.91,169.63,362.10,1,-1,-1,-1
11,2,279.62,442.41,105.46,266.62,1,-1,-1,-1
11,3,1309.39,451.12,77.69,205.53,1,-1,-1,-1
11,4,1278.41,532.28,56.28,130.72,1,-1,-1,-1
11,5,1.00,249.36,172.22,641.92,1,-1,-1,-1
12,1,1672.68,386.20,169.75,363.02,1,-1,-1,-1
12,2,282.49,440.48,104.67,268.04,1,-1,-1,-1
12,3,1310.52,450.93,78.77,205.84,1,-1,-1,-1
12,4,1280.04,534.23,56.20,130.04,1,-1,-1,-1
12,5,1.00,244.75,173.94,643.89,1,-1,-1,-1
13,1,1670.95,385.05,170.22,363.41,1,-1,-1,-1
13,2,284.64,440.33,105.25,268.41,1,-1,-1,-1
13,3,1312.32,450.93,79.27,205.98,1,-1,-1,-1
13,4,1281.81,535.69,56.28,129.50,1,-1,-1,-1
13,5,1.00,241.23,177.16,648.85,1,-1,-1,-1
14,1,1668.72,383.04,171.12,365.02,1,-1,-1,-1
14,2,286.86,439.73,105.54,268.50,1,-1,-1,-1
14,3,1314.50,450.60,79.34,206.37,1,-1,-1,-1
14,4,1283.99,536.78,56.11,129.32,1,-1,-1,-1
14,5,1.00,236.51,181.50,656.03,1,-1,-1,-1
15,1,1666.22,381.48,171.55,367.03,1,-1,-1,-1
15,2,288.84,440.65,106.28,267.84,1,-1,-1,-1
15,3,1316.45,450.74,79.39,206.49,1,-1,-1,-1
15,4,1286.84,537.27,55.96,129.38,1,-1,-1,-1
15,5,1.00,234.16,187.22,660.39,1,-1,-1,-1
16,1,1663.37,379.91,172.48,368.81,1,-1,-1,-1
16,2,291.08,441.65,106.80,267.18,1,-1,-1,-1
16,3,1318.47,450.92,79.20,206.89,1,-1,-1,-1
16,4,1289.67,537.11,55.59,129.85,1,-1,-1,-1
16,5,1.00,235.82,192.55,664.78,1,-1,-1,-1
17,1,1663.02,378.79,172.11,369.82,1,-1,-1,-1
17,2,293.22,442.70,107.14,266.63,1,-1,-1,-1
17,3,1320.64,451.18,78.75,207.04,1,-1,-1,-1
17,4,1291.88,537.25,55.25,130.08,1,-1,-1,-1
17,5,1.00,236.15,197.12,667.63,1,-1,-1,-1
18,1,1660.64,378.95,172.86,370.95,1,-1,-1,-1
18,2,296.77,443.73,106.32,265.94,1,-1,-1,-1
18,3,1322.81,451.65,78.39,207.14,1,-1,-1,-1
18,4,1293.81,537.31,55.17,130.18,1,-1,-1,-1
18,5,1.00,229.84,201.01,673.07,1,-1,-1,-1
19,1,1658.07,379.17,173.93,372.19,1,-1,-1,-1
19,2,300.38,444.72,105.40,265.07,1,-1,-1,-1
19,3,1324.69,451.95,78.18,207.49,1,-1,-1,-1
19,4,1295.68,536.90,55.05,130.41,1,-1,-1,-1
19,5,1.00,227.87,206.73,673.93,1,-1,-1,-1
20,1,1653.19,377.56,175.84,374.24,1,-1,-1,-1
20,2,304.18,445.37,104.70,264.36,1,-1,-1,-1
20,3,1326.78,452.35,77.64,207.73,1,-1,-1,-1
20,4,1297.68,536.71,54.81,130.68,1,-1,-1,-1
20,5,1.00,225.25,214.52,677.88,1,-1,-1,-1
21,1,1649.17,375.73,177.31,377.13,1,-1,-1,-1
21,2,307.94,446.24,103.83,263.54,1,-1,-1,-1
21,3,1328.61,452.74,76.99,207.76,1,-1,-1,-1
21,4,1299.31,536.81,54.60,130.65,1,-1,-1,-1
21,5,1.00,228.19,223.90,679.28,1,-1,-1,-1
22,1,1645.86,374.38,178.23,379.51,1,-1,-1,-1
22,2,311.40,447.92,102.76,262.53,1,-1,-1,-1
22,3,1329.93,453.23,76.51,207.73,1,-1,-1,-1
22,4,1300.87,536.89,54.40,130.61,1,-1,-1,-1
22,5,1.00,227.30,233.23,681.15,1,-1,-1,-1
23,1,1642.72,374.22,179.16,381.13,1,-1,-1,-1
23,2,313.94,449.19,102.49,261.19,1,-1,-1,-1
23,3,1331.33,453.62,76.06,207.61,1,-1,-1,-1
23,4,1302.17,537.06,54.68,130.59,1,-1,-1,-1
23,5,1.00,226.02,244.25,679.46,1,-1,-1,-1
24,1,1639.48,374.37,180.30,382.27,1,-1,-1,-1
24,2,315.83,449.46,102.16,260.77,1,-1,-1,-1
24,3,1332.37,453.98,75.98,207.43,1,-1,-1,-1
24,4,1303.51,537.00,54.60,130.20,1,-1,-1,-1
24,5,1.00,227.81,254.98,680.58,1,-1,-1,-1
25,1,1636.21,374.66,181.50,383.33,1,-1,-1,-1
25,2,317.18,448.95,102.20,261.08,1,-1,-1,-1
25,3,1333.27,454.02,75.91,207.76,1,-1,-1,-1
25,4,1304.94,537.06,54.52,130.03,1,-1,-1,-1
25,5,1.00,227.18,267.47,678.75,1,-1,-1,-1
25,6,1831.10,320.80,89.90,442.80,1,-1,-1,-1
26,1,1632.65,375.73,182.65,384.33,1,-1,-1,-1
26,2,320.48,444.28,100.71,264.32,1,-1,-1,-1
26,3,1333.99,454.06,75.74,207.62,1,-1,-1,-1
26,4,1305.87,536.81,54.77,130.36,1,-1,-1,-1
26,5,1.00,229.42,279.45,678.49,1,-1,-1,-1
26,6,1826.42,320.20,90.75,442.71,1,-1,-1,-1
27,1,1629.74,377.07,183.45,384.95,1,-1,-1,-1
27,2,321.96,440.69,100.40,267.08,1,-1,-1,-1
27,3,1334.48,454.04,75.66,207.47,1,-1,-1,-1
27,4,1306.63,536.61,55.04,130.59,1,-1,-1,-1
27,5,2.63,229.04,288.08,680.58,1,-1,-1,-1
27,6,1830.20,322.43,90.42,444.58,1,-1,-1,-1
28,1,1629.21,376.79,182.10,385.78,1,-1,-1,-1
28,2,324.46,440.20,100.40,267.08,1,-1,-1,-1
28,3,1335.00,454.15,75.57,207.38,1,-1,-1,-1
28,4,1307.64,536.80,54.99,130.27,1,-1,-1,-1
28,5,6.33,230.11,297.08,678.91,1,-1,-1,-1
28,6,1825.22,319.34,91.65,445.87,1,-1,-1,-1
29,1,1627.78,376.16,181.06,386.35,1,-1,-1,-1
29,2,325.38,445.51,97.42,263.78,1,-1,-1,-1
29,3,1335.41,454.41,75.46,207.21,1,-1,-1,-1
29,4,1308.46,537.18,54.99,129.89,1,-1,-1,-1
29,5,7.80,230.12,307.17,678.22,1,-1,-1,-1
29,6,1819.48,319.80,93.58,444.84,1,-1,-1,-1
30,1,1626.27,374.90,180.01,387.35,1,-1,-1,-1
30,2,327.78,445.39,97.42,263.78,1,-1,-1,-1
30,3,1335.88,454.79,75.41,206.92,1,-1,-1,-1
30,4,1309.22,537.59,54.93,129.62,1,-1,-1,-1
30,5,7.30,229.42,319.66,677.37,1,-1,-1,-1
30,6,1814.55,313.63,95.76,447.34,1,-1,-1,-1
31,1,1625.05,373.50,179.06,388.96,1,-1,-1,-1
31,2,330.17,445.27,97.42,263.78,1,-1,-1,-1
31,3,1336.40,455.02,75.41,206.85,1,-1,-1,-1
31,4,1310.37,537.90,54.32,129.22,1,-1,-1,-1
31,5,6.27,227.34,332.70,677.57,1,-1,-1,-1
31,6,1810.85,308.31,97.86,450.11,1,-1,-1,-1
32,1,1623.85,372.79,178.68,390.65,1,-1,-1,-1
32,2,332.57,445.15,97.42,263.78,1,-1,-1,-1
32,3,1336.60,455.66,75.62,206.82,1,-1,-1,-1
32,4,1311.68,537.79,53.62,129.06,1,-1,-1,-1
32,5,5.40,225.81,344.63,677.72,1,-1,-1,-1
32,6,1807.61,305.22,99.97,452.55,1,-1,-1,-1
33,1,1622.91,370.37,177.64,393.30,1,-1,-1,-1
33,2,334.97,445.04,97.42,263.78,1,-1,-1,-1
33,3,1336.88,455.40,75.75,207.41,1,-1,-1,-1
33,4,1313.06,535.84,53.08,130.04,1,-1,-1,-1
33,5,4.66,225.89,356.71,676.56,1,-1,-1,-1
33,6,1804.83,304.22,102.04,454.28,1,-1,-1,-1
34,1,1621.49,368.15,177.08,395.94,1,-1,-1,-1
34,2,337.37,444.92,97.42,263.78,1,-1,-1,-1
34,3,1337.16,455.10,75.85,208.16,1,-1,-1,-1
34,4,1315.00,531.71,52.92,132.54,1,-1,-1,-1
34,5,4.02,225.73,369.05,675.54,1,-1,-1,-1
34,6,1801.72,302.03,104.32,456.36,1,-1,-1,-1
35,1,1619.03,366.49,177.15,398.68,1,-1,-1,-1
35,2,339.76,444.80,97.42,263.78,1,-1,-1,-1
35,3,1337.58,454.67,76.04,209.21,1,-1,-1,-1
35,4,1316.65,531.48,52.92,132.54,1,-1,-1,-1
35,5,3.49,226.21,380.85,674.77,1,-1,-1,-1
35,6,1797.88,300.64,107.02,458.60,1,-1,-1,-1
36,1,1617.59,366.48,176.18,399.55,1,-1,-1,-1
36,2,342.16,444.68,97.42,263.78,1,-1,-1,-1
36,3,1337.94,454.54,76.05,210.08,1,-1,-1,-1
36,4,1318.29,531.25,52.92,132.54,1,-1,-1,-1
36,5,3.03,226.97,392.05,674.27,1,-1,-1,-1
36,6,1795.08,298.34,109.37,461.31,1,-1,-1,-1
37,1,1615.76,366.15,175.92,401.11,1,-1,-1,-1
37,2,344.56,444.56,97.42,263.78,1,-1,-1,-1
37,3,1338.24,454.53,76.15,210.74,1,-1,-1,-1
37,4,1319.93,531.03,52.92,132.54,1,-1,-1,-1
37,5,6.36,226.25,400.16,673.96,1,-1,-1,-1
37,6,1792.34,298.09,111.75,463.23,1,-1,-1,-1
38,1,1614.00,365.98,175.39,402.60,1,-1,-1,-1
38,2,346.96,444.45,97.42,263.78,1,-1,-1,-1
38,3,1338.42,454.49,76.28,211.35,1,-1,-1,-1
38,4,1321.58,530.80,52.92,132.54,1,-1,-1,-1
38,5,10.89,229.62,409.77,671.25,1,-1,-1,-1
38,6,1790.07,298.39,113.94,464.88,1,-1,-1,-1
39,1,1611.55,365.74,176.25,405.04,1,-1,-1,-1
39,2,349.35,444.33,97.42,263.78,1,-1,-1,-1
39,3,1338.58,454.51,76.50,211.92,1,-1,-1,-1
39,4,1323.22,530.57,52.92,132.54,1,-1,-1,-1
39,5,19.62,232.40,413.56,669.27,1,-1,-1,-1
39,6,1787.90,298.92,116.10,466.58,1,-1,-1,-1
40,1,1609.86,365.52,176.51,407.22,1,-1,-1,-1
40,2,351.75,444.21,97.42,263.78,1,-1,-1,-1
40,3,1338.96,454.65,76.70,212.24,1,-1,-1,-1
40,4,1324.86,530.35,52.92,132.54,1,-1,-1,-1
40,5,32.38,234.26,416.25,667.78,1,-1,-1,-1
40,6,1785.74,299.64,118.27,467.82,1,-1,-1,-1
41,1,1608.42,365.72,176.81,409.29,1,-1,-1,-1
41,2,354.15,444.09,97.42,263.78,1,-1,-1,-1
41,3,1339.37,454.82,76.88,212.44,1,-1,-1,-1
41,4,1326.50,530.12,52.92,132.54,1,-1,-1,-1
41,5,53.33,237.87,411.86,664.16,1,-1,-1,-1
41,6,1784.15,300.96,120.14,468.52,1,-1,-1,-1
42,1,1606.13,366.04,177.80,411.19,1,-1,-1,-1
42,2,356.54,443.98,97.42,263.78,1,-1,-1,-1
42,3,1339.70,454.98,77.15,212.56,1,-1,-1,-1
42,4,1328.15,529.89,52.92,132.54,1,-1,-1,-1
42,5,76.60,240.22,405.35,661.40,1,-1,-1,-1
42,6,1782.46,302.14,122.06,469.20,1,-1,-1,-1
43,1,1603.21,365.53,178.77,413.19,1,-1,-1,-1
43,2,358.94,443.86,97.42,263.78,1,-1,-1,-1
43,3,1340.08,455.25,77.39,212.52,1,-1,-1,-1
43,4,1329.79,529.67,52.92,132.54,1,-1,-1,-1
43,5,104.66,239.88,395.56,661.40,1,-1,-1,-1
43,6,1779.96,303.37,124.44,469.85,1,-1,-1,-1
44,1,1601.73,365.00,178.85,414.55,1,-1,-1,-1
44,2,361.34,443.74,97.42,263.78,1,-1,-1,-1
44,3,1340.40,455.47,77.63,212.48,1,-1,-1,-1
44,4,1331.43,529.44,52.92,132.54,1,-1,-1,-1
44,5,135.27,242.25,383.23,659.47,1,-1,-1,-1
44,6,1778.43,304.54,126.27,471.30,1,-1,-1,-1
45,1,1599.10,364.10,179.74,416.19,1,-1,-1,-1
45,2,363.74,443.62,97.42,263.78,1,-1,-1,-1
45,3,1340.74,455.65,77.93,212.48,1,-1,-1,-1
45,4,1333.08,529.21,52.92,132.54,1,-1,-1,-1
45,5,168.41,242.91,368.61,656.00,1,-1,-1,-1
45,6,1776.80,304.97,128.15,472.87,1,-1,-1,-1
46,1,1596.02,362.70,181.56,418.21,1,-1,-1,-1
46,2,366.13,443.50,97.42,263.78,1,-1,-1,-1
46,3,1341.03,455.75,78.23,212.55,1,-1,-1,-1
46,4,1334.72,528.99,52.92,132.54,1,-1,-1,-1
46,5,198.98,243.27,357.37,651.93,1,-1,-1,-1
46,6,1775.73,304.45,129.67,475.10,1,-1,-1,-1
47,1,1593.75,362.37,182.41,420.37,1,-1,-1,-1
47,2,368.53,443.39,97.42,263.78,1,-1,-1,-1
47,3,1341.36,455.81,78.53,212.64,1,-1,-1,-1
47,4,1336.36,528.76,52.92,132.54,1,-1,-1,-1
47,5,226.88,245.08,347.88,647.67,1,-1,-1,-1
47,6,1774.77,303.32,131.11,477.01,1,-1,-1,-1
48,1,1590.69,359.82,183.12,422.65,1,-1,-1,-1
48,2,370.93,443.27,97.42,263.78,1,-1,-1,-1
48,3,1341.67,455.82,78.75,212.68,1,-1,-1,-1
48,4,1338.01,528.53,52.92,132.54,1,-1,-1,-1
48,5,252.55,245.59,341.64,643.56,1,-1,-1,-1
48,6,1774.09,301.85,132.35,479.11,1,-1,-1,-1
49,1,1587.08,359.15,184.58,424.13,1,-1,-1,-1
49,2,373.33,443.15,97.42,263.78,1,-1,-1,-1
49,3,1341.62,456.12,79.16,212.62,1,-1,-1,-1
49,4,1339.65,528.31,52.92,132.54,1,-1,-1,-1
49,5,277.43,248.61,336.73,638.33,1,-1,-1,-1
49,6,1773.40,299.61,133.57,481.99,1,-1,-1,-1
50,1,1583.21,357.95,186.20,426.26,1,-1,-1,-1
50,2,375.72,443.03,97.42,263.78,1,-1,-1,-1
50,3,1341.88,456.04,79.39,212.76,1,-1,-1,-1
50,4,1341.29,528.08,52.92,132.54,1,-1,-1,-1
50,5,301.02,250.26,334.53,634.61,1,-1,-1,-1
50,6,1772.64,296.81,134.81,485.82,1,-1,-1,-1
51,1,1580.96,356.02,186.67,428.76,1,-1,-1,-1
51,2,378.12,442.92,97.42,263.78,1,-1,-1,-1
51,3,1342.08,455.93,79.63,212.87,1,-1,-1,-1
51,4,1342.93,527.85,52.92,132.54,1,-1,-1,-1
51,5,324.23,252.58,332.73,632.66,1,-1,-1,-1
51,6,1771.88,293.94,136.04,489.80,1,-1,-1,-1
52,1,1578.28,355.38,187.21,431.08,1,-1,-1,-1
52,2,380.52,442.80,97.42,263.78,1,-1,-1,-1
52,3,1342.28,455.86,79.84,213.00,1,-1,-1,-1
52,4,1344.58,527.63,52.92,132.54,1,-1,-1,-1
52,5,345.21,253.48,331.30,631.41,1,-1,-1,-1
52,6,1770.82,291.86,137.43,492.88,1,-1,-1,-1
53,1,1573.11,354.29,189.95,433.51,1,-1,-1,-1
53,2,382.92,442.68,97.42,263.78,1,-1,-1,-1
53,3,1342.50,455.79,79.95,213.06,1,-1,-1,-1
53,4,1346.22,527.40,52.92,132.54,1,-1,-1,-1
53,5,364.42,255.82,331.04,628.09,1,-1,-1,-1
53,6,1769.63,289.89,138.89,496.10,1,-1,-1,-1
54,1,1569.90,354.49,191.06,435.70,1,-1,-1,-1
54,2,385.31,442.56,97.42,263.78,1,-1,-1,-1
54,3,1342.64,455.67,80.08,213.22,1,-1,-1,-1
54,4,1347.86,527.17,52.92,132.54,1,-1,-1,-1
54,5,381.25,258.20,331.54,624.21,1,-1,-1,-1
54,6,1768.32,288.11,140.42,499.29,1,-1,-1,-1
55,1,1566.23,355.38,192.00,436.47,1,-1,-1,-1
55,3,1342.77,455.57,80.20,213.37,1,-1,-1,-1
55,4,1349.51,526.94,52.92,132.54,1,-1,-1,-1
55,5,398.85,258.97,331.74,620.95,1,-1,-1,-1
55,6,1767.14,286.25,141.85,502.29,1,-1,-1,-1
56,1,1562.63,356.00,192.75,437.80,1,-1,-1,-1
56,3,1342.84,455.52,80.26,213.44,1,-1,-1,-1
56,4,1351.15,526.72,52.92,132.54,1,-1,-1,-1
56,5,417.66,261.07,328.65,617.33,1,-1,-1,-1
56,6,1765.94,284.62,143.28,505.54,1,-1,-1,-1
57,1,1558.46,357.43,194.43,438.88,1,-1,-1,-1
57,3,1342.92,455.44,80.33,213.52,1,-1,-1,-1
57,4,1352.79,526.49,52.92,132.54,1,-1,-1,-1
57,5,437.97,261.62,323.90,614.89,1,-1,-1,-1
57,6,1764.26,283.77,145.02,508.26,1,-1,-1,-1
58,1,1552.61,357.72,195.96,440.01,1,-1,-1,-1
58,3,1342.95,455.41,80.40,213.53,1,-1,-1,-1
58,4,1354.43,526.26,52.92,132.54,1,-1,-1,-1
58,5,460.40,262.98,316.29,610.52,1,-1,-1,-1
58,6,1761.75,282.92,147.30,510.91,1,-1,-1,-1
59,1,1546.25,356.76,197.78,442.05,1,-1,-1,-1
59,3,1342.93,455.37,80.51,213.74,1,-1,-1,-1
59,4,1356.08,526.04,52.92,132.54,1,-1,-1,-1
59,5,483.89,261.50,306.97,607.59,1,-1,-1,-1
59,6,1758.66,282.97,149.98,512.70,1,-1,-1,-1
60,1,1540.64,356.89,198.27,442.57,1,-1,-1,-1
60,3,1342.89,455.33,80.58,213.80,1,-1,-1,-1
60,4,1357.72,525.81,52.92,132.54,1,-1,-1,-1
60,5,507.50,263.48,298.67,600.98,1,-1,-1,-1
60,6,1754.27,284.57,153.52,514.43,1,-1,-1,-1
61,1,1533.89,354.39,200.07,445.40,1,-1,-1,-1
61,3,1342.80,455.30,80.66,213.93,1,-1,-1,-1
61,4,1359.36,525.58,52.92,132.54,1,-1,-1,-1
61,5,529.10,263.73,292.44,597.82,1,-1,-1,-1
61,6,1750.36,283.63,156.78,517.43,1,-1,-1,-1
61,7,204.70,472.70,94.30,233.70,1,-1,-1,-1
62,1,1528.36,351.20,201.18,447.82,1,-1,-1,-1
62,3,1342.73,455.25,80.73,214.01,1,-1,-1,-1
62,4,1361.01,525.36,52.92,132.54,1,-1,-1,-1
62,5,549.95,261.01,287.79,597.17,1,-1,-1,-1
62,6,1747.81,282.77,159.15,519.89,1,-1,-1,-1
62,7,203.80,468.22,94.97,234.55,1,-1,-1,-1
63,1,1521.39,348.71,202.95,451.01,1,-1,-1,-1
63,3,1342.65,455.31,80.69,214.01,1,-1,-1,-1
63,4,1362.65,525.13,52.92,132.54,1,-1,-1,-1
63,5,569.51,262.09,285.36,593.15,1,-1,-1,-1
63,6,1745.40,281.88,161.44,522.11,1,-1,-1,-1
63,7,202.82,463.95,96.04,235.87,1,-1,-1,-1
64,1,1515.33,346.55,204.07,454.17,1,-1,-1,-1
64,3,1342.59,455.28,80.69,214.06,1,-1,-1,-1
64,5,587.38,263.85,284.27,589.42,1,-1,-1,-1
64,6,1742.13,280.65,164.30,525.33,1,-1,-1,-1
64,7,205.40,462.77,96.24,236.23,1,-1,-1,-1
65,1,1509.17,344.58,205.32,456.98,1,-1,-1,-1
65,3,1342.54,455.26,80.68,214.10,1,-1,-1,-1
65,5,605.84,266.21,283.49,586.17,1,-1,-1,-1
65,6,1738.27,279.08,167.59,528.76,1,-1,-1,-1
65,7,208.73,464.28,96.20,236.57,1,-1,-1,-1
65,8,398.80,432.90,106.00,277.60,1,-1,-1,-1
66,1,1504.99,343.22,205.97,459.84,1,-1,-1,-1
66,3,1342.47,455.36,80.64,213.98,1,-1,-1,-1
66,5,621.86,269.88,283.73,581.49,1,-1,-1,-1
66,6,1734.58,277.26,170.78,531.94,1,-1,-1,-1
66,7,214.41,465.44,96.03,237.07,1,-1,-1,-1
66,8,402.58,435.09,105.75,277.06,1,-1,-1,-1
67,1,1502.05,341.73,205.98,462.71,1,-1,-1,-1
67,3,1342.38,455.44,80.65,213.93,1,-1,-1,-1
67,5,637.74,271.88,283.46,578.77,1,-1,-1,-1
67,6,1730.96,275.57,173.94,535.25,1,-1,-1,-1
67,7,219.79,466.67,95.95,237.44,1,-1,-1,-1
67,8,403.40,433.50,106.39,277.23,1,-1,-1,-1
68,1,1499.16,340.89,205.77,464.53,1,-1,-1,-1
68,3,1342.33,455.49,80.60,213.80,1,-1,-1,-1
68,5,654.07,275.12,281.90,573.77,1,-1,-1,-1
68,6,1726.41,273.80,177.74,538.86,1,-1,-1,-1
68,7,227.23,469.39,95.79,237.30,1,-1,-1,-1
68,8,406.87,437.67,106.97,276.00,1,-1,-1,-1
69,1,1497.30,340.54,205.23,465.75,1,-1,-1,-1
69,3,1342.26,455.54,80.60,213.75,1,-1,-1,-1
69,5,670.68,276.57,278.85,570.61,1,-1,-1,-1
69,6,1722.75,271.38,180.98,542.99,1,-1,-1,-1
69,7,233.87,471.71,95.44,237.19,1,-1,-1,-1
69,8,407.78,435.44,108.80,275.68,1,-1,-1,-1
70,1,1496.51,339.87,204.33,468.69,1,-1,-1,-1
70,3,1342.19,455.56,80.67,213.70,1,-1,-1,-1
70,5,687.66,277.46,275.60,567.17,1,-1,-1,-1
70,6,1718.48,268.58,184.65,547.26,1,-1,-1,-1
70,7,239.81,472.53,95.39,237.99,1,-1,-1,-1
70,8,408.87,433.67,110.89,275.89,1,-1,-1,-1
71,1,1496.02,339.36,203.66,470.87,1,-1,-1,-1
71,3,1342.06,455.57,80.74,213.66,1,-1,-1,-1
71,5,704.66,278.69,271.91,564.53,1,-1,-1,-1
71,6,1714.50,267.84,187.83,549.49,1,-1,-1,-1
71,7,244.42,472.89,95.04,238.86,1,-1,-1,-1
71,8,410.67,433.92,112.10,274.70,1,-1,-1,-1
72,1,1495.83,339.02,203.16,473.51,1,-1,-1,-1
72,3,1341.54,455.88,80.94,213.44,1,-1,-1,-1
72,5,720.44,280.79,267.59,560.73,1,-1,-1,-1
72,6,1711.43,266.50,190.36,551.65,1,-1,-1,-1
72,7,248.22,473.12,94.81,239.59,1,-1,-1,-1
72,8,412.63,434.32,113.10,274.40,1,-1,-1,-1
73,1,1494.18,339.24,202.82,475.59,1,-1,-1,-1
73,3,1341.10,456.15,81.10,213.24,1,-1,-1,-1
73,5,738.58,280.78,260.96,558.65,1,-1,-1,-1
73,6,1708.04,265.86,192.81,553.45,1,-1,-1,-1
73,7,251.42,472.90,94.22,239.92,1,-1,-1,-1
73,8,414.21,435.40,113.58,273.85,1,-1,-1,-1
74,1,1492.06,338.70,202.23,478.57,1,-1,-1,-1
74,3,1340.70,456.35,81.25,213.09,1,-1,-1,-1
74,5,756.04,280.21,254.16,557.14,1,-1,-1,-1
74,6,1705.00,264.95,194.63,555.84,1,-1,-1,-1
74,7,254.03,472.64,93.94,240.17,1,-1,-1,-1
74,8,415.79,435.78,114.01,273.94,1,-1,-1,-1
75,1,1488.05,337.92,203.25,480.46,1,-1,-1,-1
75,3,1340.44,456.58,81.38,212.91,1,-1,-1,-1
75,5,773.43,279.66,247.37,554.60,1,-1,-1,-1
75,6,1701.20,263.45,197.01,558.74,1,-1,-1,-1
75,7,256.13,473.07,93.97,240.02,1,-1,-1,-1
75,8,416.38,434.96,114.80,274.18,1,-1,-1,-1
76,1,1484.25,336.45,204.88,483.02,1,-1,-1,-1
76,3,1340.17,456.71,81.51,212.81,1,-1,-1,-1
76,5,788.83,280.09,241.71,551.71,1,-1,-1,-1
76,6,1697.49,262.56,199.16,560.95,1,-1,-1,-1
76,7,258.24,472.56,94.16,240.40,1,-1,-1,-1
76,8,417.43,433.38,115.34,274.89,1,-1,-1,-1
77,1,1478.96,335.62,207.23,484.73,1,-1,-1,-1
77,3,1339.88,456.91,81.64,212.65,1,-1,-1,-1
77,5,803.48,280.97,237.84,548.97,1,-1,-1,-1
77,6,1694.28,262.04,200.37,563.38,1,-1,-1,-1
77,7,260.45,472.41,93.97,240.33,1,-1,-1,-1
77,8,418.17,432.28,115.76,275.39,1,-1,-1,-1
78,1,1473.17,334.29,210.37,486.15,1,-1,-1,-1
78,3,1339.92,456.73,81.64,212.74,1,-1,-1,-1
78,5,816.63,283.65,236.78,545.24,1,-1,-1,-1
78,6,1691.37,261.94,201.74,565.49,1,-1,-1,-1
78,7,262.02,471.15,94.42,240.75,1,-1,-1,-1
78,8,418.82,431.51,115.98,275.98,1,-1,-1,-1
79,1,1467.54,332.39,212.21,488.34,1,-1,-1,-1
79,3,1339.47,457.03,81.92,212.38,1,-1,-1,-1
79,5,828.33,285.81,238.61,541.05,1,-1,-1,-1
79,6,1688.42,260.87,203.17,568.59,1,-1,-1,-1
79,7,262.87,469.99,95.29,241.35,1,-1,-1,-1
79,8,419.86,430.28,115.92,276.90,1,-1,-1,-1
80,1,1461.70,330.21,214.58,491.54,1,-1,-1,-1
80,3,1339.24,457.11,82.01,212.22,1,-1,-1,-1
80,5,838.78,291.01,241.59,533.48,1,-1,-1,-1
80,6,1685.66,261.69,204.07,570.18,1,-1,-1,-1
80,7,264.27,469.46,96.64,241.60,1,-1,-1,-1
80,8,422.08,429.42,115.58,277.72,1,-1,-1,-1
81,1,1455.43,326.53,217.39,496.29,1,-1,-1,-1
81,3,1339.00,457.11,82.21,212.00,1,-1,-1,-1
81,5,847.37,292.87,245.46,529.62,1,-1,-1,-1
81,6,1682.53,261.10,205.15,573.44,1,-1,-1,-1
81,7,266.69,468.91,97.74,241.93,1,-1,-1,-1
81,8,424.35,428.43,115.36,278.43,1,-1,-1,-1
81,9,1895.90,498.40,24.90,103.20,1,-1,-1,-1
82,1,1448.16,323.27,220.99,500.65,1,-1,-1,-1
82,3,1338.71,457.14,82.40,211.88,1,-1,-1,-1
82,5,857.48,294.15,247.10,525.94,1,-1,-1,-1
82,6,1679.78,260.20,205.92,576.43,1,-1,-1,-1
82,7,269.68,467.68,99.00,242.98,1,-1,-1,-1
82,8,426.45,427.02,115.05,279.78,1,-1,-1,-1
82,9,1898.39,495.61,24.49,104.05,1,-1,-1,-1
83,1,1441.28,320.89,224.32,503.56,1,-1,-1,-1
83,3,1338.85,456.80,82.33,212.10,1,-1,-1,-1
83,5,870.65,296.03,245.31,522.63,1,-1,-1,-1
83,6,1676.95,260.34,206.88,579.39,1,-1,-1,-1
83,7,273.53,466.00,100.94,244.05,1,-1,-1,-1
83,8,429.78,426.35,113.92,280.70,1,-1,-1,-1
83,9,1900.87,492.83,24.49,104.05,1,-1,-1,-1
84,1,1434.30,319.09,227.60,506.82,1,-1,-1,-1
84,3,1338.98,456.42,82.20,212.42,1,-1,-1,-1
84,5,883.98,297.08,242.92,519.99,1,-1,-1,-1
84,6,1674.81,258.64,207.40,582.80,1,-1,-1,-1
84,7,277.21,464.96,102.73,244.98,1,-1,-1,-1
84,8,433.30,426.71,112.56,281.03,1,-1,-1,-1
84,9,1903.36,490.05,24.49,104.05,1,-1,-1,-1
85,1,1427.53,320.42,231.17,506.41,1,-1,-1,-1
85,3,1339.09,456.13,82.07,212.69,1,-1,-1,-1
85,5,900.52,299.03,237.12,516.04,1,-1,-1,-1
85,6,1672.93,257.76,207.27,585.58,1,-1,-1,-1
85,7,281.89,463.78,103.42,245.96,1,-1,-1,-1
85,8,436.69,426.91,111.78,281.40,1,-1,-1,-1
85,9,1905.84,487.26,24.49,104.05,1,-1,-1,-1
86,1,1420.37,321.28,233.67,506.41,1,-1,-1,-1
86,3,1339.12,455.84,82.00,213.00,1,-1,-1,-1
86,5,917.96,299.67,230.45,513.59,1,-1,-1,-1
86,6,1670.20,255.65,208.31,588.55,1,-1,-1,-1
86,7,286.30,463.09,103.76,247.00,1,-1,-1,-1
86,8,439.55,426.71,112.12,281.46,1,-1,-1,-1
86,9,1908.33,484.48,24.49,104.05,1,-1,-1,-1
87,1,1413.02,322.31,236.68,507.10,1,-1,-1,-1
87,3,1339.12,455.68,81.96,213.27,1,-1,-1,-1
87,5,933.34,299.30,225.36,511.51,1,-1,-1,-1
87,6,1667.78,253.37,209.62,590.81,1,-1,-1,-1
87,7,291.42,462.71,103.49,247.48,1,-1,-1,-1
87,8,442.58,425.65,112.43,282.85,1,-1,-1,-1
87,9,1910.81,481.70,24.49,104.05,1,-1,-1,-1
88,1,1406.56,324.22,238.50,507.24,1,-1,-1,-1
88,3,1339.34,455.50,81.96,213.46,1,-1,-1,-1
88,5,946.32,300.13,222.66,507.66,1,-1,-1,-1
88,6,1665.78,251.65,210.55,593.19,1,-1,-1,-1
88,7,296.64,461.69,102.73,248.06,1,-1,-1,-1
88,8,444.85,425.20,113.69,283.06,1,-1,-1,-1
88,9,1913.30,478.92,24.49,104.05,1,-1,-1,-1
89,1,1400.69,325.07,240.49,509.18,1,-1,-1,-1
89,3,1339.52,455.63,81.91,213.23,1,-1,-1,-1
89,5,957.23,301.41,221.06,503.64,1,-1,-1,-1
89,6,1663.51,248.67,212.28,596.90,1,-1,-1,-1
89,7,301.38,461.08,102.51,248.73,1,-1,-1,-1
89,8,446.78,425.07,115.47,283.25,1,-1,-1,-1
89,9,1915.78,476.13,24.49,104.05,1,-1,-1,-1
90,1,1393.90,323.64,241.38,514.43,1,-1,-1,-1
90,3,1339.62,455.74,81.65,212.77,1,-1,-1,-1
90,5,967.73,302.42,220.78,500.13,1,-1,-1,-1
90,6,1660.35,245.98,214.31,600.15,1,-1,-1,-1
90,7,305.84,460.19,102.49,249.47,1,-1,-1,-1
90,8,449.44,424.00,116.47,284.65,1,-1,-1,-1
90,9,1918.27,473.35,24.49,104.05,1,-1,-1,-1
91,1,1387.66,323.39,242.65,518.51,1,-1,-1,-1
91,3,1339.44,455.42,81.52,212.78,1,-1,-1,-1
91,5,975.75,304.46,223.22,496.72,1,-1,-1,-1
91,6,1657.01,243.76,216.31,603.73,1,-1,-1,-1
91,7,309.54,459.70,102.59,249.98,1,-1,-1,-1
91,8,451.68,423.39,117.02,285.94,1,-1,-1,-1
91,9,1920.75,470.57,24.49,104.05,1,-1,-1,-1
92,1,1382.29,322.09,243.19,523.17,1,-1,-1,-1
92,3,1339.75,454.87,80.84,212.18,1,-1,-1,-1
92,5,982.44,307.24,225.28,492.15,1,-1,-1,-1
92,6,1653.70,243.42,217.91,605.66,1,-1,-1,-1
92,7,312.55,459.60,102.61,250.51,1,-1,-1,-1
92,8,454.09,423.37,116.56,286.92,1,-1,-1,-1
92,9,1923.24,467.78,24.49,104.05,1,-1,-1,-1
93,1,1378.02,321.60,243.12,526.84,1,-1,-1,-1
93,3,1339.75,454.79,80.84,212.18,1,-1,-1,-1
93,5,989.62,309.29,227.53,488.50,1,-1,-1,-1
93,6,1647.41,242.31,221.29,609.92,1,-1,-1,-1
93,7,315.93,460.09,102.01,251.07,1,-1,-1,-1
93,8,456.74,423.36,115.60,288.01,1,-1,-1,-1
93,9,1925.72,465.00,24.49,104.05,1,-1,-1,-1
94,1,1373.78,321.00,242.49,528.94,1,-1,-1,-1
94,3,1339.75,454.72,80.84,212.18,1,-1,-1,-1
94,5,996.88,311.72,229.00,485.18,1,-1,-1,-1
94,6,1642.21,241.21,224.40,613.80,1,-1,-1,-1
94,7,318.80,461.12,101.63,250.50,1,-1,-1,-1
94,8,459.11,423.33,115.00,289.16,1,-1,-1,-1
94,9,1928.21,462.22,24.49,104.05,1,-1,-1,-1
95,1,1369.56,320.22,242.09,531.53,1,-1,-1,-1
95,3,1339.76,454.65,80.84,212.18,1,-1,-1,-1
95,5,1005.35,314.26,228.88,480.64,1,-1,-1,-1
95,6,1636.95,239.99,226.95,617.12,1,-1,-1,-1
95,7,320.65,459.88,101.99,251.59,1,-1,-1,-1
95,8,461.65,422.98,114.32,290.20,1,-1,-1,-1
95,9,1930.69,459.43,24.49,104.05,1,-1,-1,-1
96,1,1365.53,318.54,241.13,535.43,1,-1,-1,-1
96,3,1334.56,477.36,75.59,198.52,1,-1,-1,-1
96,5,1016.53,315.91,227.49,476.98,1,-1,-1,-1
96,6,1629.67,240.82,230.42,620.15,1,-1,-1,-1
96,7,322.44,458.70,102.63,252.49,1,-1,-1,-1
96,8,462.99,422.46,114.61,291.01,1,-1,-1,-1
96,9,1933.18,456.65,24.49,104.05,1,-1,-1,-1
97,1,1361.87,320.73,240.23,535.50,1,-1,-1,-1
97,3,1334.24,478.68,75.59,198.52,1,-1,-1,-1
97,5,1026.74,316.99,226.18,473.32,1,-1,-1,-1
97,6,1623.89,237.33,232.51,626.57,1,-1,-1,-1
97,7,324.48,458.29,102.66,253.21,1,-1,-1,-1
97,8,463.31,420.96,116.03,292.31,1,-1,-1,-1
97,9,1935.66,453.87,24.49,104.05,1,-1,-1,-1
98,1,1358.74,318.44,238.42,540.37,1,-1,-1,-1
98,3,1339.29,475.41,75.52,199.40,1,-1,-1,-1
98,5,1038.83,317.54,223.56,469.54,1,-1,-1,-1
98,6,1617.78,235.11,234.28,629.91,1,-1,-1,-1
98,7,326.09,458.63,102.72,253.20,1,-1,-1,-1
98,8,463.72,419.73,117.60,293.90,1,-1,-1,-1
98,9,1938.14,451.09,24.49,104.05,1,-1,-1,-1
99,1,1356.43,315.31,235.36,545.66,1,-1,-1,-1
99,3,1339.29,476.45,75.52,199.40,1,-1,-1,-1
99,5,1050.00,317.41,220.72,466.63,1,-1,-1,-1
99,6,1612.56,232.61,235.21,632.82,1,-1,-1,-1
99,7,327.48,457.26,102.68,254.70,1,-1,-1,-1
99,8,464.08,419.00,119.06,295.29,1,-1,-1,-1
99,9,1940.63,448.30,24.49,104.05,1,-1,-1,-1
100,1,1352.99,314.54,234.62,549.68,1,-1,-1,-1
100,3,1339.30,477.50,75.52,199.40,1,-1,-1,-1
100,5,1062.10,317.09,216.32,464.28,1,-1,-1,-1
100,6,1607.01,229.48,236.98,638.18,1,-1,-1,-1
100,7,328.86,457.42,102.34,254.90,1,-1,-1,-1
100,8,464.70,418.70,119.86,295.53,1,-1,-1,-1
100,9,1943.11,445.52,24.49,104.05,1,-1,-1,-1
101,1,1349.88,313.78,233.26,552.31,1,-1,-1,-1
101,3,1339.30,478.54,75.52,199.40,1,-1,-1,-1
101,5,1074.78,316.80,212.05,462.22,1,-1,-1,-1
101,6,1600.12,228.44,238.91,641.58,1,-1,-1,-1
101,7,330.24,454.93,102.37,256.94,1,-1,-1,-1
101,8,464.59,418.35,121.09,295.52,1,-1,-1,-1
101,9,1945.60,442.74,24.49,104.05,1,-1,-1,-1
102,1,1346.53,313.24,232.21,554.68,1,-1,-1,-1
102,3,1339.30,479.59,75.52,199.40,1,-1,-1,-1
102,5,1086.01,316.75,208.71,459.62,1,-1,-1,-1
102,6,1593.88,225.22,240.62,646.29,1,-1,-1,-1
102,7,331.78,451.76,102.39,259.51,1,-1,-1,-1
102,8,464.58,417.96,121.76,295.56,1,-1,-1,-1
102,9,1948.08,439.95,24.49,104.05,1,-1,-1,-1
103,1,1343.43,313.37,230.92,557.92,1,-1,-1,-1
103,3,1339.31,480.63,75.52,199.40,1,-1,-1,-1
103,5,1096.64,316.84,206.35,457.22,1,-1,-1,-1
103,6,1588.30,222.23,240.42,649.91,1,-1,-1,-1
103,7,333.22,449.56,102.17,261.48,1,-1,-1,-1
103,8,464.45,417.44,122.66,296.09,1,-1,-1,-1
103,9,1950.57,437.17,24.49,104.05,1,-1,-1,-1
104,1,1337.60,311.30,231.30,562.65,1,-1,-1,-1
104,3,1339.31,481.68,75.52,199.40,1,-1,-1,-1
104,5,1105.97,317.83,204.81,455.44,1,-1,-1,-1
104,6,1582.53,222.63,240.32,652.46,1,-1,-1,-1
104,7,334.49,448.94,101.70,262.09,1,-1,-1,-1
104,8,464.26,416.84,123.42,296.71,1,-1,-1,-1
104,9,1953.05,434.39,24.49,104.05,1,-1,-1,-1
105,1,1333.72,310.49,230.68,565.52,1,-1,-1,-1
105,3,1339.31,482.73,75.52,199.40,1,-1,-1,-1
105,5,1114.94,320.02,203.18,452.26,1,-1,-1,-1
105,6,1577.36,222.62,240.66,656.63,1,-1,-1,-1
105,7,335.42,448.47,101.38,262.78,1,-1,-1,-1
105,8,463.97,416.84,124.01,298.27,1,-1,-1,-1
105,9,1955.54,431.60,24.49,104.05,1,-1,-1,-1
106,1,1328.22,310.23,232.34,569.31,1,-1,-1,-1
106,3,1339.32,483.77,75.52,199.40,1,-1,-1,-1
106,5,1122.61,321.54,203.67,449.43,1,-1,-1,-1
106,6,1572.43,222.38,240.30,660.56,1,-1,-1,-1
106,7,337.03,447.63,101.01,264.04,1,-1,-1,-1
106,8,463.81,416.46,124.80,299.40,1,-1,-1,-1
106,9,1958.02,428.82,24.49,104.05,1,-1,-1,-1
107,1,1322.58,311.03,233.89,571.01,1,-1,-1,-1
107,3,1339.32,484.82,75.52,199.40,1,-1,-1,-1
107,5,1131.51,323.87,201.87,445.60,1,-1,-1,-1
107,6,1567.90,221.91,239.64,664.44,1,-1,-1,-1
107,7,338.82,447.45,100.37,264.68,1,-1,-1,-1
107,8,463.77,416.75,125.11,299.27,1,-1,-1,-1
107,9,1960.51,426.04,24.49,104.05,1,-1,-1,-1
108,1,1316.70,308.57,234.00,574.76,1,-1,-1,-1
108,3,1339.32,485.86,75.52,199.40,1,-1,-1,-1
108,5,1140.16,327.23,200.14,441.93,1,-1,-1,-1
108,6,1563.10,220.81,238.74,667.23,1,-1,-1,-1
108,7,341.42,448.01,99.34,264.66,1,-1,-1,-1
108,8,464.09,417.08,125.11,299.16,1,-1,-1,-1
109,1,1309.18,307.09,235.92,578.79,1,-1,-1,-1
109,3,1339.33,486.91,75.52,199.40,1,-1,-1,-1
109,5,1147.98,329.38,198.97,437.09,1,-1,-1,-1
109,6,1558.77,220.24,237.84,670.15,1,-1,-1,-1
109,7,343.67,448.43,98.53,265.01,1,-1,-1,-1
109,8,464.15,416.28,125.55,300.45,1,-1,-1,-1
110,1,1303.05,305.38,237.05,582.50,1,-1,-1,-1
110,3,1339.33,487.95,75.52,199.40,1,-1,-1,-1
110,5,1156.30,330.26,196.97,433.81,1,-1,-1,-1
110,6,1553.23,219.78,237.53,673.81,1,-1,-1,-1
110,7,345.61,448.11,98.33,266.14,1,-1,-1,-1
110,8,464.65,416.75,125.30,300.30,1,-1,-1,-1
111,1,1296.76,303.14,238.40,585.93,1,-1,-1,-1
111,3,1339.33,489.00,75.52,199.40,1,-1,-1,-1
111,5,1164.10,330.53,194.78,430.75,1,-1,-1,-1
111,6,1548.62,217.03,237.46,678.95,1,-1,-1,-1
111,7,347.48,448.26,97.73,266.81,1,-1,-1,-1
111,8,464.70,416.75,125.17,300.95,1,-1,-1,-1
112,1,1290.83,301.44,238.32,588.63,1,-1,-1,-1
112,3,1339.33,490.04,75.52,199.40,1,-1,-1,-1
112,5,1170.79,329.90,193.06,429.24,1,-1,-1,-1
112,6,1542.71,216.16,237.83,685.13,1,-1,-1,-1
112,7,349.47,447.61,96.78,267.78,1,-1,-1,-1
112,8,464.68,415.99,124.78,301.98,1,-1,-1,-1
113,1,1284.90,300.02,239.00,591.93,1,-1,-1,-1
113,3,1339.34,491.09,75.52,199.40,1,-1,-1,-1
113,5,1178.10,330.22,190.31,426.57,1,-1,-1,-1
113,6,1536.86,215.55,237.04,689.42,1,-1,-1,-1
113,7,350.95,446.68,96.53,268.81,1,-1,-1,-1
113,8,463.70,414.53,124.66,303.43,1,-1,-1,-1
114,1,1276.60,298.00,242.54,596.53,1,-1,-1,-1
114,3,1339.34,492.14,75.52,199.40,1,-1,-1,-1
114,5,1187.36,332.35,183.67,421.67,1,-1,-1,-1
114,6,1531.08,213.26,237.51,696.41,1,-1,-1,-1
114,7,352.11,445.15,96.23,270.22,1,-1,-1,-1
114,8,463.54,412.55,124.01,305.31,1,-1,-1,-1
115,1,1268.43,293.37,243.85,601.66,1,-1,-1,-1
115,3,1339.34,493.18,75.52,199.40,1,-1,-1,-1
115,5,1197.43,333.53,183.67,421.67,1,-1,-1,-1
115,6,1524.89,212.15,238.22,701.21,1,-1,-1,-1
115,7,353.17,443.87,95.80,271.69,1,-1,-1,-1
115,8,462.63,411.52,123.61,307.29,1,-1,-1,-1
116,1,1260.66,294.49,245.78,603.84,1,-1,-1,-1
116,3,1339.35,494.23,75.52,199.40,1,-1,-1,-1
116,5,1207.51,334.70,183.67,421.67,1,-1,-1,-1
116,6,1517.82,210.23,238.70,705.92,1,-1,-1,-1
116,7,353.74,442.05,95.85,273.82,1,-1,-1,-1
116,8,462.22,409.95,122.62,308.27,1,-1,-1,-1
117,1,1252.33,292.79,247.79,606.44,1,-1,-1,-1
117,3,1339.35,495.27,75.52,199.40,1,-1,-1,-1
117,5,1217.58,335.88,183.67,421.67,1,-1,-1,-1
117,6,1511.78,211.04,239.05,708.56,1,-1,-1,-1
117,7,353.85,441.36,95.73,275.41,1,-1,-1,-1
117,8,462.05,408.62,121.71,309.06,1,-1,-1,-1
118,1,1242.02,289.24,249.78,612.82,1,-1,-1,-1
118,3,1339.35,496.32,75.52,199.40,1,-1,-1,-1
118,5,1227.66,337.05,183.67,421.67,1,-1,-1,-1
118,6,1505.26,207.40,240.83,714.54,1,-1,-1,-1
118,7,353.56,440.43,95.86,277.45,1,-1,-1,-1
118,8,461.42,407.41,121.43,309.95,1,-1,-1,-1
119,1,1230.43,292.11,253.90,614.70,1,-1,-1,-1
119,3,1339.36,497.36,75.52,199.40,1,-1,-1,-1
119,5,1237.73,338.23,183.67,421.67,1,-1,-1,-1
119,6,1498.30,205.05,241.93,719.72,1,-1,-1,-1
119,7,353.07,439.84,96.10,279.12,1,-1,-1,-1
119,8,460.75,406.32,121.28,312.29,1,-1,-1,-1
120,1,1220.21,289.79,256.18,619.44,1,-1,-1,-1
120,3,1339.36,498.41,75.52,199.40,1,-1,-1,-1
120,5,1247.81,339.40,183.67,421.67,1,-1,-1,-1
120,6,1492.18,199.58,243.85,726.64,1,-1,-1,-1
120,7,352.75,439.64,96.20,280.64,1,-1,-1,-1
120,8,459.72,405.75,121.84,312.46,1,-1,-1,-1
121,1,1208.31,289.79,259.41,623.25,1,-1,-1,-1
121,3,1339.36,499.45,75.52,199.40,1,-1,-1,-1
121,5,1257.88,340.58,183.67,421.67,1,-1,-1,-1
121,6,1485.54,193.93,246.26,733.88,1,-1,-1,-1
121,7,352.37,439.40,96.27,282.18,1,-1,-1,-1
121,8,458.78,404.90,122.07,314.06,1,-1,-1,-1
122,1,1194.65,288.74,264.08,628.52,1,-1,-1,-1
122,3,1339.37,500.50,75.52,199.40,1,-1,-1,-1
122,5,1267.96,341.75,183.67,421.67,1,-1,-1,-1
122,6,1477.53,190.95,247.96,737.88,1,-1,-1,-1
122,7,351.04,438.76,96.43,284.17,1,-1,-1,-1
122,8,457.77,404.61,122.29,315.24,1,-1,-1,-1
123,1,1181.34,286.21,268.42,633.80,1,-1,-1,-1
123,3,1339.37,501.55,75.52,199.40,1,-1,-1,-1
123,5,1278.04,342.93,183.67,421.67,1,-1,-1,-1
123,6,1469.34,187.60,251.01,742.11,1,-1,-1,-1
123,7,349.15,437.99,96.90,286.15,1,-1,-1,-1
123,8,456.90,404.61,121.91,316.13,1,-1,-1,-1
124,1,1167.81,284.11,273.20,639.34,1,-1,-1,-1
124,5,1288.11,344.10,183.67,421.67,1,-1,-1,-1
124,6,1463.00,183.71,253.15,747.71,1,-1,-1,-1
124,7,347.41,437.33,97.53,287.94,1,-1,-1,-1
124,8,455.78,404.60,121.52,316.92,1,-1,-1,-1
125,1,1156.05,281.11,276.81,645.67,1,-1,-1,-1
125,5,1298.19,345.28,183.67,421.67,1,-1,-1,-1
125,6,1456.77,179.96,255.43,752.82,1,-1,-1,-1
125,7,344.71,435.68,99.12,290.05,1,-1,-1,-1
125,8,454.59,404.70,121.37,317.77,1,-1,-1,-1
126,1,1145.69,278.18,278.94,652.09,1,-1,-1,-1
126,5,1308.26,346.46,183.67,421.67,1,-1,-1,-1
126,6,1447.75,171.57,259.88,761.30,1,-1,-1,-1
126,7,342.73,434.89,100.45,291.55,1,-1,-1,-1
126,8,453.85,405.22,120.86,317.68,1,-1,-1,-1
127,1,1136.22,274.94,279.79,657.23,1,-1,-1,-1
127,5,1318.34,347.63,183.67,421.67,1,-1,-1,-1
127,6,1438.73,170.46,264.06,764.74,1,-1,-1,-1
127,7,340.66,434.46,101.82,292.74,1,-1,-1,-1
127,8,453.19,405.67,120.42,318.00,1,-1,-1,-1
128,1,1127.08,272.14,281.18,663.16,1,-1,-1,-1
128,5,1328.41,348.81,183.67,421.67,1,-1,-1,-1
128,6,1430.31,167.06,265.98,770.94,1,-1,-1,-1
128,7,337.72,432.72,103.71,294.45,1,-1,-1,-1
128,8,452.98,405.29,119.98,319.20,1,-1,-1,-1
129,1,1118.50,267.81,281.44,670.50,1,-1,-1,-1
129,5,1338.49,349.98,183.67,421.67,1,-1,-1,-1
129,6,1421.11,169.46,269.43,772.72,1,-1,-1,-1
129,7,335.40,432.07,104.99,295.85,1,-1,-1,-1
129,8,452.82,404.41,119.76,320.54,1,-1,-1,-1
130,1,1113.50,265.49,279.13,676.72,1,-1,-1,-1
130,5,1348.56,351.16,183.67,421.67,1,-1,-1,-1
130,6,1412.10,170.76,272.64,775.11,1,-1,-1,-1
130,7,332.62,430.86,106.65,297.53,1,-1,-1,-1
130,8,452.37,403.04,119.78,321.96,1,-1,-1,-1
131,1,1107.80,265.65,276.82,680.33,1,-1,-1,-1
131,5,1358.64,352.33,183.67,421.67,1,-1,-1,-1
131,6,1403.80,169.35,275.01,779.17,1,-1,-1,-1
131,7,329.21,429.90,108.69,299.14,1,-1,-1,-1
131,8,452.68,402.08,119.02,323.78,1,-1,-1,-1
132,1,1103.46,268.63,273.84,682.50,1,-1,-1,-1
132,5,1368.72,353.51,183.67,421.67,1,-1,-1,-1
132,6,1393.90,167.22,277.95,785.00,1,-1,-1,-1
132,7,326.32,429.29,110.64,300.00,1,-1,-1,-1
132,8,452.81,400.72,118.42,325.93,1,-1,-1,-1
133,1,1095.10,270.04,274.78,685.94,1,-1,-1,-1
133,5,1378.79,354.68,183.67,421.67,1,-1,-1,-1
133,6,1384.47,167.07,280.00,789.69,1,-1,-1,-1
133,7,324.26,428.49,112.33,301.90,1,-1,-1,-1
133,8,452.16,399.25,118.54,327.54,1,-1,-1,-1
134,1,1088.24,270.49,275.66,688.77,1,-1,-1,-1
134,5,1388.87,355.86,183.67,421.67,1,-1,-1,-1
134,6,1375.89,166.14,281.12,791.79,1,-1,-1,-1
134,7,322.49,428.79,113.45,302.16,1,-1,-1,-1
134,8,451.22,397.47,119.50,328.94,1,-1,-1,-1
135,1,1079.16,271.36,277.63,692.62,1,-1,-1,-1
135,5,1398.94,357.03,183.67,421.67,1,-1,-1,-1
135,6,1367.43,164.16,282.09,796.20,1,-1,-1,-1
135,7,321.31,428.48,114.43,303.05,1,-1,-1,-1
135,8,450.64,395.91,120.46,330.23,1,-1,-1,-1
136,1,1069.23,271.01,279.47,697.56,1,-1,-1,-1
136,5,1409.02,358.21,183.67,421.67,1,-1,-1,-1
136,6,1357.68,161.82,284.65,799.72,1,-1,-1,-1
136,7,321.33,427.05,115.07,305.43,1,-1,-1,-1
136,8,449.63,394.91,122.10,331.27,1,-1,-1,-1
137,1,1058.69,267.08,281.67,705.66,1,-1,-1,-1
137,5,1419.09,359.38,183.67,421.67,1,-1,-1,-1
137,6,1348.44,158.18,286.70,804.88,1,-1,-1,-1
137,7,321.56,425.67,115.46,307.56,1,-1,-1,-1
137,8,448.98,393.93,123.53,332.39,1,-1,-1,-1
138,1,1048.26,260.51,283.03,716.05,1,-1,-1,-1
138,5,1429.17,360.56,183.67,421.67,1,-1,-1,-1
138,6,1338.49,152.56,289.15,812.04,1,-1,-1,-1
138,7,321.13,424.17,116.21,309.95,1,-1,-1,-1
138,8,447.81,392.43,125.07,335.20,1,-1,-1,-1
139,1,1036.49,254.71,286.53,724.58,1,-1,-1,-1
139,5,1439.24,361.73,183.67,421.67,1,-1,-1,-1
139,6,1327.74,149.44,292.20,817.16,1,-1,-1,-1
139,7,320.58,423.05,117.11,311.67,1,-1,-1,-1
139,8,447.02,392.61,126.06,336.16,1,-1,-1,-1
140,1,1024.30,250.22,289.03,732.13,1,-1,-1,-1
140,5,1449.32,362.91,183.67,421.67,1,-1,-1,-1
140,6,1316.44,145.12,295.60,825.77,1,-1,-1,-1
140,7,320.21,422.20,117.95,313.18,1,-1,-1,-1
140,8,446.29,393.08,126.70,336.89,1,-1,-1,-1
141,1,1009.66,247.46,295.16,737.97,1,-1,-1,-1
141,5,1459.40,364.08,183.67,421.67,1,-1,-1,-1
141,6,1306.77,140.90,298.00,830.64,1,-1,-1,-1
141,7,320.28,421.41,118.39,314.62,1,-1,-1,-1
141,8,446.20,393.77,126.67,337.64,1,-1,-1,-1
142,1,996.12,243.46,299.47,743.54,1,-1,-1,-1
142,6,1298.03,136.59,299.39,835.97,1,-1,-1,-1
142,7,319.76,420.65,119.09,316.04,1,-1,-1,-1
142,8,445.45,394.19,127.39,338.28,1,-1,-1,-1
143,1,984.73,236.88,305.11,754.44,1,-1,-1,-1
143,6,1289.47,133.11,300.24,841.86,1,-1,-1,-1
143,7,319.98,420.02,119.21,317.48,1,-1,-1,-1
143,8,444.68,394.52,127.83,339.34,1,-1,-1,-1
143,10,1.60,269.80,218.40,699.90,1,-1,-1,-1
144,1,972.40,233.78,309.30,762.61,1,-1,-1,-1
144,6,1280.97,130.62,300.44,849.25,1,-1,-1,-1
144,7,320.09,419.19,119.38,319.47,1,-1,-1,-1
144,8,444.02,394.77,128.32,340.73,1,-1,-1,-1
144,10,1.00,269.00,220.96,697.72,1,-1,-1,-1
145,1,958.69,227.90,314.69,772.77,1,-1,-1,-1
145,6,1271.01,129.97,301.61,854.42,1,-1,-1,-1
145,7,319.67,418.54,119.91,321.44,1,-1,-1,-1
145,8,442.77,394.99,129.32,341.07,1,-1,-1,-1
145,10,5.90,268.12,223.75,695.68,1,-1,-1,-1
146,1,944.80,226.24,319.79,778.97,1,-1,-1,-1
146,6,1260.97,126.71,304.71,862.22,1,-1,-1,-1
146,7,319.18,418.79,120.13,322.95,1,-1,-1,-1
146,8,442.42,394.61,130.29,342.40,1,-1,-1,-1
146,10,18.84,270.60,225.10,692.28,1,-1,-1,-1
147,1,933.59,221.92,322.10,787.89,1,-1,-1,-1
147,6,1251.44,127.90,306.92,867.41,1,-1,-1,-1
147,7,317.52,417.59,121.16,324.96,1,-1,-1,-1
147,8,442.09,393.09,131.52,345.12,1,-1,-1,-1
147,10,34.99,276.85,225.93,686.09,1,-1,-1,-1
148,1,921.11,220.38,325.91,794.73,1,-1,-1,-1
148,6,1241.12,125.57,309.83,878.99,1,-1,-1,-1
148,7,314.71,417.05,122.55,327.26,1,-1,-1,-1
148,8,441.59,391.86,133.10,347.73,1,-1,-1,-1
148,10,51.23,284.17,229.61,678.65,1,-1,-1,-1
149,1,911.10,217.01,327.25,802.28,1,-1,-1,-1
149,6,1232.62,121.61,311.87,888.47,1,-1,-1,-1
149,7,312.40,415.87,123.50,328.98,1,-1,-1,-1
149,8,441.00,391.18,134.61,349.96,1,-1,-1,-1
149,10,64.89,286.12,236.44,674.08,1,-1,-1,-1
150,1,899.21,215.93,329.91,807.25,1,-1,-1,-1
150,6,1225.42,120.41,312.90,897.29,1,-1,-1,-1
150,7,309.87,414.83,124.23,330.98,1,-1,-1,-1
150,8,440.43,390.32,136.34,352.29,1,-1,-1,-1
150,10,71.92,284.51,249.65,672.17,1,-1,-1,-1
151,1,888.93,215.72,331.30,813.62,1,-1,-1,-1
151,6,1216.70,120.13,314.10,904.54,1,-1,-1,-1
151,7,308.18,413.19,124.63,333.34,1,-1,-1,-1
151,8,440.47,389.05,137.20,354.46,1,-1,-1,-1
151,10,81.45,286.77,263.23,666.33,1,-1,-1,-1
152,1,877.39,216.08,333.19,818.10,1,-1,-1,-1
152,6,1207.46,119.60,316.29,909.70,1,-1,-1,-1
152,7,307.21,412.33,124.63,333.34,1,-1,-1,-1
152,8,441.50,387.83,137.44,356.56,1,-1,-1,-1
152,10,88.73,292.43,276.22,659.64,1,-1,-1,-1
153,1,865.29,213.76,335.11,824.61,1,-1,-1,-1
153,6,1199.91,112.32,317.88,917.52,1,-1,-1,-1
153,7,306.23,411.47,124.63,333.34,1,-1,-1,-1
153,8,442.70,386.28,138.08,358.74,1,-1,-1,-1
153,10,102.38,297.11,287.75,652.62,1,-1,-1,-1
154,1,853.47,211.00,337.94,830.85,1,-1,-1,-1
154,6,1191.19,105.46,321.30,927.52,1,-1,-1,-1
154,7,305.25,410.61,124.63,333.34,1,-1,-1,-1
154,8,443.36,384.82,139.16,360.52,1,-1,-1,-1
154,10,118.20,299.22,296.39,647.77,1,-1,-1,-1
155,1,837.86,207.98,342.98,836.80,1,-1,-1,-1
155,6,1181.79,98.67,325.58,936.66,1,-1,-1,-1
155,7,304.28,409.75,124.63,333.34,1,-1,-1,-1
155,8,443.97,383.39,140.26,362.74,1,-1,-1,-1
155,10,133.54,299.77,301.23,643.98,1,-1,-1,-1
156,1,820.22,203.58,349.04,843.26,1,-1,-1,-1
156,6,1171.76,90.38,329.52,945.37,1,-1,-1,-1
156,7,303.30,408.89,124.63,333.34,1,-1,-1,-1
156,8,444.81,384.02,141.10,363.95,1,-1,-1,-1
156,10,145.37,299.45,306.38,640.33,1,-1,-1,-1
157,1,806.46,198.18,350.98,850.04,1,-1,-1,-1
157,6,1161.98,85.48,332.72,952.80,1,-1,-1,-1
157,7,302.32,408.03,124.63,333.34,1,-1,-1,-1
157,8,446.03,382.43,142.23,367.24,1,-1,-1,-1
157,10,165.73,300.66,303.60,636.69,1,-1,-1,-1
158,1,793.60,196.94,352.13,853.76,1,-1,-1,-1
158,6,1151.00,81.40,337.04,959.31,1,-1,-1,-1
158,7,301.35,407.17,124.63,333.34,1,-1,-1,-1
158,8,446.79,382.71,143.25,369.26,1,-1,-1,-1
158,10,194.63,300.19,295.24,634.76,1,-1,-1,-1
159,1,782.34,195.85,352.36,857.10,1,-1,-1,-1
159,6,1139.70,72.74,342.19,967.84,1,-1,-1,-1
159,7,300.37,406.31,124.63,333.34,1,-1,-1,-1
159,8,448.85,382.82,143.77,370.69,1,-1,-1,-1
159,10,222.62,299.78,284.29,631.44,1,-1,-1,-1
160,1,772.33,190.68,351.25,862.93,1,-1,-1,-1
160,6,1130.34,72.50,345.66,971.27,1,-1,-1,-1
160,7,299.39,405.44,124.63,333.34,1,-1,-1,-1
160,8,451.30,380.75,143.95,373.62,1,-1,-1,-1
160,10,250.26,300.19,273.33,626.73,1,-1,-1,-1
161,1,761.50,188.73,351.11,866.41,1,-1,-1,-1
161,6,1119.00,68.35,349.44,977.02,1,-1,-1,-1
161,7,298.41,404.58,124.63,333.34,1,-1,-1,-1
161,8,456.01,380.68,143.47,375.42,1,-1,-1,-1
161,10,279.33,300.09,263.63,623.17,1,-1,-1,-1
162,1,751.68,184.45,349.49,871.29,1,-1,-1,-1
162,6,1108.59,59.67,354.06,985.57,1,-1,-1,-1
162,7,297.44,403.72,124.63,333.34,1,-1,-1,-1
162,8,460.73,380.43,141.38,379.07,1,-1,-1,-1
162,10,304.81,300.52,256.49,620.24,1,-1,-1,-1
163,1,739.95,181.81,349.52,874.93,1,-1,-1,-1
163,6,1097.97,50.15,358.10,994.52,1,-1,-1,-1
163,7,296.46,402.86,124.63,333.34,1,-1,-1,-1
163,8,465.95,377.83,140.93,385.78,1,-1,-1,-1
163,10,328.35,301.43,250.90,616.87,1,-1,-1,-1
164,1,729.84,180.60,347.48,877.48,1,-1,-1,-1
164,6,1085.28,43.63,362.75,1001.36,1,-1,-1,-1
164,7,295.48,402.00,124.63,333.34,1,-1,-1,-1
164,8,467.09,377.04,140.93,385.78,1,-1,-1,-1
164,10,349.25,303.73,248.39,612.07,1,-1,-1,-1
165,1,713.67,178.50,351.57,880.50,1,-1,-1,-1
165,6,1072.73,37.94,367.17,1007.52,1,-1,-1,-1
165,7,294.51,401.14,124.63,333.34,1,-1,-1,-1
165,8,468.23,376.26,140.93,385.78,1,-1,-1,-1
165,10,369.09,305.28,249.57,608.75,1,-1,-1,-1
166,1,698.49,175.35,353.56,884.12,1,-1,-1,-1
166,6,1060.36,34.98,370.42,1011.74,1,-1,-1,-1
166,7,293.53,400.28,124.63,333.34,1,-1,-1,-1
166,8,469.37,375.47,140.93,385.78,1,-1,-1,-1
166,10,387.50,306.41,253.33,606.52,1,-1,-1,-1
167,1,681.21,172.31,356.72,887.59,1,-1,-1,-1
167,6,1047.51,32.71,374.76,1015.40,1,-1,-1,-1
167,7,292.55,399.42,124.63,333.34,1,-1,-1,-1
167,8,470.51,374.69,140.93,385.78,1,-1,-1,-1
167,10,405.68,309.49,255.12,602.67,1,-1,-1,-1
168,1,663.80,167.63,359.26,892.08,1,-1,-1,-1
168,6,1033.24,29.68,378.81,1019.46,1,-1,-1,-1
168,7,291.58,398.56,124.63,333.34,1,-1,-1,-1
168,8,471.65,373.90,140.93,385.78,1,-1,-1,-1
168,10,423.78,311.08,254.96,598.48,1,-1,-1,-1
169,1,645.66,164.74,362.94,895.33,1,-1,-1,-1
169,6,1018.89,26.08,383.40,1023.80,1,-1,-1,-1
169,7,290.60,397.70,124.63,333.34,1,-1,-1,-1
169,8,472.79,373.12,140.93,385.78,1,-1,-1,-1
169,10,443.32,310.82,251.84,594.63,1,-1,-1,-1
170,1,626.61,160.53,366.56,899.41,1,-1,-1,-1
170,6,1006.87,21.20,385.59,1028.93,1,-1,-1,-1
170,7,289.62,396.84,124.63,333.34,1,-1,-1,-1
170,8,473.94,372.34,140.93,385.78,1,-1,-1,-1
170,10,463.07,311.86,243.74,591.57,1,-1,-1,-1
171,1,601.67,155.40,373.30,904.07,1,-1,-1,-1
171,6,992.40,17.04,389.51,1033.51,1,-1,-1,-1
171,7,288.65,395.98,124.63,333.34,1,-1,-1,-1
171,8,423.77,385.71,157.75,400.42,1,-1,-1,-1
171,10,481.55,313.28,243.74,591.57,1,-1,-1,-1
172,1,583.02,153.06,376.34,906.86,1,-1,-1,-1
172,6,978.01,12.84,393.20,1038.07,1,-1,-1,-1
172,7,287.67,395.12,124.63,333.34,1,-1,-1,-1
172,8,402.79,387.94,173.55,414.01,1,-1,-1,-1
172,10,500.03,314.69,243.74,591.57,1,-1,-1,-1
172,11,1333.40,537.80,58.40,173.40,1,-1,-1,-1
173,1,566.36,148.90,377.88,910.81,1,-1,-1,-1
173,6,962.22,7.66,397.91,1043.24,1,-1,-1,-1
173,7,286.69,394.26,124.63,333.34,1,-1,-1,-1
173,8,393.66,387.01,185.88,425.79,1,-1,-1,-1
173,10,518.51,316.11,243.74,591.57,1,-1,-1,-1
173,11,1337.28,536.31,59.63,169.47,1,-1,-1,-1
174,1,546.14,142.23,383.14,916.44,1,-1,-1,-1
174,6,948.09,2.91,400.11,1048.08,1,-1,-1,-1
174,7,285.71,393.40,124.63,333.34,1,-1,-1,-1
174,8,396.50,391.06,182.35,430.00,1,-1,-1,-1
174,10,537.00,317.52,243.74,591.57,1,-1,-1,-1
174,11,1335.70,537.63,61.22,166.17,1,-1,-1,-1
175,1,526.87,137.80,388.52,920.59,1,-1,-1,-1
175,6,935.36,-0.92,401.92,1052.29,1,-1,-1,-1
175,7,284.74,392.54,124.63,333.34,1,-1,-1,-1
175,8,387.18,392.03,176.22,430.25,1,-1,-1,-1
175,10,555.48,318.94,243.74,591.57,1,-1,-1,-1
175,11,1334.19,538.66,62.89,163.58,1,-1,-1,-1
176,1,506.83,135.54,392.99,923.28,1,-1,-1,-1
176,6,922.45,-3.97,402.51,1055.94,1,-1,-1,-1
176,7,283.76,391.68,124.63,333.34,1,-1,-1,-1
176,8,378.47,394.23,171.57,425.92,1,-1,-1,-1
176,10,573.96,320.36,243.74,591.57,1,-1,-1,-1
176,11,1333.69,539.68,64.17,161.38,1,-1,-1,-1
177,1,485.80,130.60,400.24,927.73,1,-1,-1,-1
177,6,910.52,-6.36,403.34,1059.11,1,-1,-1,-1
177,7,282.78,390.82,124.63,333.34,1,-1,-1,-1
177,8,372.18,395.94,167.75,422.71,1,-1,-1,-1
177,10,592.44,321.77,243.74,591.57,1,-1,-1,-1
177,11,1334.68,540.70,65.21,159.37,1,-1,-1,-1
178,1,463.57,127.56,407.52,930.93,1,-1,-1,-1
178,6,898.54,-8.18,404.02,1061.86,1,-1,-1,-1
178,7,281.81,389.95,124.63,333.34,1,-1,-1,-1
178,8,369.27,396.53,164.21,420.83,1,-1,-1,-1
178,10,610.93,323.19,243.74,591.57,1,-1,-1,-1
178,11,1335.74,540.89,66.05,157.77,1,-1,-1,-1
179,1,437.58,127.98,419.61,931.81,1,-1,-1,-1
179,6,886.19,-9.53,404.91,1064.25,1,-1,-1,-1
179,7,280.83,389.09,124.63,333.34,1,-1,-1,-1
179,8,370.55,394.42,159.41,422.47,1,-1,-1,-1
179,10,629.41,324.60,243.74,591.57,1,-1,-1,-1
179,11,1337.62,541.12,66.61,156.39,1,-1,-1,-1
180,1,412.19,129.68,429.27,931.79,1,-1,-1,-1
180,6,874.59,-6.24,404.91,1063.49,1,-1,-1,-1
180,7,279.85,388.23,124.63,333.34,1,-1,-1,-1
180,8,367.28,394.76,159.41,422.47,1,-1,-1,-1
180,10,647.89,326.02,243.74,591.57,1,-1,-1,-1
180,11,1339.28,540.90,67.08,155.25,1,-1,-1,-1
181,1,386.49,128.94,440.63,933.35,1,-1,-1,-1
181,6,861.78,-5.56,405.70,1064.39,1,-1,-1,-1
181,7,278.88,387.37,124.63,333.34,1,-1,-1,-1
181,8,364.01,395.11,159.41,422.47,1,-1,-1,-1
181,10,666.37,327.43,243.74,591.57,1,-1,-1,-1
181,11,1340.72,539.91,67.48,154.56,1,-1,-1,-1
182,1,359.58,124.71,452.69,937.20,1,-1,-1,-1
182,6,849.76,-6.72,406.23,1066.45,1,-1,-1,-1
182,7,277.90,386.51,124.63,333.34,1,-1,-1,-1
182,8,360.74,395.45,159.41,422.47,1,-1,-1,-1
182,10,684.86,328.85,243.74,591.57,1,-1,-1,-1
182,11,1341.95,538.75,67.79,154.08,1,-1,-1,-1
183,1,334.02,123.85,459.42,938.80,1,-1,-1,-1
183,6,837.81,-7.56,406.95,1068.23,1,-1,-1,-1
183,7,276.92,385.65,124.63,333.34,1,-1,-1,-1
183,8,357.48,395.80,159.41,422.47,1,-1,-1,-1
183,10,702.06,320.66,215.89,575.56,1,-1,-1,-1
183,11,1343.30,537.34,68.03,154.36,1,-1,-1,-1
183,12,6.90,231.00,203.90,802.60,1,-1,-1,-1
184,1,307.80,122.66,465.82,940.59,1,-1,-1,-1
184,6,822.67,-7.82,410.61,1069.59,1,-1,-1,-1
184,7,275.95,384.79,124.63,333.34,1,-1,-1,-1
184,8,354.21,396.15,159.41,422.47,1,-1,-1,-1
184,10,713.66,315.87,205.44,565.49,1,-1,-1,-1
184,11,1345.45,536.97,68.04,154.24,1,-1,-1,-1
184,12,1.03,173.09,218.90,820.24,1,-1,-1,-1
185,1,287.73,118.42,470.38,944.39,1,-1,-1,-1
185,6,808.60,-6.78,413.72,1070.01,1,-1,-1,-1
185,7,274.97,383.93,124.63,333.34,1,-1,-1,-1
185,8,350.94,396.49,159.41,422.47,1,-1,-1,-1
185,10,727.41,312.44,197.77,556.49,1,-1,-1,-1
185,11,1347.76,537.14,67.94,153.63,1,-1,-1,-1
185,12,-0.12,170.66,236.33,824.75,1,-1,-1,-1
186,1,262.09,114.41,477.39,948.03,1,-1,-1,-1
186,6,793.34,-7.17,417.55,1071.33,1,-1,-1,-1
186,7,273.99,383.07,124.63,333.34,1,-1,-1,-1
186,8,347.67,396.84,159.41,422.47,1,-1,-1,-1
186,10,745.30,312.92,197.77,556.49,1,-1,-1,-1
186,11,1350.21,537.99,67.90,152.75,1,-1,-1,-1
186,12,0.46,165.75,254.59,831.55,1,-1,-1,-1
187,1,234.71,110.84,484.48,951.38,1,-1,-1,-1
187,6,778.17,-7.39,421.03,1072.47,1,-1,-1,-1
187,7,273.02,382.21,124.63,333.34,1,-1,-1,-1
187,8,344.40,397.19,159.41,422.47,1,-1,-1,-1
187,10,763.18,313.40,197.77,556.49,1,-1,-1,-1
187,11,1352.35,538.47,68.00,152.05,1,-1,-1,-1
187,12,2.92,169.73,264.42,835.68,1,-1,-1,-1
188,1,203.54,105.99,488.36,955.59,1,-1,-1,-1
188,6,761.75,-7.45,424.92,1073.46,1,-1,-1,-1
188,7,272.04,381.35,124.63,333.34,1,-1,-1,-1
188,8,341.14,397.53,159.41,422.47,1,-1,-1,-1
188,10,781.07,313.89,197.77,556.49,1,-1,-1,-1
188,11,1354.22,538.50,68.26,151.68,1,-1,-1,-1
188,12,13.81,180.94,262.36,827.56,1,-1,-1,-1
189,1,164.00,102.37,494.56,958.99,1,-1,-1,-1
189,6,744.91,-7.40,430.38,1074.32,1,-1,-1,-1
189,7,271.06,380.49,124.63,333.34,1,-1,-1,-1
189,8,337.87,397.88,159.41,422.47,1,-1,-1,-1
189,10,798.96,314.37,197.77,556.49,1,-1,-1,-1
189,11,1356.96,538.58,67.96,151.55,1,-1,-1,-1
189,12,15.68,172.96,262.36,827.56,1,-1,-1,-1
190,1,125.77,100.73,495.88,961.07,1,-1,-1,-1
190,6,725.52,-7.25,437.15,1075.07,1,-1,-1,-1
190,7,270.08,379.63,124.63,333.34,1,-1,-1,-1
190,8,334.60,398.22,159.41,422.47,1,-1,-1,-1
190,10,816.84,314.86,197.77,556.49,1,-1,-1,-1
190,11,1359.37,538.88,67.87,151.42,1,-1,-1,-1
190,12,17.55,164.97,262.36,827.56,1,-1,-1,-1
191,1,84.68,95.73,498.12,965.39,1,-1,-1,-1
191,6,704.85,-7.02,443.45,1075.72,1,-1,-1,-1
191,7,269.11,378.77,124.63,333.34,1,-1,-1,-1
191,8,331.33,398.57,159.41,422.47,1,-1,-1,-1
191,10,834.73,315.34,197.77,556.49,1,-1,-1,-1
191,11,1362.35,539.15,67.76,151.54,1,-1,-1,-1
191,12,19.42,156.99,262.36,827.56,1,-1,-1,-1
192,1,48.57,92.11,499.23,968.80,1,-1,-1,-1
192,6,682.61,-6.74,449.62,1076.28,1,-1,-1,-1
192,7,268.13,377.91,124.63,333.34,1,-1,-1,-1
192,8,328.07,398.92,159.41,422.47,1,-1,-1,-1
192,10,852.61,315.83,197.77,556.49,1,-1,-1,-1
192,11,1365.10,539.27,67.89,151.98,1,-1,-1,-1
192,12,21.30,149.01,262.36,827.56,1,-1,-1,-1
193,1,19.15,92.22,496.34,969.72,1,-1,-1,-1
193,6,662.04,-6.41,454.63,1076.77,1,-1,-1,-1
193,7,267.15,377.05,124.63,333.34,1,-1,-1,-1
193,8,324.80,399.26,159.41,422.47,1,-1,-1,-1
193,10,870.50,316.31,197.77,556.49,1,-1,-1,-1
193,11,1367.83,539.31,68.16,152.47,1,-1,-1,-1
193,12,23.17,141.02,262.36,827.56,1,-1,-1,-1
194,1,-4.85,87.75,485.78,973.69,1,-1,-1,-1
194,6,639.93,-6.06,458.70,1077.20,1,-1,-1,-1
194,7,266.18,376.19,124.63,333.34,1,-1,-1,-1
194,8,321.53,399.61,159.41,422.47,1,-1,-1,-1
194,10,888.38,316.79,197.77,556.49,1,-1,-1,-1
194,11,1370.54,538.62,68.37,153.15,1,-1,-1,-1
194,12,25.04,133.04,262.36,827.56,1,-1,-1,-1
195,1,-24.05,80.29,475.53,979.66,1,-1,-1,-1
195,6,616.80,-5.68,464.07,1077.57,1,-1,-1,-1
195,7,265.20,375.33,124.63,333.34,1,-1,-1,-1
195,8,318.26,399.96,159.41,422.47,1,-1,-1,-1
195,10,906.27,317.28,197.77,556.49,1,-1,-1,-1
195,11,1372.98,537.66,68.55,154.07,1,-1,-1,-1
195,12,26.91,125.06,262.36,827.56,1,-1,-1,-1
196,1,-38.05,78.58,464.47,981.82,1,-1,-1,-1
196,6,591.21,-5.30,472.37,1077.89,1,-1,-1,-1
196,7,264.22,374.47,124.63,333.34,1,-1,-1,-1
196,8,284.60,263.59,181.67,541.33,1,-1,-1,-1
196,10,924.16,317.76,197.77,556.49,1,-1,-1,-1
196,11,1375.75,537.09,68.86,154.85,1,-1,-1,-1
196,12,28.78,117.08,262.36,827.56,1,-1,-1,-1
196,13,513.00,382.30,135.70,447.00,1,-1,-1,-1
197,1,-46.84,80.66,454.12,981.45,1,-1,-1,-1
197,6,565.80,-4.91,479.35,1078.17,1,-1,-1,-1
197,7,263.25,373.60,124.63,333.34,1,-1,-1,-1
197,8,257.97,229.66,218.46,604.16,1,-1,-1,-1
197,10,942.04,318.25,197.77,556.49,1,-1,-1,-1
197,11,1378.60,537.43,69.23,154.85,1,-1,-1,-1
197,12,30.66,109.09,262.36,827.56,1,-1,-1,-1
197,13,513.00,382.30,135.70,447.00,1,-1,-1,-1
198,1,-55.20,80.95,440.63,982.24,1,-1,-1,-1
198,6,539.52,-4.52,486.66,1078.41,1,-1,-1,-1
198,8,244.28,220.10,244.81,640.07,1,-1,-1,-1
198,10,931.86,316.09,185.82,537.59,1,-1,-1,-1
198,11,1382.19,537.19,69.06,155.08,1,-1,-1,-1
198,12,32.53,101.11,262.36,827.56,1,-1,-1,-1
198,13,513.00,382.30,135.70,447.00,1,-1,-1,-1
199,1,-77.50,78.33,440.63,982.24,1,-1,-1,-1
199,6,511.62,-4.14,494.81,1078.62,1,-1,-1,-1
199,8,243.06,216.11,261.78,664.12,1,-1,-1,-1
199,10,938.36,318.00,182.60,524.68,1,-1,-1,-1
199,11,1385.80,537.16,68.88,155.09,1,-1,-1,-1
199,12,13.14,91.78,264.08,870.91,1,-1,-1,-1
199,13,513.00,382.30,135.70,447.00,1,-1,-1,-1
199,14,1494.50,423.50,89.10,239.20,1,-1,-1,-1
200,1,-99.80,75.71,440.63,982.24,1,-1,-1,-1
200,6,482.99,-3.46,503.52,1078.59,1,-1,-1,-1
200,8,247.12,207.98,271.41,691.36,1,-1,-1,-1
200,10,947.35,321.48,184.01,515.06,1,-1,-1,-1
200,11,1389.15,536.99,68.53,155.42,1,-1,-1,-1
200,12,12.26,87.66,251.86,897.42,1,-1,-1,-1
200,13,513.00,382.30,135.70,447.00,1,-1,-1,-1
200,14,1496.89,422.60,89.24,239.60,1,-1,-1,-1
201,1,-122.10,73.08,440.63,982.24,1,-1,-1,-1
201,6,449.47,-3.14,517.42,1078.78,1,-1,-1,-1
201,8,254.54,207.50,270.48,700.64,1,-1,-1,-1
201,10,955.29,322.58,190.84,509.41,1,-1,-1,-1
201,11,1392.41,536.83,68.25,155.69,1,-1,-1,-1
201,12,12.60,79.84,251.86,897.42,1,-1,-1,-1
201,13,513.00,382.30,135.70,447.00,1,-1,-1,-1
201,14,1501.88,424.37,88.95,239.31,1,-1,-1,-1
202,1,-144.40,70.46,440.63,982.24,1,-1,-1,-1
202,6,420.10,-2.84,527.43,1078.94,1,-1,-1,-1
202,8,259.77,207.13,270.57,705.19,1,-1,-1,-1
202,10,963.66,326.14,196.96,502.80,1,-1,-1,-1
202,11,1395.56,536.42,68.36,156.29,1,-1,-1,-1
202,12,12.93,72.03,251.86,897.42,1,-1,-1,-1
202,13,513.00,382.30,135.70,447.00,1,-1,-1,-1
202,14,1509.38,422.71,88.24,239.25,1,-1,-1,-1
203,1,-166.69,67.84,440.63,982.24,1,-1,-1,-1
203,6,386.71,-2.55,542.28,1079.08,1,-1,-1,-1
203,8,255.80,201.00,270.57,705.19,1,-1,-1,-1
203,10,969.30,326.67,203.03,498.66,1,-1,-1,-1
203,11,1398.71,536.47,68.38,156.78,1,-1,-1,-1
203,12,13.27,64.21,251.86,897.42,1,-1,-1,-1
203,13,513.00,382.30,135.70,447.00,1,-1,-1,-1
203,14,1516.23,423.19,87.30,239.21,1,-1,-1,-1
204,1,-188.99,65.22,440.63,982.24,1,-1,-1,-1
204,6,350.36,-2.27,555.92,1079.20,1,-1,-1,-1
204,8,247.80,210.74,260.68,698.16,1,-1,-1,-1
204,10,977.84,327.64,205.64,495.16,1,-1,-1,-1
204,11,1401.93,536.44,68.34,157.52,1,-1,-1,-1
204,12,13.60,56.39,251.86,897.42,1,-1,-1,-1
204,13,513.00,382.30,135.70,447.00,1,-1,-1,-1
204,14,1522.53,425.55,86.47,237.65,1,-1,-1,-1
205,1,-211.29,62.60,440.63,982.24,1,-1,-1,-1
205,6,309.92,-2.00,573.96,1079.30,1,-1,-1,-1
205,8,243.59,205.55,260.68,698.16,1,-1,-1,-1
205,10,985.89,327.46,205.86,492.23,1,-1,-1,-1
205,11,1404.97,536.39,68.36,158.00,1,-1,-1,-1
205,12,13.94,48.57,251.86,897.42,1,-1,-1,-1
205,13,513.00,382.30,135.70,447.00,1,-1,-1,-1
205,14,1526.51,425.97,86.84,236.99,1,-1,-1,-1
206,1,-233.59,59.97,440.63,982.24,1,-1,-1,-1
206,6,272.85,-1.75,582.19,1079.40,1,-1,-1,-1
206,8,239.37,200.36,260.68,698.16,1,-1,-1,-1
206,10,994.57,330.02,205.19,489.29,1,-1,-1,-1
206,11,1408.02,536.32,68.51,158.49,1,-1,-1,-1
206,12,14.28,40.76,251.86,897.42,1,-1,-1,-1
206,13,513.00,382.30,135.70,447.00,1,-1,-1,-1
206,14,1529.73,425.91,88.52,236.12,1,-1,-1,-1
207,1,-255.89,57.35,440.63,982.24,1,-1,-1,-1
207,6,230.85,-0.84,593.31,1079.03,1,-1,-1,-1
207,8,235.16,195.17,260.68,698.16,1,-1,-1,-1
207,10,1005.57,330.27,202.78,487.49,1,-1,-1,-1
207,11,1410.75,536.01,68.85,159.35,1,-1,-1,-1
207,12,14.61,32.94,251.86,897.42,1,-1,-1,-1
207,13,513.00,382.30,135.70,447.00,1,-1,-1,-1
207,14,1532.60,425.58,90.93,235.39,1,-1,-1,-1
208,1,-278.19,54.73,440.63,982.24,1,-1,-1,-1
208,6,187.84,-0.72,604.36,1079.16,1,-1,-1,-1
208,8,230.94,189.97,260.68,698.16,1,-1,-1,-1
208,10,1015.89,330.28,201.15,485.11,1,-1,-1,-1
208,11,1413.52,535.61,69.18,160.26,1,-1,-1,-1
208,12,6.49,152.24,231.22,873.49,1,-1,-1,-1
208,13,513.00,382.30,135.70,447.00,1,-1,-1,-1
208,14,1534.96,425.24,93.46,234.96,1,-1,-1,-1
209,1,-300.48,52.11,440.63,982.24,1,-1,-1,-1
209,6,133.32,3.31,625.20,1076.66,1,-1,-1,-1
209,8,226.73,184.78,260.68,698.16,1,-1,-1,-1
209,10,1028.57,330.23,198.23,483.27,1,-1,-1,-1
209,11,1416.41,535.65,69.01,161.03,1,-1,-1,-1
209,12,8.98,193.20,221.20,856.10,1,-1,-1,-1
209,13,513.00,382.30,135.70,447.00,1,-1,-1,-1
209,14,1539.01,424.21,95.81,235.15,1,-1,-1,-1
210,1,-322.78,49.48,440.63,982.24,1,-1,-1,-1
210,6,85.15,8.57,635.60,1073.28,1,-1,-1,-1
210,8,222.51,179.59,260.68,698.16,1,-1,-1,-1
210,10,1043.08,331.56,194.77,480.29,1,-1,-1,-1
210,11,1419.07,535.63,68.76,161.69,1,-1,-1,-1
210,12,9.01,193.96,221.20,856.10,1,-1,-1,-1
210,13,513.00,382.30,135.70,447.00,1,-1,-1,-1
210,14,1544.47,423.57,96.97,235.24,1,-1,-1,-1
211,1,-345.08,46.86,440.63,982.24,1,-1,-1,-1
211,6,46.69,11.34,632.19,1071.50,1,-1,-1,-1
211,8,218.30,174.40,260.68,698.16,1,-1,-1,-1
211,10,1058.92,332.86,192.21,477.20,1,-1,-1,-1
211,11,1421.70,535.92,68.80,161.73,1,-1,-1,-1
211,12,9.05,194.72,221.20,856.10,1,-1,-1,-1
211,13,488.90,276.70,195.07,502.43,1,-1,-1,-1
211,14,1550.28,423.53,97.32,234.58,1,-1,-1,-1
212,1,-367.38,44.24,440.63,982.24,1,-1,-1,-1
212,6,13.40,12.52,626.90,1070.74,1,-1,-1,-1
212,8,214.08,169.21,260.68,698.16,1,-1,-1,-1
212,10,1072.39,334.43,192.04,473.34,1,-1,-1,-1
212,11,1424.47,535.85,68.48,162.11,1,-1,-1,-1
212,12,9.09,195.48,221.20,856.10,1,-1,-1,-1
212,13,493.42,253.13,226.27,549.37,1,-1,-1,-1
212,14,1555.38,423.60,97.84,234.62,1,-1,-1,-1
213,1,-389.68,41.62,440.63,982.24,1,-1,-1,-1
213,6,-13.47,14.89,616.26,1069.15,1,-1,-1,-1
213,8,209.87,164.02,260.68,698.16,1,-1,-1,-1
213,10,1085.48,335.69,192.33,469.88,1,-1,-1,-1
213,11,1427.17,535.72,68.24,162.28,1,-1,-1,-1
213,12,9.12,196.25,221.20,856.10,1,-1,-1,-1
213,13,499.06,248.39,244.36,574.54,1,-1,-1,-1
213,14,1561.29,423.79,98.00,234.17,1,-1,-1,-1
214,1,-411.97,39.00,440.63,982.24,1,-1,-1,-1
214,6,-34.86,19.58,596.76,1065.97,1,-1,-1,-1
214,8,205.65,158.83,260.68,698.16,1,-1,-1,-1
214,10,1097.89,336.67,193.90,466.78,1,-1,-1,-1
214,11,1430.09,535.93,68.07,162.65,1,-1,-1,-1
214,12,9.16,197.01,221.20,856.10,1,-1,-1,-1
214,13,506.04,249.24,257.33,587.65,1,-1,-1,-1
214,14,1568.64,423.03,98.03,233.99,1,-1,-1,-1
214,15,1450.70,430.50,105.40,262.70,1,-1,-1,-1
215,1,-434.27,36.37,440.63,982.24,1,-1,-1,-1
215,6,-51.58,28.58,571.95,1059.84,1,-1,-1,-1
215,8,201.44,153.63,260.68,698.16,1,-1,-1,-1
215,10,1108.55,338.05,194.97,463.80,1,-1,-1,-1
215,11,1432.94,536.13,67.79,163.17,1,-1,-1,-1
215,12,9.20,197.77,221.20,856.10,1,-1,-1,-1
215,13,512.14,246.99,267.71,599.06,1,-1,-1,-1
215,14,1576.62,420.77,97.28,234.41,1,-1,-1,-1
215,15,1452.99,430.50,105.31,262.68,1,-1,-1,-1
216,1,-456.57,33.75,440.63,982.24,1,-1,-1,-1
216,6,-80.39,30.02,571.95,1059.84,1,-1,-1,-1
216,8,197.22,148.44,260.68,698.16,1,-1,-1,-1
216,10,1119.79,339.33,194.96,461.46,1,-1,-1,-1
216,11,1436.04,536.48,67.35,163.81,1,-1,-1,-1
216,12,5.05,255.45,250.27,833.00,1,-1,-1,-1
216,13,520.48,246.39,274.04,607.64,1,-1,-1,-1
216,14,1584.91,420.59,96.74,233.44,1,-1,-1,-1
216,15,1456.91,427.27,105.37,263.29,1,-1,-1,-1
217,1,-478.87,31.13,440.63,982.24,1,-1,-1,-1
217,6,-80.86,31.12,541.58,1058.55,1,-1,-1,-1
217,8,193.01,143.25,260.68,698.16,1,-1,-1,-1
217,10,1129.44,340.97,194.00,459.64,1,-1,-1,-1
217,11,1439.07,536.65,67.20,164.39,1,-1,-1,-1
217,12,4.89,258.97,250.27,833.00,1,-1,-1,-1
217,13,525.53,243.40,281.41,614.34,1,-1,-1,-1
217,14,1592.06,419.74,96.88,232.88,1,-1,-1,-1
217,15,1460.61,427.18,104.86,264.23,1,-1,-1,-1
218,1,-501.17,28.51,440.63,982.24,1,-1,-1,-1
218,6,-107.87,32.54,541.58,1058.55,1,-1,-1,-1
218,8,136.58,215.42,278.30,719.44,1,-1,-1,-1
218,10,1138.20,341.94,193.51,457.38,1,-1,-1,-1
218,11,1442.01,536.69,67.36,165.02,1,-1,-1,-1
218,12,4.72,262.49,250.27,833.00,1,-1,-1,-1
218,13,534.63,246.40,284.71,615.68,1,-1,-1,-1
218,14,1597.98,418.86,98.27,232.99,1,-1,-1,-1
218,15,1464.04,427.20,104.28,265.49,1,-1,-1,-1
219,1,-523.47,25.88,440.63,982.24,1,-1,-1,-1
219,6,-134.88,33.96,541.58,1058.55,1,-1,-1,-1
219,8,126.60,230.37,296.71,729.88,1,-1,-1,-1
219,10,1147.19,343.86,192.58,454.94,1,-1,-1,-1
219,11,1445.12,536.97,67.25,165.60,1,-1,-1,-1
219,12,4.56,266.01,250.27,833.00,1,-1,-1,-1
219,13,557.21,245.94,276.71,618.04,1,-1,-1,-1
219,14,1603.77,419.13,100.60,232.60,1,-1,-1,-1
219,15,1468.03,429.42,103.44,266.08,1,-1,-1,-1
220,1,-545.76,23.26,440.63,982.24,1,-1,-1,-1
220,6,-161.88,35.37,541.58,1058.55,1,-1,-1,-1
220,8,127.19,245.25,312.10,731.31,1,-1,-1,-1
220,10,1156.41,344.47,190.99,452.55,1,-1,-1,-1
220,11,1447.59,536.83,67.60,166.41,1,-1,-1,-1
220,12,4.39,269.53,250.27,833.00,1,-1,-1,-1
220,13,578.86,246.42,269.42,618.84,1,-1,-1,-1
220,14,1608.52,418.30,103.57,233.19,1,-1,-1,-1
220,15,1471.18,429.77,102.92,266.45,1,-1,-1,-1
221,1,-568.06,20.64,440.63,982.24,1,-1,-1,-1
221,6,-188.89,36.79,541.58,1058.55,1,-1,-1,-1
221,8,130.11,253.30,326.24,729.49,1,-1,-1,-1
221,10,1165.62,344.38,187.62,449.63,1,-1,-1,-1
221,11,1450.60,537.10,67.57,166.81,1,-1,-1,-1
221,12,4.22,273.04,250.27,833.00,1,-1,-1,-1
221,13,604.04,246.96,262.47,618.94,1,-1,-1,-1
221,14,1613.22,418.95,106.60,232.77,1,-1,-1,-1
221,15,1474.69,429.57,102.85,266.86,1,-1,-1,-1
222,1,-590.36,18.02,440.63,982.24,1,-1,-1,-1
222,6,-215.90,38.21,541.58,1058.55,1,-1,-1,-1
222,8,136.13,264.96,334.66,720.36,1,-1,-1,-1
222,10,1174.43,343.65,183.85,449.20,1,-1,-1,-1
222,11,1453.72,537.33,67.40,167.19,1,-1,-1,-1
222,12,4.06,276.56,250.27,833.00,1,-1,-1,-1
222,13,626.31,247.33,260.33,617.77,1,-1,-1,-1
222,14,1616.75,419.66,111.65,232.55,1,-1,-1,-1
222,15,1477.66,429.33,102.74,266.72,1,-1,-1,-1
223,1,-612.66,15.40,440.63,982.24,1,-1,-1,-1
223,6,-242.91,39.62,541.58,1058.55,1,-1,-1,-1
223,8,140.91,271.43,342.38,715.22,1,-1,-1,-1
223,10,1181.34,343.82,180.12,447.24,1,-1,-1,-1
223,11,1457.06,537.55,67.39,167.61,1,-1,-1,-1
223,12,3.89,280.08,250.27,833.00,1,-1,-1,-1
223,13,647.04,248.10,258.92,615.87,1,-1,-1,-1
223,14,1620.95,420.38,115.30,232.09,1,-1,-1,-1
223,15,1480.26,428.93,103.30,266.70,1,-1,-1,-1
224,1,-634.96,12.77,440.63,982.24,1,-1,-1,-1
224,6,-269.91,41.04,541.58,1058.55,1,-1,-1,-1
224,8,147.69,273.60,349.83,713.18,1,-1,-1,-1
224,10,1188.05,343.51,176.27,446.72,1,-1,-1,-1
224,11,1460.08,537.70,67.83,167.97,1,-1,-1,-1
224,12,3.73,283.60,250.27,833.00,1,-1,-1,-1
224,13,667.04,251.26,257.77,614.56,1,-1,-1,-1
224,14,1624.95,420.69,118.32,232.14,1,-1,-1,-1
224,15,1484.09,427.65,104.13,267.19,1,-1,-1,-1
225,1,-657.25,10.15,440.63,982.24,1,-1,-1,-1
225,6,-296.92,42.46,541.58,1058.55,1,-1,-1,-1
225,8,157.87,280.18,353.72,709.57,1,-1,-1,-1
225,10,1193.82,343.95,173.53,445.12,1,-1,-1,-1
225,11,1462.81,537.48,68.61,168.45,1,-1,-1,-1
225,12,3.56,287.12,250.27,833.00,1,-1,-1,-1
225,13,685.00,253.36,257.95,613.70,1,-1,-1,-1
225,14,1630.67,420.35,118.82,232.25,1,-1,-1,-1
225,15,1487.39,426.34,105.04,267.67,1,-1,-1,-1
226,1,-679.55,7.53,440.63,982.24,1,-1,-1,-1
226,6,-323.93,43.87,541.58,1058.55,1,-1,-1,-1
226,8,174.08,284.41,351.71,706.14,1,-1,-1,-1
226,10,1199.38,345.05,171.99,442.52,1,-1,-1,-1
226,11,1465.71,537.10,69.32,169.15,1,-1,-1,-1
226,12,3.40,290.64,250.27,833.00,1,-1,-1,-1
226,13,704.22,255.29,257.59,612.61,1,-1,-1,-1
226,14,1637.01,420.63,117.56,231.49,1,-1,-1,-1
226,15,1491.14,425.91,105.42,267.60,1,-1,-1,-1
227,1,-701.85,4.91,440.63,982.24,1,-1,-1,-1
227,6,-350.93,45.29,541.58,1058.55,1,-1,-1,-1
227,8,197.88,288.11,344.27,702.68,1,-1,-1,-1
227,10,1205.21,344.84,169.52,440.34,1,-1,-1,-1
227,11,1468.65,536.65,69.97,170.04,1,-1,-1,-1
227,12,3.23,294.16,250.27,833.00,1,-1,-1,-1
227,13,721.79,258.01,257.45,610.33,1,-1,-1,-1
227,14,1643.91,420.49,115.14,231.32,1,-1,-1,-1
227,15,1493.88,425.44,106.45,268.25,1,-1,-1,-1
228,1,-724.15,2.28,440.63,982.24,1,-1,-1,-1
228,6,-377.94,46.71,541.58,1058.55,1,-1,-1,-1
228,8,194.38,291.73,335.92,691.75,1,-1,-1,-1
228,10,1210.57,346.45,167.91,437.50,1,-1,-1,-1
228,11,1471.59,536.37,70.63,170.94,1,-1,-1,-1
228,12,3.06,297.68,250.27,833.00,1,-1,-1,-1
228,13,738.53,260.54,257.38,608.11,1,-1,-1,-1
228,14,1652.37,420.26,110.96,231.57,1,-1,-1,-1
228,15,1496.89,424.93,107.36,269.26,1,-1,-1,-1
228,16,608.60,300.80,190.10,554.20,1,-1,-1,-1
229,1,-746.45,-0.34,440.63,982.24,1,-1,-1,-1
229,6,-404.95,48.12,541.58,1058.55,1,-1,-1,-1
229,8,197.73,295.01,329.52,683.94,1,-1,-1,-1
229,10,1215.69,346.91,165.85,436.36,1,-1,-1,-1
229,11,1475.11,536.27,71.07,171.56,1,-1,-1,-1
229,12,2.90,301.20,250.27,833.00,1,-1,-1,-1
229,13,756.89,261.17,255.10,605.42,1,-1,-1,-1
229,14,1660.71,419.62,107.63,231.09,1,-1,-1,-1
229,15,1499.96,424.00,108.62,270.78,1,-1,-1,-1
229,16,631.19,294.03,186.91,554.40,1,-1,-1,-1
230,1,-768.74,-2.96,440.63,982.24,1,-1,-1,-1
230,6,-431.95,49.54,541.58,1058.55,1,-1,-1,-1
230,8,208.18,299.54,320.46,674.63,1,-1,-1,-1
230,10,1221.92,347.37,163.11,435.56,1,-1,-1,-1
230,11,1478.57,535.91,71.41,172.18,1,-1,-1,-1
230,12,2.73,304.72,250.27,833.00,1,-1,-1,-1
230,13,772.95,262.48,252.93,603.01,1,-1,-1,-1
230,14,1669.67,419.41,104.54,230.14,1,-1,-1,-1
230,15,1503.11,424.28,109.84,271.48,1,-1,-1,-1
230,16,647.73,294.49,183.52,555.43,1,-1,-1,-1
231,1,-791.04,-5.58,440.63,982.24,1,-1,-1,-1
231,6,-458.96,50.96,541.58,1058.55,1,-1,-1,-1
231,8,226.98,305.69,303.17,662.68,1,-1,-1,-1
231,10,1227.94,348.09,160.59,434.39,1,-1,-1,-1
231,11,1482.80,535.12,71.52,172.78,1,-1,-1,-1
231,12,2.57,308.24,250.27,833.00,1,-1,-1,-1
231,13,791.46,262.92,248.23,599.69,1,-1,-1,-1
231,14,1677.88,419.17,102.30,230.04,1,-1,-1,-1
231,15,1506.61,423.91,110.47,271.92,1,-1,-1,-1
231,16,664.34,293.02,181.78,553.07,1,-1,-1,-1
232,1,-813.34,-8.20,440.63,982.24,1,-1,-1,-1
232,6,-485.97,52.37,541.58,1058.55,1,-1,-1,-1
232,8,267.71,305.16,297.89,663.75,1,-1,-1,-1
232,10,1232.98,351.01,158.97,431.26,1,-1,-1,-1
232,11,1487.32,534.34,71.32,173.76,1,-1,-1,-1
232,12,2.40,311.76,250.27,833.00,1,-1,-1,-1
232,13,809.65,263.28,243.54,596.93,1,-1,-1,-1
232,14,1684.98,419.49,100.60,230.19,1,-1,-1,-1
232,15,1510.73,422.77,110.01,273.02,1,-1,-1,-1
232,16,674.33,296.13,183.37,549.91,1,-1,-1,-1
233,1,-835.64,-10.83,440.63,982.24,1,-1,-1,-1
233,6,-512.97,53.79,541.58,1058.55,1,-1,-1,-1
233,8,305.41,306.41,294.41,661.56,1,-1,-1,-1
233,10,1239.27,353.37,156.90,427.81,1,-1,-1,-1
233,11,1491.19,533.05,71.69,175.21,1,-1,-1,-1
233,12,2.24,315.28,250.27,833.00,1,-1,-1,-1
233,13,827.54,263.65,237.78,594.00,1,-1,-1,-1
233,14,1691.55,419.38,99.08,230.18,1,-1,-1,-1
233,15,1514.06,421.52,109.36,274.53,1,-1,-1,-1
233,16,682.91,294.92,185.63,549.09,1,-1,-1,-1
234,1,-857.94,-13.45,440.63,982.24,1,-1,-1,-1
234,6,-539.98,55.21,541.58,1058.55,1,-1,-1,-1
234,8,341.35,308.41,292.36,659.16,1,-1,-1,-1
234,10,1246.88,354.10,154.94,425.50,1,-1,-1,-1
234,11,1494.83,532.42,72.78,175.93,1,-1,-1,-1
234,12,2.07,318.80,250.27,833.00,1,-1,-1,-1
234,13,846.22,264.48,230.71,591.62,1,-1,-1,-1
234,14,1697.36,420.26,97.91,229.17,1,-1,-1,-1
234,15,1517.88,422.54,108.65,273.64,1,-1,-1,-1
234,16,696.44,300.97,187.99,543.17,1,-1,-1,-1
235,1,-880.24,-16.07,440.63,982.24,1,-1,-1,-1
235,6,-566.99,56.62,541.58,1058.55,1,-1,-1,-1
235,8,374.19,311.01,291.91,656.73,1,-1,-1,-1
235,10,1255.61,354.88,153.27,422.72,1,-1,-1,-1
235,11,1498.29,531.80,74.71,176.71,1,-1,-1,-1
235,12,1.90,322.31,250.27,833.00,1,-1,-1,-1
235,13,863.07,265.62,224.81,588.07,1,-1,-1,-1
235,14,1703.43,420.64,96.95,228.88,1,-1,-1,-1
235,15,1521.26,422.14,108.65,273.64,1,-1,-1,-1
235,16,707.52,304.36,191.77,539.90,1,-1,-1,-1
236,1,-902.53,-18.69,440.63,982.24,1,-1,-1,-1
236,6,-594.00,58.04,541.58,1058.55,1,-1,-1,-1
236,8,404.41,313.62,289.29,654.00,1,-1,-1,-1
236,10,1263.31,355.67,152.62,419.33,1,-1,-1,-1
236,11,1501.71,531.58,77.50,177.29,1,-1,-1,-1
236,12,1.74,325.83,250.27,833.00,1,-1,-1,-1
236,13,878.54,268.95,222.91,584.84,1,-1,-1,-1
236,14,1709.59,421.23,96.07,227.70,1,-1,-1,-1
236,15,1524.64,421.74,108.65,273.64,1,-1,-1,-1
236,16,720.97,307.83,193.84,534.94,1,-1,-1,-1
237,1,-924.83,-21.31,440.63,982.24,1,-1,-1,-1
237,6,-621.00,59.46,541.58,1058.55,1,-1,-1,-1
237,8,433.77,313.27,285.88,652.93,1,-1,-1,-1
237,10,1269.44,357.66,153.45,415.39,1,-1,-1,-1
237,11,1505.30,531.19,79.76,178.01,1,-1,-1,-1
237,12,1.57,329.35,250.27,833.00,1,-1,-1,-1
237,13,892.53,271.91,222.50,582.02,1,-1,-1,-1
237,14,1714.82,422.10,95.55,226.45,1,-1,-1,-1
237,15,1528.02,421.35,108.65,273.64,1,-1,-1,-1
237,16,729.29,308.09,193.65,532.06,1,-1,-1,-1
238,1,-947.13,-23.94,440.63,982.24,1,-1,-1,-1
238,6,-648.01,60.88,541.58,1058.55,1,-1,-1,-1
238,8,462.41,314.34,280.57,649.68,1,-1,-1,-1
238,10,1275.32,358.78,154.46,412.03,1,-1,-1,-1
238,11,1508.96,530.95,81.90,178.79,1,-1,-1,-1
238,12,1.41,332.87,250.27,833.00,1,-1,-1,-1
238,13,905.92,274.27,224.58,580.67,1,-1,-1,-1
238,14,1720.41,421.76,94.76,226.34,1,-1,-1,-1
238,15,1531.40,420.95,108.65,273.64,1,-1,-1,-1
238,16,738.11,313.52,196.30,527.73,1,-1,-1,-1
239,1,-969.43,-26.56,440.63,982.24,1,-1,-1,-1
239,6,-675.02,62.29,541.58,1058.55,1,-1,-1,-1
239,8,491.22,315.45,274.99,644.44,1,-1,-1,-1
239,10,1282.19,358.78,155.62,410.30,1,-1,-1,-1
239,11,1513.35,531.35,84.37,178.97,1,-1,-1,-1
239,12,1.24,336.39,250.27,833.00,1,-1,-1,-1
239,13,918.52,281.03,229.62,576.34,1,-1,-1,-1
239,14,1727.24,421.78,93.24,225.58,1,-1,-1,-1
239,15,1534.78,420.56,108.65,273.64,1,-1,-1,-1
239,16,746.69,315.98,196.72,523.43,1,-1,-1,-1
240,1,-991.73,-29.18,440.63,982.24,1,-1,-1,-1
240,6,-702.02,63.71,541.58,1058.55,1,-1,-1,-1
240,8,519.91,313.41,269.01,640.34,1,-1,-1,-1
240,10,1288.00,359.09,157.07,408.56,1,-1,-1,-1
240,11,1518.17,531.69,86.49,178.87,1,-1,-1,-1
240,12,1.08,339.91,250.27,833.00,1,-1,-1,-1
240,13,930.09,283.29,231.75,575.08,1,-1,-1,-1
240,14,1733.18,422.81,92.00,224.62,1,-1,-1,-1
240,15,1538.16,420.16,108.65,273.64,1,-1,-1,-1
240,16,756.91,316.63,197.92,519.94,1,-1,-1,-1
241,1,-1014.02,-31.80,440.63,982.24,1,-1,-1,-1
241,6,-729.03,65.13,541.58,1058.55,1,-1,-1,-1
241,8,550.91,313.14,260.60,637.13,1,-1,-1,-1
241,10,1293.27,359.68,158.32,406.64,1,-1,-1,-1
241,11,1524.76,531.43,87.67,178.68,1,-1,-1,-1
241,12,0.91,343.43,250.27,833.00,1,-1,-1,-1
241,13,942.51,285.94,231.39,571.72,1,-1,-1,-1
241,14,1739.15,422.32,91.77,224.57,1,-1,-1,-1
241,15,1541.54,419.76,108.65,273.64,1,-1,-1,-1
241,16,772.75,317.09,192.64,517.50,1,-1,-1,-1
242,1,-1036.32,-34.43,440.63,982.24,1,-1,-1,-1
242,6,-756.04,66.54,541.58,1058.55,1,-1,-1,-1
242,8,577.97,312.39,253.41,633.67,1,-1,-1,-1
242,10,1298.33,360.75,159.23,405.13,1,-1,-1,-1
242,11,1530.81,531.15,88.78,178.97,1,-1,-1,-1
242,12,0.74,346.95,250.27,833.00,1,-1,-1,-1
242,13,954.41,288.09,230.50,569.20,1,-1,-1,-1
242,14,1744.71,422.96,91.25,223.44,1,-1,-1,-1
242,15,1544.92,419.37,108.65,273.64,1,-1,-1,-1
242,16,784.98,318.59,192.64,517.50,1,-1,-1,-1
243,1,-1058.62,-37.05,440.63,982.24,1,-1,-1,-1
243,6,-783.04,67.96,541.58,1058.55,1,-1,-1,-1
243,8,601.58,313.49,249.68,629.11,1,-1,-1,-1
243,10,1303.28,361.56,160.21,403.27,1,-1,-1,-1
243,11,1537.04,530.78,89.27,179.33,1,-1,-1,-1
243,12,0.58,350.47,250.27,833.00,1,-1,-1,-1
243,13,965.84,289.58,228.82,565.75,1,-1,-1,-1
243,14,1750.62,422.93,90.39,223.17,1,-1,-1,-1
243,15,1548.30,418.97,108.65,273.64,1,-1,-1,-1
243,16,797.21,320.10,192.64,517.50,1,-1,-1,-1
244,1,-1080.92,-39.67,440.63,982.24,1,-1,-1,-1
244,6,-810.05,69.38,541.58,1058.55,1,-1,-1,-1
244,8,623.24,315.07,247.39,625.02,1,-1,-1,-1
244,10,1308.67,362.14,160.65,401.55,1,-1,-1,-1
244,11,1543.58,530.76,90.05,179.35,1,-1,-1,-1
244,12,0.41,353.99,250.27,833.00,1,-1,-1,-1
244,13,976.85,289.21,226.97,563.90,1,-1,-1,-1
244,14,1755.63,421.78,90.12,223.09,1,-1,-1,-1
244,15,1551.68,418.58,108.65,273.64,1,-1,-1,-1
244,16,809.44,321.60,192.64,517.50,1,-1,-1,-1
245,6,-837.06,70.79,541.58,1058.55,1,-1,-1,-1
245,8,642.68,316.45,246.34,621.55,1,-1,-1,-1
245,10,1313.70,362.46,159.78,399.55,1,-1,-1,-1
245,11,1550.36,530.65,90.39,179.20,1,-1,-1,-1
245,12,0.25,357.51,250.27,833.00,1,-1,-1,-1
245,13,989.78,288.38,223.04,562.51,1,-1,-1,-1
245,14,1761.08,421.52,89.65,222.95,1,-1,-1,-1
245,15,1555.06,418.18,108.65,273.64,1,-1,-1,-1
245,16,821.68,323.11,192.64,517.50,1,-1,-1,-1
246,6,-864.06,72.21,541.58,1058.55,1,-1,-1,-1
246,8,659.75,318.90,247.95,617.23,1,-1,-1,-1
246,10,1318.90,360.94,157.14,398.81,1,-1,-1,-1
246,11,1558.94,530.20,89.69,179.53,1,-1,-1,-1
246,12,0.08,361.03,250.27,833.00,1,-1,-1,-1
246,13,1002.57,288.79,218.53,558.91,1,-1,-1,-1
246,14,1766.23,421.14,89.47,223.44,1,-1,-1,-1
246,15,1547.13,418.51,102.65,274.99,1,-1,-1,-1
246,16,833.91,324.61,192.64,517.50,1,-1,-1,-1
247,6,-891.07,73.63,541.58,1058.55,1,-1,-1,-1
247,8,675.21,321.39,250.73,612.21,1,-1,-1,-1
247,10,1323.96,361.98,154.09,396.17,1,-1,-1,-1
247,11,1566.59,530.43,89.27,179.46,1,-1,-1,-1
247,12,-0.08,364.55,250.27,833.00,1,-1,-1,-1
247,13,1015.14,289.52,215.11,556.09,1,-1,-1,-1
247,14,1770.86,421.09,89.00,222.95,1,-1,-1,-1
247,15,1544.60,420.91,98.80,274.90,1,-1,-1,-1
247,16,846.14,326.12,192.64,517.50,1,-1,-1,-1
248,6,-918.08,75.04,541.58,1058.55,1,-1,-1,-1
248,8,686.53,323.72,255.81,606.76,1,-1,-1,-1
248,10,1328.09,361.57,151.42,394.03,1,-1,-1,-1
248,11,1573.71,530.57,88.72,179.76,1,-1,-1,-1
248,12,-0.25,368.06,250.27,833.00,1,-1,-1,-1
248,13,1027.33,289.92,212.87,552.71,1,-1,-1,-1
248,14,1775.16,421.17,89.04,223.27,1,-1,-1,-1
248,15,1545.16,424.03,96.81,273.66,1,-1,-1,-1
248,16,858.37,327.62,192.64,517.50,1,-1,-1,-1
249,6,-945.09,76.46,541.58,1058.55,1,-1,-1,-1
249,8,702.27,323.42,258.08,603.94,1,-1,-1,-1
249,10,1332.86,361.91,148.46,391.95,1,-1,-1,-1
249,11,1581.44,531.21,87.48,179.79,1,-1,-1,-1
249,12,-0.42,371.58,250.27,833.00,1,-1,-1,-1
249,13,1039.87,292.09,212.89,547.66,1,-1,-1,-1
249,14,1778.90,421.27,90.13,222.55,1,-1,-1,-1
249,15,1545.11,423.36,95.79,275.02,1,-1,-1,-1
249,16,870.60,329.13,192.64,517.50,1,-1,-1,-1
250,6,-972.09,77.88,541.58,1058.55,1,-1,-1,-1
250,8,718.71,324.25,259.17,600.02,1,-1,-1,-1
250,10,1337.42,362.14,145.50,389.65,1,-1,-1,-1
250,11,1588.62,531.77,86.24,179.92,1,-1,-1,-1
250,12,-0.58,375.10,250.27,833.00,1,-1,-1,-1
250,13,1051.85,292.55,212.57,545.45,1,-1,-1,-1
250,14,1782.32,421.31,92.69,222.97,1,-1,-1,-1
250,15,1546.33,422.62,94.44,276.09,1,-1,-1,-1
250,16,882.83,330.63,192.64,517.50,1,-1,-1,-1
251,6,-999.10,79.29,541.58,1058.55,1,-1,-1,-1
251,8,740.65,325.65,254.54,595.36,1,-1,-1,-1
251,10,1341.44,362.24,143.22,387.55,1,-1,-1,-1
251,11,1595.30,531.96,85.58,180.10,1,-1,-1,-1
251,12,-0.75,378.62,250.27,833.00,1,-1,-1,-1
251,13,1062.93,293.08,213.29,541.79,1,-1,-1,-1
251,14,1785.48,420.35,95.22,223.06,1,-1,-1,-1
251,15,1547.35,422.77,93.16,276.53,1,-1,-1,-1
251,16,895.06,332.14,192.64,517.50,1,-1,-1,-1
252,6,-1026.11,80.71,541.58,1058.55,1,-1,-1,-1
252,8,763.80,325.67,248.93,591.39,1,-1,-1,-1
252,10,1345.44,363.30,141.41,385.63,1,-1,-1,-1
252,11,1602.09,532.04,84.59,180.25,1,-1,-1,-1
252,12,-0.91,382.14,250.27,833.00,1,-1,-1,-1
252,13,1073.03,295.79,214.78,538.79,1,-1,-1,-1
252,14,1789.70,420.15,97.25,223.20,1,-1,-1,-1
252,15,1548.27,422.17,92.10,277.47,1,-1,-1,-1
252,16,907.29,333.64,192.64,517.50,1,-1,-1,-1
253,6,-1053.11,82.13,541.58,1058.55,1,-1,-1,-1
253,8,785.99,326.03,242.73,586.63,1,-1,-1,-1
253,10,1349.70,364.20,139.76,384.52,1,-1,-1,-1
253,11,1608.43,532.10,83.94,180.48,1,-1,-1,-1
253,13,1083.29,298.33,215.04,535.56,1,-1,-1,-1
253,14,1793.58,420.31,98.90,222.92,1,-1,-1,-1
253,15,1549.13,422.45,91.12,277.54,1,-1,-1,-1
253,16,919.53,335.15,192.64,517.50,1,-1,-1,-1
254,6,-1080.12,83.54,541.58,1058.55,1,-1,-1,-1
254,8,808.63,325.10,236.88,583.58,1,-1,-1,-1
254,10,1353.94,365.85,138.16,381.84,1,-1,-1,-1
254,11,1614.87,531.14,84.70,181.39,1,-1,-1,-1
254,13,1093.05,300.82,216.28,531.85,1,-1,-1,-1
254,14,1797.96,420.97,99.39,222.29,1,-1,-1,-1
254,15,1549.90,422.14,90.32,278.00,1,-1,-1,-1
254,16,931.76,336.65,192.64,517.50,1,-1,-1,-1
255,6,-1107.13,84.96,541.58,1058.55,1,-1,-1,-1
255,8,829.16,325.31,232.60,580.71,1,-1,-1,-1
255,10,1358.34,367.65,136.14,379.99,1,-1,-1,-1
255,11,1620.39,530.17,86.44,182.30,1,-1,-1,-1
255,13,1102.01,303.13,218.41,528.39,1,-1,-1,-1
255,14,1802.19,421.96,98.93,221.05,1,-1,-1,-1
255,15,1550.27,422.48,89.65,278.49,1,-1,-1,-1
255,16,943.99,338.16,192.64,517.50,1,-1,-1,-1
256,6,-1134.13,86.38,541.58,1058.55,1,-1,-1,-1
256,8,847.69,326.51,230.53,577.64,1,-1,-1,-1
256,10,1362.44,368.42,134.93,377.24,1,-1,-1,-1
256,11,1626.43,529.22,88.20,183.21,1,-1,-1,-1
256,13,1111.01,304.37,219.30,525.80,1,-1,-1,-1
256,14,1806.98,422.56,98.20,220.29,1,-1,-1,-1
256,15,1550.41,422.75,89.37,278.72,1,-1,-1,-1
256,16,956.22,339.66,192.64,517.50,1,-1,-1,-1
257,6,-1161.14,87.79,541.58,1058.55,1,-1,-1,-1
257,8,864.62,327.79,229.13,575.72,1,-1,-1,-1
257,10,1366.60,368.89,134.15,375.59,1,-1,-1,-1
257,11,1632.97,528.90,89.32,184.47,1,-1,-1,-1
257,13,1120.67,304.87,218.20,524.15,1,-1,-1,-1
257,14,1811.34,423.33,97.57,219.06,1,-1,-1,-1
257,15,1550.52,422.90,89.06,279.09,1,-1,-1,-1
257,16,968.45,341.17,192.64,517.50,1,-1,-1,-1
258,6,-1188.15,89.21,541.58,1058.55,1,-1,-1,-1
258,8,879.76,326.43,229.74,574.96,1,-1,-1,-1
258,10,1370.58,369.57,133.41,374.51,1,-1,-1,-1
258,11,1638.68,528.06,90.74,185.87,1,-1,-1,-1
258,13,1129.41,305.92,215.98,522.09,1,-1,-1,-1
258,14,1815.74,423.56,96.26,217.98,1,-1,-1,-1
258,15,1550.44,422.87,88.81,279.64,1,-1,-1,-1
258,16,980.68,342.67,192.64,517.50,1,-1,-1,-1
259,6,-1215.15,90.63,541.58,1058.55,1,-1,-1,-1
259,8,896.03,326.71,228.67,572.72,1,-1,-1,-1
259,10,1375.10,370.08,131.98,372.81,1,-1,-1,-1
259,11,1645.47,527.94,90.89,186.56,1,-1,-1,-1
259,13,1138.23,306.82,213.55,519.97,1,-1,-1,-1
259,14,1819.87,423.46,95.66,217.52,1,-1,-1,-1
259,15,1550.41,422.69,88.70,280.19,1,-1,-1,-1
259,16,992.91,344.18,192.64,517.50,1,-1,-1,-1
260,6,-1242.16,92.04,541.58,1058.55,1,-1,-1,-1
260,8,909.80,327.42,228.02,570.44,1,-1,-1,-1
260,10,1379.82,370.36,130.97,371.53,1,-1,-1,-1
260,11,1651.86,527.50,91.09,187.56,1,-1,-1,-1
260,13,1145.91,308.27,210.98,517.65,1,-1,-1,-1
260,14,1824.64,423.64,94.51,216.82,1,-1,-1,-1
260,15,1550.03,422.11,88.98,281.08,1,-1,-1,-1
260,16,1005.15,345.68,192.64,517.50,1,-1,-1,-1
261,6,-1269.17,93.46,541.58,1058.55,1,-1,-1,-1
261,8,925.68,327.67,226.17,567.48,1,-1,-1,-1
261,10,1384.28,369.94,130.45,370.97,1,-1,-1,-1
261,11,1658.10,527.30,90.76,188.76,1,-1,-1,-1
261,13,1153.97,309.49,207.16,513.90,1,-1,-1,-1
261,14,1828.80,422.61,94.09,216.84,1,-1,-1,-1
261,15,1549.83,421.59,89.20,281.80,1,-1,-1,-1
261,16,1017.38,347.19,192.64,517.50,1,-1,-1,-1
262,8,943.45,328.46,222.25,563.31,1,-1,-1,-1
262,10,1389.33,370.17,129.74,369.24,1,-1,-1,-1
262,11,1664.80,526.54,90.31,189.82,1,-1,-1,-1
262,13,1161.69,310.03,203.92,511.45,1,-1,-1,-1
262,14,1832.16,421.24,93.92,217.76,1,-1,-1,-1
262,15,1550.22,421.30,88.98,282.19,1,-1,-1,-1
262,16,1029.61,348.69,192.64,517.50,1,-1,-1,-1
263,8,960.69,330.99,218.38,557.13,1,-1,-1,-1
263,10,1394.35,369.32,128.89,368.95,1,-1,-1,-1
263,11,1671.34,525.38,89.80,190.83,1,-1,-1,-1
263,13,1169.34,311.19,200.88,509.14,1,-1,-1,-1
263,14,1835.11,421.22,93.60,218.10,1,-1,-1,-1
263,15,1550.39,420.99,88.95,282.31,1,-1,-1,-1
263,16,1041.84,350.20,192.64,517.50,1,-1,-1,-1
264,8,978.47,332.66,214.46,552.58,1,-1,-1,-1
264,10,1398.75,369.40,129.38,367.54,1,-1,-1,-1
264,11,1677.78,524.58,89.55,191.72,1,-1,-1,-1
264,13,1177.35,312.34,198.57,506.20,1,-1,-1,-1
264,14,1837.55,421.56,93.22,217.46,1,-1,-1,-1
264,15,1550.14,419.81,89.22,283.83,1,-1,-1,-1
264,16,1054.07,351.70,192.64,517.50,1,-1,-1,-1
265,8,994.88,331.52,210.85,549.40,1,-1,-1,-1
265,10,1402.80,369.66,130.02,366.12,1,-1,-1,-1
265,11,1683.90,524.11,89.40,192.43,1,-1,-1,-1
265,13,1184.96,313.98,196.96,503.38,1,-1,-1,-1
265,14,1839.79,421.55,92.65,217.14,1,-1,-1,-1
265,15,1549.96,418.98,89.84,284.20,1,-1,-1,-1
265,16,1066.30,353.21,192.64,517.50,1,-1,-1,-1
266,8,1006.94,332.30,209.47,546.00,1,-1,-1,-1
266,10,1407.60,370.68,130.13,363.63,1,-1,-1,-1
266,11,1689.14,523.72,89.90,193.25,1,-1,-1,-1
266,13,1193.34,316.00,195.30,500.27,1,-1,-1,-1
266,14,1842.14,421.88,91.91,216.51,1,-1,-1,-1
266,15,1550.63,418.76,90.18,284.63,1,-1,-1,-1
266,16,1078.53,354.71,192.64,517.50,1,-1,-1,-1
267,8,1020.66,332.78,209.48,542.31,1,-1,-1,-1
267,10,1411.66,371.83,130.72,361.56,1,-1,-1,-1
267,11,1694.35,523.67,90.34,193.90,1,-1,-1,-1
267,13,1201.80,318.76,193.23,495.79,1,-1,-1,-1
267,14,1844.65,422.42,90.77,216.25,1,-1,-1,-1
267,15,1551.15,418.15,90.44,285.18,1,-1,-1,-1
267,16,1090.76,356.22,192.64,517.50,1,-1,-1,-1
268,8,1033.54,333.72,209.97,538.93,1,-1,-1,-1
268,10,1416.26,373.10,131.00,359.31,1,-1,-1,-1
268,11,1699.17,524.18,90.66,194.10,1,-1,-1,-1
268,13,1209.34,321.18,191.33,492.03,1,-1,-1,-1
268,14,1846.88,422.04,89.59,217.02,1,-1,-1,-1
268,15,1551.23,418.41,90.74,284.25,1,-1,-1,-1
268,16,1103.00,357.72,192.64,517.50,1,-1,-1,-1
269,8,1046.22,334.84,211.45,535.01,1,-1,-1,-1
269,10,1420.82,375.00,130.56,356.96,1,-1,-1,-1
269,11,1704.29,524.87,90.97,194.65,1,-1,-1,-1
269,13,1216.60,322.47,189.02,488.91,1,-1,-1,-1
269,14,1849.43,423.13,87.98,216.36,1,-1,-1,-1
269,15,1551.29,419.31,91.00,283.79,1,-1,-1,-1
269,16,1115.23,359.23,192.64,517.50,1,-1,-1,-1
270,8,1057.31,336.68,212.25,530.90,1,-1,-1,-1
270,10,1425.08,376.78,129.92,354.56,1,-1,-1,-1
270,11,1709.16,525.81,91.25,194.96,1,-1,-1,-1
270,13,1222.45,323.05,186.92,485.50,1,-1,-1,-1
270,14,1851.89,423.94,86.27,215.85,1,-1,-1,-1
270,15,1551.49,420.02,91.26,283.61,1,-1,-1,-1
270,16,1127.46,360.73,192.64,517.50,1,-1,-1,-1
271,8,1067.35,338.38,213.54,525.86,1,-1,-1,-1
271,10,1428.84,377.93,129.43,352.23,1,-1,-1,-1
271,11,1713.73,526.62,91.55,194.89,1,-1,-1,-1
271,13,1229.26,323.62,184.82,482.88,1,-1,-1,-1
271,14,1854.06,423.36,84.60,215.92,1,-1,-1,-1
271,15,1551.25,419.73,91.65,283.85,1,-1,-1,-1
272,8,1077.21,338.96,214.96,523.31,1,-1,-1,-1
272,10,1432.93,377.86,127.86,350.84,1,-1,-1,-1
272,11,1717.56,526.22,92.99,195.27,1,-1,-1,-1
272,13,1235.91,323.96,183.73,480.38,1,-1,-1,-1
272,14,1855.28,422.49,83.44,216.04,1,-1,-1,-1
272,15,1551.60,420.58,92.42,283.60,1,-1,-1,-1
272,17,925.60,344.50,163.40,483.20,1,-1,-1,-1
273,8,1089.20,338.79,214.29,520.82,1,-1,-1,-1
273,10,1437.27,377.16,125.54,349.80,1,-1,-1,-1
273,11,1721.11,526.16,94.95,195.64,1,-1,-1,-1
273,13,1242.29,323.34,183.54,478.82,1,-1,-1,-1
273,14,1857.16,422.61,81.75,215.40,1,-1,-1,-1
273,15,1552.32,421.84,93.46,283.55,1,-1,-1,-1
273,17,934.06,348.28,164.79,481.00,1,-1,-1,-1
274,8,1100.77,339.63,212.57,517.92,1,-1,-1,-1
274,10,1442.32,377.33,123.35,349.11,1,-1,-1,-1
274,11,1724.99,526.79,95.71,196.14,1,-1,-1,-1
274,13,1248.19,322.73,184.23,477.13,1,-1,-1,-1
274,14,1858.98,423.04,80.02,215.02,1,-1,-1,-1
274,15,1553.17,422.70,94.78,283.03,1,-1,-1,-1
274,17,940.56,355.24,167.76,478.23,1,-1,-1,-1
275,8,1113.45,338.72,209.29,516.20,1,-1,-1,-1
275,10,1447.80,377.58,120.93,347.41,1,-1,-1,-1
275,11,1729.07,527.62,96.24,196.46,1,-1,-1,-1
275,13,1255.70,322.90,184.40,474.20,1,-1,-1,-1
275,14,1860.30,423.02,78.55,215.02,1,-1,-1,-1
275,15,1554.16,423.74,95.63,282.27,1,-1,-1,-1
275,17,953.29,356.60,170.24,475.78,1,-1,-1,-1
276,8,1126.44,339.99,205.73,513.49,1,-1,-1,-1
276,10,1452.74,377.31,118.58,346.80,1,-1,-1,-1
276,11,1732.66,528.60,96.93,196.94,1,-1,-1,-1
276,13,1262.53,323.40,185.02,472.00,1,-1,-1,-1
276,14,1862.18,422.92,76.66,214.84,1,-1,-1,-1
276,15,1556.20,424.18,95.49,281.82,1,-1,-1,-1
276,17,962.00,358.12,172.72,473.41,1,-1,-1,-1
277,8,1140.57,339.48,202.49,510.96,1,-1,-1,-1
277,10,1457.37,377.52,117.25,344.63,1,-1,-1,-1
277,11,1735.79,528.46,97.37,198.16,1,-1,-1,-1
277,13,1268.16,323.30,187.24,471.07,1,-1,-1,-1
277,14,1864.19,422.71,74.64,214.98,1,-1,-1,-1
277,15,1557.68,425.89,96.98,280.94,1,-1,-1,-1
277,17,968.55,359.95,175.47,470.72,1,-1,-1,-1
278,8,1152.17,339.81,200.18,508.57,1,-1,-1,-1
278,10,1461.33,378.09,116.54,342.28,1,-1,-1,-1
278,11,1738.13,527.93,97.64,199.42,1,-1,-1,-1
278,13,1275.10,323.16,187.05,470.15,1,-1,-1,-1
278,14,1866.03,422.81,72.69,215.33,1,-1,-1,-1
278,15,1558.34,426.97,99.24,281.20,1,-1,-1,-1
278,17,980.27,364.16,175.53,466.99,1,-1,-1,-1
279,8,1164.86,338.42,196.67,506.45,1,-1,-1,-1
279,10,1464.80,379.17,116.39,339.92,1,-1,-1,-1
279,11,1739.55,527.44,98.06,200.64,1,-1,-1,-1
279,13,1282.57,325.04,186.61,466.36,1,-1,-1,-1
279,14,1868.05,423.20,70.60,215.17,1,-1,-1,-1
279,15,1559.52,427.47,101.17,281.28,1,-1,-1,-1
279,17,987.24,363.52,176.53,464.86,1,-1,-1,-1
280,8,1174.31,336.60,195.63,506.21,1,-1,-1,-1
280,10,1468.78,380.33,116.20,337.13,1,-1,-1,-1
280,11,1740.24,527.37,98.30,201.39,1,-1,-1,-1
280,13,1287.76,326.77,187.60,463.53,1,-1,-1,-1
280,14,1869.66,423.46,68.76,214.83,1,-1,-1,-1
280,15,1560.57,428.66,103.01,280.70,1,-1,-1,-1
280,17,995.64,361.94,175.69,463.34,1,-1,-1,-1
281,8,1183.16,336.92,196.21,504.53,1,-1,-1,-1
281,10,1472.85,381.62,115.85,334.86,1,-1,-1,-1
281,11,1740.06,527.13,98.76,201.76,1,-1,-1,-1
281,13,1293.68,327.78,188.11,460.13,1,-1,-1,-1
281,14,1871.62,422.85,66.67,215.05,1,-1,-1,-1
281,15,1563.09,431.82,104.34,278.50,1,-1,-1,-1
281,17,1002.40,360.68,174.57,461.30,1,-1,-1,-1
282,8,1193.93,338.65,196.11,502.04,1,-1,-1,-1
282,10,1476.24,382.69,115.51,333.20,1,-1,-1,-1
282,11,1739.00,526.86,99.68,202.71,1,-1,-1,-1
282,13,1302.65,329.97,185.38,456.50,1,-1,-1,-1
282,14,1873.72,422.15,64.47,214.84,1,-1,-1,-1
282,15,1565.60,436.23,105.74,275.13,1,-1,-1,-1
282,17,1013.40,359.85,171.81,458.25,1,-1,-1,-1
283,8,1203.70,340.16,196.23,499.94,1,-1,-1,-1
283,10,1479.86,383.78,115.14,331.04,1,-1,-1,-1
283,11,1737.50,526.25,100.87,203.84,1,-1,-1,-1
283,13,1309.77,330.99,180.38,451.02,1,-1,-1,-1
283,14,1875.39,421.37,62.55,214.80,1,-1,-1,-1
283,15,1567.56,440.55,106.83,272.07,1,-1,-1,-1
283,17,1023.28,360.02,169.27,455.14,1,-1,-1,-1
284,8,1213.86,342.10,195.59,496.82,1,-1,-1,-1
284,10,1483.33,385.22,115.27,328.57,1,-1,-1,-1
284,11,1735.54,525.37,101.63,205.10,1,-1,-1,-1
284,13,1317.64,331.96,180.38,451.02,1,-1,-1,-1
284,14,1876.88,420.67,60.75,214.92,1,-1,-1,-1
284,15,1569.91,444.92,107.62,268.61,1,-1,-1,-1
284,17,1033.25,360.74,167.36,452.30,1,-1,-1,-1
285,8,1223.63,343.73,194.66,494.62,1,-1,-1,-1
285,10,1486.92,385.56,115.19,327.35,1,-1,-1,-1
285,11,1732.86,525.16,102.89,205.87,1,-1,-1,-1
285,13,1325.51,332.93,180.38,451.02,1,-1,-1,-1
285,14,1878.46,419.65,58.89,215.49,1,-1,-1,-1
285,15,1572.12,448.96,108.93,265.21,1,-1,-1,-1
285,17,1041.24,362.17,167.04,449.28,1,-1,-1,-1
286,8,1232.97,344.80,194.12,492.26,1,-1,-1,-1
286,10,1490.80,385.35,115.60,326.83,1,-1,-1,-1
286,11,1729.91,525.07,103.77,206.70,1,-1,-1,-1
286,13,1333.39,333.90,180.38,451.02,1,-1,-1,-1
286,14,1879.76,417.81,57.21,216.85,1,-1,-1,-1
286,15,1574.45,454.19,110.07,261.04,1,-1,-1,-1
286,17,1050.37,362.52,166.55,446.80,1,-1,-1,-1
287,8,1243.41,346.46,193.51,488.30,1,-1,-1,-1
287,10,1496.09,385.03,114.90,325.85,1,-1,-1,-1
287,11,1726.53,524.82,105.14,207.35,1,-1,-1,-1
287,13,1341.26,334.86,180.38,451.02,1,-1,-1,-1
287,14,1880.62,417.11,55.84,216.83,1,-1,-1,-1
287,15,1576.09,459.05,111.28,257.62,1,-1,-1,-1
287,17,1059.09,363.36,166.40,444.76,1,-1,-1,-1
288,8,1253.09,347.47,192.80,485.23,1,-1,-1,-1
288,10,1500.83,384.86,114.39,325.54,1,-1,-1,-1
288,11,1722.50,524.46,106.90,208.03,1,-1,-1,-1
288,13,1349.13,335.83,180.38,451.02,1,-1,-1,-1
288,14,1882.96,416.81,55.84,216.83,1,-1,-1,-1
288,15,1578.36,464.75,111.81,253.28,1,-1,-1,-1
288,17,1065.62,363.03,168.15,443.64,1,-1,-1,-1
289,8,1262.98,347.74,191.88,482.72,1,-1,-1,-1
289,10,1505.68,384.55,114.47,325.26,1,-1,-1,-1
289,11,1718.69,524.38,108.28,208.33,1,-1,-1,-1
289,13,1357.00,336.80,180.38,451.02,1,-1,-1,-1
289,14,1885.30,416.50,55.84,216.83,1,-1,-1,-1
289,15,1580.89,470.23,111.87,248.59,1,-1,-1,-1
289,17,1072.75,365.56,169.13,440.79,1,-1,-1,-1
290,8,1273.06,347.45,190.95,480.02,1,-1,-1,-1
290,10,1510.47,384.23,114.41,325.13,1,-1,-1,-1
290,11,1715.50,524.51,108.95,208.22,1,-1,-1,-1
290,13,1364.87,337.77,180.38,451.02,1,-1,-1,-1
290,14,1887.64,416.19,55.84,216.83,1,-1,-1,-1
290,15,1583.03,476.89,112.13,243.39,1,-1,-1,-1
290,17,1078.81,365.00,170.00,439.85,1,-1,-1,-1
291,8,1283.20,347.98,190.28,477.75,1,-1,-1,-1
291,10,1515.21,384.89,113.67,323.78,1,-1,-1,-1
291,11,1712.92,523.92,109.48,208.72,1,-1,-1,-1
291,13,1372.74,338.74,180.38,451.02,1,-1,-1,-1
291,14,1889.98,415.89,55.84,216.83,1,-1,-1,-1
291,15,1584.72,482.49,112.56,238.61,1,-1,-1,-1
291,17,1084.39,364.56,169.84,439.34,1,-1,-1,-1
292,8,1294.03,348.91,188.94,475.14,1,-1,-1,-1
292,10,1520.33,385.07,113.75,322.60,1,-1,-1,-1
292,11,1710.46,523.27,109.81,210.00,1,-1,-1,-1
292,13,1380.61,339.71,180.38,451.02,1,-1,-1,-1
292,14,1892.32,415.58,55.84,216.83,1,-1,-1,-1
292,15,1587.65,487.66,112.39,234.57,1,-1,-1,-1
292,17,1089.02,367.24,169.06,437.24,1,-1,-1,-1
293,8,1303.45,350.10,188.49,471.96,1,-1,-1,-1
293,10,1525.30,384.98,114.01,321.30,1,-1,-1,-1
293,11,1708.25,523.73,110.21,210.00,1,-1,-1,-1
293,13,1388.48,340.68,180.38,451.02,1,-1,-1,-1
293,14,1889.46,418.00,52.72,213.37,1,-1,-1,-1
293,15,1589.97,492.39,112.31,231.15,1,-1,-1,-1
293,17,1092.79,367.68,167.81,436.18,1,-1,-1,-1
294,8,1312.21,351.75,188.41,467.61,1,-1,-1,-1
294,10,1530.97,386.94,116.41,318.94,1,-1,-1,-1
294,11,1705.09,523.67,111.00,210.56,1,-1,-1,-1
294,13,1396.36,341.65,180.38,451.02,1,-1,-1,-1
294,14,1888.60,420.12,50.23,208.52,1,-1,-1,-1
294,15,1591.87,497.70,112.43,227.24,1,-1,-1,-1
294,17,1098.25,368.13,165.08,434.20,1,-1,-1,-1
295,8,1320.66,354.72,188.13,463.11,1,-1,-1,-1
295,10,1537.32,390.09,116.09,313.91,1,-1,-1,-1
295,11,1703.21,523.48,111.30,210.26,1,-1,-1,-1
295,13,1404.23,342.62,180.38,451.02,1,-1,-1,-1
295,14,1888.11,421.36,48.42,205.77,1,-1,-1,-1
295,15,1591.89,501.17,113.74,224.42,1,-1,-1,-1
295,17,1102.45,368.32,163.01,431.54,1,-1,-1,-1
296,8,1328.93,356.96,188.18,459.38,1,-1,-1,-1
296,10,1543.66,392.20,115.08,311.10,1,-1,-1,-1
296,11,1701.53,523.75,111.11,209.92,1,-1,-1,-1
296,13,1412.10,343.59,180.38,451.02,1,-1,-1,-1
296,14,1887.82,422.45,47.01,203.71,1,-1,-1,-1
296,15,1592.59,505.43,114.65,220.37,1,-1,-1,-1
296,17,1106.59,369.40,161.68,428.78,1,-1,-1,-1
297,8,1338.42,357.74,187.50,456.62,1,-1,-1,-1
297,10,1548.50,392.96,115.08,311.10,1,-1,-1,-1
297,11,1699.86,523.32,110.80,210.50,1,-1,-1,-1
297,13,1419.97,344.56,180.38,451.02,1,-1,-1,-1
297,14,1887.55,423.14,45.94,202.82,1,-1,-1,-1
297,15,1592.85,510.16,115.51,215.99,1,-1,-1,-1
297,17,1113.11,370.18,158.31,425.55,1,-1,-1,-1
298,8,1347.53,358.08,186.59,453.97,1,-1,-1,-1
298,10,1553.34,393.72,115.08,311.10,1,-1,-1,-1
298,11,1697.97,523.22,110.63,210.67,1,-1,-1,-1
298,13,1427.84,345.53,180.38,451.02,1,-1,-1,-1
298,14,1887.40,423.51,45.01,202.38,1,-1,-1,-1
298,15,1593.13,513.88,116.18,212.59,1,-1,-1,-1
298,17,1118.36,370.70,156.17,423.03,1,-1,-1,-1
299,8,1357.24,358.91,185.29,450.90,1,-1,-1,-1
299,10,1558.19,394.48,115.08,311.10,1,-1,-1,-1
299,11,1697.61,523.22,109.29,210.89,1,-1,-1,-1
299,13,1435.71,346.50,180.38,451.02,1,-1,-1,-1
299,14,1887.38,423.38,44.16,201.65,1,-1,-1,-1
299,15,1593.17,516.66,116.95,209.74,1,-1,-1,-1
299,17,1124.28,370.85,154.07,421.30,1,-1,-1,-1
300,8,1364.95,359.12,184.89,449.19,1,-1,-1,-1
300,10,1563.03,395.23,115.08,311.10,1,-1,-1,-1
300,11,1697.41,523.19,108.24,210.60,1,-1,-1,-1
300,13,1443.58,347.47,180.38,451.02,1,-1,-1,-1
300,14,1887.23,423.25,43.51,200.89,1,-1,-1,-1
300,15,1594.01,518.31,116.92,207.50,1,-1,-1,-1
300,17,1130.21,371.44,152.28,419.44,1,-1,-1,-1
301,8,1372.42,358.42,183.77,448.46,1,-1,-1,-1
301,10,1567.87,395.99,115.08,311.10,1,-1,-1,-1
301,11,1697.15,523.07,107.05,210.68,1,-1,-1,-1
301,13,1451.46,348.44,180.38,451.02,1,-1,-1,-1
301,14,1887.13,423.42,42.90,200.13,1,-1,-1,-1
301,15,1595.02,520.73,116.65,204.32,1,-1,-1,-1
301,17,1136.26,372.39,150.87,416.73,1,-1,-1,-1
302,8,1379.30,357.81,182.84,447.12,1,-1,-1,-1
302,10,1572.71,396.75,115.08,311.10,1,-1,-1,-1
302,11,1697.02,523.37,106.01,210.10,1,-1,-1,-1
302,13,1459.33,349.41,180.38,451.02,1,-1,-1,-1
302,14,1886.77,424.28,42.54,198.39,1,-1,-1,-1
302,15,1595.22,521.09,116.62,202.75,1,-1,-1,-1
302,17,1142.30,373.20,150.52,413.84,1,-1,-1,-1
303,8,1385.53,356.98,181.81,445.22,1,-1,-1,-1
303,10,1577.55,397.51,115.08,311.10,1,-1,-1,-1
303,11,1696.96,523.73,105.22,209.60,1,-1,-1,-1
303,13,1467.20,350.38,180.38,451.02,1,-1,-1,-1
303,14,1886.57,425.32,42.13,196.74,1,-1,-1,-1
303,15,1595.54,520.54,116.42,201.80,1,-1,-1,-1
303,17,1147.30,373.37,151.08,412.52,1,-1,-1,-1
304,8,1391.19,356.47,180.87,442.74,1,-1,-1,-1
304,10,1582.40,398.27,115.08,311.10,1,-1,-1,-1
304,11,1697.01,524.26,104.53,209.15,1,-1,-1,-1
304,13,1475.07,351.35,180.38,451.02,1,-1,-1,-1
304,14,1886.33,426.55,41.79,195.61,1,-1,-1,-1
304,15,1595.27,519.76,116.85,201.10,1,-1,-1,-1
304,17,1153.99,372.97,150.95,410.58,1,-1,-1,-1
305,8,1395.74,356.25,180.56,440.87,1,-1,-1,-1
305,10,1587.24,399.02,115.08,311.10,1,-1,-1,-1
305,11,1697.46,524.46,103.78,209.11,1,-1,-1,-1
305,13,1482.94,352.31,180.38,451.02,1,-1,-1,-1
305,14,1885.98,427.68,41.57,195.18,1,-1,-1,-1
305,15,1595.07,519.68,117.33,200.98,1,-1,-1,-1
305,17,1159.42,373.77,150.21,408.90,1,-1,-1,-1
306,8,1399.99,356.81,179.68,438.59,1,-1,-1,-1
306,10,1592.08,399.78,115.08,311.10,1,-1,-1,-1
306,11,1698.15,524.37,103.16,209.01,1,-1,-1,-1
306,13,1490.81,353.28,180.38,451.02,1,-1,-1,-1
306,14,1885.76,428.68,41.29,195.23,1,-1,-1,-1
306,15,1594.68,517.40,117.51,201.55,1,-1,-1,-1
306,17,1164.11,373.75,149.19,407.54,1,-1,-1,-1
307,8,1404.47,358.13,178.60,436.55,1,-1,-1,-1
307,10,1596.92,400.54,115.08,311.10,1,-1,-1,-1
307,11,1697.73,523.95,102.92,209.23,1,-1,-1,-1
307,13,1498.68,354.25,180.38,451.02,1,-1,-1,-1
307,14,1885.62,429.60,40.99,195.31,1,-1,-1,-1
307,15,1593.52,515.38,118.26,202.04,1,-1,-1,-1
307,17,1169.40,373.99,148.02,405.41,1,-1,-1,-1
308,8,1408.32,360.56,177.60,434.28,1,-1,-1,-1
308,10,1601.76,401.30,115.08,311.10,1,-1,-1,-1
308,11,1697.52,523.76,102.20,209.55,1,-1,-1,-1
308,13,1506.56,355.22,180.38,451.02,1,-1,-1,-1
308,14,1885.72,430.63,40.55,194.86,1,-1,-1,-1
308,15,1593.37,512.83,117.98,203.68,1,-1,-1,-1
308,17,1173.67,374.83,145.99,403.79,1,-1,-1,-1
309,8,1412.27,361.22,177.31,432.80,1,-1,-1,-1
309,10,1606.61,402.05,115.08,311.10,1,-1,-1,-1
309,11,1696.87,523.96,101.73,209.34,1,-1,-1,-1
309,13,1514.43,356.19,180.38,451.02,1,-1,-1,-1
309,14,1885.97,431.27,40.04,195.19,1,-1,-1,-1
309,15,1592.11,509.15,118.49,205.76,1,-1,-1,-1
309,17,1177.94,375.88,144.70,401.31,1,-1,-1,-1
310,8,1416.36,362.12,176.62,430.50,1,-1,-1,-1
310,10,1611.45,402.81,115.08,311.10,1,-1,-1,-1
310,11,1696.19,524.00,101.35,209.30,1,-1,-1,-1
310,13,1522.30,357.16,180.38,451.02,1,-1,-1,-1
310,14,1886.61,431.74,40.04,195.19,1,-1,-1,-1
310,15,1591.39,506.72,118.27,206.93,1,-1,-1,-1
310,17,1182.08,376.70,143.29,399.11,1,-1,-1,-1
311,8,1421.91,364.44,175.29,426.72,1,-1,-1,-1
311,10,1616.29,403.57,115.08,311.10,1,-1,-1,-1
311,11,1695.92,524.19,100.85,208.97,1,-1,-1,-1
311,13,1530.17,358.13,180.38,451.02,1,-1,-1,-1
311,14,1887.24,432.22,40.04,195.19,1,-1,-1,-1
311,15,1590.64,502.52,117.96,209.62,1,-1,-1,-1
311,17,1185.42,377.45,142.21,395.99,1,-1,-1,-1
312,8,1426.16,365.24,174.24,424.57,1,-1,-1,-1
312,10,1621.13,404.33,115.08,311.10,1,-1,-1,-1
312,11,1695.46,524.09,100.42,208.88,1,-1,-1,-1
312,14,1887.87,432.69,40.04,195.19,1,-1,-1,-1
312,15,1590.16,498.44,117.75,211.95,1,-1,-1,-1
312,17,1187.81,377.76,142.01,394.25,1,-1,-1,-1
313,8,1429.41,365.65,172.98,422.63,1,-1,-1,-1
313,10,1625.97,405.09,115.08,311.10,1,-1,-1,-1
313,11,1694.96,524.45,100.19,208.55,1,-1,-1,-1
313,14,1888.51,433.16,40.04,195.19,1,-1,-1,-1
313,15,1590.00,494.01,116.51,214.67,1,-1,-1,-1
313,17,1190.19,379.27,142.47,391.94,1,-1,-1,-1
314,8,1432.86,364.87,171.53,422.11,1,-1,-1,-1
314,10,1630.81,405.84,115.08,311.10,1,-1,-1,-1
314,11,1693.61,524.03,100.63,208.89,1,-1,-1,-1
314,14,1889.14,433.64,40.04,195.19,1,-1,-1,-1
314,15,1589.61,489.93,115.56,217.18,1,-1,-1,-1
314,17,1192.13,380.03,143.66,389.64,1,-1,-1,-1
315,8,1435.16,364.82,170.53,420.66,1,-1,-1,-1
315,10,1635.66,406.60,115.08,311.10,1,-1,-1,-1
315,11,1692.81,524.45,100.30,208.68,1,-1,-1,-1
315,14,1889.77,434.11,40.04,195.19,1,-1,-1,-1
315,15,1589.35,486.31,114.44,219.29,1,-1,-1,-1
315,17,1194.33,381.52,144.15,386.88,1,-1,-1,-1
316,8,1435.20,364.44,170.63,419.34,1,-1,-1,-1
316,10,1640.50,407.36,115.08,311.10,1,-1,-1,-1
316,11,1692.10,524.94,100.18,208.35,1,-1,-1,-1
316,14,1890.41,434.58,40.04,195.19,1,-1,-1,-1
316,15,1588.87,481.99,113.88,221.99,1,-1,-1,-1
316,17,1196.39,382.77,144.42,384.84,1,-1,-1,-1
317,8,1437.78,365.02,169.76,417.75,1,-1,-1,-1
317,10,1645.34,408.12,115.08,311.10,1,-1,-1,-1
317,11,1691.01,525.19,100.33,207.83,1,-1,-1,-1
317,14,1891.04,435.05,40.04,195.19,1,-1,-1,-1
317,15,1588.21,477.17,113.60,225.60,1,-1,-1,-1
317,17,1198.89,383.25,144.91,382.88,1,-1,-1,-1
318,8,1439.58,366.96,168.98,414.66,1,-1,-1,-1
318,10,1650.18,408.88,115.08,311.10,1,-1,-1,-1
318,11,1689.47,524.90,100.61,208.14,1,-1,-1,-1
318,14,1891.67,435.53,40.04,195.19,1,-1,-1,-1
318,15,1587.46,473.35,112.91,228.99,1,-1,-1,-1
318,17,1201.35,383.19,145.43,381.88,1,-1,-1,-1
319,8,1442.26,366.60,168.35,413.43,1,-1,-1,-1
319,10,1655.02,409.63,115.08,311.10,1,-1,-1,-1
319,11,1687.96,524.76,100.91,208.07,1,-1,-1,-1
319,14,1892.31,436.00,40.04,195.19,1,-1,-1,-1
319,15,1586.24,468.16,112.61,232.52,1,-1,-1,-1
319,17,1204.18,383.98,146.02,380.06,1,-1,-1,-1
320,8,1445.17,369.53,168.16,410.46,1,-1,-1,-1
320,10,1659.87,410.39,115.08,311.10,1,-1,-1,-1
320,11,1685.81,524.01,101.21,208.91,1,-1,-1,-1
320,14,1892.94,436.47,40.04,195.19,1,-1,-1,-1
320,15,1586.15,463.77,111.39,235.54,1,-1,-1,-1
320,17,1207.01,385.07,146.38,378.16,1,-1,-1,-1
321,8,1448.95,369.40,167.38,409.03,1,-1,-1,-1
321,10,1664.71,411.15,115.08,311.10,1,-1,-1,-1
321,11,1683.99,524.20,101.83,209.00,1,-1,-1,-1
321,14,1893.57,436.94,40.04,195.19,1,-1,-1,-1
321,15,1586.50,459.40,110.20,239.04,1,-1,-1,-1
321,17,1210.54,386.03,146.35,377.00,1,-1,-1,-1
322,8,1453.96,369.06,165.76,408.14,1,-1,-1,-1
322,10,1669.55,411.91,115.08,311.10,1,-1,-1,-1
322,11,1681.51,524.04,102.55,209.89,1,-1,-1,-1
322,14,1894.21,437.42,40.04,195.19,1,-1,-1,-1
322,15,1586.11,456.67,109.75,240.80,1,-1,-1,-1
322,17,1214.57,386.23,146.49,376.22,1,-1,-1,-1
323,8,1458.04,368.78,164.39,406.83,1,-1,-1,-1
323,10,1674.39,412.66,115.08,311.10,1,-1,-1,-1
323,11,1678.98,524.60,103.84,209.87,1,-1,-1,-1
323,14,1894.84,437.89,40.04,195.19,1,-1,-1,-1
323,15,1586.09,451.26,108.75,244.50,1,-1,-1,-1
323,17,1218.90,386.65,146.39,375.03,1,-1,-1,-1
324,8,1459.17,368.94,165.04,405.23,1,-1,-1,-1
324,10,1679.23,413.42,115.08,311.10,1,-1,-1,-1
324,11,1676.34,524.92,104.98,209.79,1,-1,-1,-1
324,14,1895.47,438.36,40.04,195.19,1,-1,-1,-1
324,15,1586.35,446.59,107.82,248.78,1,-1,-1,-1
324,17,1224.41,386.83,145.78,373.34,1,-1,-1,-1
325,8,1459.34,368.62,165.79,402.43,1,-1,-1,-1
325,10,1684.08,414.18,115.08,311.10,1,-1,-1,-1
325,11,1673.95,525.12,106.02,209.62,1,-1,-1,-1
325,14,1896.11,438.83,40.04,195.19,1,-1,-1,-1
325,15,1586.64,442.10,107.19,252.62,1,-1,-1,-1
325,17,1229.02,386.55,145.77,371.62,1,-1,-1,-1
326,8,1458.99,368.47,166.88,399.89,1,-1,-1,-1
326,10,1688.92,414.94,115.08,311.10,1,-1,-1,-1
326,11,1672.08,525.44,107.03,208.78,1,-1,-1,-1
326,14,1896.74,439.31,40.04,195.19,1,-1,-1,-1
326,15,1587.45,437.31,107.07,256.37,1,-1,-1,-1
326,17,1233.95,386.14,145.34,369.97,1,-1,-1,-1
327,8,1458.92,370.26,167.61,396.98,1,-1,-1,-1
327,10,1693.76,415.70,115.08,311.10,1,-1,-1,-1
327,11,1670.39,524.93,107.41,208.98,1,-1,-1,-1
327,14,1897.37,439.78,40.04,195.19,1,-1,-1,-1
327,15,1588.82,431.98,106.24,259.39,1,-1,-1,-1
327,17,1238.93,385.87,144.43,368.42,1,-1,-1,-1
328,8,1458.98,371.51,167.73,394.82,1,-1,-1,-1
328,10,1698.60,416.45,115.08,311.10,1,-1,-1,-1
328,11,1669.12,524.59,107.41,209.18,1,-1,-1,-1
328,14,1898.01,440.25,40.04,195.19,1,-1,-1,-1
328,15,1589.94,427.40,105.28,263.24,1,-1,-1,-1
328,17,1243.23,385.74,144.00,367.02,1,-1,-1,-1
329,8,1459.73,372.17,166.81,392.83,1,-1,-1,-1
329,10,1703.44,417.21,115.08,311.10,1,-1,-1,-1
329,11,1668.28,525.12,107.25,208.31,1,-1,-1,-1
329,14,1898.64,440.72,40.04,195.19,1,-1,-1,-1
329,15,1591.41,422.07,104.20,267.78,1,-1,-1,-1
329,17,1247.59,385.80,143.24,365.67,1,-1,-1,-1
330,8,1460.62,372.61,165.60,391.06,1,-1,-1,-1
330,10,1708.29,417.97,115.08,311.10,1,-1,-1,-1
330,11,1668.20,525.30,106.60,207.57,1,-1,-1,-1
330,14,1899.27,441.20,40.04,195.19,1,-1,-1,-1
330,15,1593.22,417.05,103.09,272.24,1,-1,-1,-1
330,17,1251.89,385.76,142.98,364.37,1,-1,-1,-1
331,8,1461.01,375.02,164.23,388.56,1,-1,-1,-1
331,10,1713.13,418.73,115.08,311.10,1,-1,-1,-1
331,11,1668.11,525.63,105.98,207.14,1,-1,-1,-1
331,14,1899.91,441.67,40.04,195.19,1,-1,-1,-1
331,15,1595.42,413.17,101.53,275.05,1,-1,-1,-1
331,17,1256.46,386.34,142.71,362.73,1,-1,-1,-1
332,8,1461.41,377.45,162.35,385.81,1,-1,-1,-1
332,10,1707.04,404.67,105.43,289.11,1,-1,-1,-1
332,11,1668.67,526.11,104.68,206.86,1,-1,-1,-1
332,14,1900.54,442.14,40.04,195.19,1,-1,-1,-1
332,15,1597.43,409.57,100.97,278.67,1,-1,-1,-1
332,17,1261.49,388.56,142.31,360.83,1,-1,-1,-1
333,8,1461.40,379.33,160.77,383.31,1,-1,-1,-1
333,10,1708.38,403.67,104.12,281.07,1,-1,-1,-1
333,11,1669.63,526.43,103.06,206.84,1,-1,-1,-1
333,14,1901.18,442.62,40.04,195.19,1,-1,-1,-1
333,15,1599.25,406.57,101.32,281.43,1,-1,-1,-1
333,17,1266.44,388.43,141.83,359.88,1,-1,-1,-1
334,8,1461.13,379.94,158.98,381.46,1,-1,-1,-1
334,10,1712.95,401.65,102.60,277.36,1,-1,-1,-1
334,11,1670.66,527.06,101.68,206.81,1,-1,-1,-1
334,14,1901.81,443.09,40.04,195.19,1,-1,-1,-1
334,15,1602.01,403.84,102.59,282.08,1,-1,-1,-1
334,17,1270.96,390.59,141.82,355.77,1,-1,-1,-1
335,8,1460.70,380.85,157.51,379.25,1,-1,-1,-1
335,10,1718.82,401.88,97.80,273.80,1,-1,-1,-1
335,11,1672.08,527.95,99.97,206.46,1,-1,-1,-1
335,14,1902.44,443.56,40.04,195.19,1,-1,-1,-1
335,15,1603.73,401.95,103.96,282.46,1,-1,-1,-1
335,17,1276.36,392.15,141.06,353.43,1,-1,-1,-1
336,8,1460.07,381.64,156.58,377.15,1,-1,-1,-1
336,10,1723.44,403.09,96.35,271.22,1,-1,-1,-1
336,11,1673.53,528.44,98.35,206.13,1,-1,-1,-1
336,14,1903.08,444.03,40.04,195.19,1,-1,-1,-1
336,15,1605.89,400.12,105.60,284.36,1,-1,-1,-1
336,17,1281.40,393.63,140.26,351.41,1,-1,-1,-1
337,8,1459.07,381.41,155.44,375.81,1,-1,-1,-1
337,10,1727.68,403.28,95.92,269.61,1,-1,-1,-1
337,11,1675.17,528.00,96.40,206.23,1,-1,-1,-1
337,14,1903.71,444.51,40.04,195.19,1,-1,-1,-1
337,15,1607.86,397.26,108.92,287.14,1,-1,-1,-1
337,17,1286.98,395.17,139.22,348.73,1,-1,-1,-1
338,8,1458.10,382.46,154.50,373.98,1,-1,-1,-1
338,10,1731.31,404.15,94.58,267.23,1,-1,-1,-1
338,11,1676.83,528.35,94.58,205.80,1,-1,-1,-1
338,15,1610.03,395.09,111.54,289.75,1,-1,-1,-1
338,17,1292.32,396.02,138.48,347.33,1,-1,-1,-1
339,8,1457.00,383.35,153.52,372.61,1,-1,-1,-1
339,10,1735.14,403.83,93.66,268.08,1,-1,-1,-1
339,11,1677.83,527.83,93.47,205.91,1,-1,-1,-1
339,15,1612.09,394.43,115.86,291.72,1,-1,-1,-1
339,17,1297.84,396.22,137.99,346.11,1,-1,-1,-1
339,18,1144.00,392.60,144.40,347.40,1,-1,-1,-1
340,8,1456.00,383.45,152.77,371.23,1,-1,-1,-1
340,10,1739.11,403.60,94.24,267.28,1,-1,-1,-1
340,11,1678.48,527.65,92.85,205.75,1,-1,-1,-1
340,15,1613.43,394.49,119.40,293.57,1,-1,-1,-1
340,17,1302.58,396.58,137.43,344.97,1,-1,-1,-1
340,18,1144.70,391.70,144.33,347.54,1,-1,-1,-1
341,8,1455.25,383.48,151.74,369.89,1,-1,-1,-1
341,10,1742.35,403.62,96.29,266.43,1,-1,-1,-1
341,11,1678.91,528.40,92.34,204.82,1,-1,-1,-1
341,15,1614.60,391.89,119.40,293.57,1,-1,-1,-1
341,17,1307.98,397.64,135.97,343.24,1,-1,-1,-1
341,18,1143.62,397.83,144.32,344.08,1,-1,-1,-1
342,8,1454.73,384.15,151.30,368.60,1,-1,-1,-1
342,10,1745.86,404.39,98.79,264.20,1,-1,-1,-1
342,11,1678.88,527.71,92.08,204.90,1,-1,-1,-1
342,15,1615.77,389.28,119.40,293.57,1,-1,-1,-1
342,17,1312.90,397.65,135.58,341.67,1,-1,-1,-1
342,18,1142.40,392.07,144.52,345.42,1,-1,-1,-1
343,8,1454.79,385.85,150.83,365.74,1,-1,-1,-1
343,10,1750.02,404.47,100.19,263.25,1,-1,-1,-1
343,11,1677.85,525.82,92.28,205.71,1,-1,-1,-1
343,15,1616.94,386.68,119.40,293.57,1,-1,-1,-1
343,17,1317.45,396.71,135.70,340.95,1,-1,-1,-1
343,18,1141.14,388.32,144.81,346.91,1,-1,-1,-1
344,8,1455.53,387.37,150.06,362.98,1,-1,-1,-1
344,10,1753.46,404.45,100.15,262.36,1,-1,-1,-1
344,11,1676.93,522.18,93.22,207.41,1,-1,-1,-1
344,15,1618.11,384.07,119.40,293.57,1,-1,-1,-1
344,17,1321.50,396.24,136.00,339.70,1,-1,-1,-1
344,18,1139.46,385.53,144.82,348.47,1,-1,-1,-1
345,8,1456.20,388.45,149.09,360.73,1,-1,-1,-1
345,10,1756.85,404.41,99.71,262.09,1,-1,-1,-1
345,11,1677.31,522.17,92.97,206.92,1,-1,-1,-1
345,15,1619.28,381.47,119.40,293.57,1,-1,-1,-1
345,17,1326.50,397.67,135.94,336.57,1,-1,-1,-1
345,18,1138.66,383.02,144.87,350.34,1,-1,-1,-1
346,8,1456.77,389.19,148.74,358.96,1,-1,-1,-1
346,10,1758.96,403.66,99.99,262.28,1,-1,-1,-1
346,11,1677.37,521.66,92.55,207.17,1,-1,-1,-1
346,15,1620.45,378.86,119.40,293.57,1,-1,-1,-1
346,17,1331.17,397.95,135.89,335.52,1,-1,-1,-1
346,18,1136.81,383.10,144.95,351.91,1,-1,-1,-1
347,8,1458.00,391.18,148.27,355.80,1,-1,-1,-1
347,10,1761.32,402.84,99.68,262.62,1,-1,-1,-1
347,11,1677.47,522.35,92.00,206.90,1,-1,-1,-1
347,15,1621.62,376.26,119.40,293.57,1,-1,-1,-1
347,17,1335.86,398.58,135.62,334.20,1,-1,-1,-1
347,18,1134.68,382.27,145.73,353.56,1,-1,-1,-1
348,8,1459.50,391.91,148.04,354.00,1,-1,-1,-1
348,10,1762.67,403.40,100.09,262.10,1,-1,-1,-1
348,11,1676.83,523.32,92.17,206.62,1,-1,-1,-1
348,15,1622.79,373.65,119.40,293.57,1,-1,-1,-1
348,17,1340.78,399.39,135.04,332.67,1,-1,-1,-1
348,18,1131.03,383.62,146.96,354.72,1,-1,-1,-1
349,8,1461.27,392.90,147.77,352.17,1,-1,-1,-1
349,10,1764.23,403.18,100.06,261.79,1,-1,-1,-1
349,11,1676.90,524.38,91.70,205.92,1,-1,-1,-1
349,15,1623.96,371.05,119.40,293.57,1,-1,-1,-1
349,17,1345.87,400.70,134.36,331.00,1,-1,-1,-1
349,18,1129.04,383.45,147.71,356.23,1,-1,-1,-1
350,8,1462.60,393.94,147.48,349.54,1,-1,-1,-1
350,10,1766.44,403.89,100.13,260.92,1,-1,-1,-1
350,11,1677.04,525.33,91.41,205.47,1,-1,-1,-1
350,15,1659.28,383.46,118.85,292.78,1,-1,-1,-1
350,17,1351.46,402.49,133.59,329.80,1,-1,-1,-1
350,18,1127.83,382.99,148.03,358.13,1,-1,-1,-1
351,8,1464.27,395.02,147.02,347.03,1,-1,-1,-1
351,10,1768.93,404.24,98.91,259.56,1,-1,-1,-1
351,11,1677.15,525.33,91.00,205.64,1,-1,-1,-1
351,15,1675.51,388.31,117.59,293.25,1,-1,-1,-1
351,17,1356.83,404.10,133.06,328.77,1,-1,-1,-1
351,18,1126.44,382.35,148.29,360.03,1,-1,-1,-1
351,19,1629.20,443.40,68.10,226.40,1,-1,-1,-1
352,8,1466.03,395.34,147.15,344.27,1,-1,-1,-1
352,10,1772.33,404.38,98.91,259.56,1,-1,-1,-1
352,11,1677.25,525.36,90.94,205.56,1,-1,-1,-1
352,15,1679.14,386.82,117.59,293.25,1,-1,-1,-1
352,17,1361.93,405.20,132.55,326.73,1,-1,-1,-1
352,18,1124.70,383.34,148.77,360.05,1,-1,-1,-1
352,19,1629.20,443.40,68.10,226.40,1,-1,-1,-1
353,8,1468.54,395.60,146.43,342.45,1,-1,-1,-1
353,10,1775.73,404.52,98.91,259.56,1,-1,-1,-1
353,11,1676.65,526.34,90.97,204.87,1,-1,-1,-1
353,15,1687.68,387.42,116.87,299.10,1,-1,-1,-1
353,17,1366.92,407.12,131.90,323.32,1,-1,-1,-1
353,18,1122.18,381.33,150.01,362.63,1,-1,-1,-1
353,19,1629.20,443.40,68.10,226.40,1,-1,-1,-1
354,8,1471.55,395.83,145.22,340.31,1,-1,-1,-1
354,10,1779.13,404.66,98.91,259.56,1,-1,-1,-1
354,11,1675.88,527.24,91.00,204.50,1,-1,-1,-1
354,15,1694.29,387.29,115.64,303.01,1,-1,-1,-1
354,17,1372.07,407.90,131.35,320.14,1,-1,-1,-1
354,18,1120.35,380.84,150.26,363.17,1,-1,-1,-1
354,19,1629.20,443.40,68.10,226.40,1,-1,-1,-1
355,8,1475.02,396.07,144.40,338.02,1,-1,-1,-1
355,10,1782.53,404.80,98.91,259.56,1,-1,-1,-1
355,11,1675.61,527.02,91.17,205.03,1,-1,-1,-1
355,15,1701.44,385.34,114.33,309.39,1,-1,-1,-1
355,17,1376.76,408.20,130.98,317.48,1,-1,-1,-1
355,18,1117.37,378.20,151.68,366.14,1,-1,-1,-1
355,19,1629.20,443.40,68.10,226.40,1,-1,-1,-1
356,8,1478.56,396.81,143.28,335.88,1,-1,-1,-1
356,10,1785.93,404.94,98.91,259.56,1,-1,-1,-1
356,11,1675.40,526.63,91.51,205.55,1,-1,-1,-1
356,15,1707.10,384.76,113.30,312.16,1,-1,-1,-1
356,17,1381.12,408.24,130.55,315.71,1,-1,-1,-1
356,18,1114.78,376.19,152.66,368.33,1,-1,-1,-1
356,19,1629.20,443.40,68.10,226.40,1,-1,-1,-1
357,8,1482.06,395.76,142.00,335.30,1,-1,-1,-1
357,10,1789.33,405.08,98.91,259.56,1,-1,-1,-1
357,11,1675.76,526.80,91.48,205.78,1,-1,-1,-1
357,15,1712.58,384.34,112.54,314.87,1,-1,-1,-1
357,17,1386.31,410.06,130.04,314.05,1,-1,-1,-1
357,18,1112.20,374.06,153.66,370.94,1,-1,-1,-1
357,19,1629.20,443.40,68.10,226.40,1,-1,-1,-1
358,8,1485.26,397.49,141.05,332.04,1,-1,-1,-1
358,10,1792.73,405.22,98.91,259.56,1,-1,-1,-1
358,11,1676.85,526.55,91.36,206.42,1,-1,-1,-1
358,15,1717.51,384.71,112.20,316.07,1,-1,-1,-1
358,17,1391.13,411.39,130.01,312.68,1,-1,-1,-1
358,18,1109.61,372.56,154.66,373.17,1,-1,-1,-1
358,19,1629.20,443.40,68.10,226.40,1,-1,-1,-1
359,8,1488.02,398.33,140.05,330.81,1,-1,-1,-1
359,10,1796.13,405.36,98.91,259.56,1,-1,-1,-1
359,11,1678.32,526.51,91.41,206.84,1,-1,-1,-1
359,15,1722.14,384.26,111.52,317.54,1,-1,-1,-1
359,17,1395.52,411.02,130.01,312.45,1,-1,-1,-1
359,18,1107.16,371.23,155.37,375.26,1,-1,-1,-1
359,19,1629.20,443.40,68.10,226.40,1,-1,-1,-1
360,8,1491.48,399.00,139.20,329.95,1,-1,-1,-1
360,10,1799.53,405.50,98.91,259.56,1,-1,-1,-1
360,11,1680.76,526.61,92.00,207.39,1,-1,-1,-1
360,15,1726.62,384.15,110.86,318.12,1,-1,-1,-1
360,17,1400.19,410.87,130.02,312.45,1,-1,-1,-1
360,18,1104.62,369.69,156.22,377.85,1,-1,-1,-1
360,19,1629.20,443.40,68.10,226.40,1,-1,-1,-1
361,8,1494.82,399.33,138.59,329.10,1,-1,-1,-1
361,10,1802.93,405.64,98.91,259.56,1,-1,-1,-1
361,11,1683.44,527.01,93.63,207.70,1,-1,-1,-1
361,15,1731.02,384.10,110.11,317.06,1,-1,-1,-1
361,17,1405.01,411.04,129.54,311.87,1,-1,-1,-1
361,18,1102.53,368.84,156.96,379.79,1,-1,-1,-1
361,19,1629.20,443.40,68.10,226.40,1,-1,-1,-1
362,8,1499.31,399.70,137.63,327.33,1,-1,-1,-1
362,10,1806.33,405.78,98.91,259.56,1,-1,-1,-1
362,11,1687.45,525.89,94.84,208.51,1,-1,-1,-1
362,15,1736.39,384.64,109.38,317.69,1,-1,-1,-1
362,17,1409.61,410.93,129.38,311.24,1,-1,-1,-1
362,18,1100.50,368.29,157.69,381.50,1,-1,-1,-1
362,19,1629.20,443.40,68.10,226.40,1,-1,-1,-1
363,8,1503.34,399.71,137.38,325.60,1,-1,-1,-1
363,10,1809.73,405.91,98.91,259.56,1,-1,-1,-1
363,11,1691.86,524.84,96.26,209.42,1,-1,-1,-1
363,15,1740.85,383.74,109.38,317.69,1,-1,-1,-1
363,17,1414.72,411.97,128.91,308.65,1,-1,-1,-1
363,18,1098.76,368.12,158.47,383.04,1,-1,-1,-1
363,19,1629.20,443.40,68.10,226.40,1,-1,-1,-1
364,8,1507.95,399.31,136.83,323.95,1,-1,-1,-1
364,10,1813.13,406.05,98.91,259.56,1,-1,-1,-1
364,11,1696.74,523.86,97.25,210.52,1,-1,-1,-1
364,15,1745.31,382.85,109.38,317.69,1,-1,-1,-1
364,17,1419.46,411.99,128.99,307.33,1,-1,-1,-1
364,18,1097.27,368.04,159.25,384.66,1,-1,-1,-1
364,19,1629.20,443.40,68.10,226.40,1,-1,-1,-1
365,8,1512.69,399.61,136.33,323.08,1,-1,-1,-1
365,10,1816.53,406.19,98.91,259.56,1,-1,-1,-1
365,11,1702.17,522.94,98.47,211.60,1,-1,-1,-1
365,15,1751.00,383.27,112.29,320.76,1,-1,-1,-1
365,17,1423.91,411.49,129.09,307.35,1,-1,-1,-1
365,18,1095.93,367.23,159.65,387.14,1,-1,-1,-1
365,19,1629.20,443.40,68.10,226.40,1,-1,-1,-1
366,8,1517.87,400.06,135.66,321.42,1,-1,-1,-1
366,10,1819.93,406.33,98.91,259.56,1,-1,-1,-1
366,11,1708.06,522.12,99.96,212.67,1,-1,-1,-1
366,15,1755.54,382.46,112.29,320.76,1,-1,-1,-1
366,17,1428.35,411.24,128.90,306.35,1,-1,-1,-1
366,18,1094.67,366.44,160.36,389.47,1,-1,-1,-1
366,19,1629.20,443.40,68.10,226.40,1,-1,-1,-1
367,8,1523.92,400.96,134.75,320.47,1,-1,-1,-1
367,10,1823.33,406.47,98.91,259.56,1,-1,-1,-1
367,11,1713.17,521.66,102.88,214.05,1,-1,-1,-1
367,15,1760.07,381.65,112.29,320.76,1,-1,-1,-1
367,17,1431.57,411.06,128.67,305.35,1,-1,-1,-1
367,18,1094.32,363.90,160.20,393.06,1,-1,-1,-1
367,19,1629.20,443.40,68.10,226.40,1,-1,-1,-1
368,8,1529.15,403.28,134.52,318.48,1,-1,-1,-1
368,10,1826.73,406.61,98.91,259.56,1,-1,-1,-1
368,11,1720.45,522.37,103.82,214.46,1,-1,-1,-1
368,15,1764.61,380.84,112.29,320.76,1,-1,-1,-1
368,17,1434.17,410.34,128.06,304.72,1,-1,-1,-1
368,18,1093.51,361.67,160.24,396.51,1,-1,-1,-1
368,19,1629.20,443.40,68.10,226.40,1,-1,-1,-1
369,8,1534.47,404.65,134.03,317.09,1,-1,-1,-1
369,10,1830.13,406.75,98.91,259.56,1,-1,-1,-1
369,11,1727.78,522.12,104.75,215.37,1,-1,-1,-1
369,15,1769.15,380.03,112.29,320.76,1,-1,-1,-1
369,17,1437.58,409.73,127.81,303.66,1,-1,-1,-1
369,18,1092.43,359.78,160.45,399.41,1,-1,-1,-1
369,19,1629.20,443.40,68.10,226.40,1,-1,-1,-1
370,8,1539.31,405.58,133.90,314.69,1,-1,-1,-1
370,10,1833.53,406.89,98.91,259.56,1,-1,-1,-1
370,11,1735.70,521.40,105.85,216.60,1,-1,-1,-1
370,15,1773.68,379.22,112.29,320.76,1,-1,-1,-1
370,17,1441.89,409.68,127.53,302.26,1,-1,-1,-1
370,18,1090.78,359.16,160.56,402.84,1,-1,-1,-1
370,19,1629.20,443.40,68.10,226.40,1,-1,-1,-1
371,8,1544.91,405.05,133.86,314.01,1,-1,-1,-1
371,10,1836.93,407.03,98.91,259.56,1,-1,-1,-1
371,11,1744.07,521.23,106.49,216.69,1,-1,-1,-1
371,15,1778.22,378.41,112.29,320.76,1,-1,-1,-1
371,17,1446.48,410.18,126.74,300.84,1,-1,-1,-1
371,18,1088.68,358.41,160.80,406.23,1,-1,-1,-1
371,19,1629.20,443.40,68.10,226.40,1,-1,-1,-1
372,8,1550.89,405.45,133.12,313.16,1,-1,-1,-1
372,10,1840.33,407.17,98.91,259.56,1,-1,-1,-1
372,11,1747.33,521.02,106.49,216.69,1,-1,-1,-1
372,15,1781.06,442.70,110.71,297.92,1,-1,-1,-1
372,17,1451.67,410.31,126.04,299.83,1,-1,-1,-1
372,18,1086.02,357.16,161.17,409.30,1,-1,-1,-1
372,19,1629.20,443.40,68.10,226.40,1,-1,-1,-1
373,8,1557.33,406.11,132.59,311.60,1,-1,-1,-1
373,10,1843.73,407.31,98.91,259.56,1,-1,-1,-1
373,11,1750.58,520.81,106.49,216.69,1,-1,-1,-1
373,15,1787.70,471.47,108.16,282.52,1,-1,-1,-1
373,17,1455.51,409.97,125.69,299.79,1,-1,-1,-1
373,18,1083.13,356.56,161.41,411.87,1,-1,-1,-1
373,19,1629.20,443.40,68.10,226.40,1,-1,-1,-1
374,8,1563.38,407.09,132.31,310.11,1,-1,-1,-1
374,10,1847.13,407.45,98.91,259.56,1,-1,-1,-1
374,11,1753.84,520.60,106.49,216.69,1,-1,-1,-1
374,15,1794.41,486.97,107.20,272.94,1,-1,-1,-1
374,17,1459.85,410.63,125.24,298.20,1,-1,-1,-1
374,18,1079.78,356.46,162.11,414.17,1,-1,-1,-1
374,19,1629.20,443.40,68.10,226.40,1,-1,-1,-1
375,8,1569.97,407.47,131.94,308.91,1,-1,-1,-1
375,10,1850.53,407.59,98.91,259.56,1,-1,-1,-1
375,11,1757.10,520.39,106.49,216.69,1,-1,-1,-1
375,15,1801.87,499.41,105.98,263.89,1,-1,-1,-1
375,17,1464.39,411.76,124.79,296.79,1,-1,-1,-1
375,18,1076.35,356.54,162.65,416.32,1,-1,-1,-1
375,19,1629.20,443.40,68.10,226.40,1,-1,-1,-1
376,8,1576.47,407.72,131.36,307.50,1,-1,-1,-1
376,10,1853.93,407.73,98.91,259.56,1,-1,-1,-1
376,11,1760.36,520.18,106.49,216.69,1,-1,-1,-1
376,15,1809.61,509.08,104.51,256.38,1,-1,-1,-1
376,17,1468.63,412.66,124.53,295.50,1,-1,-1,-1
376,18,1072.98,356.30,163.35,418.65,1,-1,-1,-1
376,19,1629.20,443.40,68.10,226.40,1,-1,-1,-1
377,8,1582.74,407.36,131.03,305.40,1,-1,-1,-1
377,10,1857.33,407.87,98.91,259.56,1,-1,-1,-1
377,11,1763.62,519.97,106.49,216.69,1,-1,-1,-1
377,15,1815.84,517.81,103.95,251.27,1,-1,-1,-1
377,17,1473.09,413.54,124.09,293.18,1,-1,-1,-1
377,18,1068.24,356.49,164.59,420.62,1,-1,-1,-1
378,8,1589.23,407.36,130.39,304.02,1,-1,-1,-1
378,10,1860.73,408.01,98.91,259.56,1,-1,-1,-1
378,11,1770.02,507.54,98.42,201.18,1,-1,-1,-1
378,15,1821.08,522.95,103.27,247.62,1,-1,-1,-1
378,17,1477.47,414.11,123.67,291.51,1,-1,-1,-1
378,18,1063.37,357.54,164.98,422.38,1,-1,-1,-1
379,8,1594.86,406.90,129.75,302.54,1,-1,-1,-1
379,10,1864.13,408.15,98.91,259.56,1,-1,-1,-1
379,11,1773.47,488.27,92.31,200.16,1,-1,-1,-1
379,15,1827.74,527.84,100.98,243.64,1,-1,-1,-1
379,17,1481.37,414.28,123.32,290.11,1,-1,-1,-1
379,18,1058.46,357.37,165.68,424.20,1,-1,-1,-1
380,8,1600.41,407.74,129.11,300.89,1,-1,-1,-1
380,10,1867.53,408.29,98.91,259.56,1,-1,-1,-1
380,11,1778.92,476.52,85.51,199.28,1,-1,-1,-1
380,15,1835.81,532.63,97.18,241.07,1,-1,-1,-1
380,17,1485.29,414.11,122.66,288.76,1,-1,-1,-1
380,18,1052.68,356.23,166.59,426.94,1,-1,-1,-1
381,8,1604.68,408.14,129.33,299.84,1,-1,-1,-1
381,10,1870.93,408.43,98.91,259.56,1,-1,-1,-1
381,11,1783.39,466.71,79.43,200.26,1,-1,-1,-1
381,15,1844.66,536.73,92.39,238.19,1,-1,-1,-1
381,17,1489.52,413.75,121.82,287.37,1,-1,-1,-1
381,18,1047.05,353.70,168.37,430.43,1,-1,-1,-1
382,8,1609.12,408.67,129.21,298.80,1,-1,-1,-1
382,10,1874.33,408.57,98.91,259.56,1,-1,-1,-1
382,11,1787.00,463.82,79.43,200.26,1,-1,-1,-1
382,15,1848.23,507.74,90.81,255.19,1,-1,-1,-1
382,17,1493.42,413.16,121.67,286.40,1,-1,-1,-1
382,18,1041.27,350.39,169.97,434.71,1,-1,-1,-1
383,8,1613.28,408.86,129.29,297.89,1,-1,-1,-1
383,10,1877.73,408.71,98.91,259.56,1,-1,-1,-1
383,11,1790.60,460.94,79.43,200.26,1,-1,-1,-1
383,15,1851.31,482.15,89.24,271.32,1,-1,-1,-1
383,17,1496.82,412.59,122.06,286.10,1,-1,-1,-1
383,18,1035.18,347.31,171.86,438.94,1,-1,-1,-1
384,8,1617.78,409.60,129.01,296.47,1,-1,-1,-1
384,10,1881.13,408.85,98.91,259.56,1,-1,-1,-1
384,11,1791.29,457.23,77.58,198.30,1,-1,-1,-1
384,15,1854.92,460.98,87.05,284.07,1,-1,-1,-1
384,17,1501.24,412.16,121.60,285.07,1,-1,-1,-1
384,18,1030.37,346.56,172.66,442.03,1,-1,-1,-1
385,8,1622.13,410.04,128.68,295.28,1,-1,-1,-1
385,10,1884.53,408.99,98.91,259.56,1,-1,-1,-1
385,11,1793.39,453.36,75.68,197.53,1,-1,-1,-1
385,15,1858.72,444.81,84.49,293.94,1,-1,-1,-1
385,17,1505.55,412.66,120.94,283.41,1,-1,-1,-1
385,18,1024.82,345.90,173.48,444.91,1,-1,-1,-1
386,8,1626.32,410.08,128.14,294.51,1,-1,-1,-1
386,10,1887.93,409.13,98.91,259.56,1,-1,-1,-1
386,11,1795.68,450.16,74.07,196.63,1,-1,-1,-1
386,15,1862.65,428.39,81.64,303.94,1,-1,-1,-1
386,17,1510.23,413.56,120.03,281.50,1,-1,-1,-1
386,18,1018.34,345.67,176.01,447.39,1,-1,-1,-1
387,8,1631.06,409.00,127.56,294.24,1,-1,-1,-1
387,10,1891.33,409.27,98.91,259.56,1,-1,-1,-1
387,11,1798.10,447.64,72.70,195.65,1,-1,-1,-1
387,15,1867.67,426.33,81.64,303.94,1,-1,-1,-1
387,17,1514.53,414.84,119.01,279.77,1,-1,-1,-1
387,18,1012.74,345.32,177.37,450.96,1,-1,-1,-1
388,8,1635.82,409.46,127.23,293.18,1,-1,-1,-1
388,10,1894.73,409.41,98.91,259.56,1,-1,-1,-1
388,11,1800.84,445.71,71.42,194.92,1,-1,-1,-1
388,15,1870.79,411.15,77.93,314.62,1,-1,-1,-1
388,17,1518.01,415.64,118.31,278.61,1,-1,-1,-1
388,18,1006.76,343.80,179.69,455.16,1,-1,-1,-1
388,20,1161.70,459.30,63.00,193.00,1,-1,-1,-1
389,8,1640.05,408.87,127.20,292.73,1,-1,-1,-1
389,11,1803.38,444.20,70.56,194.26,1,-1,-1,-1
389,15,1875.69,408.25,77.93,314.62,1,-1,-1,-1
389,17,1521.41,415.88,118.04,278.22,1,-1,-1,-1
389,18,1000.99,344.00,181.15,457.53,1,-1,-1,-1
389,20,1159.01,459.80,63.43,192.87,1,-1,-1,-1
390,8,1643.89,408.62,127.45,292.36,1,-1,-1,-1
390,11,1806.17,443.82,69.74,192.91,1,-1,-1,-1
390,15,1880.59,405.36,77.93,314.62,1,-1,-1,-1
390,17,1524.81,415.89,117.87,277.68,1,-1,-1,-1
390,18,993.31,343.80,184.34,460.74,1,-1,-1,-1
390,20,1162.21,460.62,63.76,192.28,1,-1,-1,-1
391,8,1647.55,410.09,127.16,290.70,1,-1,-1,-1
391,11,1808.83,443.68,68.99,191.50,1,-1,-1,-1
391,15,1885.49,402.46,77.93,314.62,1,-1,-1,-1
391,17,1528.24,416.04,117.46,276.88,1,-1,-1,-1
391,18,986.77,342.16,186.77,464.76,1,-1,-1,-1
391,20,1166.44,459.97,63.85,192.33,1,-1,-1,-1
392,8,1651.31,410.78,126.78,289.79,1,-1,-1,-1
392,11,1811.34,443.91,68.38,190.32,1,-1,-1,-1
392,15,1890.39,399.57,77.93,314.62,1,-1,-1,-1
392,17,1531.94,416.26,117.05,275.63,1,-1,-1,-1
392,18,978.34,339.84,190.41,468.24,1,-1,-1,-1
392,20,1170.55,456.27,63.97,193.50,1,-1,-1,-1
393,8,1654.61,411.78,126.28,288.57,1,-1,-1,-1
393,11,1813.58,443.84,67.73,189.77,1,-1,-1,-1
393,15,1895.28,396.67,77.93,314.62,1,-1,-1,-1
393,17,1535.88,416.66,116.61,273.98,1,-1,-1,-1
393,18,970.51,336.94,193.28,472.87,1,-1,-1,-1
393,20,1174.64,454.33,63.96,194.36,1,-1,-1,-1
394,8,1657.95,411.91,125.91,288.57,1,-1,-1,-1
394,11,1815.42,443.64,67.34,189.49,1,-1,-1,-1
394,15,1900.18,393.78,77.93,314.62,1,-1,-1,-1
394,17,1540.10,415.78,116.16,273.23,1,-1,-1,-1
394,18,962.84,334.16,195.93,476.63,1,-1,-1,-1
394,20,1179.32,454.15,63.78,194.55,1,-1,-1,-1
395,8,1661.70,412.32,125.43,287.21,1,-1,-1,-1
395,11,1817.23,443.98,66.88,188.79,1,-1,-1,-1
395,15,1905.08,390.88,77.93,314.62,1,-1,-1,-1
395,17,1544.36,415.37,115.67,272.87,1,-1,-1,-1
395,18,954.69,332.08,197.72,479.81,1,-1,-1,-1
395,20,1183.54,453.17,63.42,195.09,1,-1,-1,-1
396,8,1664.87,412.41,125.09,286.32,1,-1,-1,-1
396,11,1819.08,444.31,66.27,188.32,1,-1,-1,-1
396,15,1909.98,387.99,77.93,314.62,1,-1,-1,-1
396,17,1548.74,415.39,115.40,272.39,1,-1,-1,-1
396,18,947.62,330.25,198.89,482.40,1,-1,-1,-1
396,20,1187.99,454.32,63.09,195.06,1,-1,-1,-1
397,8,1668.35,413.21,124.70,284.84,1,-1,-1,-1
397,11,1821.80,444.72,65.20,188.00,1,-1,-1,-1
397,15,1914.88,385.09,77.93,314.62,1,-1,-1,-1
397,17,1553.08,415.94,115.18,271.29,1,-1,-1,-1
397,18,939.13,327.87,201.04,486.49,1,-1,-1,-1
397,20,1191.99,454.09,63.05,195.23,1,-1,-1,-1
398,8,1672.36,413.69,124.20,284.27,1,-1,-1,-1
398,11,1824.40,445.28,64.08,187.48,1,-1,-1,-1
398,15,1919.78,382.20,77.93,314.62,1,-1,-1,-1
398,17,1557.17,416.46,114.59,270.23,1,-1,-1,-1
398,18,930.26,324.52,203.26,491.72,1,-1,-1,-1
398,20,1195.87,454.09,63.21,195.04,1,-1,-1,-1
399,8,1676.81,413.32,123.78,283.99,1,-1,-1,-1
399,11,1826.37,446.04,63.44,187.02,1,-1,-1,-1
399,15,1924.67,379.30,77.93,314.62,1,-1,-1,-1
399,17,1560.70,417.00,114.39,269.38,1,-1,-1,-1
399,18,921.06,323.72,205.95,495.27,1,-1,-1,-1
399,20,1199.92,454.35,63.45,194.82,1,-1,-1,-1
400,8,1681.78,413.07,123.41,283.13,1,-1,-1,-1
400,11,1828.36,446.57,63.22,186.73,1,-1,-1,-1
400,15,1929.57,376.41,77.93,314.62,1,-1,-1,-1
400,17,1564.87,417.46,113.73,268.74,1,-1,-1,-1
400,18,912.13,322.75,207.95,499.38,1,-1,-1,-1
400,20,1203.72,453.88,63.59,195.04,1,-1,-1,-1
401,8,1686.64,413.05,123.38,282.16,1,-1,-1,-1
401,11,1830.55,447.43,62.65,185.97,1,-1,-1,-1
401,15,1934.47,373.51,77.93,314.62,1,-1,-1,-1
401,17,1568.63,417.73,113.51,268.25,1,-1,-1,-1
401,18,903.58,322.27,209.87,503.50,1,-1,-1,-1
401,20,1207.49,453.86,63.74,195.08,1,-1,-1,-1
402,8,1690.97,413.00,123.28,281.19,1,-1,-1,-1
402,11,1832.37,448.25,62.35,185.63,1,-1,-1,-1
402,15,1939.37,370.62,77.93,314.62,1,-1,-1,-1
402,17,1572.88,418.60,112.70,266.18,1,-1,-1,-1
402,18,894.35,320.88,212.64,507.67,1,-1,-1,-1
402,20,1211.74,453.50,63.62,195.13,1,-1,-1,-1
403,8,1694.55,412.82,123.11,280.42,1,-1,-1,-1
403,11,1833.78,449.40,62.19,184.93,1,-1,-1,-1
403,15,1944.27,367.72,77.93,314.62,1,-1,-1,-1
403,17,1576.83,418.91,112.02,264.50,1,-1,-1,-1
403,18,886.19,317.94,214.12,512.27,1,-1,-1,-1
403,20,1215.70,452.99,63.69,195.29,1,-1,-1,-1
404,8,1697.21,413.38,123.29,278.82,1,-1,-1,-1
404,11,1834.96,449.66,62.24,184.89,1,-1,-1,-1
404,15,1949.17,364.83,77.93,314.62,1,-1,-1,-1
404,17,1580.37,418.89,111.26,263.19,1,-1,-1,-1
404,18,877.48,316.34,215.98,516.39,1,-1,-1,-1
404,20,1219.70,452.49,63.56,195.62,1,-1,-1,-1
405,8,1700.29,413.04,122.86,277.99,1,-1,-1,-1
405,11,1836.81,449.50,62.30,184.45,1,-1,-1,-1
405,15,1954.06,361.93,77.93,314.62,1,-1,-1,-1
405,17,1584.15,418.46,110.48,262.44,1,-1,-1,-1
405,18,868.07,313.70,218.52,519.96,1,-1,-1,-1
405,20,1223.85,452.28,63.26,195.51,1,-1,-1,-1
406,8,1702.75,413.49,122.90,276.76,1,-1,-1,-1
406,11,1839.19,449.99,61.89,183.47,1,-1,-1,-1
406,15,1958.96,359.04,77.93,314.62,1,-1,-1,-1
406,17,1588.18,418.43,110.22,261.77,1,-1,-1,-1
406,18,860.20,309.60,218.98,524.26,1,-1,-1,-1
406,20,1227.84,452.14,62.95,195.34,1,-1,-1,-1
407,8,1705.35,413.80,122.71,276.22,1,-1,-1,-1
407,11,1841.34,450.44,61.72,182.58,1,-1,-1,-1
407,15,1963.86,356.14,77.93,314.62,1,-1,-1,-1
407,17,1592.06,418.06,110.39,261.31,1,-1,-1,-1
407,18,852.19,306.87,219.26,527.65,1,-1,-1,-1
407,20,1232.33,452.08,62.84,195.21,1,-1,-1,-1
408,8,1708.46,414.45,121.63,274.96,1,-1,-1,-1
408,11,1843.52,450.84,61.39,181.89,1,-1,-1,-1
408,15,1968.76,353.25,77.93,314.62,1,-1,-1,-1
408,17,1596.06,418.03,110.37,260.75,1,-1,-1,-1
408,18,842.39,305.77,220.49,532.51,1,-1,-1,-1
408,20,1236.24,451.88,62.86,195.45,1,-1,-1,-1
409,8,1711.07,414.81,121.45,274.06,1,-1,-1,-1
409,11,1845.62,449.71,61.10,182.59,1,-1,-1,-1
409,15,1973.66,350.35,77.93,314.62,1,-1,-1,-1
409,17,1600.44,418.94,110.06,259.32,1,-1,-1,-1
409,18,834.11,303.50,221.92,537.21,1,-1,-1,-1
409,20,1239.68,451.68,62.93,195.56,1,-1,-1,-1
410,8,1713.93,414.22,121.44,273.30,1,-1,-1,-1
410,11,1847.31,447.08,60.81,184.77,1,-1,-1,-1
410,15,1978.56,347.46,77.93,314.62,1,-1,-1,-1
410,17,1605.42,419.97,109.20,258.06,1,-1,-1,-1
410,18,823.43,303.22,224.48,541.00,1,-1,-1,-1
410,20,1243.38,451.72,63.16,195.80,1,-1,-1,-1
411,8,1716.09,413.90,121.90,272.39,1,-1,-1,-1
411,11,1849.62,446.39,60.81,184.77,1,-1,-1,-1
411,15,1983.45,344.56,77.93,314.62,1,-1,-1,-1
411,17,1609.64,420.76,108.37,256.72,1,-1,-1,-1
411,18,813.74,302.67,226.07,545.42,1,-1,-1,-1
411,20,1247.40,452.09,63.02,195.80,1,-1,-1,-1
412,8,1719.04,413.38,121.41,271.63,1,-1,-1,-1
412,11,1851.93,445.71,60.81,184.77,1,-1,-1,-1
412,15,1988.35,341.67,77.93,314.62,1,-1,-1,-1
412,17,1614.21,421.52,107.65,255.37,1,-1,-1,-1
412,18,802.34,302.23,228.38,548.38,1,-1,-1,-1
412,20,1250.96,452.03,63.32,196.21,1,-1,-1,-1
413,8,1722.19,412.94,121.12,271.57,1,-1,-1,-1
413,11,1854.24,445.03,60.81,184.77,1,-1,-1,-1
413,15,1993.25,338.77,77.93,314.62,1,-1,-1,-1
413,17,1618.75,421.40,106.98,255.14,1,-1,-1,-1
413,18,791.91,298.92,229.82,554.55,1,-1,-1,-1
413,20,1254.77,452.04,63.25,196.54,1,-1,-1,-1
414,8,1725.09,412.78,120.83,271.28,1,-1,-1,-1
414,11,1856.55,444.34,60.81,184.77,1,-1,-1,-1
414,15,1998.15,335.88,77.93,314.62,1,-1,-1,-1
414,17,1623.22,420.89,106.31,255.15,1,-1,-1,-1
414,18,782.02,295.38,230.61,559.71,1,-1,-1,-1
414,20,1258.73,452.53,63.04,196.30,1,-1,-1,-1
415,8,1727.88,413.18,121.05,270.67,1,-1,-1,-1
415,11,1858.86,443.66,60.81,184.77,1,-1,-1,-1
415,15,2003.05,332.98,77.93,314.62,1,-1,-1,-1
415,17,1627.36,420.44,105.69,254.73,1,-1,-1,-1
415,18,772.54,292.46,230.76,566.02,1,-1,-1,-1
415,20,1262.63,452.58,63.11,196.18,1,-1,-1,-1
416,8,1731.21,414.89,120.15,268.44,1,-1,-1,-1
416,11,1861.17,442.97,60.81,184.77,1,-1,-1,-1
416,15,2007.95,330.09,77.93,314.62,1,-1,-1,-1
416,17,1631.87,420.45,105.15,254.07,1,-1,-1,-1
416,18,762.43,290.57,232.64,570.33,1,-1,-1,-1
416,20,1266.13,452.82,63.37,195.96,1,-1,-1,-1
417,8,1733.94,415.97,119.97,267.21,1,-1,-1,-1
417,11,1863.49,442.29,60.81,184.77,1,-1,-1,-1
417,15,2012.84,327.19,77.93,314.62,1,-1,-1,-1
417,17,1636.15,420.22,104.79,253.65,1,-1,-1,-1
417,18,751.38,287.10,235.34,576.82,1,-1,-1,-1
417,20,1269.65,453.25,63.51,195.82,1,-1,-1,-1
418,8,1737.16,417.19,119.43,265.66,1,-1,-1,-1
418,11,1865.80,441.61,60.81,184.77,1,-1,-1,-1
418,15,2017.74,324.30,77.93,314.62,1,-1,-1,-1
418,17,1639.68,419.22,104.36,254.17,1,-1,-1,-1
418,18,740.20,283.30,237.14,583.19,1,-1,-1,-1
418,20,1273.62,453.52,63.45,195.80,1,-1,-1,-1
419,8,1739.97,417.89,119.64,264.58,1,-1,-1,-1
419,11,1868.11,440.92,60.81,184.77,1,-1,-1,-1
419,15,2022.64,321.40,77.93,314.62,1,-1,-1,-1
419,17,1643.73,419.27,103.81,253.52,1,-1,-1,-1
419,18,730.29,280.55,238.82,587.90,1,-1,-1,-1
419,20,1277.88,453.40,63.32,195.86,1,-1,-1,-1
420,8,1743.73,418.64,119.05,263.67,1,-1,-1,-1
420,11,1870.42,440.24,60.81,184.77,1,-1,-1,-1
420,15,2027.54,318.51,77.93,314.62,1,-1,-1,-1
420,17,1647.93,419.89,103.69,252.21,1,-1,-1,-1
420,18,718.94,279.75,241.36,591.31,1,-1,-1,-1
420,20,1282.01,453.03,63.47,196.15,1,-1,-1,-1
421,8,1747.55,419.09,118.48,263.07,1,-1,-1,-1
421,11,1872.73,439.55,60.81,184.77,1,-1,-1,-1
421,15,2032.44,315.61,77.93,314.62,1,-1,-1,-1
421,17,1652.28,420.72,103.36,251.05,1,-1,-1,-1
421,18,709.36,277.03,242.63,596.21,1,-1,-1,-1
421,20,1285.79,452.41,63.59,196.83,1,-1,-1,-1
422,8,1750.97,419.07,118.81,261.44,1,-1,-1,-1
422,11,1875.04,438.87,60.81,184.77,1,-1,-1,-1
422,15,2037.34,312.72,77.93,314.62,1,-1,-1,-1
422,17,1656.34,421.52,103.12,249.88,1,-1,-1,-1
422,18,697.10,273.60,245.02,603.51,1,-1,-1,-1
422,20,1290.05,451.89,63.40,197.34,1,-1,-1,-1
423,8,1754.51,419.44,118.64,259.79,1,-1,-1,-1
423,11,1877.35,438.19,60.81,184.77,1,-1,-1,-1
423,17,1660.01,421.17,102.49,250.04,1,-1,-1,-1
423,18,684.72,269.87,247.27,611.51,1,-1,-1,-1
423,20,1294.18,451.51,63.28,197.90,1,-1,-1,-1
424,8,1758.08,418.90,118.05,258.58,1,-1,-1,-1
424,11,1879.67,437.50,60.81,184.77,1,-1,-1,-1
424,17,1664.10,421.58,101.72,249.95,1,-1,-1,-1
424,18,672.46,271.12,250.01,616.37,1,-1,-1,-1
424,20,1298.16,451.53,63.11,198.24,1,-1,-1,-1
425,8,1761.73,418.75,117.95,257.66,1,-1,-1,-1
425,11,1881.98,436.82,60.81,184.77,1,-1,-1,-1
425,17,1668.93,423.22,100.85,248.31,1,-1,-1,-1
425,18,660.34,270.64,252.03,622.22,1,-1,-1,-1
425,20,1302.34,452.07,62.98,197.76,1,-1,-1,-1
426,8,1764.77,419.09,118.00,255.63,1,-1,-1,-1
426,11,1884.29,436.13,60.81,184.77,1,-1,-1,-1
426,17,1673.02,423.36,100.48,247.72,1,-1,-1,-1
426,18,647.85,269.99,255.36,626.85,1,-1,-1,-1
426,20,1305.83,451.94,63.30,197.52,1,-1,-1,-1
427,8,1768.12,419.16,118.05,254.63,1,-1,-1,-1
427,11,1886.60,435.45,60.81,184.77,1,-1,-1,-1
427,17,1676.88,423.80,100.00,246.67,1,-1,-1,-1
427,18,635.91,268.01,258.06,631.43,1,-1,-1,-1
427,20,1310.33,452.16,63.02,197.20,1,-1,-1,-1
427,21,1155.80,483.20,52.90,169.20,1,-1,-1,-1
428,8,1771.95,419.37,117.41,253.76,1,-1,-1,-1
428,11,1888.91,434.77,60.81,184.77,1,-1,-1,-1
428,17,1680.92,423.79,99.72,245.85,1,-1,-1,-1
428,18,622.40,265.33,260.28,638.18,1,-1,-1,-1
428,20,1314.36,452.23,63.11,196.99,1,-1,-1,-1
428,21,1152.42,474.54,55.05,169.99,1,-1,-1,-1
429,8,1776.03,420.14,116.86,253.00,1,-1,-1,-1
429,11,1891.22,434.08,60.81,184.77,1,-1,-1,-1
429,17,1684.95,423.05,99.48,245.74,1,-1,-1,-1
429,18,609.64,262.44,263.18,644.89,1,-1,-1,-1
429,20,1318.12,452.18,63.23,196.90,1,-1,-1,-1
429,21,1155.55,473.01,56.26,169.78,1,-1,-1,-1
430,8,1779.34,420.74,116.65,252.22,1,-1,-1,-1
430,11,1893.53,433.40,60.81,184.77,1,-1,-1,-1
430,17,1688.62,423.73,99.52,244.33,1,-1,-1,-1
430,18,597.22,257.85,263.81,652.44,1,-1,-1,-1
430,20,1321.98,451.80,63.57,196.71,1,-1,-1,-1
430,21,1159.76,471.34,57.43,169.67,1,-1,-1,-1
431,8,1782.55,421.18,116.88,251.39,1,-1,-1,-1
431,11,1895.85,432.71,60.81,184.77,1,-1,-1,-1
431,17,1692.56,424.03,99.03,242.72,1,-1,-1,-1
431,18,583.16,253.00,265.67,660.41,1,-1,-1,-1
431,20,1326.01,451.58,63.85,196.67,1,-1,-1,-1
431,21,1164.26,471.28,58.57,169.27,1,-1,-1,-1
432,8,1786.66,422.29,116.31,250.07,1,-1,-1,-1
432,11,1898.16,432.03,60.81,184.77,1,-1,-1,-1
432,17,1697.51,424.19,98.50,242.04,1,-1,-1,-1
432,18,569.23,248.20,268.01,667.26,1,-1,-1,-1
432,20,1329.79,451.34,64.10,197.01,1,-1,-1,-1
432,21,1168.65,470.86,59.57,168.86,1,-1,-1,-1
433,8,1790.02,422.68,116.45,249.03,1,-1,-1,-1
433,11,1900.47,431.35,60.81,184.77,1,-1,-1,-1
433,17,1701.78,424.69,98.78,241.01,1,-1,-1,-1
433,18,556.37,243.33,267.97,675.20,1,-1,-1,-1
433,20,1333.51,450.65,64.58,197.40,1,-1,-1,-1
433,21,1171.61,470.61,60.81,169.03,1,-1,-1,-1
434,8,1793.16,422.85,116.42,248.28,1,-1,-1,-1
434,11,1902.78,430.66,60.81,184.77,1,-1,-1,-1
434,17,1705.97,425.03,98.49,240.01,1,-1,-1,-1
434,18,543.74,238.41,268.42,683.82,1,-1,-1,-1
434,20,1337.18,450.24,64.41,197.37,1,-1,-1,-1
434,21,1175.17,470.62,61.81,169.05,1,-1,-1,-1
435,8,1797.52,420.88,115.31,249.40,1,-1,-1,-1
435,11,1905.09,429.98,60.81,184.77,1,-1,-1,-1
435,17,1711.07,425.11,97.49,239.20,1,-1,-1,-1
435,18,529.28,236.30,269.46,689.51,1,-1,-1,-1
435,20,1341.17,450.04,64.28,197.27,1,-1,-1,-1
435,21,1180.08,470.41,62.15,168.91,1,-1,-1,-1
436,8,1802.37,419.98,114.00,249.98,1,-1,-1,-1
436,11,1907.40,429.29,60.81,184.77,1,-1,-1,-1
436,17,1715.61,424.67,96.86,238.86,1,-1,-1,-1
436,18,514.65,238.36,272.19,693.54,1,-1,-1,-1
436,20,1345.17,449.70,64.12,196.71,1,-1,-1,-1
436,21,1184.65,469.38,62.42,168.85,1,-1,-1,-1
437,8,1806.88,419.52,112.53,249.72,1,-1,-1,-1
437,11,1909.71,428.61,60.81,184.77,1,-1,-1,-1
437,17,1719.68,424.24,95.85,237.88,1,-1,-1,-1
437,18,500.39,237.54,271.86,699.46,1,-1,-1,-1
437,20,1349.10,449.47,64.00,196.60,1,-1,-1,-1
437,21,1188.63,467.72,63.29,169.47,1,-1,-1,-1
438,8,1810.06,418.63,112.56,249.74,1,-1,-1,-1
438,11,1912.03,427.93,60.81,184.77,1,-1,-1,-1
438,17,1724.80,423.73,94.91,237.77,1,-1,-1,-1
438,18,485.30,236.59,272.38,704.92,1,-1,-1,-1
438,20,1353.18,449.53,64.24,196.69,1,-1,-1,-1
438,21,1192.50,466.53,63.93,170.96,1,-1,-1,-1
439,8,1812.25,418.81,112.05,248.92,1,-1,-1,-1
439,11,1914.34,427.24,60.81,184.77,1,-1,-1,-1
439,17,1729.18,423.04,94.09,237.78,1,-1,-1,-1
439,18,469.14,235.02,274.40,711.00,1,-1,-1,-1
439,20,1357.04,449.88,64.36,196.52,1,-1,-1,-1
439,21,1197.10,466.18,63.91,171.63,1,-1,-1,-1
440,8,1819.04,416.14,108.98,251.01,1,-1,-1,-1
440,11,1916.65,426.56,60.81,184.77,1,-1,-1,-1
440,17,1733.44,423.03,93.87,237.41,1,-1,-1,-1
440,18,453.83,230.95,277.69,720.60,1,-1,-1,-1
440,20,1360.96,449.97,63.99,196.85,1,-1,-1,-1
440,21,1202.01,465.65,64.13,172.81,1,-1,-1,-1
440,22,1.00,286.00,158.60,626.30,1,-1,-1,-1
441,8,1828.78,409.29,103.55,257.52,1,-1,-1,-1
441,11,1918.96,425.87,60.81,184.77,1,-1,-1,-1
441,17,1737.05,423.38,93.86,236.71,1,-1,-1,-1
441,18,437.05,229.26,279.87,729.39,1,-1,-1,-1
441,20,1364.66,450.47,64.23,196.74,1,-1,-1,-1
441,21,1206.82,465.29,64.22,173.65,1,-1,-1,-1
441,22,1.00,265.00,164.26,635.91,1,-1,-1,-1
442,8,1836.15,404.22,99.35,262.38,1,-1,-1,-1
442,11,1921.27,425.19,60.81,184.77,1,-1,-1,-1
442,17,1740.28,423.49,94.00,236.08,1,-1,-1,-1
442,18,420.24,227.14,283.00,737.17,1,-1,-1,-1
442,20,1367.76,450.51,64.58,196.80,1,-1,-1,-1
442,21,1211.20,465.56,64.10,173.66,1,-1,-1,-1
442,22,1.00,269.22,172.56,639.97,1,-1,-1,-1
443,8,1841.77,400.46,96.01,266.14,1,-1,-1,-1
443,11,1923.58,424.50,60.81,184.77,1,-1,-1,-1
443,17,1744.35,423.81,94.37,235.21,1,-1,-1,-1
443,18,405.23,219.54,284.08,746.19,1,-1,-1,-1
443,20,1371.43,450.57,64.74,196.77,1,-1,-1,-1
443,21,1214.65,466.34,64.52,173.22,1,-1,-1,-1
443,22,1.00,264.06,182.73,646.38,1,-1,-1,-1
444,8,1845.52,397.23,93.66,269.14,1,-1,-1,-1
444,11,1925.89,423.82,60.81,184.77,1,-1,-1,-1
444,17,1748.42,424.26,94.25,234.46,1,-1,-1,-1
444,18,390.55,218.86,284.33,752.62,1,-1,-1,-1
444,20,1375.33,450.58,64.48,196.20,1,-1,-1,-1
444,21,1218.82,466.26,64.75,173.71,1,-1,-1,-1
444,22,1.39,272.25,193.18,648.90,1,-1,-1,-1
445,8,1846.25,393.49,93.13,272.06,1,-1,-1,-1
445,11,1928.21,423.14,60.81,184.77,1,-1,-1,-1
445,17,1752.98,424.56,93.15,234.49,1,-1,-1,-1
445,18,371.57,218.19,287.95,758.37,1,-1,-1,-1
445,20,1379.83,451.42,64.18,195.38,1,-1,-1,-1
445,21,1223.48,467.02,64.49,173.29,1,-1,-1,-1
445,22,1.26,273.57,205.19,652.05,1,-1,-1,-1
445,23,1713.60,433.90,66.30,190.50,1,-1,-1,-1
446,8,1845.13,391.19,93.68,274.98,1,-1,-1,-1
446,11,1930.52,422.45,60.81,184.77,1,-1,-1,-1
446,17,1757.20,425.38,92.83,234.07,1,-1,-1,-1
446,18,350.04,215.98,293.24,765.28,1,-1,-1,-1
446,20,1383.94,451.99,63.93,195.08,1,-1,-1,-1
446,21,1227.62,467.00,64.44,173.38,1,-1,-1,-1
446,22,1.18,277.14,215.53,653.62,1,-1,-1,-1
446,23,1718.58,423.15,64.79,193.39,1,-1,-1,-1
447,8,1841.10,389.61,96.07,277.19,1,-1,-1,-1
447,11,1932.83,421.77,60.81,184.77,1,-1,-1,-1
447,17,1758.79,426.76,93.42,232.98,1,-1,-1,-1
447,18,327.50,211.21,300.83,772.81,1,-1,-1,-1
447,20,1387.70,451.72,63.85,195.35,1,-1,-1,-1
447,21,1231.26,468.39,63.59,171.03,1,-1,-1,-1
447,22,2.22,278.30,226.36,654.40,1,-1,-1,-1
447,23,1723.54,412.42,64.79,193.39,1,-1,-1,-1
448,8,1831.99,388.32,101.79,278.41,1,-1,-1,-1
448,11,1935.14,421.08,60.81,184.77,1,-1,-1,-1
448,17,1762.82,427.02,93.42,232.98,1,-1,-1,-1
448,18,302.69,208.58,311.72,781.10,1,-1,-1,-1
448,20,1391.51,451.95,63.77,195.16,1,-1,-1,-1
448,21,1237.70,469.33,61.83,170.20,1,-1,-1,-1
448,22,1.91,276.58,233.93,655.91,1,-1,-1,-1
448,23,1720.87,413.23,67.14,200.21,1,-1,-1,-1
449,8,1822.98,387.75,107.47,278.67,1,-1,-1,-1
449,11,1937.45,420.40,60.81,184.77,1,-1,-1,-1
449,17,1766.85,427.27,93.42,232.98,1,-1,-1,-1
449,18,276.56,207.77,322.64,787.80,1,-1,-1,-1
449,20,1395.37,452.08,63.94,195.16,1,-1,-1,-1
449,21,1241.81,468.97,61.83,170.20,1,-1,-1,-1
449,22,1.69,281.73,240.19,652.79,1,-1,-1,-1
449,23,1721.31,409.77,70.17,206.29,1,-1,-1,-1
450,8,1813.83,389.28,113.22,278.92,1,-1,-1,-1
450,17,1770.87,427.52,93.42,232.98,1,-1,-1,-1
450,18,252.58,204.30,328.28,796.12,1,-1,-1,-1
450,20,1399.64,452.07,63.67,194.99,1,-1,-1,-1
450,21,1245.93,468.62,61.83,170.20,1,-1,-1,-1
450,22,1.71,284.66,246.14,655.13,1,-1,-1,-1
450,23,1722.86,412.29,71.32,208.09,1,-1,-1,-1
451,8,1805.41,388.60,116.87,280.17,1,-1,-1,-1
451,17,1774.90,427.77,93.42,232.98,1,-1,-1,-1
451,18,231.85,198.05,333.37,805.34,1,-1,-1,-1
451,20,1403.63,451.75,63.68,195.02,1,-1,-1,-1
451,21,1250.05,468.26,61.83,170.20,1,-1,-1,-1
451,22,2.55,280.23,250.90,656.28,1,-1,-1,-1
451,23,1726.38,418.56,70.70,205.84,1,-1,-1,-1
452,8,1797.54,389.15,119.52,281.72,1,-1,-1,-1
452,17,1778.93,428.02,93.42,232.98,1,-1,-1,-1
452,18,211.08,194.46,337.39,812.33,1,-1,-1,-1
452,20,1407.64,451.43,63.57,195.15,1,-1,-1,-1
452,21,1254.17,467.91,61.83,170.20,1,-1,-1,-1
452,22,10.37,278.92,252.19,660.29,1,-1,-1,-1
452,23,1729.19,424.87,69.87,202.89,1,-1,-1,-1
453,8,1789.72,389.18,121.49,282.49,1,-1,-1,-1
453,17,1782.95,428.27,93.42,232.98,1,-1,-1,-1
453,18,189.45,189.50,342.39,821.12,1,-1,-1,-1
453,20,1412.02,450.96,63.60,194.88,1,-1,-1,-1
453,21,1258.29,467.56,61.83,170.20,1,-1,-1,-1
453,22,24.48,274.57,247.33,660.71,1,-1,-1,-1
453,23,1731.39,424.14,69.87,202.89,1,-1,-1,-1
454,8,1789.14,388.22,121.49,282.49,1,-1,-1,-1
454,17,1772.72,412.33,101.15,246.11,1,-1,-1,-1
454,18,172.15,185.18,342.93,829.83,1,-1,-1,-1
454,20,1415.93,450.86,63.64,195.05,1,-1,-1,-1
454,21,1262.41,467.20,61.83,170.20,1,-1,-1,-1
454,22,26.70,273.96,247.33,660.71,1,-1,-1,-1
454,23,1733.60,423.41,69.87,202.89,1,-1,-1,-1
455,8,1797.52,387.18,117.42,282.01,1,-1,-1,-1
455,17,1765.67,403.61,105.27,255.44,1,-1,-1,-1
455,18,152.72,181.08,344.31,839.65,1,-1,-1,-1
455,20,1419.86,450.36,63.95,195.96,1,-1,-1,-1
455,21,1266.53,466.85,61.83,170.20,1,-1,-1,-1
455,22,28.93,273.36,247.33,660.71,1,-1,-1,-1
455,23,1735.80,422.68,69.87,202.89,1,-1,-1,-1
456,8,1799.85,387.33,116.77,282.41,1,-1,-1,-1
456,17,1758.72,399.96,106.94,260.82,1,-1,-1,-1
456,18,131.93,177.57,346.27,848.29,1,-1,-1,-1
456,20,1423.59,450.33,64.06,195.76,1,-1,-1,-1
456,21,1238.31,428.49,80.22,211.21,1,-1,-1,-1
456,22,31.15,272.75,247.33,660.71,1,-1,-1,-1
456,23,1738.01,421.95,69.87,202.89,1,-1,-1,-1
457,8,1801.44,387.52,116.41,282.77,1,-1,-1,-1
457,17,1752.03,397.01,108.13,264.33,1,-1,-1,-1
457,18,106.92,171.21,350.11,858.13,1,-1,-1,-1
457,20,1427.52,449.87,64.16,195.72,1,-1,-1,-1
457,21,1232.90,409.19,90.32,240.60,1,-1,-1,-1
457,22,33.37,272.14,247.33,660.71,1,-1,-1,-1
457,23,1740.22,421.22,69.87,202.89,1,-1,-1,-1
458,8,1800.01,387.30,117.29,283.78,1,-1,-1,-1
458,17,1753.65,395.66,108.13,264.33,1,-1,-1,-1
458,18,79.62,166.46,353.27,866.34,1,-1,-1,-1
458,20,1431.38,449.64,64.18,195.61,1,-1,-1,-1
458,21,1233.09,397.72,96.75,261.62,1,-1,-1,-1
458,22,35.59,271.54,247.33,660.71,1,-1,-1,-1
458,23,1726.11,403.94,77.65,220.05,1,-1,-1,-1
459,8,1797.48,388.05,116.11,283.66,1,-1,-1,-1
459,17,1755.27,394.32,108.13,264.33,1,-1,-1,-1
459,18,52.54,161.82,357.52,873.96,1,-1,-1,-1
459,20,1435.34,448.90,64.70,196.36,1,-1,-1,-1
459,21,1233.89,389.19,101.68,279.06,1,-1,-1,-1
459,22,37.81,270.93,247.33,660.71,1,-1,-1,-1
459,23,1718.34,398.83,83.85,232.46,1,-1,-1,-1
460,8,1794.65,388.93,113.77,283.65,1,-1,-1,-1
460,17,1756.88,392.97,108.13,264.33,1,-1,-1,-1
460,18,28.77,157.52,359.97,880.93,1,-1,-1,-1
460,20,1439.16,448.56,64.80,196.00,1,-1,-1,-1
460,21,1236.35,382.44,106.35,290.78,1,-1,-1,-1
460,22,40.03,270.32,247.33,660.71,1,-1,-1,-1
460,23,1709.04,394.13,89.76,243.29,1,-1,-1,-1
461,8,1794.43,388.33,113.77,283.65,1,-1,-1,-1
461,17,1760.52,393.13,108.34,266.19,1,-1,-1,-1
461,18,8.30,154.18,360.06,886.87,1,-1,-1,-1
461,20,1442.75,448.15,65.08,196.55,1,-1,-1,-1
461,21,1240.26,376.97,110.09,301.37,1,-1,-1,-1
461,22,42.25,269.72,247.33,660.71,1,-1,-1,-1
461,23,1698.79,393.56,97.62,248.76,1,-1,-1,-1
462,8,1794.22,387.74,113.77,283.65,1,-1,-1,-1
462,17,1763.27,395.28,108.63,264.83,1,-1,-1,-1
462,18,-8.90,148.36,358.50,894.13,1,-1,-1,-1
462,20,1446.44,448.06,65.33,196.98,1,-1,-1,-1
462,21,1245.92,374.29,112.78,309.61,1,-1,-1,-1
462,22,44.47,269.11,247.33,660.71,1,-1,-1,-1
462,23,1689.93,394.58,104.58,253.78,1,-1,-1,-1
463,8,1794.00,387.15,113.77,283.65,1,-1,-1,-1
463,17,1765.06,394.21,108.63,264.83,1,-1,-1,-1
463,18,-22.57,146.52,354.32,898.46,1,-1,-1,-1
463,20,1450.44,448.66,65.28,196.82,1,-1,-1,-1
463,21,1252.29,373.57,113.93,313.88,1,-1,-1,-1
463,22,46.70,268.51,247.33,660.71,1,-1,-1,-1
463,23,1679.81,395.90,111.77,257.28,1,-1,-1,-1
464,8,1797.20,398.05,108.78,274.24,1,-1,-1,-1
464,17,1766.85,393.14,108.63,264.83,1,-1,-1,-1
464,18,-33.25,142.25,347.19,904.16,1,-1,-1,-1
464,20,1454.70,448.91,65.48,197.14,1,-1,-1,-1
464,21,1257.99,370.85,116.06,318.80,1,-1,-1,-1
464,22,137.33,285.53,260.06,646.72,1,-1,-1,-1
464,23,1670.22,395.96,116.90,260.59,1,-1,-1,-1
465,8,1799.94,405.43,103.96,266.69,1,-1,-1,-1
465,17,1768.64,392.07,108.63,264.83,1,-1,-1,-1
465,18,-40.21,141.50,333.04,907.29,1,-1,-1,-1
465,20,1459.60,450.05,65.27,196.47,1,-1,-1,-1
465,21,1266.22,371.62,116.82,321.54,1,-1,-1,-1
465,22,171.30,294.60,262.86,632.26,1,-1,-1,-1
465,23,1662.34,395.87,121.20,262.68,1,-1,-1,-1
466,8,1802.24,410.59,100.39,260.55,1,-1,-1,-1
466,17,1770.42,391.00,108.63,264.83,1,-1,-1,-1
466,18,-46.36,132.80,320.33,915.51,1,-1,-1,-1
466,20,1464.26,451.92,64.86,195.20,1,-1,-1,-1
466,21,1273.68,373.18,118.09,322.81,1,-1,-1,-1
466,22,192.77,295.51,262.88,627.49,1,-1,-1,-1
466,23,1655.11,397.08,123.87,264.81,1,-1,-1,-1
467,8,1803.80,414.19,97.84,255.97,1,-1,-1,-1
467,17,1772.21,389.92,108.63,264.83,1,-1,-1,-1
467,18,-47.72,134.85,306.48,916.43,1,-1,-1,-1
467,20,1467.83,453.46,65.00,194.09,1,-1,-1,-1
467,21,1280.27,373.43,119.18,324.35,1,-1,-1,-1
467,22,210.47,298.59,262.94,623.51,1,-1,-1,-1
467,23,1648.35,397.73,124.83,266.19,1,-1,-1,-1
468,8,1806.11,416.92,94.80,252.51,1,-1,-1,-1
468,17,1744.21,391.22,114.92,269.01,1,-1,-1,-1
468,18,-50.19,110.21,289.78,935.00,1,-1,-1,-1
468,20,1471.92,453.75,65.17,194.34,1,-1,-1,-1
468,21,1287.02,373.26,120.46,325.93,1,-1,-1,-1
468,22,231.01,299.88,257.81,620.45,1,-1,-1,-1
468,23,1642.44,398.25,123.76,266.11,1,-1,-1,-1
469,8,1807.54,419.76,92.81,248.02,1,-1,-1,-1
469,17,1723.92,392.87,124.18,271.44,1,-1,-1,-1
469,18,-65.37,105.46,289.78,935.00,1,-1,-1,-1
469,20,1475.54,453.54,66.14,194.85,1,-1,-1,-1
469,21,1293.86,372.78,120.86,327.78,1,-1,-1,-1
469,22,249.02,301.27,253.28,615.86,1,-1,-1,-1
469,23,1636.98,398.32,121.19,266.98,1,-1,-1,-1
470,8,1809.77,422.49,90.23,243.70,1,-1,-1,-1
470,17,1711.54,393.16,130.48,273.63,1,-1,-1,-1
470,18,-80.55,100.71,289.78,935.00,1,-1,-1,-1
470,20,1479.16,452.75,68.43,195.95,1,-1,-1,-1
470,21,1301.45,372.76,121.02,329.25,1,-1,-1,-1
470,22,269.12,302.29,246.05,611.25,1,-1,-1,-1
470,23,1631.14,397.96,118.34,268.45,1,-1,-1,-1
471,8,1811.04,425.27,88.94,239.55,1,-1,-1,-1
471,17,1703.81,393.71,132.90,275.12,1,-1,-1,-1
471,18,-95.73,95.96,289.78,935.00,1,-1,-1,-1
471,20,1482.84,452.34,70.95,196.47,1,-1,-1,-1
471,21,1308.96,372.82,121.57,330.02,1,-1,-1,-1
471,22,286.56,302.23,242.47,605.87,1,-1,-1,-1
471,23,1624.45,399.86,115.52,268.27,1,-1,-1,-1
472,8,1813.48,427.18,87.08,235.95,1,-1,-1,-1
472,17,1694.48,394.45,135.65,274.96,1,-1,-1,-1
472,18,-110.91,91.22,289.78,935.00,1,-1,-1,-1
472,20,1486.80,452.16,74.27,197.03,1,-1,-1,-1
472,21,1315.80,372.46,123.05,331.62,1,-1,-1,-1
472,22,302.32,303.95,239.68,602.83,1,-1,-1,-1
472,23,1617.99,400.81,112.44,267.98,1,-1,-1,-1
473,8,1815.79,428.99,85.67,233.13,1,-1,-1,-1
473,17,1688.19,394.20,133.70,275.63,1,-1,-1,-1
473,18,-126.09,86.47,289.78,935.00,1,-1,-1,-1
473,20,1490.87,451.04,78.20,198.37,1,-1,-1,-1
473,21,1323.29,372.71,123.78,332.30,1,-1,-1,-1
473,22,316.99,302.71,239.31,600.17,1,-1,-1,-1
473,23,1611.06,403.06,110.41,267.61,1,-1,-1,-1
474,8,1817.69,430.78,84.47,230.22,1,-1,-1,-1
474,17,1681.72,395.22,131.62,275.66,1,-1,-1,-1
474,18,-141.27,81.72,289.78,935.00,1,-1,-1,-1
474,20,1494.99,449.78,81.49,199.94,1,-1,-1,-1
474,21,1330.41,372.11,124.42,333.20,1,-1,-1,-1
474,22,329.54,303.18,241.22,596.98,1,-1,-1,-1
474,23,1604.19,402.68,109.19,268.59,1,-1,-1,-1
475,8,1819.23,431.90,83.71,228.09,1,-1,-1,-1
475,17,1674.79,395.12,128.94,277.05,1,-1,-1,-1
475,18,-156.45,76.97,289.78,935.00,1,-1,-1,-1
475,20,1499.25,448.92,84.58,201.60,1,-1,-1,-1
475,21,1338.21,372.23,125.34,333.29,1,-1,-1,-1
475,22,343.77,303.88,244.66,593.79,1,-1,-1,-1
475,23,1595.05,404.09,109.72,269.21,1,-1,-1,-1
476,8,1820.61,432.17,83.18,226.63,1,-1,-1,-1
476,17,1667.26,395.10,126.34,277.44,1,-1,-1,-1
476,18,-171.63,72.22,289.78,935.00,1,-1,-1,-1
476,20,1503.89,448.66,85.69,202.04,1,-1,-1,-1
476,21,1345.91,373.61,126.88,332.96,1,-1,-1,-1
476,22,356.74,304.33,248.59,591.15,1,-1,-1,-1
476,23,1584.52,404.70,112.72,269.40,1,-1,-1,-1
477,8,1822.50,432.60,82.30,224.81,1,-1,-1,-1
477,17,1660.31,395.87,123.85,277.54,1,-1,-1,-1
477,18,-186.81,67.47,289.78,935.00,1,-1,-1,-1
477,20,1510.55,447.45,84.00,203.13,1,-1,-1,-1
477,21,1353.68,375.12,128.04,332.28,1,-1,-1,-1
477,22,368.84,303.69,251.79,588.43,1,-1,-1,-1
477,23,1574.65,404.70,115.72,269.28,1,-1,-1,-1
478,8,1824.58,432.62,81.07,223.34,1,-1,-1,-1
478,17,1651.86,397.31,122.95,277.31,1,-1,-1,-1
478,18,-201.99,62.72,289.78,935.00,1,-1,-1,-1
478,20,1514.74,447.23,84.00,203.13,1,-1,-1,-1
478,21,1360.87,377.53,128.87,330.62,1,-1,-1,-1
478,22,379.37,304.05,255.10,585.83,1,-1,-1,-1
478,23,1563.38,405.29,119.81,268.00,1,-1,-1,-1
479,8,1826.84,432.41,80.11,222.35,1,-1,-1,-1
479,17,1643.61,398.84,121.76,277.03,1,-1,-1,-1
479,18,-217.17,57.97,289.78,935.00,1,-1,-1,-1
479,20,1518.93,447.01,84.00,203.13,1,-1,-1,-1
479,21,1367.14,379.40,129.65,329.36,1,-1,-1,-1
479,22,389.27,304.36,256.73,583.59,1,-1,-1,-1
479,23,1554.70,406.51,121.18,267.59,1,-1,-1,-1
480,8,1828.88,432.96,79.78,220.74,1,-1,-1,-1
480,17,1634.69,399.79,121.17,276.96,1,-1,-1,-1
480,18,-232.35,53.22,289.78,935.00,1,-1,-1,-1
480,20,1523.12,446.79,84.00,203.13,1,-1,-1,-1
480,21,1374.16,380.89,129.60,328.41,1,-1,-1,-1
480,22,399.52,306.39,256.34,579.78,1,-1,-1,-1
480,23,1548.00,409.41,121.10,265.51,1,-1,-1,-1
481,8,1831.10,433.10,79.08,220.08,1,-1,-1,-1
481,17,1625.85,400.46,121.26,276.93,1,-1,-1,-1
481,18,-247.53,48.47,289.78,935.00,1,-1,-1,-1
481,20,1527.31,446.58,84.00,203.13,1,-1,-1,-1
481,21,1380.93,382.11,129.58,327.75,1,-1,-1,-1
481,22,410.45,307.68,255.05,575.99,1,-1,-1,-1
481,23,1541.97,411.49,119.94,263.33,1,-1,-1,-1
482,8,1833.14,433.59,78.41,218.76,1,-1,-1,-1
482,17,1617.05,403.19,121.97,275.62,1,-1,-1,-1
482,18,-262.71,43.72,289.78,935.00,1,-1,-1,-1
482,20,1531.50,446.36,84.00,203.13,1,-1,-1,-1
482,21,1386.93,383.07,129.13,327.38,1,-1,-1,-1
482,22,418.09,308.80,254.63,573.47,1,-1,-1,-1
482,23,1536.14,412.44,118.04,263.04,1,-1,-1,-1
483,8,1835.18,434.29,77.88,217.43,1,-1,-1,-1
483,17,1608.21,404.43,123.14,274.62,1,-1,-1,-1
483,18,-277.89,38.97,289.78,935.00,1,-1,-1,-1
483,20,1535.69,446.14,84.00,203.13,1,-1,-1,-1
483,21,1393.78,383.73,127.40,327.06,1,-1,-1,-1
483,22,428.17,308.47,251.92,571.13,1,-1,-1,-1
483,23,1530.64,412.42,115.45,263.14,1,-1,-1,-1
483,24,1806.50,423.20,64.30,200.20,1,-1,-1,-1
484,8,1836.77,435.22,77.35,215.42,1,-1,-1,-1
484,17,1600.12,405.05,123.49,273.95,1,-1,-1,-1
484,18,-293.07,34.22,289.78,935.00,1,-1,-1,-1
484,20,1539.88,445.92,84.00,203.13,1,-1,-1,-1
484,21,1400.84,383.95,125.44,326.89,1,-1,-1,-1
484,22,436.97,309.13,249.26,567.93,1,-1,-1,-1
484,23,1525.00,413.56,113.53,262.35,1,-1,-1,-1
484,24,1806.50,423.20,64.30,200.20,1,-1,-1,-1
485,8,1838.19,436.19,77.35,215.42,1,-1,-1,-1
485,17,1592.58,407.02,122.53,273.02,1,-1,-1,-1
485,18,-308.25,29.48,289.78,935.00,1,-1,-1,-1
485,20,1544.07,445.70,84.00,203.13,1,-1,-1,-1
485,21,1407.91,385.17,123.21,325.55,1,-1,-1,-1
485,22,447.14,309.53,245.78,564.03,1,-1,-1,-1
485,23,1518.54,413.32,112.05,262.52,1,-1,-1,-1
485,24,1800.81,419.50,67.53,203.61,1,-1,-1,-1
486,8,1839.61,437.17,77.35,215.42,1,-1,-1,-1
486,17,1584.86,408.11,121.65,272.33,1,-1,-1,-1
486,18,-323.43,24.73,289.78,935.00,1,-1,-1,-1
486,20,1548.26,445.49,84.00,203.13,1,-1,-1,-1
486,21,1414.56,385.35,121.43,325.20,1,-1,-1,-1
486,22,457.44,311.69,242.75,560.94,1,-1,-1,-1
486,23,1513.05,414.35,109.38,261.25,1,-1,-1,-1
486,24,1798.48,420.35,69.85,205.54,1,-1,-1,-1
487,8,1841.04,438.14,77.35,215.42,1,-1,-1,-1
487,17,1577.85,409.65,120.38,270.85,1,-1,-1,-1
487,18,-338.61,19.98,289.78,935.00,1,-1,-1,-1
487,20,1552.45,445.27,84.00,203.13,1,-1,-1,-1
487,21,1420.30,385.25,119.83,324.13,1,-1,-1,-1
487,22,467.35,313.87,237.43,557.08,1,-1,-1,-1
487,23,1506.65,413.87,106.48,262.17,1,-1,-1,-1
487,24,1797.34,421.46,71.79,206.93,1,-1,-1,-1
488,8,1842.46,439.12,77.35,215.42,1,-1,-1,-1
488,17,1569.83,409.81,118.69,270.92,1,-1,-1,-1
488,18,-353.79,15.23,289.78,935.00,1,-1,-1,-1
488,20,1556.63,445.05,84.00,203.13,1,-1,-1,-1
488,21,1426.13,385.30,118.16,323.28,1,-1,-1,-1
488,22,479.28,316.05,230.89,553.34,1,-1,-1,-1
488,23,1500.45,415.83,105.45,262.50,1,-1,-1,-1
488,24,1797.88,423.25,73.33,207.68,1,-1,-1,-1
489,8,1843.88,440.09,77.35,215.42,1,-1,-1,-1
489,17,1562.53,408.76,116.63,271.48,1,-1,-1,-1
489,18,-368.97,10.48,289.78,935.00,1,-1,-1,-1
489,20,1560.82,444.83,84.00,203.13,1,-1,-1,-1
489,21,1431.84,387.01,117.26,322.14,1,-1,-1,-1
489,22,489.98,314.62,226.03,552.60,1,-1,-1,-1
489,23,1494.28,416.17,105.45,262.50,1,-1,-1,-1
489,24,1798.30,423.81,74.62,208.34,1,-1,-1,-1
490,8,1845.30,441.07,77.35,215.42,1,-1,-1,-1
490,17,1556.54,409.64,114.52,270.41,1,-1,-1,-1
490,18,-384.15,5.73,289.78,935.00,1,-1,-1,-1
490,20,1565.01,444.62,84.00,203.13,1,-1,-1,-1
490,21,1438.66,388.83,115.71,320.80,1,-1,-1,-1
490,22,502.28,313.94,219.70,550.30,1,-1,-1,-1
490,23,1488.12,416.51,105.45,262.50,1,-1,-1,-1
490,24,1799.57,422.68,75.69,208.93,1,-1,-1,-1
491,8,1846.72,442.04,77.35,215.42,1,-1,-1,-1
491,17,1550.05,410.05,113.61,269.77,1,-1,-1,-1
491,18,-399.33,0.98,289.78,935.00,1,-1,-1,-1
491,20,1569.20,444.40,84.00,203.13,1,-1,-1,-1
491,21,1445.03,390.21,114.94,319.37,1,-1,-1,-1
491,22,512.33,315.02,214.68,546.89,1,-1,-1,-1
491,23,1481.95,416.85,105.45,262.50,1,-1,-1,-1
491,24,1801.52,422.56,76.38,209.08,1,-1,-1,-1
492,8,1848.14,443.01,77.35,215.42,1,-1,-1,-1
492,17,1543.60,411.20,112.96,268.81,1,-1,-1,-1
492,18,-414.51,-3.77,289.78,935.00,1,-1,-1,-1
492,20,1573.39,444.18,84.00,203.13,1,-1,-1,-1
492,21,1450.35,391.28,114.45,318.26,1,-1,-1,-1
492,22,523.46,315.65,209.55,543.16,1,-1,-1,-1
492,23,1475.78,417.19,105.45,262.50,1,-1,-1,-1
492,24,1803.96,422.98,76.62,208.74,1,-1,-1,-1
493,8,1849.57,443.99,77.35,215.42,1,-1,-1,-1
493,17,1536.92,414.11,112.44,265.82,1,-1,-1,-1
493,18,-429.69,-8.52,289.78,935.00,1,-1,-1,-1
493,20,1577.58,443.96,84.00,203.13,1,-1,-1,-1
493,21,1455.66,391.89,114.21,317.19,1,-1,-1,-1
493,22,533.83,318.48,205.21,541.04,1,-1,-1,-1
493,23,1469.62,417.53,105.45,262.50,1,-1,-1,-1
493,24,1806.77,422.39,76.84,209.03,1,-1,-1,-1
494,8,1850.99,444.96,77.35,215.42,1,-1,-1,-1
494,17,1530.40,416.54,111.63,263.65,1,-1,-1,-1
494,18,-444.86,-13.27,289.78,935.00,1,-1,-1,-1
494,20,1581.77,443.75,84.00,203.13,1,-1,-1,-1
494,21,1461.76,392.92,113.31,316.12,1,-1,-1,-1
494,22,542.35,321.00,202.89,538.20,1,-1,-1,-1
494,23,1463.45,417.87,105.45,262.50,1,-1,-1,-1
494,24,1809.23,421.94,77.38,209.34,1,-1,-1,-1
495,8,1852.41,445.94,77.35,215.42,1,-1,-1,-1
495,17,1527.67,421.32,110.03,258.37,1,-1,-1,-1
495,18,-460.04,-18.02,289.78,935.00,1,-1,-1,-1
495,20,1585.96,443.53,84.00,203.13,1,-1,-1,-1
495,21,1467.79,393.73,112.24,315.21,1,-1,-1,-1
495,22,550.92,323.36,200.91,535.25,1,-1,-1,-1
495,23,1457.29,418.21,105.45,262.50,1,-1,-1,-1
495,24,1811.71,421.84,77.78,209.47,1,-1,-1,-1
496,8,1853.83,446.91,77.35,215.42,1,-1,-1,-1
496,17,1526.83,425.47,108.35,254.04,1,-1,-1,-1
496,18,-475.22,-22.77,289.78,935.00,1,-1,-1,-1
496,20,1590.15,443.31,84.00,203.13,1,-1,-1,-1
496,21,1473.91,394.06,111.26,314.37,1,-1,-1,-1
496,22,560.01,326.06,198.87,532.79,1,-1,-1,-1
496,23,1451.12,418.55,105.45,262.50,1,-1,-1,-1
496,24,1813.96,421.49,78.58,209.76,1,-1,-1,-1
497,8,1855.25,447.89,77.35,215.42,1,-1,-1,-1
497,17,1526.57,428.17,107.53,251.43,1,-1,-1,-1
497,18,-490.40,-27.52,289.78,935.00,1,-1,-1,-1
497,20,1594.34,443.09,84.00,203.13,1,-1,-1,-1
497,21,1479.01,394.32,110.95,313.16,1,-1,-1,-1
497,22,568.89,325.27,197.50,531.17,1,-1,-1,-1
497,23,1441.00,420.08,97.23,260.98,1,-1,-1,-1
497,24,1816.05,421.35,79.29,210.08,1,-1,-1,-1
498,8,1856.67,448.86,77.35,215.42,1,-1,-1,-1
498,17,1521.33,429.46,107.53,251.43,1,-1,-1,-1
498,18,-505.58,-32.26,289.78,935.00,1,-1,-1,-1
498,20,1590.95,446.60,82.90,201.70,1,-1,-1,-1
498,21,1484.07,393.97,111.00,311.82,1,-1,-1,-1
498,22,576.70,327.43,196.34,527.78,1,-1,-1,-1
498,23,1430.19,419.85,95.98,258.98,1,-1,-1,-1
498,24,1817.79,421.49,79.37,210.04,1,-1,-1,-1
499,8,1858.10,449.84,77.35,215.42,1,-1,-1,-1
499,17,1516.09,430.75,107.53,251.43,1,-1,-1,-1
499,18,-520.76,-37.01,289.78,935.00,1,-1,-1,-1
499,20,1595.37,447.61,81.26,200.96,1,-1,-1,-1
499,21,1489.88,394.60,110.48,310.51,1,-1,-1,-1
499,22,583.86,329.09,195.24,525.25,1,-1,-1,-1
499,23,1421.68,421.86,95.76,256.32,1,-1,-1,-1
499,24,1819.37,421.76,79.12,209.75,1,-1,-1,-1
500,8,1859.52,450.81,77.35,215.42,1,-1,-1,-1
500,17,1510.85,432.04,107.53,251.43,1,-1,-1,-1
500,18,-535.94,-41.76,289.78,935.00,1,-1,-1,-1
500,20,1599.50,448.44,80.32,200.25,1,-1,-1,-1
500,21,1495.57,394.18,109.56,310.22,1,-1,-1,-1
500,22,592.16,330.69,193.48,522.99,1,-1,-1,-1
500,23,1413.22,424.66,95.73,253.49,1,-1,-1,-1
500,24,1821.03,421.71,78.84,209.30,1,-1,-1,-1
501,8,1860.94,451.79,77.35,215.42,1,-1,-1,-1
501,17,1505.61,433.34,107.53,251.43,1,-1,-1,-1
501,18,-551.12,-46.51,289.78,935.00,1,-1,-1,-1
501,20,1604.99,449.36,78.95,199.07,1,-1,-1,-1
501,21,1500.48,394.12,108.90,310.09,1,-1,-1,-1
501,22,599.92,332.15,191.72,520.69,1,-1,-1,-1
501,23,1406.10,426.84,96.06,251.41,1,-1,-1,-1
501,24,1822.42,421.80,78.53,208.84,1,-1,-1,-1
502,8,1862.36,452.76,77.35,215.42,1,-1,-1,-1
502,17,1500.37,434.63,107.53,251.43,1,-1,-1,-1
502,18,-566.30,-51.26,289.78,935.00,1,-1,-1,-1
502,20,1610.18,449.58,77.69,198.75,1,-1,-1,-1
502,21,1504.48,394.34,108.71,309.21,1,-1,-1,-1
502,22,607.39,332.80,189.94,518.24,1,-1,-1,-1
502,23,1400.08,428.04,96.25,250.31,1,-1,-1,-1
502,24,1823.73,422.25,78.26,208.25,1,-1,-1,-1
503,8,1863.78,453.73,77.35,215.42,1,-1,-1,-1
503,17,1495.13,435.92,107.53,251.43,1,-1,-1,-1
503,18,-581.48,-56.01,289.78,935.00,1,-1,-1,-1
503,20,1613.56,448.55,77.26,199.13,1,-1,-1,-1
503,21,1508.93,395.78,107.80,307.73,1,-1,-1,-1
503,22,614.88,332.83,187.94,515.71,1,-1,-1,-1
503,23,1393.75,432.20,96.18,246.98,1,-1,-1,-1
503,24,1825.29,422.62,77.80,207.93,1,-1,-1,-1
504,8,1865.21,454.71,77.35,215.42,1,-1,-1,-1
504,17,1489.89,437.21,107.53,251.43,1,-1,-1,-1
504,18,-596.66,-60.76,289.78,935.00,1,-1,-1,-1
504,20,1616.03,447.89,77.36,199.14,1,-1,-1,-1
504,21,1513.85,397.49,106.60,306.31,1,-1,-1,-1
504,22,621.92,332.69,186.37,513.53,1,-1,-1,-1
504,23,1387.00,434.49,96.67,244.50,1,-1,-1,-1
504,24,1826.67,423.23,77.50,207.37,1,-1,-1,-1
505,8,1866.63,455.68,77.35,215.42,1,-1,-1,-1
505,17,1475.94,430.12,96.43,251.94,1,-1,-1,-1
505,18,-611.84,-65.51,289.78,935.00,1,-1,-1,-1
505,20,1617.85,447.22,77.41,198.97,1,-1,-1,-1
505,21,1517.78,398.29,107.01,305.06,1,-1,-1,-1
505,22,629.08,332.22,184.91,510.82,1,-1,-1,-1
505,23,1380.50,436.27,97.01,242.76,1,-1,-1,-1
505,24,1827.98,423.52,77.29,206.82,1,-1,-1,-1
506,8,1868.05,456.66,77.35,215.42,1,-1,-1,-1
506,17,1465.26,427.57,93.11,252.86,1,-1,-1,-1
506,18,-627.02,-70.26,289.78,935.00,1,-1,-1,-1
506,20,1620.57,446.96,76.94,198.67,1,-1,-1,-1
506,21,1522.11,399.02,106.89,303.12,1,-1,-1,-1
506,22,636.01,331.77,183.38,508.27,1,-1,-1,-1
506,23,1373.25,437.31,97.48,241.51,1,-1,-1,-1
506,24,1829.02,423.80,77.38,206.37,1,-1,-1,-1
507,8,1869.47,457.63,77.35,215.42,1,-1,-1,-1
507,17,1457.46,428.19,92.50,250.90,1,-1,-1,-1
507,18,-642.20,-75.01,289.78,935.00,1,-1,-1,-1
507,20,1623.33,446.49,76.43,198.53,1,-1,-1,-1
507,21,1525.44,398.81,106.64,302.35,1,-1,-1,-1
507,22,642.60,332.28,183.27,506.38,1,-1,-1,-1
507,23,1366.70,438.51,97.26,239.96,1,-1,-1,-1
507,24,1829.53,424.29,77.90,206.21,1,-1,-1,-1
508,8,1870.89,458.61,77.35,215.42,1,-1,-1,-1
508,17,1447.73,429.25,94.06,249.21,1,-1,-1,-1
508,18,-657.38,-79.76,289.78,935.00,1,-1,-1,-1
508,20,1626.46,446.93,75.59,197.66,1,-1,-1,-1
508,21,1530.82,400.17,105.36,300.18,1,-1,-1,-1
508,22,648.53,332.26,184.82,504.39,1,-1,-1,-1
508,23,1360.67,440.18,96.76,238.20,1,-1,-1,-1
508,24,1830.16,425.02,78.37,205.70,1,-1,-1,-1
509,8,1872.31,459.58,77.35,215.42,1,-1,-1,-1
509,17,1438.35,430.69,96.02,247.77,1,-1,-1,-1
509,18,-672.56,-84.51,289.78,935.00,1,-1,-1,-1
509,20,1629.98,447.18,74.91,197.14,1,-1,-1,-1
509,21,1535.50,400.87,104.76,298.77,1,-1,-1,-1
509,22,654.25,331.83,186.77,502.96,1,-1,-1,-1
509,23,1355.39,439.97,95.35,237.50,1,-1,-1,-1
509,24,1831.01,424.93,78.50,205.65,1,-1,-1,-1
510,8,1873.74,460.56,77.35,215.42,1,-1,-1,-1
510,17,1427.17,431.60,97.85,246.48,1,-1,-1,-1
510,20,1632.65,446.76,74.57,197.37,1,-1,-1,-1
510,21,1540.04,401.67,104.34,296.68,1,-1,-1,-1
510,22,660.90,331.70,189.58,500.96,1,-1,-1,-1
510,23,1350.46,440.62,93.79,236.34,1,-1,-1,-1
510,24,1831.14,425.55,78.91,205.51,1,-1,-1,-1
511,8,1875.16,461.53,77.35,215.42,1,-1,-1,-1
511,17,1417.09,431.41,99.18,246.70,1,-1,-1,-1
511,20,1635.44,446.69,73.89,197.35,1,-1,-1,-1
511,21,1543.57,401.76,104.24,294.55,1,-1,-1,-1
511,22,668.19,331.35,192.05,498.57,1,-1,-1,-1
511,23,1345.62,440.59,92.43,235.55,1,-1,-1,-1
511,24,1832.34,425.94,79.10,205.28,1,-1,-1,-1
512,8,1876.58,462.51,77.35,215.42,1,-1,-1,-1
512,17,1409.80,431.44,98.57,246.07,1,-1,-1,-1
512,20,1638.22,446.11,73.04,197.80,1,-1,-1,-1
512,21,1546.91,401.50,103.97,292.90,1,-1,-1,-1
512,22,675.17,329.29,194.19,497.83,1,-1,-1,-1
512,23,1340.00,441.23,91.63,234.00,1,-1,-1,-1
512,24,1833.72,426.52,79.02,204.86,1,-1,-1,-1
513,8,1878.00,463.48,77.35,215.42,1,-1,-1,-1
513,17,1402.55,432.67,97.94,244.72,1,-1,-1,-1
513,20,1640.86,445.82,72.01,198.06,1,-1,-1,-1
513,21,1550.63,400.81,103.41,292.03,1,-1,-1,-1
513,22,683.45,329.68,194.19,497.83,1,-1,-1,-1
513,23,1333.80,441.88,91.28,232.98,1,-1,-1,-1
513,24,1835.52,427.31,78.49,204.62,1,-1,-1,-1
514,8,1879.42,464.45,77.35,215.42,1,-1,-1,-1
514,17,1395.19,431.18,96.73,244.56,1,-1,-1,-1
514,20,1642.91,444.88,71.46,198.67,1,-1,-1,-1
514,21,1554.87,400.64,102.50,290.18,1,-1,-1,-1
514,22,691.73,330.08,194.19,497.83,1,-1,-1,-1
514,23,1328.79,440.80,90.56,232.76,1,-1,-1,-1
514,24,1837.10,428.04,77.98,204.04,1,-1,-1,-1
515,8,1880.84,465.43,77.35,215.42,1,-1,-1,-1
515,17,1388.87,430.44,95.33,244.47,1,-1,-1,-1
515,20,1644.74,444.31,71.40,199.18,1,-1,-1,-1
515,21,1559.23,400.46,101.62,289.71,1,-1,-1,-1
515,22,700.01,330.47,194.19,497.83,1,-1,-1,-1
515,23,1323.43,441.42,90.73,232.10,1,-1,-1,-1
515,24,1839.02,429.54,77.11,203.91,1,-1,-1,-1
516,8,1882.27,466.40,77.35,215.42,1,-1,-1,-1
516,17,1382.77,429.96,94.14,243.75,1,-1,-1,-1
516,20,1646.90,444.38,70.76,199.10,1,-1,-1,-1
516,21,1563.93,399.77,100.69,288.99,1,-1,-1,-1
516,22,667.95,311.05,200.31,521.30,1,-1,-1,-1
516,23,1316.75,441.52,92.29,231.65,1,-1,-1,-1
516,24,1840.18,425.06,77.62,209.29,1,-1,-1,-1
517,8,1883.69,467.38,77.35,215.42,1,-1,-1,-1
517,17,1377.65,429.77,93.85,243.31,1,-1,-1,-1
517,20,1649.25,444.96,70.39,198.58,1,-1,-1,-1
517,21,1568.17,400.44,100.11,287.91,1,-1,-1,-1
517,22,655.98,296.84,202.51,538.66,1,-1,-1,-1
517,23,1310.58,442.62,94.02,230.83,1,-1,-1,-1
517,24,1841.39,425.11,77.62,209.29,1,-1,-1,-1
518,8,1885.11,468.35,77.35,215.42,1,-1,-1,-1
518,17,1368.66,429.20,96.73,243.70,1,-1,-1,-1
518,20,1651.70,445.20,70.45,198.86,1,-1,-1,-1
518,21,1572.75,400.42,99.43,288.37,1,-1,-1,-1
518,22,656.88,288.95,201.41,550.64,1,-1,-1,-1
518,23,1304.36,443.34,94.02,230.83,1,-1,-1,-1
518,24,1843.80,416.78,76.98,218.33,1,-1,-1,-1
519,8,1886.53,469.33,77.35,215.42,1,-1,-1,-1
519,17,1359.46,429.26,97.62,243.57,1,-1,-1,-1
519,20,1654.21,445.45,70.20,198.79,1,-1,-1,-1
519,21,1577.08,401.52,99.20,287.60,1,-1,-1,-1
519,22,658.96,283.06,201.84,559.78,1,-1,-1,-1
519,23,1298.13,444.07,94.02,230.83,1,-1,-1,-1
519,24,1845.62,409.25,76.48,227.58,1,-1,-1,-1
520,8,1887.95,470.30,77.35,215.42,1,-1,-1,-1
520,17,1352.27,429.42,97.51,243.56,1,-1,-1,-1
520,20,1656.89,445.67,69.84,198.65,1,-1,-1,-1
520,21,1581.43,403.30,98.47,286.20,1,-1,-1,-1
520,22,660.27,279.51,205.54,566.58,1,-1,-1,-1
520,23,1295.83,444.93,91.33,228.37,1,-1,-1,-1
520,24,1845.68,402.42,76.96,235.78,1,-1,-1,-1
521,8,1889.38,471.28,77.35,215.42,1,-1,-1,-1
521,17,1345.71,430.88,97.80,241.93,1,-1,-1,-1
521,20,1659.88,445.64,69.41,198.63,1,-1,-1,-1
521,21,1585.67,403.79,97.32,284.49,1,-1,-1,-1
521,22,662.58,274.31,210.24,574.49,1,-1,-1,-1
521,23,1292.04,444.65,88.85,227.33,1,-1,-1,-1
521,24,1844.90,396.15,77.89,242.83,1,-1,-1,-1
522,8,1890.80,472.25,77.35,215.42,1,-1,-1,-1
522,17,1339.81,433.08,98.69,238.94,1,-1,-1,-1
522,20,1662.39,445.68,69.56,198.69,1,-1,-1,-1
522,21,1590.05,404.63,96.74,283.02,1,-1,-1,-1
522,22,665.79,273.30,216.84,577.78,1,-1,-1,-1
522,23,1287.87,443.30,87.71,227.17,1,-1,-1,-1
522,24,1843.48,389.74,79.17,251.95,1,-1,-1,-1
523,8,1892.22,473.23,77.35,215.42,1,-1,-1,-1
523,17,1334.22,434.49,99.49,236.64,1,-1,-1,-1
523,20,1664.53,445.30,69.46,198.89,1,-1,-1,-1
523,21,1594.11,404.58,96.34,281.48,1,-1,-1,-1
523,22,668.08,273.48,225.27,580.28,1,-1,-1,-1
523,23,1282.19,443.68,86.56,225.79,1,-1,-1,-1
523,24,1842.23,383.51,80.29,261.34,1,-1,-1,-1
524,17,1329.04,435.71,100.47,234.86,1,-1,-1,-1
524,20,1664.40,443.75,70.28,201.07,1,-1,-1,-1
524,21,1598.54,404.34,96.03,280.60,1,-1,-1,-1
524,22,671.85,274.14,232.89,582.30,1,-1,-1,-1
524,23,1277.72,442.52,85.26,225.54,1,-1,-1,-1
524,24,1839.97,378.92,82.02,269.18,1,-1,-1,-1
525,17,1324.51,437.49,100.70,232.99,1,-1,-1,-1
525,20,1665.57,443.23,69.62,201.83,1,-1,-1,-1
525,21,1602.40,403.50,95.72,280.18,1,-1,-1,-1
525,22,677.41,278.89,239.64,579.84,1,-1,-1,-1
525,23,1273.71,442.07,83.20,225.69,1,-1,-1,-1
525,24,1838.27,375.20,83.36,275.62,1,-1,-1,-1
525,25,1433.10,454.80,95.30,203.50,1,-1,-1,-1
