1,1,1596.50,420.30,42.00,109.00,1,-1,-1,-1
1,2,1229.50,411.60,43.20,119.00,1,-1,-1,-1
1,3,1479.90,418.80,74.00,176.60,1,-1,-1,-1
1,4,680.80,417.00,67.80,196.90,1,-1,-1,-1
1,5,1113.90,416.00,31.50,82.70,1,-1,-1,-1
1,6,1369.70,390.10,78.90,234.10,1,-1,-1,-1
1,7,471.80,429.00,73.00,179.00,1,-1,-1,-1
1,8,1173.80,418.50,35.80,104.20,1,-1,-1,-1
1,9,585.50,432.30,57.50,173.50,1,-1,-1,-1
1,10,730.50,420.80,56.70,177.90,1,-1,-1,-1
1,11,397.90,432.30,28.90,71.50,1,-1,-1,-1
1,12,547.80,437.60,60.10,168.80,1,-1,-1,-1
1,13,860.90,431.90,22.50,72.70,1,-1,-1,-1
1,14,637.20,432.50,48.40,136.00,1,-1,-1,-1
1,15,812.50,428.70,21.90,64.40,1,-1,-1,-1
2,1,1590.57,421.83,42.45,109.91,1,-1,-1,-1
2,2,1221.04,412.30,44.65,114.82,1,-1,-1,-1
2,3,1473.51,420.73,72.91,175.42,1,-1,-1,-1
2,4,671.03,411.04,75.26,198.72,1,-1,-1,-1
2,5,1107.77,416.13,33.95,81.25,1,-1,-1,-1
2,6,1367.43,390.47,76.81,229.01,1,-1,-1,-1
2,7,466.25,427.54,73.00,179.55,1,-1,-1,-1
2,8,1165.57,421.73,37.80,101.11,1,-1,-1,-1
2,9,586.45,426.41,56.50,177.05,1,-1,-1,-1
2,10,720.18,417.87,58.61,181.08,1,-1,-1,-1
2,11,396.19,428.99,28.26,70.59,1,-1,-1,-1
2,12,543.05,434.61,62.55,170.53,1,-1,-1,-1
2,13,857.01,432.45,21.86,71.79,1,-1,-1,-1
2,15,808.42,430.89,21.63,60.13,1,-1,-1,-1
2,16,838.90,427.90,27.70,70.20,1,-1,-1,-1
3,1,1583.72,422.30,42.43,108.71,1,-1,-1,-1
3,2,1212.44,412.32,44.68,116.44,1,-1,-1,-1
3,3,1464.22,420.14,75.06,176.80,1,-1,-1,-1
3,4,664.79,411.56,75.52,199.24,1,-1,-1,-1
3,5,1103.71,418.75,33.64,80.65,1,-1,-1,-1
3,6,1364.20,392.11,76.37,227.62,1,-1,-1,-1
3,7,458.52,427.88,74.01,181.10,1,-1,-1,-1
3,8,1156.17,421.58,39.28,103.98,1,-1,-1,-1
3,9,580.23,423.66,57.31,177.31,1,-1,-1,-1
3,12,536.55,433.73,63.92,171.95,1,-1,-1,-1
3,13,848.46,432.64,21.83,70.89,1,-1,-1,-1
3,17,781.00,427.60,21.40,64.00,1,-1,-1,-1
3,18,387.50,434.00,27.70,66.70,1,-1,-1,-1
3,19,813.60,429.90,21.40,63.30,1,-1,-1,-1
3,20,825.90,425.00,23.00,71.40,1,-1,-1,-1
4,1,1579.04,423.38,41.80,108.05,1,-1,-1,-1
4,2,1204.81,412.63,45.01,117.31,1,-1,-1,-1
4,3,1457.12,421.88,74.88,177.98,1,-1,-1,-1
4,4,658.41,410.04,78.11,201.98,1,-1,-1,-1
4,5,1098.08,419.98,33.00,82.34,1,-1,-1,-1
4,6,1361.23,398.88,77.20,226.92,1,-1,-1,-1
4,7,453.10,428.15,74.76,180.91,1,-1,-1,-1
4,8,1150.03,421.36,40.18,105.73,1,-1,-1,-1
4,9,575.97,422.70,57.57,178.95,1,-1,-1,-1
4,12,528.06,433.57,65.68,173.12,1,-1,-1,-1
4,13,839.61,433.08,22.35,71.05,1,-1,-1,-1
4,20,821.02,431.02,22.45,66.40,1,-1,-1,-1
4,21,788.60,425.40,21.40,66.20,1,-1,-1,-1
4,22,377.30,429.20,28.20,73.10,1,-1,-1,-1
5,1,1572.61,428.05,42.18,107.83,1,-1,-1,-1
5,2,1198.34,413.94,45.89,117.92,1,-1,-1,-1
5,3,1447.49,424.16,74.30,178.11,1,-1,-1,-1
5,4,650.36,413.00,79.60,203.23,1,-1,-1,-1
5,5,1093.47,422.80,32.88,82.41,1,-1,-1,-1
5,6,1357.90,402.07,78.42,229.72,1,-1,-1,-1
5,7,447.02,429.74,74.14,180.80,1,-1,-1,-1
5,8,1143.31,424.05,40.08,106.02,1,-1,-1,-1
5,9,570.72,425.53,58.34,177.57,1,-1,-1,-1
5,12,522.05,433.79,66.04,174.22,1,-1,-1,-1
5,13,833.46,435.05,22.31,70.96,1,-1,-1,-1
5,17,778.10,434.03,21.22,60.82,1,-1,-1,-1
5,20,818.95,436.58,22.57,65.54,1,-1,-1,-1
5,23,728.30,442.30,25.50,69.50,1,-1,-1,-1
5,24,744.50,437.00,22.30,61.50,1,-1,-1,-1
5,25,365.70,430.60,27.60,71.20,1,-1,-1,-1
6,1,1567.17,431.26,42.18,107.64,1,-1,-1,-1
6,2,1193.18,414.67,46.25,117.95,1,-1,-1,-1
6,3,1441.61,425.39,73.43,177.59,1,-1,-1,-1
6,4,644.26,415.60,80.60,203.76,1,-1,-1,-1
6,5,1089.91,422.42,32.82,83.32,1,-1,-1,-1
6,6,1356.70,403.87,79.47,230.65,1,-1,-1,-1
6,7,441.92,428.12,74.00,181.61,1,-1,-1,-1
6,8,1138.05,425.27,40.17,106.23,1,-1,-1,-1
6,9,567.56,427.49,58.45,176.66,1,-1,-1,-1
6,12,518.91,433.59,65.03,174.03,1,-1,-1,-1
6,17,776.66,434.73,21.83,61.43,1,-1,-1,-1
6,20,815.69,436.90,22.88,65.59,1,-1,-1,-1
6,25,361.74,434.13,29.78,70.38,1,-1,-1,-1
6,26,833.50,435.00,22.60,73.50,1,-1,-1,-1
6,27,1110.20,423.60,30.10,84.00,1,-1,-1,-1
6,28,739.30,442.00,22.10,60.70,1,-1,-1,-1
6,29,753.40,434.60,23.00,61.60,1,-1,-1,-1
7,1,1564.34,432.62,42.11,107.63,1,-1,-1,-1
7,2,1190.23,414.86,47.15,118.70,1,-1,-1,-1
7,3,1435.14,430.47,73.85,177.14,1,-1,-1,-1
7,4,639.61,417.84,80.86,204.23,1,-1,-1,-1
7,5,1088.69,424.50,32.69,82.08,1,-1,-1,-1
7,6,1356.50,405.12,80.52,231.20,1,-1,-1,-1
7,7,437.07,429.59,74.58,181.81,1,-1,-1,-1
7,8,1135.11,424.62,39.87,106.19,1,-1,-1,-1
7,9,562.90,430.98,58.41,176.56,1,-1,-1,-1
7,12,514.65,433.96,64.80,174.46,1,-1,-1,-1
7,17,771.76,433.75,21.33,60.96,1,-1,-1,-1
7,20,813.95,436.30,22.83,65.59,1,-1,-1,-1
7,23,728.45,443.81,22.41,65.68,1,-1,-1,-1
7,24,742.79,436.30,22.03,59.41,1,-1,-1,-1
7,25,362.00,437.28,30.03,71.97,1,-1,-1,-1
7,26,831.12,434.46,22.51,72.59,1,-1,-1,-1
7,27,1110.07,427.25,29.37,83.73,1,-1,-1,-1
8,1,1561.60,435.24,42.17,107.66,1,-1,-1,-1
8,2,1184.64,416.73,47.35,119.05,1,-1,-1,-1
8,3,1429.33,431.47,73.73,177.06,1,-1,-1,-1
8,4,634.35,418.98,82.51,205.47,1,-1,-1,-1
8,5,1084.30,427.27,32.77,81.86,1,-1,-1,-1
8,6,1356.58,406.83,80.51,231.76,1,-1,-1,-1
8,7,431.90,430.89,74.83,182.41,1,-1,-1,-1
8,8,1129.76,427.66,40.05,105.97,1,-1,-1,-1
8,9,556.52,432.74,58.98,177.65,1,-1,-1,-1
8,12,511.06,436.93,64.49,174.02,1,-1,-1,-1
8,26,825.92,440.55,21.88,71.01,1,-1,-1,-1
8,28,740.28,445.29,21.74,60.70,1,-1,-1,-1
8,29,752.57,442.96,22.27,61.15,1,-1,-1,-1
8,30,803.40,441.80,22.80,64.10,1,-1,-1,-1
8,31,776.10,441.10,23.40,63.60,1,-1,-1,-1
8,32,351.50,438.20,29.00,70.80,1,-1,-1,-1
9,1,1560.86,437.39,42.24,107.58,1,-1,-1,-1
9,2,1181.14,417.65,47.65,119.43,1,-1,-1,-1
9,3,1425.60,431.61,73.73,177.28,1,-1,-1,-1
9,4,630.13,420.05,83.04,206.12,1,-1,-1,-1
9,5,1081.13,429.34,33.05,82.21,1,-1,-1,-1
9,6,1356.25,407.35,80.63,232.43,1,-1,-1,-1
9,7,428.15,431.49,75.28,182.58,1,-1,-1,-1
9,8,1126.65,429.43,40.24,106.14,1,-1,-1,-1
9,9,552.84,433.09,59.40,178.36,1,-1,-1,-1
9,12,508.04,438.13,64.70,173.68,1,-1,-1,-1
9,26,821.61,441.00,21.99,69.66,1,-1,-1,-1
9,28,740.41,447.31,22.10,59.55,1,-1,-1,-1
9,29,752.07,441.77,22.24,61.08,1,-1,-1,-1
9,30,804.69,439.83,22.89,64.37,1,-1,-1,-1
9,31,778.19,439.21,23.49,63.51,1,-1,-1,-1
9,32,350.82,438.12,29.27,71.16,1,-1,-1,-1
10,1,1560.62,438.48,42.36,107.84,1,-1,-1,-1
10,2,1177.43,418.44,47.94,119.64,1,-1,-1,-1
10,3,1422.04,431.33,73.23,178.11,1,-1,-1,-1
10,4,624.94,422.93,83.40,205.95,1,-1,-1,-1
10,5,1077.91,430.40,33.47,82.72,1,-1,-1,-1
10,6,1357.96,408.33,80.44,234.47,1,-1,-1,-1
10,7,423.18,431.92,75.46,182.85,1,-1,-1,-1
10,8,1123.57,430.75,40.31,106.45,1,-1,-1,-1
10,9,548.68,434.63,59.25,178.45,1,-1,-1,-1
10,12,502.81,440.18,64.40,173.02,1,-1,-1,-1
10,26,819.48,442.61,21.94,69.60,1,-1,-1,-1
10,28,739.02,445.95,22.00,59.96,1,-1,-1,-1
10,29,750.63,440.57,22.26,61.54,1,-1,-1,-1
10,30,800.31,440.66,23.04,64.67,1,-1,-1,-1
10,31,775.67,438.70,24.12,63.70,1,-1,-1,-1
10,32,343.83,438.14,30.10,69.84,1,-1,-1,-1
11,1,1559.52,439.41,42.46,107.98,1,-1,-1,-1
11,2,1174.19,419.01,47.98,119.76,1,-1,-1,-1
11,3,1418.83,431.94,73.33,178.90,1,-1,-1,-1
11,4,619.03,424.53,84.64,206.43,1,-1,-1,-1
11,5,1075.61,431.00,33.89,83.05,1,-1,-1,-1
11,6,1359.89,408.07,80.44,236.76,1,-1,-1,-1
11,7,417.24,432.44,75.17,183.26,1,-1,-1,-1
11,8,1120.80,431.87,40.34,106.43,1,-1,-1,-1
11,9,544.64,435.80,59.45,178.58,1,-1,-1,-1
11,12,497.66,440.58,64.05,172.65,1,-1,-1,-1
11,26,816.95,443.58,21.81,69.70,1,-1,-1,-1
11,30,795.96,442.22,22.96,65.21,1,-1,-1,-1
11,31,772.09,440.63,23.42,63.57,1,-1,-1,-1
11,32,336.80,438.85,31.05,70.58,1,-1,-1,-1
11,33,725.60,444.20,23.00,62.90,1,-1,-1,-1
11,34,741.90,442.00,22.30,62.60,1,-1,-1,-1
12,1,1559.02,439.91,42.57,108.21,1,-1,-1,-1
12,2,1171.50,419.04,48.14,119.90,1,-1,-1,-1
12,3,1416.96,431.23,71.96,178.70,1,-1,-1,-1
12,4,613.97,424.42,85.30,207.25,1,-1,-1,-1
12,5,1074.05,431.07,34.23,83.51,1,-1,-1,-1
12,6,1362.06,407.22,80.39,238.26,1,-1,-1,-1
12,7,411.88,432.41,75.09,183.28,1,-1,-1,-1
12,8,1118.83,432.39,40.50,106.70,1,-1,-1,-1
12,9,540.78,435.38,59.73,178.89,1,-1,-1,-1
12,12,492.74,440.51,63.89,172.24,1,-1,-1,-1
12,26,813.88,443.38,21.84,69.65,1,-1,-1,-1
12,28,734.72,442.31,22.13,61.00,1,-1,-1,-1
12,30,788.14,442.00,22.74,65.28,1,-1,-1,-1
12,31,770.47,440.22,23.32,63.37,1,-1,-1,-1
12,32,331.45,438.13,30.76,70.92,1,-1,-1,-1
12,35,800.50,441.20,22.50,68.00,1,-1,-1,-1
13,1,1558.51,440.29,42.64,108.45,1,-1,-1,-1
13,2,1169.55,419.18,48.12,120.07,1,-1,-1,-1
13,3,1414.82,431.83,70.76,181.54,1,-1,-1,-1
13,4,609.80,423.80,85.74,207.93,1,-1,-1,-1
13,5,1071.56,431.14,34.27,83.84,1,-1,-1,-1
13,6,1364.73,407.82,80.75,240.17,1,-1,-1,-1
13,7,407.32,432.90,75.21,183.46,1,-1,-1,-1
13,8,1117.15,432.86,40.55,106.80,1,-1,-1,-1
13,9,536.81,435.49,59.99,178.62,1,-1,-1,-1
13,12,487.72,440.61,63.96,171.97,1,-1,-1,-1
13,26,811.35,443.33,22.01,69.74,1,-1,-1,-1
13,28,731.68,440.83,22.36,61.79,1,-1,-1,-1
13,30,784.69,442.10,22.61,65.41,1,-1,-1,-1
13,31,767.62,439.69,23.19,63.09,1,-1,-1,-1
13,32,327.67,438.33,30.73,71.22,1,-1,-1,-1
14,1,1557.02,440.40,42.78,108.64,1,-1,-1,-1
14,2,1167.33,419.44,48.23,120.36,1,-1,-1,-1
14,4,605.25,423.78,86.40,208.50,1,-1,-1,-1
14,5,1068.45,431.83,34.29,83.90,1,-1,-1,-1
14,6,1367.15,408.49,81.42,242.46,1,-1,-1,-1
14,7,402.55,433.42,75.74,183.31,1,-1,-1,-1
14,8,1115.24,433.58,40.76,106.95,1,-1,-1,-1
14,9,532.55,435.41,60.62,179.33,1,-1,-1,-1
14,12,483.36,441.32,63.79,171.92,1,-1,-1,-1
14,26,809.80,442.89,22.17,69.54,1,-1,-1,-1
14,28,730.55,439.25,22.37,62.15,1,-1,-1,-1
14,30,778.12,440.41,22.66,64.51,1,-1,-1,-1
14,32,323.12,438.67,30.58,71.38,1,-1,-1,-1
14,36,790.40,440.00,21.90,66.10,1,-1,-1,-1
15,1,1554.24,440.47,42.88,108.72,1,-1,-1,-1
15,2,1164.55,419.02,48.51,120.74,1,-1,-1,-1
15,4,599.93,423.19,87.21,209.61,1,-1,-1,-1
15,5,1064.48,431.35,34.18,83.88,1,-1,-1,-1
15,6,1369.79,409.10,82.33,244.53,1,-1,-1,-1
15,7,396.87,433.27,76.58,183.24,1,-1,-1,-1
15,8,1111.83,433.21,40.95,107.04,1,-1,-1,-1
15,9,528.14,434.64,60.97,179.91,1,-1,-1,-1
15,12,478.26,441.96,63.54,171.58,1,-1,-1,-1
15,26,806.06,441.73,22.18,69.39,1,-1,-1,-1
15,28,730.16,437.74,22.44,62.24,1,-1,-1,-1
15,32,316.48,437.90,30.65,71.13,1,-1,-1,-1
15,36,787.85,438.78,22.54,65.46,1,-1,-1,-1
15,37,711.00,438.50,21.20,63.30,1,-1,-1,-1
16,1,1551.37,440.43,42.89,108.70,1,-1,-1,-1
16,2,1161.54,418.53,48.80,120.89,1,-1,-1,-1
16,4,594.73,422.47,88.52,211.48,1,-1,-1,-1
16,5,1060.82,431.74,34.30,84.27,1,-1,-1,-1
16,6,1371.62,410.06,83.23,246.22,1,-1,-1,-1
16,7,391.03,433.02,76.62,183.35,1,-1,-1,-1
16,8,1108.57,433.07,41.18,107.29,1,-1,-1,-1
16,9,523.70,434.70,61.20,180.10,1,-1,-1,-1
16,12,472.64,442.04,63.54,171.70,1,-1,-1,-1
16,26,801.80,441.45,22.09,69.29,1,-1,-1,-1
16,28,730.75,437.08,22.34,62.29,1,-1,-1,-1
16,32,308.55,437.99,30.94,71.04,1,-1,-1,-1
16,36,780.63,441.51,22.38,63.76,1,-1,-1,-1
16,38,721.40,437.00,21.90,62.00,1,-1,-1,-1
16,39,703.10,444.90,24.50,59.80,1,-1,-1,-1
17,1,1547.16,440.57,42.98,108.71,1,-1,-1,-1
17,2,1157.95,418.24,48.96,120.86,1,-1,-1,-1
17,4,589.22,422.31,89.67,212.81,1,-1,-1,-1
17,5,1056.29,431.74,34.26,84.36,1,-1,-1,-1
17,6,1372.79,410.54,84.15,248.44,1,-1,-1,-1
17,7,384.54,433.53,77.06,183.65,1,-1,-1,-1
17,8,1104.72,432.73,41.06,107.09,1,-1,-1,-1
17,9,518.68,435.19,61.46,180.25,1,-1,-1,-1
17,12,466.29,441.94,63.75,172.09,1,-1,-1,-1
17,26,797.25,441.29,21.93,69.18,1,-1,-1,-1
17,28,731.65,437.35,22.46,62.29,1,-1,-1,-1
17,32,301.23,438.04,31.07,70.99,1,-1,-1,-1
17,37,709.08,436.91,22.65,63.39,1,-1,-1,-1
17,40,744.00,435.60,36.70,71.30,1,-1,-1,-1
17,41,1074.40,429.30,27.20,84.10,1,-1,-1,-1
17,42,687.90,442.20,26.50,65.60,1,-1,-1,-1
18,1,1542.31,441.24,43.19,108.80,1,-1,-1,-1
18,2,1153.23,418.52,48.93,120.65,1,-1,-1,-1
18,4,582.97,423.26,90.05,213.09,1,-1,-1,-1
18,5,1051.72,431.67,34.28,84.57,1,-1,-1,-1
18,6,1373.56,411.28,84.67,250.92,1,-1,-1,-1
18,7,376.60,433.45,77.89,183.93,1,-1,-1,-1
18,8,1100.22,432.81,40.95,107.10,1,-1,-1,-1
18,9,512.53,435.61,61.83,180.69,1,-1,-1,-1
18,12,459.51,441.56,63.89,172.42,1,-1,-1,-1
18,26,791.88,442.03,21.92,68.96,1,-1,-1,-1
18,32,293.15,438.86,31.11,71.18,1,-1,-1,-1
18,39,700.96,440.06,23.59,60.71,1,-1,-1,-1
18,42,683.90,443.47,23.59,60.69,1,-1,-1,-1
18,43,738.40,442.00,23.10,58.20,1,-1,-1,-1
18,44,751.20,443.40,21.90,60.60,1,-1,-1,-1
19,1,1537.54,442.00,43.33,108.96,1,-1,-1,-1
19,2,1148.06,419.35,48.85,120.60,1,-1,-1,-1
19,4,576.13,424.04,90.67,213.62,1,-1,-1,-1
19,5,1045.73,432.15,34.41,84.56,1,-1,-1,-1
19,6,1372.97,412.53,85.20,253.38,1,-1,-1,-1
19,7,368.28,434.78,78.38,183.58,1,-1,-1,-1
19,8,1095.16,433.43,40.95,107.07,1,-1,-1,-1
19,9,506.38,436.79,61.87,180.76,1,-1,-1,-1
19,12,453.08,442.21,63.70,172.46,1,-1,-1,-1
19,32,284.51,439.70,31.13,71.34,1,-1,-1,-1
19,36,756.30,445.48,22.42,64.04,1,-1,-1,-1
19,39,695.38,441.94,23.50,61.18,1,-1,-1,-1
19,42,681.21,445.53,22.97,60.84,1,-1,-1,-1
19,43,736.80,441.24,22.74,61.20,1,-1,-1,-1
19,45,781.50,445.80,22.40,68.70,1,-1,-1,-1
20,1,1532.75,443.70,43.27,108.90,1,-1,-1,-1
20,2,1141.73,421.74,48.84,120.84,1,-1,-1,-1
20,4,566.69,427.32,91.16,214.87,1,-1,-1,-1
20,5,1039.62,433.64,34.49,84.70,1,-1,-1,-1
20,6,1371.06,416.23,85.04,254.92,1,-1,-1,-1
20,7,359.48,436.89,77.72,184.25,1,-1,-1,-1
20,8,1089.69,435.17,41.01,107.69,1,-1,-1,-1
20,9,499.23,439.33,61.58,180.29,1,-1,-1,-1
20,12,444.94,444.86,63.43,172.18,1,-1,-1,-1
20,36,745.62,448.76,22.16,63.21,1,-1,-1,-1
20,39,691.11,447.00,22.91,61.42,1,-1,-1,-1
20,46,268.20,446.00,30.10,70.60,1,-1,-1,-1
20,47,767.10,450.50,23.40,69.90,1,-1,-1,-1
21,1,1527.28,445.30,43.25,108.82,1,-1,-1,-1
21,2,1135.26,423.42,48.89,120.72,1,-1,-1,-1
21,4,555.93,430.31,92.81,215.74,1,-1,-1,-1
21,5,1033.43,435.51,34.65,84.44,1,-1,-1,-1
21,6,1369.50,418.31,84.51,256.75,1,-1,-1,-1
21,7,349.80,438.91,77.44,183.66,1,-1,-1,-1
21,8,1083.88,436.76,40.84,107.74,1,-1,-1,-1
21,9,491.47,441.78,61.21,179.92,1,-1,-1,-1
21,12,436.19,446.43,63.64,172.30,1,-1,-1,-1
21,47,762.73,450.44,23.13,72.90,1,-1,-1,-1
21,48,702.00,451.30,22.10,58.70,1,-1,-1,-1
21,49,663.00,452.40,23.20,58.30,1,-1,-1,-1
21,50,258.60,447.80,29.70,70.10,1,-1,-1,-1
22,4,546.11,434.12,93.68,216.11,1,-1,-1,-1
22,5,1027.25,437.17,34.42,84.44,1,-1,-1,-1
22,6,1365.59,419.60,84.44,258.08,1,-1,-1,-1
22,7,339.04,440.91,77.38,183.09,1,-1,-1,-1
22,9,482.08,443.63,61.24,179.93,1,-1,-1,-1
22,12,427.44,448.43,63.53,172.44,1,-1,-1,-1
22,42,667.95,451.91,23.25,60.93,1,-1,-1,-1
22,43,733.65,454.85,23.06,63.43,1,-1,-1,-1
22,47,753.00,452.91,23.64,72.90,1,-1,-1,-1
22,48,702.59,450.10,22.01,60.61,1,-1,-1,-1
22,51,1505.70,448.10,45.00,109.90,1,-1,-1,-1
22,52,1112.10,432.60,47.70,116.60,1,-1,-1,-1
22,53,1066.00,437.50,41.00,113.30,1,-1,-1,-1
22,54,722.10,454.80,21.40,59.50,1,-1,-1,-1
22,55,654.20,455.50,22.80,59.10,1,-1,-1,-1
22,56,247.60,448.10,30.00,71.90,1,-1,-1,-1
23,4,536.20,437.67,94.35,217.41,1,-1,-1,-1
23,6,1360.00,420.86,84.76,259.81,1,-1,-1,-1
23,7,327.91,443.17,77.21,182.51,1,-1,-1,-1
23,12,417.38,450.78,63.54,172.54,1,-1,-1,-1
23,43,736.15,458.49,22.61,66.79,1,-1,-1,-1
23,49,660.48,451.75,22.56,61.39,1,-1,-1,-1
23,51,1495.54,447.60,43.82,112.08,1,-1,-1,-1
23,52,1101.98,430.20,49.61,120.42,1,-1,-1,-1
23,57,1012.10,440.70,34.70,85.50,1,-1,-1,-1
23,58,454.30,454.60,60.00,177.40,1,-1,-1,-1
23,59,1050.20,442.20,40.70,106.40,1,-1,-1,-1
23,60,233.70,448.20,31.60,76.30,1,-1,-1,-1
24,4,525.06,440.74,95.54,219.42,1,-1,-1,-1
24,6,1353.67,421.99,85.40,262.74,1,-1,-1,-1
24,7,315.29,446.00,77.55,183.01,1,-1,-1,-1
24,8,1072.59,440.10,39.89,107.94,1,-1,-1,-1
24,12,407.07,453.46,63.68,172.69,1,-1,-1,-1
24,47,731.96,457.54,23.09,74.10,1,-1,-1,-1
24,51,1488.85,449.56,43.81,111.23,1,-1,-1,-1
24,52,1095.31,433.54,49.70,121.08,1,-1,-1,-1
24,55,653.67,455.51,22.07,59.28,1,-1,-1,-1
24,58,434.97,456.24,64.27,176.49,1,-1,-1,-1
24,59,1046.27,441.12,41.43,113.31,1,-1,-1,-1
24,61,621.30,456.50,23.30,56.50,1,-1,-1,-1
24,62,634.80,456.70,21.90,60.00,1,-1,-1,-1
24,63,672.60,455.60,22.20,62.40,1,-1,-1,-1
24,64,704.30,457.70,41.90,69.90,1,-1,-1,-1
24,65,1002.20,442.40,32.90,86.40,1,-1,-1,-1
24,66,218.70,452.80,33.30,77.00,1,-1,-1,-1
25,8,1069.01,441.11,40.73,109.05,1,-1,-1,-1
25,48,702.81,462.50,22.00,66.76,1,-1,-1,-1
25,55,648.48,456.28,22.66,60.06,1,-1,-1,-1
25,57,1010.84,448.31,41.61,102.59,1,-1,-1,-1
25,58,423.10,453.85,59.11,179.23,1,-1,-1,-1
25,59,1036.18,443.41,37.15,110.58,1,-1,-1,-1
25,61,621.58,455.90,22.94,58.68,1,-1,-1,-1
25,67,477.10,437.80,110.30,242.70,1,-1,-1,-1
25,68,185.80,453.70,32.30,72.30,1,-1,-1,-1
25,69,1317.90,409.10,95.70,284.30,1,-1,-1,-1
25,70,273.70,450.50,79.40,189.10,1,-1,-1,-1
25,71,370.90,456.00,66.60,180.50,1,-1,-1,-1
25,72,1463.90,451.30,43.50,109.60,1,-1,-1,-1
25,73,991.10,447.50,35.20,87.40,1,-1,-1,-1
26,8,1062.71,441.70,41.34,110.57,1,-1,-1,-1
26,49,654.81,457.64,22.68,61.40,1,-1,-1,-1
26,58,406.77,452.08,60.49,180.23,1,-1,-1,-1
26,61,623.75,455.90,22.78,59.60,1,-1,-1,-1
26,65,1000.68,448.43,38.63,103.68,1,-1,-1,-1
26,67,462.40,442.11,107.39,234.88,1,-1,-1,-1
26,69,1310.21,412.13,94.34,290.03,1,-1,-1,-1
26,70,257.16,453.24,81.85,186.10,1,-1,-1,-1
26,71,354.95,457.62,66.69,178.95,1,-1,-1,-1
26,72,1451.77,450.26,44.86,110.78,1,-1,-1,-1
26,74,597.10,455.80,24.50,58.20,1,-1,-1,-1
26,75,610.50,454.60,22.40,61.60,1,-1,-1,-1
26,76,1267.30,434.80,69.90,192.00,1,-1,-1,-1
26,77,695.50,458.90,23.90,75.70,1,-1,-1,-1
26,78,171.50,448.80,32.30,79.50,1,-1,-1,-1
26,79,972.80,444.00,31.20,85.30,1,-1,-1,-1
27,12,382.65,456.60,63.34,173.86,1,-1,-1,-1
27,49,649.92,455.53,22.62,62.59,1,-1,-1,-1
27,59,1015.42,441.28,36.34,111.55,1,-1,-1,-1
27,63,672.66,456.15,23.47,69.49,1,-1,-1,-1
27,67,437.82,434.71,104.90,239.44,1,-1,-1,-1
27,69,1292.57,409.96,95.09,292.94,1,-1,-1,-1
27,70,228.01,454.45,81.88,186.00,1,-1,-1,-1
27,71,329.49,458.12,67.94,179.74,1,-1,-1,-1
27,72,1433.62,449.78,44.69,109.74,1,-1,-1,-1
27,73,986.31,443.98,37.29,107.31,1,-1,-1,-1
27,75,611.48,453.65,22.22,60.33,1,-1,-1,-1
27,76,1248.00,435.82,72.63,186.09,1,-1,-1,-1
27,80,573.40,455.70,22.20,58.90,1,-1,-1,-1
27,81,1033.30,434.20,48.90,123.20,1,-1,-1,-1
27,82,590.30,454.80,22.20,58.60,1,-1,-1,-1
27,83,141.90,448.60,32.50,79.60,1,-1,-1,-1
27,84,950.50,441.70,33.80,87.10,1,-1,-1,-1
28,58,364.46,449.38,61.76,182.68,1,-1,-1,-1
28,61,627.50,457.54,22.05,60.03,1,-1,-1,-1
28,67,414.37,433.81,108.32,243.66,1,-1,-1,-1
28,69,1280.19,410.16,94.27,292.56,1,-1,-1,-1
28,70,209.65,450.98,81.92,189.58,1,-1,-1,-1
28,71,306.63,460.43,67.30,179.40,1,-1,-1,-1
28,72,1419.90,450.51,43.74,110.78,1,-1,-1,-1
28,76,1233.09,438.01,69.07,183.75,1,-1,-1,-1
28,79,973.08,446.23,39.02,106.67,1,-1,-1,-1
28,81,1020.44,439.55,47.26,120.93,1,-1,-1,-1
28,85,659.80,457.20,23.60,76.60,1,-1,-1,-1
28,86,566.90,456.10,22.00,61.10,1,-1,-1,-1
28,87,579.00,455.60,21.30,62.00,1,-1,-1,-1
28,88,115.90,453.00,33.50,78.00,1,-1,-1,-1
28,89,931.80,443.70,33.70,86.90,1,-1,-1,-1
29,49,645.15,459.14,22.69,65.89,1,-1,-1,-1
29,58,347.52,447.31,63.73,184.10,1,-1,-1,-1
29,67,395.43,432.32,109.58,246.07,1,-1,-1,-1
29,69,1272.64,409.84,94.15,291.71,1,-1,-1,-1
29,70,196.98,447.90,82.60,192.60,1,-1,-1,-1
29,71,288.60,460.20,66.47,178.79,1,-1,-1,-1
29,72,1405.51,451.08,43.68,111.51,1,-1,-1,-1
29,76,1218.92,438.45,69.90,182.75,1,-1,-1,-1
29,80,571.92,454.58,20.47,62.63,1,-1,-1,-1
29,81,1007.76,437.83,46.95,120.72,1,-1,-1,-1
29,90,533.40,455.90,22.80,58.20,1,-1,-1,-1
29,91,958.60,445.20,43.50,109.40,1,-1,-1,-1
29,92,551.70,453.80,21.50,61.30,1,-1,-1,-1
29,93,101.80,450.40,34.00,81.30,1,-1,-1,-1
29,94,920.30,442.10,32.60,86.00,1,-1,-1,-1
30,67,367.57,432.10,112.25,248.29,1,-1,-1,-1
30,69,1261.16,412.70,95.53,291.96,1,-1,-1,-1
30,70,173.25,448.44,83.89,192.89,1,-1,-1,-1
30,71,268.20,458.39,65.89,180.29,1,-1,-1,-1
30,72,1390.93,452.38,43.58,112.22,1,-1,-1,-1
30,76,1198.16,440.34,71.32,181.40,1,-1,-1,-1
30,80,571.97,455.21,22.35,63.24,1,-1,-1,-1
30,81,990.51,438.48,46.80,119.60,1,-1,-1,-1
30,84,939.47,445.26,41.07,104.65,1,-1,-1,-1
30,90,531.04,453.74,21.07,60.84,1,-1,-1,-1
30,95,517.50,455.00,22.70,60.40,1,-1,-1,-1
30,96,624.90,455.90,23.00,73.80,1,-1,-1,-1
30,97,599.50,455.90,21.40,64.10,1,-1,-1,-1
30,98,543.70,451.70,22.00,61.50,1,-1,-1,-1
30,99,70.30,449.20,32.70,77.30,1,-1,-1,-1
30,100,901.70,443.10,34.70,89.40,1,-1,-1,-1
31,67,345.04,431.71,114.14,251.03,1,-1,-1,-1
31,69,1253.24,416.29,95.06,292.83,1,-1,-1,-1
31,70,154.31,447.28,84.12,194.50,1,-1,-1,-1
31,71,250.03,458.02,66.52,181.46,1,-1,-1,-1
31,72,1378.85,454.98,43.57,112.14,1,-1,-1,-1
31,76,1182.43,442.93,71.75,180.81,1,-1,-1,-1
31,81,976.47,439.82,46.77,118.74,1,-1,-1,-1
31,84,929.74,447.45,41.90,108.17,1,-1,-1,-1
31,90,531.58,456.34,21.18,61.25,1,-1,-1,-1
31,92,551.93,456.65,22.23,64.48,1,-1,-1,-1
31,95,513.95,456.42,20.97,61.22,1,-1,-1,-1
31,101,612.50,458.40,22.70,78.00,1,-1,-1,-1
31,102,582.70,458.20,41.30,71.40,1,-1,-1,-1
31,103,51.20,449.30,34.60,80.50,1,-1,-1,-1
31,104,888.50,443.70,33.70,89.70,1,-1,-1,-1
32,67,326.03,432.91,114.93,253.76,1,-1,-1,-1
32,69,1246.16,419.36,94.78,295.16,1,-1,-1,-1
32,70,138.32,448.31,83.77,195.84,1,-1,-1,-1
32,71,233.08,458.37,66.80,181.99,1,-1,-1,-1
32,72,1368.09,457.10,43.49,111.95,1,-1,-1,-1
32,76,1169.08,444.45,72.62,180.42,1,-1,-1,-1
32,81,964.31,441.71,47.07,118.63,1,-1,-1,-1
32,84,919.98,450.81,41.24,108.31,1,-1,-1,-1
32,90,526.96,458.43,21.35,62.12,1,-1,-1,-1
32,95,505.29,458.46,21.23,61.59,1,-1,-1,-1
32,101,606.23,459.86,24.25,77.36,1,-1,-1,-1
32,104,879.09,445.02,33.70,88.25,1,-1,-1,-1
32,105,492.00,457.90,21.10,60.40,1,-1,-1,-1
32,106,560.70,458.00,21.90,65.00,1,-1,-1,-1
32,107,34.70,454.80,34.40,78.60,1,-1,-1,-1
33,67,307.44,436.02,114.73,254.98,1,-1,-1,-1
33,69,1240.26,421.84,95.19,296.21,1,-1,-1,-1
33,70,121.73,450.23,84.55,196.44,1,-1,-1,-1
33,71,217.55,460.00,67.24,182.25,1,-1,-1,-1
33,72,1357.73,460.24,43.59,111.64,1,-1,-1,-1
33,76,1157.13,446.36,73.09,179.38,1,-1,-1,-1
33,80,570.96,463.63,22.47,64.64,1,-1,-1,-1
33,81,952.31,444.36,47.33,118.89,1,-1,-1,-1
33,84,908.23,453.94,41.92,108.97,1,-1,-1,-1
33,90,522.27,461.49,21.54,62.12,1,-1,-1,-1
33,101,595.73,461.60,23.84,76.09,1,-1,-1,-1
33,104,869.11,451.02,32.31,87.94,1,-1,-1,-1
33,105,486.30,461.76,22.19,60.31,1,-1,-1,-1
33,108,505.70,461.20,22.40,61.90,1,-1,-1,-1
33,109,17.50,457.60,36.60,84.10,1,-1,-1,-1
34,67,289.36,439.51,115.01,256.39,1,-1,-1,-1
34,69,1236.00,423.62,95.70,298.24,1,-1,-1,-1
34,70,106.51,452.14,84.89,196.55,1,-1,-1,-1
34,71,202.89,462.15,67.26,182.54,1,-1,-1,-1
34,72,1347.97,462.48,43.39,111.10,1,-1,-1,-1
34,76,1144.43,449.29,73.41,179.17,1,-1,-1,-1
34,80,571.57,467.36,23.17,66.54,1,-1,-1,-1
34,81,941.34,445.24,47.62,119.48,1,-1,-1,-1
34,84,897.04,456.34,42.43,109.99,1,-1,-1,-1
34,90,518.42,463.74,21.78,62.34,1,-1,-1,-1
34,95,488.95,463.16,21.42,60.23,1,-1,-1,-1
34,101,586.68,462.47,23.83,76.55,1,-1,-1,-1
34,104,860.70,452.34,32.54,88.48,1,-1,-1,-1
34,110,525.80,457.10,40.80,72.20,1,-1,-1,-1
34,111,884.00,453.80,28.90,99.30,1,-1,-1,-1
34,112,5.70,454.20,31.10,88.50,1,-1,-1,-1
35,67,270.14,444.01,115.59,258.64,1,-1,-1,-1
35,69,1231.36,426.45,96.10,301.74,1,-1,-1,-1
35,70,91.53,452.53,84.90,197.93,1,-1,-1,-1
35,71,187.52,464.82,67.74,183.00,1,-1,-1,-1
35,72,1337.32,464.27,43.29,110.48,1,-1,-1,-1
35,76,1132.16,452.80,73.91,178.27,1,-1,-1,-1
35,80,571.01,470.19,23.29,68.37,1,-1,-1,-1
35,81,929.14,447.60,47.91,119.47,1,-1,-1,-1
35,84,885.49,459.28,42.64,109.89,1,-1,-1,-1
35,95,479.29,467.04,21.74,61.14,1,-1,-1,-1
35,104,847.80,455.20,32.50,88.46,1,-1,-1,-1
35,113,586.90,465.70,24.10,71.00,1,-1,-1,-1
35,114,464.40,468.50,22.70,60.30,1,-1,-1,-1
35,115,494.20,466.00,23.60,65.60,1,-1,-1,-1
35,116,531.10,464.60,23.50,69.50,1,-1,-1,-1
36,67,251.36,446.81,116.62,261.76,1,-1,-1,-1
36,69,1228.17,428.24,96.34,305.48,1,-1,-1,-1
36,70,78.11,454.02,84.99,198.81,1,-1,-1,-1
36,71,174.16,467.15,67.38,183.43,1,-1,-1,-1
36,72,1328.25,465.98,43.21,109.63,1,-1,-1,-1
36,76,1121.74,454.11,73.96,177.25,1,-1,-1,-1
36,81,919.80,449.16,47.99,119.47,1,-1,-1,-1
36,84,875.82,461.44,42.83,109.62,1,-1,-1,-1
36,101,567.54,467.53,23.79,75.71,1,-1,-1,-1
36,104,840.13,456.58,32.54,88.74,1,-1,-1,-1
36,105,475.90,468.80,23.02,61.76,1,-1,-1,-1
36,114,459.97,470.12,23.43,58.85,1,-1,-1,-1
36,115,490.60,466.77,22.87,65.05,1,-1,-1,-1
36,116,534.66,466.55,23.23,68.86,1,-1,-1,-1
37,67,234.17,448.49,117.19,265.41,1,-1,-1,-1
37,69,1224.49,428.21,96.83,308.17,1,-1,-1,-1
37,70,65.49,455.69,84.61,199.25,1,-1,-1,-1
37,71,161.87,468.94,67.33,183.31,1,-1,-1,-1
37,72,1320.28,466.49,43.04,109.23,1,-1,-1,-1
37,76,1111.43,456.28,73.84,176.54,1,-1,-1,-1
37,81,909.90,449.71,47.99,119.77,1,-1,-1,-1
37,84,866.86,461.83,42.98,109.92,1,-1,-1,-1
37,101,560.39,466.76,23.84,76.32,1,-1,-1,-1
37,104,833.68,456.51,32.84,89.29,1,-1,-1,-1
37,105,475.27,469.19,22.98,62.27,1,-1,-1,-1
37,114,454.51,470.32,23.37,59.78,1,-1,-1,-1
37,116,540.13,464.94,23.26,69.46,1,-1,-1,-1
37,117,492.40,462.60,42.80,71.70,1,-1,-1,-1
38,67,218.86,450.60,117.58,268.41,1,-1,-1,-1
38,69,1221.96,427.48,97.03,309.24,1,-1,-1,-1
38,70,53.92,457.40,84.44,199.50,1,-1,-1,-1
38,71,151.25,470.36,67.19,183.07,1,-1,-1,-1
38,76,1103.53,457.50,73.65,176.60,1,-1,-1,-1
38,81,902.00,449.76,47.82,119.63,1,-1,-1,-1
38,84,859.60,461.27,42.84,109.96,1,-1,-1,-1
38,95,454.81,470.63,22.11,61.15,1,-1,-1,-1
38,101,554.84,467.66,23.94,76.32,1,-1,-1,-1
38,104,828.65,455.84,32.87,89.02,1,-1,-1,-1
38,115,479.15,466.82,22.79,64.31,1,-1,-1,-1
38,118,1324.60,466.80,41.10,101.20,1,-1,-1,-1
38,119,532.70,466.60,22.80,67.20,1,-1,-1,-1
39,67,206.74,451.27,118.48,270.89,1,-1,-1,-1
39,69,1219.55,426.95,97.78,310.47,1,-1,-1,-1
39,70,44.24,456.55,85.23,200.55,1,-1,-1,-1
39,76,1096.56,457.59,73.60,176.66,1,-1,-1,-1
39,84,853.02,460.76,42.96,109.66,1,-1,-1,-1
39,95,447.61,469.89,22.20,61.18,1,-1,-1,-1
39,101,546.22,467.27,23.90,76.19,1,-1,-1,-1
39,104,824.39,454.88,32.78,89.05,1,-1,-1,-1
39,115,473.86,465.83,22.79,64.50,1,-1,-1,-1
39,118,1321.69,464.15,40.19,106.20,1,-1,-1,-1
39,120,157.50,472.40,65.90,180.90,1,-1,-1,-1
39,121,904.80,446.00,49.40,121.50,1,-1,-1,-1
39,122,433.80,468.90,22.40,58.20,1,-1,-1,-1
39,123,494.70,463.90,23.60,67.60,1,-1,-1,-1
40,67,193.57,451.51,119.92,273.52,1,-1,-1,-1
40,69,1218.66,426.34,99.20,312.47,1,-1,-1,-1
40,70,33.38,456.59,85.77,201.03,1,-1,-1,-1
40,71,126.23,470.68,67.29,182.52,1,-1,-1,-1
40,76,1088.00,456.27,73.47,176.50,1,-1,-1,-1
40,84,847.15,459.46,42.82,109.70,1,-1,-1,-1
40,101,537.67,467.08,23.92,76.04,1,-1,-1,-1
40,104,817.95,452.12,33.00,89.63,1,-1,-1,-1
40,115,467.54,463.88,23.02,64.68,1,-1,-1,-1
40,117,503.94,462.36,25.61,70.97,1,-1,-1,-1
40,118,1317.20,460.52,39.57,111.04,1,-1,-1,-1
40,121,896.78,443.82,47.31,119.41,1,-1,-1,-1
40,122,433.18,466.03,21.85,58.20,1,-1,-1,-1
40,124,742.70,456.80,27.70,70.20,1,-1,-1,-1
40,125,450.20,463.80,22.00,61.60,1,-1,-1,-1
41,67,181.39,451.75,121.40,275.40,1,-1,-1,-1
41,69,1217.66,426.45,100.64,313.33,1,-1,-1,-1
41,70,23.26,456.65,86.57,201.02,1,-1,-1,-1
41,76,1080.82,453.87,73.16,176.07,1,-1,-1,-1
41,84,841.70,458.62,42.40,109.53,1,-1,-1,-1
41,101,529.57,465.91,23.90,76.08,1,-1,-1,-1
41,104,813.25,449.99,33.05,89.80,1,-1,-1,-1
41,115,459.15,461.36,22.93,64.70,1,-1,-1,-1
41,117,509.59,461.03,24.31,71.61,1,-1,-1,-1
41,121,890.91,441.17,47.11,119.98,1,-1,-1,-1
41,122,431.59,463.35,22.12,58.49,1,-1,-1,-1
41,124,737.02,456.87,27.06,69.56,1,-1,-1,-1
41,125,445.43,461.07,21.64,62.60,1,-1,-1,-1
41,126,133.30,467.10,64.70,180.70,1,-1,-1,-1
41,127,471.50,457.00,47.20,71.30,1,-1,-1,-1
42,67,170.32,450.83,122.94,277.94,1,-1,-1,-1
42,69,1216.83,424.90,102.54,314.96,1,-1,-1,-1
42,70,14.12,456.80,87.08,201.01,1,-1,-1,-1
42,76,1073.55,451.42,73.09,175.89,1,-1,-1,-1
42,84,835.67,456.68,42.02,109.38,1,-1,-1,-1
42,95,423.81,466.23,21.99,60.72,1,-1,-1,-1
42,101,522.14,464.64,23.96,76.30,1,-1,-1,-1
42,104,808.11,447.79,33.02,90.10,1,-1,-1,-1
42,115,452.77,459.56,22.86,64.54,1,-1,-1,-1
42,121,884.29,440.02,47.80,119.59,1,-1,-1,-1
42,124,732.14,452.54,26.84,70.59,1,-1,-1,-1
42,126,126.17,466.89,66.97,186.97,1,-1,-1,-1
42,127,470.58,456.87,44.29,68.48,1,-1,-1,-1
43,67,158.76,449.10,124.65,281.33,1,-1,-1,-1
43,69,1216.24,422.96,104.45,316.69,1,-1,-1,-1
43,70,6.18,456.86,86.90,201.33,1,-1,-1,-1
43,76,1066.96,448.69,72.94,175.85,1,-1,-1,-1
43,84,829.59,454.28,42.11,109.52,1,-1,-1,-1
43,95,417.09,463.47,21.96,60.53,1,-1,-1,-1
43,104,802.28,445.73,33.29,89.84,1,-1,-1,-1
43,117,517.06,461.06,24.44,73.77,1,-1,-1,-1
43,121,878.16,438.01,48.15,118.89,1,-1,-1,-1
43,124,727.24,451.91,27.71,71.02,1,-1,-1,-1
43,125,441.69,458.39,21.28,61.68,1,-1,-1,-1
43,126,115.62,464.23,67.99,187.80,1,-1,-1,-1
43,127,475.36,458.11,45.30,67.92,1,-1,-1,-1
43,128,456.90,458.20,22.60,64.50,1,-1,-1,-1
44,67,147.10,447.56,126.57,282.74,1,-1,-1,-1
44,69,1215.37,421.87,106.11,318.89,1,-1,-1,-1
44,70,-2.32,455.79,87.09,201.79,1,-1,-1,-1
44,76,1060.87,446.22,73.07,175.98,1,-1,-1,-1
44,84,824.23,451.93,42.10,109.73,1,-1,-1,-1
44,95,408.41,462.12,21.73,60.23,1,-1,-1,-1
44,104,797.66,443.84,33.22,89.88,1,-1,-1,-1
44,115,441.43,457.77,22.68,64.39,1,-1,-1,-1
44,121,873.54,436.98,48.23,119.14,1,-1,-1,-1
44,124,722.54,450.90,28.32,70.71,1,-1,-1,-1
44,126,107.53,460.68,63.69,184.61,1,-1,-1,-1
44,127,475.31,459.06,45.10,68.86,1,-1,-1,-1
44,128,459.52,459.26,23.51,65.95,1,-1,-1,-1
44,129,513.10,458.90,24.70,78.90,1,-1,-1,-1
44,130,419.40,460.20,21.70,60.30,1,-1,-1,-1
45,67,133.29,445.15,128.79,286.65,1,-1,-1,-1
45,69,1215.00,420.36,107.35,321.87,1,-1,-1,-1
45,70,-10.33,455.48,86.87,202.49,1,-1,-1,-1
45,76,1054.50,443.76,73.11,176.24,1,-1,-1,-1
45,84,818.75,450.26,42.02,109.42,1,-1,-1,-1
45,104,791.71,442.16,33.37,90.18,1,-1,-1,-1
45,115,435.58,457.68,22.64,64.27,1,-1,-1,-1
45,121,868.97,435.92,47.93,119.53,1,-1,-1,-1
45,124,716.31,450.23,28.23,70.19,1,-1,-1,-1
45,128,459.96,460.04,23.65,66.69,1,-1,-1,-1
45,129,506.67,460.28,24.97,76.63,1,-1,-1,-1
45,130,422.12,459.02,22.79,62.75,1,-1,-1,-1
45,131,407.70,461.10,21.60,58.90,1,-1,-1,-1
46,67,118.60,445.41,131.78,290.48,1,-1,-1,-1
46,69,1215.20,419.33,108.51,324.51,1,-1,-1,-1
46,70,-17.10,455.94,85.85,203.16,1,-1,-1,-1
46,76,1048.01,441.67,73.14,176.24,1,-1,-1,-1
46,84,813.98,449.30,41.76,109.32,1,-1,-1,-1
46,104,786.38,440.94,33.34,90.46,1,-1,-1,-1
46,121,864.87,436.14,47.98,119.47,1,-1,-1,-1
46,124,710.46,450.20,28.12,70.83,1,-1,-1,-1
46,129,498.55,461.25,26.28,78.82,1,-1,-1,-1
46,130,426.57,461.03,22.56,62.73,1,-1,-1,-1
46,132,237.50,450.10,61.80,196.10,1,-1,-1,-1
46,133,804.40,447.00,35.40,98.00,1,-1,-1,-1
46,134,436.80,457.20,39.60,70.30,1,-1,-1,-1
46,135,479.40,461.10,23.80,70.90,1,-1,-1,-1
46,136,401.20,463.80,21.40,58.30,1,-1,-1,-1
47,67,105.80,444.20,133.80,294.01,1,-1,-1,-1
47,69,1215.99,416.93,109.68,328.31,1,-1,-1,-1
47,70,-22.54,455.67,83.78,203.84,1,-1,-1,-1
47,76,1041.88,439.99,72.95,176.04,1,-1,-1,-1
47,84,809.08,447.74,41.72,109.57,1,-1,-1,-1
47,104,781.64,440.36,33.56,90.19,1,-1,-1,-1
47,121,860.46,435.93,47.85,119.28,1,-1,-1,-1
47,124,704.88,448.15,27.83,70.73,1,-1,-1,-1
47,129,493.37,458.85,26.15,79.24,1,-1,-1,-1
47,130,428.20,459.17,22.73,63.34,1,-1,-1,-1
47,132,226.45,446.20,65.07,199.74,1,-1,-1,-1
47,136,397.13,459.11,21.22,61.94,1,-1,-1,-1
48,67,91.30,445.31,136.60,297.08,1,-1,-1,-1
48,69,1217.39,415.15,110.29,331.68,1,-1,-1,-1
48,70,-26.87,455.73,80.93,204.70,1,-1,-1,-1
48,76,1035.66,439.43,72.78,175.88,1,-1,-1,-1
48,84,804.09,446.84,41.78,109.61,1,-1,-1,-1
48,104,777.35,440.39,33.73,90.31,1,-1,-1,-1
48,121,856.85,436.04,47.66,119.69,1,-1,-1,-1
48,124,699.69,446.53,27.75,70.86,1,-1,-1,-1
48,129,487.38,459.38,26.34,79.51,1,-1,-1,-1
48,130,427.69,461.54,22.60,63.36,1,-1,-1,-1
48,131,410.97,462.23,20.96,61.63,1,-1,-1,-1
48,132,216.10,448.85,67.58,203.31,1,-1,-1,-1
48,134,440.22,459.12,40.24,70.85,1,-1,-1,-1
48,136,391.46,462.77,21.83,60.87,1,-1,-1,-1
48,137,901.70,440.40,27.10,100.10,1,-1,-1,-1
49,67,77.10,446.16,138.68,299.76,1,-1,-1,-1
49,69,1219.42,413.88,110.23,335.54,1,-1,-1,-1
49,76,1029.86,438.64,73.01,175.81,1,-1,-1,-1
49,84,798.64,446.06,41.88,109.83,1,-1,-1,-1
49,104,772.42,440.28,33.77,89.66,1,-1,-1,-1
49,121,852.06,436.33,47.61,119.67,1,-1,-1,-1
49,124,694.38,445.97,27.88,71.12,1,-1,-1,-1
49,129,482.86,459.51,26.54,79.57,1,-1,-1,-1
49,130,430.30,461.11,22.89,64.30,1,-1,-1,-1
49,131,409.43,460.19,21.41,62.96,1,-1,-1,-1
49,132,208.02,448.93,68.86,203.04,1,-1,-1,-1
49,136,388.45,462.44,22.05,61.40,1,-1,-1,-1
49,137,902.43,441.93,30.10,101.01,1,-1,-1,-1
49,138,6.40,448.50,33.40,216.60,1,-1,-1,-1
49,139,374.90,462.10,20.40,57.40,1,-1,-1,-1
50,67,61.78,446.70,140.61,302.92,1,-1,-1,-1
50,69,1222.34,411.72,109.43,339.65,1,-1,-1,-1
50,76,1022.94,437.75,72.81,175.93,1,-1,-1,-1
50,84,793.83,444.94,42.02,110.11,1,-1,-1,-1
50,104,767.07,439.95,34.03,89.96,1,-1,-1,-1
50,121,847.83,435.14,47.20,119.28,1,-1,-1,-1
50,124,688.71,446.16,27.97,71.12,1,-1,-1,-1
50,129,476.28,458.54,26.75,79.88,1,-1,-1,-1
50,130,432.81,460.68,22.96,64.57,1,-1,-1,-1
50,131,408.31,459.20,21.54,62.97,1,-1,-1,-1
50,132,193.00,449.41,69.71,203.54,1,-1,-1,-1
50,136,385.87,461.17,21.96,61.17,1,-1,-1,-1
50,139,371.52,461.67,20.13,56.58,1,-1,-1,-1
50,140,881.70,437.40,34.70,105.20,1,-1,-1,-1
50,141,5.90,520.60,29.10,132.40,1,-1,-1,-1
51,67,46.68,446.31,142.42,307.00,1,-1,-1,-1
51,69,1225.45,410.23,108.35,344.46,1,-1,-1,-1
51,76,1017.25,437.84,72.28,175.66,1,-1,-1,-1
51,84,789.47,444.71,41.69,110.09,1,-1,-1,-1
51,104,762.07,440.08,34.06,89.99,1,-1,-1,-1
51,121,842.91,435.61,46.82,119.25,1,-1,-1,-1
51,124,683.16,446.47,28.00,71.22,1,-1,-1,-1
51,129,470.93,458.52,26.76,80.12,1,-1,-1,-1
51,130,434.60,460.53,23.07,65.07,1,-1,-1,-1
51,131,405.56,459.07,21.83,62.88,1,-1,-1,-1
51,132,183.12,448.44,70.00,203.88,1,-1,-1,-1
51,136,386.00,460.55,21.99,61.24,1,-1,-1,-1
51,139,371.98,460.63,20.45,57.79,1,-1,-1,-1
51,140,881.20,436.71,34.52,107.56,1,-1,-1,-1
52,67,32.18,445.31,144.95,311.04,1,-1,-1,-1
52,69,1228.18,408.67,107.88,348.47,1,-1,-1,-1
52,76,1010.89,438.00,72.03,175.35,1,-1,-1,-1
52,84,784.88,443.92,41.42,110.00,1,-1,-1,-1
52,104,758.11,439.77,34.15,90.31,1,-1,-1,-1
52,121,837.79,435.75,46.77,119.29,1,-1,-1,-1
52,124,677.74,445.57,27.99,71.41,1,-1,-1,-1
52,129,465.28,457.20,27.02,80.44,1,-1,-1,-1
52,131,402.87,456.88,21.83,63.34,1,-1,-1,-1
52,132,173.32,446.67,71.05,204.10,1,-1,-1,-1
52,136,385.77,458.14,21.85,61.56,1,-1,-1,-1
52,139,368.42,458.64,20.89,58.19,1,-1,-1,-1
52,140,874.37,438.57,35.47,107.92,1,-1,-1,-1
52,142,452.40,455.90,23.70,75.90,1,-1,-1,-1
53,67,19.40,443.78,147.67,315.18,1,-1,-1,-1
53,69,1231.13,406.87,107.60,352.41,1,-1,-1,-1
53,76,1003.89,437.42,72.06,175.39,1,-1,-1,-1
53,84,780.38,442.96,41.37,109.94,1,-1,-1,-1
53,104,753.94,439.72,34.39,90.16,1,-1,-1,-1
53,121,832.75,435.38,46.87,119.36,1,-1,-1,-1
53,124,672.93,444.30,27.91,71.93,1,-1,-1,-1
53,129,460.23,455.98,27.10,80.90,1,-1,-1,-1
53,131,400.00,455.02,21.88,63.65,1,-1,-1,-1
53,132,165.09,444.54,71.68,203.77,1,-1,-1,-1
53,136,385.10,456.08,21.95,61.63,1,-1,-1,-1
53,139,368.54,457.57,22.16,59.43,1,-1,-1,-1
53,140,870.45,437.73,37.32,107.09,1,-1,-1,-1
53,143,355.50,457.60,20.60,58.90,1,-1,-1,-1
54,67,6.60,441.82,148.34,319.66,1,-1,-1,-1
54,69,1234.09,405.66,107.51,357.29,1,-1,-1,-1
54,76,997.08,435.60,72.13,175.67,1,-1,-1,-1
54,84,775.49,441.29,41.22,110.04,1,-1,-1,-1
54,104,750.08,439.03,34.55,90.35,1,-1,-1,-1
54,121,827.64,433.72,46.98,119.58,1,-1,-1,-1
54,124,667.84,442.73,27.83,72.26,1,-1,-1,-1
54,129,454.61,453.06,27.15,80.61,1,-1,-1,-1
54,132,156.23,441.68,72.29,204.16,1,-1,-1,-1
54,139,368.20,454.37,23.12,60.82,1,-1,-1,-1
54,140,867.71,434.32,37.84,107.14,1,-1,-1,-1
54,143,356.16,453.51,22.05,60.54,1,-1,-1,-1
54,144,427.00,447.90,26.40,72.30,1,-1,-1,-1
54,145,407.50,450.10,24.80,69.80,1,-1,-1,-1
54,146,393.10,451.60,23.10,65.50,1,-1,-1,-1
55,67,-5.32,438.99,147.90,324.57,1,-1,-1,-1
55,69,1237.08,403.52,109.01,362.66,1,-1,-1,-1
55,76,989.17,432.89,72.27,175.80,1,-1,-1,-1
55,84,769.02,438.61,41.56,110.37,1,-1,-1,-1
55,104,744.47,437.56,34.81,90.53,1,-1,-1,-1
55,121,821.71,431.50,46.69,119.67,1,-1,-1,-1
55,124,662.54,440.66,27.80,72.06,1,-1,-1,-1
55,129,448.34,450.32,27.36,80.44,1,-1,-1,-1
55,132,143.26,439.71,72.82,204.37,1,-1,-1,-1
55,139,369.90,451.16,23.64,61.58,1,-1,-1,-1
55,140,861.90,431.76,38.38,107.53,1,-1,-1,-1
55,143,354.96,450.97,21.98,61.14,1,-1,-1,-1
55,146,388.86,446.89,23.65,66.59,1,-1,-1,-1
55,147,341.90,452.60,22.30,60.00,1,-1,-1,-1
56,67,-15.30,437.54,146.09,329.49,1,-1,-1,-1
56,69,1239.70,401.52,110.67,367.70,1,-1,-1,-1
56,76,981.86,430.79,72.53,176.27,1,-1,-1,-1
56,84,763.24,436.14,41.61,110.68,1,-1,-1,-1
56,104,738.93,436.20,35.01,90.49,1,-1,-1,-1
56,121,815.90,429.60,46.62,119.94,1,-1,-1,-1
56,124,658.02,439.15,27.67,71.69,1,-1,-1,-1
56,129,440.26,447.98,27.47,80.07,1,-1,-1,-1
56,131,392.30,449.44,22.50,64.32,1,-1,-1,-1
56,132,132.00,438.48,73.13,205.03,1,-1,-1,-1
56,139,372.09,449.47,23.55,62.40,1,-1,-1,-1
56,140,856.92,429.41,38.77,108.33,1,-1,-1,-1
56,143,352.57,450.47,21.95,61.75,1,-1,-1,-1
56,145,410.78,449.47,24.53,67.16,1,-1,-1,-1
56,147,339.14,451.41,22.57,62.18,1,-1,-1,-1
57,67,-23.71,436.30,142.93,331.99,1,-1,-1,-1
57,69,1242.46,400.68,112.64,372.51,1,-1,-1,-1
57,76,974.73,428.67,72.72,176.45,1,-1,-1,-1
57,84,757.78,434.38,41.60,111.06,1,-1,-1,-1
57,104,733.46,435.41,35.02,90.64,1,-1,-1,-1
57,121,809.43,428.19,46.49,119.94,1,-1,-1,-1
57,124,652.82,437.92,27.54,71.52,1,-1,-1,-1
57,132,120.87,437.87,73.71,204.89,1,-1,-1,-1
57,139,371.83,448.95,23.43,62.86,1,-1,-1,-1
57,140,851.44,427.96,39.29,108.87,1,-1,-1,-1
57,143,352.92,450.24,21.79,61.89,1,-1,-1,-1
57,144,422.16,449.16,25.58,69.48,1,-1,-1,-1
57,145,407.49,450.12,23.75,66.61,1,-1,-1,-1
57,147,337.52,452.17,21.15,61.47,1,-1,-1,-1
57,148,782.90,430.90,34.00,114.00,1,-1,-1,-1
58,67,-28.30,436.03,139.05,332.63,1,-1,-1,-1
58,69,1244.99,399.81,114.44,377.79,1,-1,-1,-1
58,76,967.57,427.05,72.92,176.33,1,-1,-1,-1
58,84,752.33,432.77,41.53,111.36,1,-1,-1,-1
58,104,727.31,433.25,35.12,90.77,1,-1,-1,-1
58,121,802.71,426.38,46.44,120.25,1,-1,-1,-1
58,124,647.60,436.48,27.36,71.22,1,-1,-1,-1
58,131,390.07,448.73,22.50,64.58,1,-1,-1,-1
58,132,110.22,437.68,74.43,205.05,1,-1,-1,-1
58,139,370.72,448.78,23.28,63.09,1,-1,-1,-1
58,140,847.17,426.43,39.85,109.19,1,-1,-1,-1
58,143,352.71,450.01,21.73,61.81,1,-1,-1,-1
58,145,407.16,450.57,23.80,65.72,1,-1,-1,-1
58,147,332.08,451.92,21.13,60.99,1,-1,-1,-1
59,69,1247.59,399.42,116.16,381.94,1,-1,-1,-1
59,76,960.79,425.87,72.75,175.99,1,-1,-1,-1
59,84,746.78,431.77,41.54,111.56,1,-1,-1,-1
59,104,721.26,432.14,35.15,90.36,1,-1,-1,-1
59,121,796.44,425.19,46.51,120.49,1,-1,-1,-1
59,124,642.78,435.22,27.21,71.23,1,-1,-1,-1
59,132,100.81,437.89,74.85,205.14,1,-1,-1,-1
59,139,369.15,449.11,23.14,63.18,1,-1,-1,-1
59,140,842.95,425.13,40.33,109.22,1,-1,-1,-1
59,147,328.20,452.30,21.05,60.87,1,-1,-1,-1
59,149,14.60,451.90,88.70,219.50,1,-1,-1,-1
59,150,341.30,448.80,19.70,66.60,1,-1,-1,-1
59,151,411.40,455.10,23.10,62.70,1,-1,-1,-1
59,152,399.90,454.00,20.70,63.60,1,-1,-1,-1
60,69,1251.14,398.50,117.43,386.41,1,-1,-1,-1
60,76,954.02,426.43,72.51,175.49,1,-1,-1,-1
60,84,740.35,431.36,41.81,111.74,1,-1,-1,-1
60,104,714.71,431.18,34.86,90.29,1,-1,-1,-1
60,121,790.27,424.21,46.08,120.61,1,-1,-1,-1
60,124,637.60,434.73,27.20,71.09,1,-1,-1,-1
60,132,90.72,438.63,75.20,205.10,1,-1,-1,-1
60,139,369.71,449.79,23.11,63.40,1,-1,-1,-1
60,140,838.15,425.15,40.68,109.50,1,-1,-1,-1
60,143,353.12,450.74,21.85,62.98,1,-1,-1,-1
60,147,327.25,452.81,21.04,61.27,1,-1,-1,-1
60,149,18.39,442.56,73.88,210.04,1,-1,-1,-1
60,150,342.03,449.56,20.61,70.33,1,-1,-1,-1
60,152,393.05,459.13,22.70,58.60,1,-1,-1,-1
60,153,311.20,456.00,21.20,58.60,1,-1,-1,-1
61,69,1255.14,398.21,117.57,392.34,1,-1,-1,-1
61,76,948.37,426.88,72.50,175.02,1,-1,-1,-1
61,84,735.41,430.90,41.99,111.52,1,-1,-1,-1
61,104,710.80,431.33,35.01,90.09,1,-1,-1,-1
61,121,784.60,423.55,45.82,120.49,1,-1,-1,-1
61,124,633.30,433.89,27.21,70.83,1,-1,-1,-1
61,132,81.31,439.05,75.95,205.87,1,-1,-1,-1
61,139,370.81,451.11,23.04,63.39,1,-1,-1,-1
61,140,833.96,425.79,40.94,109.87,1,-1,-1,-1
61,143,350.16,451.41,21.76,62.85,1,-1,-1,-1
61,147,326.75,453.01,21.21,61.18,1,-1,-1,-1
61,149,16.77,445.85,71.11,204.52,1,-1,-1,-1
61,152,386.01,462.52,22.65,57.40,1,-1,-1,-1
61,154,1230.30,435.30,45.10,118.20,1,-1,-1,-1
62,69,1259.74,397.53,118.75,397.02,1,-1,-1,-1
62,76,942.51,427.44,72.39,174.53,1,-1,-1,-1
62,84,730.41,431.39,42.25,111.51,1,-1,-1,-1
62,104,706.84,432.04,34.52,89.74,1,-1,-1,-1
62,121,779.75,423.03,45.65,120.55,1,-1,-1,-1
62,124,629.48,434.14,27.24,70.69,1,-1,-1,-1
62,132,73.10,439.78,76.73,206.93,1,-1,-1,-1
62,139,369.52,452.14,23.01,63.36,1,-1,-1,-1
62,140,831.18,426.29,41.30,110.36,1,-1,-1,-1
62,143,351.29,452.12,21.71,63.12,1,-1,-1,-1
62,147,324.41,453.49,21.11,61.12,1,-1,-1,-1
62,149,9.63,448.20,71.76,202.70,1,-1,-1,-1
62,154,1226.48,438.33,41.74,112.93,1,-1,-1,-1
62,155,304.40,456.50,19.10,59.50,1,-1,-1,-1
63,69,1265.65,396.85,120.66,401.75,1,-1,-1,-1
63,76,937.77,427.66,72.37,174.17,1,-1,-1,-1
63,84,726.26,432.01,42.36,111.38,1,-1,-1,-1
63,104,703.83,432.91,33.77,89.46,1,-1,-1,-1
63,121,776.20,422.99,45.47,120.56,1,-1,-1,-1
63,132,65.78,440.78,77.15,206.57,1,-1,-1,-1
63,139,368.03,452.60,22.89,63.48,1,-1,-1,-1
63,140,829.31,426.94,41.57,110.55,1,-1,-1,-1
63,143,350.02,452.44,21.74,63.53,1,-1,-1,-1
63,147,320.57,454.54,21.07,60.86,1,-1,-1,-1
63,149,6.28,447.62,71.62,202.12,1,-1,-1,-1
63,154,1226.17,439.39,41.81,111.24,1,-1,-1,-1
63,156,633.20,438.50,28.00,70.30,1,-1,-1,-1
63,157,332.70,450.90,20.80,66.30,1,-1,-1,-1
64,69,1272.64,395.44,123.13,407.03,1,-1,-1,-1
64,76,934.08,427.73,72.26,173.59,1,-1,-1,-1
64,84,723.30,432.46,42.49,111.35,1,-1,-1,-1
64,121,773.33,422.95,45.43,120.70,1,-1,-1,-1
64,132,59.64,441.93,77.92,206.68,1,-1,-1,-1
64,139,366.90,453.40,22.82,63.14,1,-1,-1,-1
64,140,828.26,426.55,41.83,111.16,1,-1,-1,-1
64,143,350.45,453.30,21.60,63.55,1,-1,-1,-1
64,147,315.77,455.22,21.07,60.46,1,-1,-1,-1
64,149,3.31,449.39,71.14,201.93,1,-1,-1,-1
64,154,1226.64,437.00,41.94,110.93,1,-1,-1,-1
64,156,633.58,438.35,27.55,69.12,1,-1,-1,-1
64,158,324.10,454.50,20.40,58.70,1,-1,-1,-1
65,69,1279.49,393.76,126.50,413.57,1,-1,-1,-1
65,76,929.98,427.60,72.35,173.80,1,-1,-1,-1
65,84,720.15,432.42,42.39,111.66,1,-1,-1,-1
65,121,770.14,422.79,45.63,121.14,1,-1,-1,-1
65,132,53.23,442.10,78.63,207.74,1,-1,-1,-1
65,140,827.50,426.02,41.94,111.79,1,-1,-1,-1
65,143,348.27,452.41,21.86,63.73,1,-1,-1,-1
65,149,-0.10,454.38,70.31,200.17,1,-1,-1,-1
65,154,1226.47,436.59,41.58,110.54,1,-1,-1,-1
65,155,305.07,450.02,20.46,59.68,1,-1,-1,-1
65,156,631.00,436.63,27.52,70.21,1,-1,-1,-1
65,158,326.79,450.32,22.95,60.43,1,-1,-1,-1
66,69,1289.10,391.42,132.59,419.97,1,-1,-1,-1
66,76,925.97,426.84,72.22,174.09,1,-1,-1,-1
66,84,717.80,432.34,42.43,112.05,1,-1,-1,-1
66,121,767.50,422.74,45.55,121.17,1,-1,-1,-1
66,132,47.81,442.08,79.03,208.20,1,-1,-1,-1
66,140,827.26,425.65,42.06,112.19,1,-1,-1,-1
66,143,347.86,452.03,21.92,63.42,1,-1,-1,-1
66,149,-2.58,452.75,69.03,200.89,1,-1,-1,-1
66,154,1227.26,435.47,41.50,111.05,1,-1,-1,-1
66,156,629.52,435.69,27.75,71.03,1,-1,-1,-1
66,157,333.45,450.91,21.80,62.39,1,-1,-1,-1
66,159,534.10,440.00,35.50,85.40,1,-1,-1,-1
66,160,316.60,454.00,21.20,57.60,1,-1,-1,-1
67,69,1299.33,390.32,137.97,427.01,1,-1,-1,-1
67,76,922.32,426.13,72.17,174.60,1,-1,-1,-1
67,84,715.72,431.92,42.42,112.41,1,-1,-1,-1
67,121,764.89,422.08,45.68,121.44,1,-1,-1,-1
67,132,43.08,441.51,79.50,208.38,1,-1,-1,-1
67,140,827.04,424.68,42.25,112.88,1,-1,-1,-1
67,149,-5.41,449.95,66.62,202.31,1,-1,-1,-1
67,154,1226.64,434.42,41.53,111.64,1,-1,-1,-1
67,155,306.90,450.26,20.10,59.64,1,-1,-1,-1
67,156,628.17,433.99,27.78,71.40,1,-1,-1,-1
67,157,330.14,449.39,21.94,62.35,1,-1,-1,-1
67,160,317.97,449.40,20.75,61.05,1,-1,-1,-1
68,69,1310.19,389.34,143.55,433.34,1,-1,-1,-1
68,76,919.31,425.33,72.11,174.77,1,-1,-1,-1
68,84,714.00,431.19,42.41,112.74,1,-1,-1,-1
68,121,762.51,421.47,45.85,121.55,1,-1,-1,-1
68,132,39.35,440.19,80.36,209.30,1,-1,-1,-1
68,140,826.85,423.26,42.37,113.58,1,-1,-1,-1
68,149,-8.28,448.22,63.44,203.14,1,-1,-1,-1
68,154,1226.39,433.51,41.64,112.12,1,-1,-1,-1
68,155,308.06,448.66,20.36,59.27,1,-1,-1,-1
68,156,625.73,431.76,27.66,71.63,1,-1,-1,-1
68,159,524.66,431.59,38.41,90.95,1,-1,-1,-1
68,160,322.27,447.55,21.39,60.88,1,-1,-1,-1
69,69,1320.62,389.10,150.22,439.15,1,-1,-1,-1
69,76,916.44,424.23,72.03,174.72,1,-1,-1,-1
69,84,712.80,430.12,42.54,113.11,1,-1,-1,-1
69,121,761.05,420.53,46.06,121.70,1,-1,-1,-1
69,132,35.23,438.59,80.84,209.62,1,-1,-1,-1
69,140,827.13,420.94,42.41,114.13,1,-1,-1,-1
69,149,-9.99,449.79,60.74,201.37,1,-1,-1,-1
69,154,1226.52,431.96,41.62,112.52,1,-1,-1,-1
69,155,307.88,446.61,20.45,59.98,1,-1,-1,-1
69,156,624.99,428.88,27.58,71.96,1,-1,-1,-1
69,159,525.53,428.00,37.16,90.30,1,-1,-1,-1
69,161,318.60,445.30,21.40,62.70,1,-1,-1,-1
70,69,1332.72,388.92,156.57,445.23,1,-1,-1,-1
70,76,913.18,423.50,71.86,174.23,1,-1,-1,-1
70,84,711.08,428.79,42.53,113.27,1,-1,-1,-1
70,121,758.92,419.44,46.18,121.90,1,-1,-1,-1
70,132,30.69,437.47,81.25,209.42,1,-1,-1,-1
70,140,827.23,418.87,42.27,114.43,1,-1,-1,-1
70,154,1226.45,430.21,41.64,113.11,1,-1,-1,-1
70,156,623.37,427.25,27.49,72.40,1,-1,-1,-1
70,159,524.21,428.61,37.90,92.14,1,-1,-1,-1
70,162,496.40,422.50,48.80,124.80,1,-1,-1,-1
71,69,1343.83,389.92,161.50,452.72,1,-1,-1,-1
71,76,909.78,422.65,71.74,173.72,1,-1,-1,-1
71,84,709.49,427.60,42.46,113.10,1,-1,-1,-1
71,121,756.82,418.45,46.18,122.01,1,-1,-1,-1
71,132,26.26,436.19,81.38,209.32,1,-1,-1,-1
71,140,827.16,417.20,42.22,114.67,1,-1,-1,-1
71,154,1226.02,428.83,41.70,113.55,1,-1,-1,-1
71,156,621.70,426.26,27.62,72.46,1,-1,-1,-1
71,159,525.36,428.50,37.74,91.35,1,-1,-1,-1
71,162,490.07,419.82,49.16,126.80,1,-1,-1,-1
72,69,1353.45,390.27,165.47,460.21,1,-1,-1,-1
72,76,906.60,421.38,71.90,173.47,1,-1,-1,-1
72,84,707.79,426.06,42.43,113.34,1,-1,-1,-1
72,121,755.14,417.30,46.18,122.19,1,-1,-1,-1
72,132,21.41,435.04,81.44,209.69,1,-1,-1,-1
72,140,827.34,415.79,42.11,114.87,1,-1,-1,-1
72,154,1225.57,427.52,41.86,114.31,1,-1,-1,-1
72,156,620.01,425.25,27.56,72.37,1,-1,-1,-1
72,159,525.82,428.10,37.69,91.40,1,-1,-1,-1
72,162,486.71,420.16,49.13,127.61,1,-1,-1,-1
72,163,84.90,432.10,67.90,174.20,1,-1,-1,-1
73,69,1361.83,390.09,169.40,467.67,1,-1,-1,-1
73,76,903.94,420.40,72.02,173.52,1,-1,-1,-1
73,84,706.62,424.79,42.37,113.40,1,-1,-1,-1
73,121,753.80,416.46,46.25,122.37,1,-1,-1,-1
73,132,17.03,433.55,81.69,210.25,1,-1,-1,-1
73,140,827.75,414.78,41.95,115.01,1,-1,-1,-1
73,154,1225.30,426.77,42.02,115.04,1,-1,-1,-1
73,156,618.80,424.68,27.47,72.25,1,-1,-1,-1
73,159,526.68,428.00,37.64,91.74,1,-1,-1,-1
73,162,485.62,421.08,48.79,128.07,1,-1,-1,-1
73,163,79.71,430.02,69.26,176.47,1,-1,-1,-1
74,69,1370.40,389.69,172.24,475.82,1,-1,-1,-1
74,76,901.55,420.17,71.99,173.48,1,-1,-1,-1
74,84,705.62,424.07,42.31,113.26,1,-1,-1,-1
74,121,752.78,415.94,46.22,122.47,1,-1,-1,-1
74,132,12.32,432.17,81.51,210.40,1,-1,-1,-1
74,140,827.94,414.36,41.84,115.22,1,-1,-1,-1
74,154,1225.13,426.32,42.10,115.57,1,-1,-1,-1
74,156,617.63,424.70,27.51,72.17,1,-1,-1,-1
74,159,526.90,428.54,37.89,91.65,1,-1,-1,-1
74,162,483.46,422.35,49.15,128.61,1,-1,-1,-1
74,163,85.51,430.78,67.84,175.29,1,-1,-1,-1
75,69,1380.92,388.23,173.56,486.56,1,-1,-1,-1
75,76,898.22,420.59,72.02,173.42,1,-1,-1,-1
75,84,703.63,424.41,42.50,113.44,1,-1,-1,-1
75,121,751.09,416.09,46.39,122.60,1,-1,-1,-1
75,132,6.34,431.47,80.74,210.56,1,-1,-1,-1
75,140,827.26,414.83,41.84,115.45,1,-1,-1,-1
75,154,1224.33,427.30,42.17,115.93,1,-1,-1,-1
75,156,615.41,425.31,27.52,71.97,1,-1,-1,-1
75,159,525.90,428.64,37.82,91.53,1,-1,-1,-1
75,162,479.53,425.74,49.04,128.11,1,-1,-1,-1
75,163,97.40,427.13,64.48,165.67,1,-1,-1,-1
75,164,53.80,433.60,71.60,188.50,1,-1,-1,-1
76,69,1391.83,386.67,174.41,496.19,1,-1,-1,-1
76,76,895.00,420.99,72.10,173.27,1,-1,-1,-1
76,84,702.07,424.71,42.66,113.45,1,-1,-1,-1
76,121,749.69,416.35,46.53,122.59,1,-1,-1,-1
76,132,0.83,430.55,80.23,211.00,1,-1,-1,-1
76,140,826.55,415.34,41.99,115.49,1,-1,-1,-1
76,154,1223.83,428.26,42.36,116.30,1,-1,-1,-1
76,156,613.61,425.63,27.60,71.83,1,-1,-1,-1
76,159,524.84,428.48,37.66,91.54,1,-1,-1,-1
76,162,476.65,425.91,49.33,127.96,1,-1,-1,-1
76,164,49.60,424.38,75.24,190.68,1,-1,-1,-1
77,69,1403.09,386.14,174.88,506.65,1,-1,-1,-1
77,76,891.95,421.51,72.25,173.35,1,-1,-1,-1
77,84,700.46,425.44,42.69,113.30,1,-1,-1,-1
77,121,748.50,416.97,46.63,122.59,1,-1,-1,-1
77,132,-4.36,429.98,79.01,211.50,1,-1,-1,-1
77,140,826.16,416.05,42.11,115.76,1,-1,-1,-1
77,154,1223.67,429.40,42.50,116.65,1,-1,-1,-1
77,156,612.10,426.50,27.87,71.96,1,-1,-1,-1
77,159,524.56,428.44,37.43,92.16,1,-1,-1,-1
77,162,473.87,426.06,49.50,127.43,1,-1,-1,-1
77,164,41.54,424.05,78.95,193.85,1,-1,-1,-1
77,165,96.00,434.30,55.20,146.10,1,-1,-1,-1
78,69,1416.17,385.18,174.43,517.24,1,-1,-1,-1
78,76,889.23,422.21,72.27,173.74,1,-1,-1,-1
78,84,699.02,425.96,42.74,113.40,1,-1,-1,-1
78,121,747.37,417.54,46.79,122.72,1,-1,-1,-1
78,132,-8.77,429.21,77.31,212.54,1,-1,-1,-1
78,140,825.55,416.99,42.19,115.86,1,-1,-1,-1
78,154,1222.99,430.62,42.50,116.79,1,-1,-1,-1
78,156,610.76,427.42,27.98,71.85,1,-1,-1,-1
78,159,523.81,428.06,37.38,92.73,1,-1,-1,-1
78,162,471.69,425.54,49.98,127.93,1,-1,-1,-1
78,164,36.25,423.41,80.78,196.59,1,-1,-1,-1
78,165,94.73,434.89,55.56,148.28,1,-1,-1,-1
79,69,1429.47,385.67,173.62,527.39,1,-1,-1,-1
79,76,886.77,423.23,72.32,173.92,1,-1,-1,-1
79,84,697.43,426.46,42.75,113.68,1,-1,-1,-1
79,121,746.18,418.13,46.70,122.80,1,-1,-1,-1
79,132,-12.58,429.02,75.00,213.29,1,-1,-1,-1
79,140,824.69,417.97,42.30,116.07,1,-1,-1,-1
79,154,1222.32,431.97,42.47,116.72,1,-1,-1,-1
79,156,609.27,428.06,28.10,71.79,1,-1,-1,-1
79,159,522.99,427.39,36.83,93.37,1,-1,-1,-1
79,162,469.27,425.68,50.20,128.26,1,-1,-1,-1
79,164,29.40,421.52,81.49,200.01,1,-1,-1,-1
79,165,93.08,433.94,56.20,150.35,1,-1,-1,-1
80,69,1445.38,384.39,174.38,538.22,1,-1,-1,-1
80,76,883.06,423.50,72.63,174.12,1,-1,-1,-1
80,84,696.04,426.86,42.56,113.53,1,-1,-1,-1
80,121,744.97,418.48,46.52,122.78,1,-1,-1,-1
80,132,-15.41,429.58,72.69,211.73,1,-1,-1,-1
80,140,823.26,418.58,42.51,116.37,1,-1,-1,-1
80,154,1221.66,433.04,42.53,116.69,1,-1,-1,-1
80,156,607.37,428.16,28.18,71.82,1,-1,-1,-1
80,159,521.07,427.13,36.86,93.48,1,-1,-1,-1
80,162,466.19,425.04,50.55,127.66,1,-1,-1,-1
80,164,26.25,419.37,80.56,200.11,1,-1,-1,-1
80,165,87.35,429.94,56.66,151.52,1,-1,-1,-1
81,69,1460.42,383.57,175.14,549.86,1,-1,-1,-1
81,76,879.07,423.39,73.01,174.06,1,-1,-1,-1
81,84,694.77,426.76,42.28,113.53,1,-1,-1,-1
81,121,743.63,418.36,46.39,122.86,1,-1,-1,-1
81,140,822.17,418.74,42.77,116.85,1,-1,-1,-1
81,154,1221.15,433.96,42.43,116.76,1,-1,-1,-1
81,156,605.79,428.17,28.17,71.67,1,-1,-1,-1
81,159,519.76,426.68,36.91,93.67,1,-1,-1,-1
81,162,462.89,424.26,51.25,127.50,1,-1,-1,-1
81,164,22.31,417.43,80.96,201.02,1,-1,-1,-1
81,165,85.10,428.46,56.14,151.03,1,-1,-1,-1
82,69,1475.62,382.61,176.27,563.51,1,-1,-1,-1
82,76,875.47,422.98,73.20,173.87,1,-1,-1,-1
82,84,693.44,426.36,42.23,113.93,1,-1,-1,-1
82,121,742.10,418.18,46.42,122.97,1,-1,-1,-1
82,140,821.45,418.31,42.88,117.21,1,-1,-1,-1
82,154,1220.61,434.34,42.38,117.28,1,-1,-1,-1
82,156,604.20,427.65,28.05,71.63,1,-1,-1,-1
82,159,519.24,425.78,36.68,93.71,1,-1,-1,-1
82,162,458.91,422.67,52.33,128.04,1,-1,-1,-1
82,164,17.69,416.18,81.68,200.81,1,-1,-1,-1
82,165,83.53,426.51,56.17,150.69,1,-1,-1,-1
83,69,1490.70,383.11,179.33,573.43,1,-1,-1,-1
83,76,872.15,422.77,73.08,173.68,1,-1,-1,-1
83,84,692.21,425.68,42.16,114.25,1,-1,-1,-1
83,121,740.65,417.42,46.45,123.10,1,-1,-1,-1
83,140,820.85,417.48,43.02,117.68,1,-1,-1,-1
83,154,1219.77,434.58,42.49,117.80,1,-1,-1,-1
83,156,602.59,426.59,27.93,71.60,1,-1,-1,-1
83,159,518.90,424.85,36.61,94.23,1,-1,-1,-1
83,162,455.46,421.03,53.02,128.51,1,-1,-1,-1
83,164,11.35,413.99,82.41,201.98,1,-1,-1,-1
83,165,80.35,423.92,56.86,151.11,1,-1,-1,-1
84,69,1506.06,383.08,183.99,585.69,1,-1,-1,-1
84,76,868.53,422.35,72.83,173.45,1,-1,-1,-1
84,84,690.79,424.31,42.18,114.59,1,-1,-1,-1
84,121,739.22,416.48,46.47,123.21,1,-1,-1,-1
84,140,820.38,416.43,42.94,117.90,1,-1,-1,-1
84,154,1218.87,434.40,42.57,118.15,1,-1,-1,-1
84,156,601.14,425.30,27.89,71.89,1,-1,-1,-1
84,159,518.31,423.45,36.68,94.40,1,-1,-1,-1
84,162,452.02,419.24,54.00,129.13,1,-1,-1,-1
84,164,6.24,411.78,82.23,203.36,1,-1,-1,-1
84,165,77.25,422.03,57.53,151.37,1,-1,-1,-1
85,69,1523.74,383.44,190.26,601.32,1,-1,-1,-1
85,76,864.88,421.48,72.74,173.33,1,-1,-1,-1
85,84,689.32,422.69,42.28,114.98,1,-1,-1,-1
85,121,737.21,415.45,46.57,123.55,1,-1,-1,-1
85,140,819.99,415.54,42.92,118.44,1,-1,-1,-1
85,154,1217.95,433.89,42.71,118.28,1,-1,-1,-1
85,156,599.56,424.12,27.92,72.00,1,-1,-1,-1
85,159,518.06,421.96,36.82,94.40,1,-1,-1,-1
85,162,447.53,417.41,55.17,129.44,1,-1,-1,-1
85,164,1.37,409.08,82.00,204.01,1,-1,-1,-1
85,165,73.95,420.33,57.86,151.06,1,-1,-1,-1
86,69,1539.90,384.44,195.33,614.53,1,-1,-1,-1
86,76,861.65,420.17,72.62,173.30,1,-1,-1,-1
86,84,688.19,420.95,42.36,115.23,1,-1,-1,-1
86,121,735.88,414.47,46.65,123.71,1,-1,-1,-1
86,140,819.82,414.54,43.08,118.88,1,-1,-1,-1
86,154,1217.35,433.21,42.82,118.48,1,-1,-1,-1
86,156,598.28,422.81,27.86,71.99,1,-1,-1,-1
86,159,518.37,420.68,37.02,94.73,1,-1,-1,-1
86,162,443.06,415.78,56.44,129.18,1,-1,-1,-1
86,164,-1.99,406.48,82.05,204.52,1,-1,-1,-1
87,69,1555.30,383.28,201.65,627.02,1,-1,-1,-1
87,76,858.47,419.47,72.34,172.56,1,-1,-1,-1
87,84,687.15,419.16,42.41,115.44,1,-1,-1,-1
87,121,734.32,413.61,46.87,123.99,1,-1,-1,-1
87,140,819.69,413.99,43.14,119.38,1,-1,-1,-1
87,154,1216.71,432.56,42.96,118.57,1,-1,-1,-1
87,156,596.98,421.75,27.85,72.16,1,-1,-1,-1
87,159,518.00,419.74,37.25,94.78,1,-1,-1,-1
87,162,439.22,415.29,56.84,126.78,1,-1,-1,-1
87,164,-4.54,404.62,81.37,206.08,1,-1,-1,-1
88,69,1571.70,382.01,206.78,639.58,1,-1,-1,-1
88,76,855.61,417.98,72.17,172.30,1,-1,-1,-1
88,84,685.90,417.52,42.60,115.90,1,-1,-1,-1
88,121,732.69,412.89,47.03,124.09,1,-1,-1,-1
88,140,819.71,413.57,43.10,119.68,1,-1,-1,-1
88,154,1216.19,431.62,43.10,118.89,1,-1,-1,-1
88,156,595.87,421.02,27.77,72.31,1,-1,-1,-1
88,159,517.95,418.73,37.65,95.25,1,-1,-1,-1
88,164,-6.47,403.05,80.43,206.38,1,-1,-1,-1
89,69,1590.45,383.17,211.00,648.51,1,-1,-1,-1
89,76,853.52,415.71,72.28,172.84,1,-1,-1,-1
89,84,684.45,415.73,42.77,116.40,1,-1,-1,-1
89,121,730.35,412.00,47.19,123.66,1,-1,-1,-1
89,140,819.86,413.18,43.04,119.84,1,-1,-1,-1
89,154,1215.76,430.24,43.40,119.31,1,-1,-1,-1
89,156,595.10,420.12,27.74,72.34,1,-1,-1,-1
89,159,518.36,418.06,37.89,95.26,1,-1,-1,-1
89,164,-7.81,403.50,79.21,206.89,1,-1,-1,-1
89,166,470.10,432.80,37.20,63.10,1,-1,-1,-1
90,69,1612.82,379.48,213.33,659.59,1,-1,-1,-1
90,76,851.39,415.51,72.27,173.03,1,-1,-1,-1
90,84,682.82,415.01,42.99,116.77,1,-1,-1,-1
90,121,727.85,411.68,47.27,123.74,1,-1,-1,-1
90,140,819.95,412.74,43.23,120.17,1,-1,-1,-1
90,154,1215.95,430.30,43.46,119.70,1,-1,-1,-1
90,156,594.27,419.90,27.66,72.57,1,-1,-1,-1
90,159,518.88,417.66,38.18,95.59,1,-1,-1,-1
90,167,323.50,417.10,35.70,95.50,1,-1,-1,-1
90,168,480.20,434.00,39.80,57.00,1,-1,-1,-1
91,69,1634.87,373.05,214.59,671.05,1,-1,-1,-1
91,76,849.94,414.86,72.14,173.41,1,-1,-1,-1
91,84,681.54,414.04,43.28,117.24,1,-1,-1,-1
91,121,725.76,410.76,47.22,123.61,1,-1,-1,-1
91,140,819.93,412.20,43.41,120.19,1,-1,-1,-1
91,154,1216.32,429.46,43.54,120.13,1,-1,-1,-1
91,156,593.59,419.29,27.66,72.43,1,-1,-1,-1
91,159,520.05,417.23,38.39,95.96,1,-1,-1,-1
91,167,324.25,415.67,34.79,94.59,1,-1,-1,-1
91,168,478.41,435.38,37.44,52.45,1,-1,-1,-1
91,169,297.30,415.00,32.60,100.00,1,-1,-1,-1
92,69,1656.37,366.90,217.09,681.39,1,-1,-1,-1
92,76,848.78,415.00,72.09,173.52,1,-1,-1,-1
92,84,680.94,413.35,43.20,117.39,1,-1,-1,-1
92,121,723.72,410.36,47.14,123.49,1,-1,-1,-1
92,140,820.38,411.81,43.59,120.14,1,-1,-1,-1
92,154,1217.03,429.19,43.65,120.57,1,-1,-1,-1
92,156,593.32,419.07,27.66,72.19,1,-1,-1,-1
92,159,522.00,417.05,38.33,96.06,1,-1,-1,-1
92,167,322.87,415.27,37.05,96.13,1,-1,-1,-1
92,168,480.40,434.17,36.99,52.52,1,-1,-1,-1
92,169,300.69,417.80,28.60,87.45,1,-1,-1,-1
93,69,1678.21,360.78,219.05,690.89,1,-1,-1,-1
93,76,848.17,414.47,71.95,173.57,1,-1,-1,-1
93,84,680.14,412.17,43.40,117.77,1,-1,-1,-1
93,121,721.83,409.56,47.37,123.83,1,-1,-1,-1
93,140,821.02,411.48,43.62,119.84,1,-1,-1,-1
93,154,1218.31,428.54,43.77,120.75,1,-1,-1,-1
93,156,593.83,418.96,27.64,71.87,1,-1,-1,-1
93,159,524.24,416.79,38.42,96.07,1,-1,-1,-1
93,167,323.43,414.26,36.18,95.33,1,-1,-1,-1
93,168,481.93,432.19,37.48,53.27,1,-1,-1,-1
93,169,305.79,420.67,27.40,85.56,1,-1,-1,-1
94,69,1698.31,355.45,219.01,699.22,1,-1,-1,-1
94,76,847.24,413.41,72.20,173.70,1,-1,-1,-1
94,84,679.47,410.49,43.36,117.78,1,-1,-1,-1
94,121,720.36,408.40,47.68,124.26,1,-1,-1,-1
94,140,822.13,411.37,43.83,119.63,1,-1,-1,-1
94,154,1220.05,427.31,43.83,121.11,1,-1,-1,-1
94,159,526.93,416.39,38.38,95.94,1,-1,-1,-1
94,167,322.72,414.10,35.60,95.07,1,-1,-1,-1
94,168,481.21,429.48,38.42,53.56,1,-1,-1,-1
94,170,601.80,416.90,27.50,68.30,1,-1,-1,-1
94,171,301.20,421.00,27.40,84.20,1,-1,-1,-1
95,69,1719.34,351.36,215.76,706.23,1,-1,-1,-1
95,76,845.84,411.75,72.19,173.83,1,-1,-1,-1
95,84,678.88,408.30,43.31,117.84,1,-1,-1,-1
95,121,719.13,406.99,47.99,124.51,1,-1,-1,-1
95,154,1222.15,424.70,43.99,121.62,1,-1,-1,-1
95,159,529.93,415.33,38.40,95.99,1,-1,-1,-1
95,167,323.61,412.63,35.93,95.72,1,-1,-1,-1
95,168,482.54,427.66,38.77,53.30,1,-1,-1,-1
95,170,603.07,411.22,27.05,67.57,1,-1,-1,-1
95,171,299.87,418.07,28.58,74.11,1,-1,-1,-1
96,76,844.35,409.50,72.31,173.80,1,-1,-1,-1
96,84,678.11,405.98,43.29,117.89,1,-1,-1,-1
96,121,718.02,404.91,48.06,124.89,1,-1,-1,-1
96,154,1224.36,421.74,44.08,122.06,1,-1,-1,-1
96,159,533.25,413.10,38.16,95.94,1,-1,-1,-1
96,167,324.02,409.98,35.96,95.13,1,-1,-1,-1
96,168,484.04,425.11,38.49,53.13,1,-1,-1,-1
96,170,602.76,408.78,27.36,68.21,1,-1,-1,-1
96,171,293.90,412.28,28.16,73.10,1,-1,-1,-1
96,172,309.50,412.60,27.20,76.70,1,-1,-1,-1
97,76,842.58,407.02,72.49,173.81,1,-1,-1,-1
97,84,677.84,403.17,43.08,117.89,1,-1,-1,-1
97,121,717.20,402.11,48.05,124.90,1,-1,-1,-1
97,154,1226.94,418.70,44.21,122.38,1,-1,-1,-1
97,159,536.57,410.88,37.95,95.99,1,-1,-1,-1
97,167,324.19,406.59,36.21,95.03,1,-1,-1,-1
97,168,485.13,422.95,39.13,52.92,1,-1,-1,-1
97,170,604.02,405.76,27.64,69.06,1,-1,-1,-1
97,171,291.37,407.91,28.37,73.26,1,-1,-1,-1
98,76,840.67,404.61,72.57,173.89,1,-1,-1,-1
98,84,677.49,400.57,42.88,117.95,1,-1,-1,-1
98,121,716.58,399.81,48.04,125.03,1,-1,-1,-1
98,154,1229.55,415.60,44.26,122.60,1,-1,-1,-1
98,159,539.44,408.39,37.61,96.10,1,-1,-1,-1
98,167,324.30,404.43,36.16,94.84,1,-1,-1,-1
98,168,486.07,420.99,39.69,52.80,1,-1,-1,-1
98,170,604.54,403.94,27.73,69.88,1,-1,-1,-1
98,173,299.30,409.30,26.10,73.60,1,-1,-1,-1
99,76,838.71,402.55,72.66,173.48,1,-1,-1,-1
99,84,677.25,398.48,42.65,118.01,1,-1,-1,-1
99,121,716.34,397.73,47.92,125.02,1,-1,-1,-1
99,154,1232.13,412.55,44.18,122.86,1,-1,-1,-1
99,159,542.08,406.21,37.27,96.36,1,-1,-1,-1
99,167,323.69,402.26,35.97,94.84,1,-1,-1,-1
99,168,486.68,419.34,39.92,52.71,1,-1,-1,-1
99,170,604.61,402.87,28.03,70.65,1,-1,-1,-1
99,173,297.28,408.28,27.55,72.87,1,-1,-1,-1
99,174,1789.90,372.60,131.10,535.90,1,-1,-1,-1
100,76,836.51,399.71,72.81,173.29,1,-1,-1,-1
100,84,677.48,396.32,42.45,117.87,1,-1,-1,-1
100,121,716.34,395.27,47.72,125.03,1,-1,-1,-1
100,154,1235.09,409.66,44.27,123.07,1,-1,-1,-1
100,159,544.64,403.90,37.10,96.66,1,-1,-1,-1
100,167,323.99,399.21,36.01,94.96,1,-1,-1,-1
100,168,488.16,417.85,39.55,52.70,1,-1,-1,-1
100,170,605.38,400.04,28.03,70.79,1,-1,-1,-1
100,173,295.23,406.43,27.29,71.45,1,-1,-1,-1
100,174,1795.89,376.42,125.37,537.17,1,-1,-1,-1
101,76,834.11,397.12,72.82,173.15,1,-1,-1,-1
101,84,677.26,394.39,42.56,117.85,1,-1,-1,-1
101,121,716.33,392.96,47.52,125.10,1,-1,-1,-1
101,154,1237.63,407.24,44.35,123.27,1,-1,-1,-1
101,159,546.66,402.18,36.99,97.27,1,-1,-1,-1
101,167,323.55,397.92,35.91,94.71,1,-1,-1,-1
101,168,488.92,416.99,39.80,52.58,1,-1,-1,-1
101,170,605.65,398.76,28.06,70.90,1,-1,-1,-1
101,174,1794.43,372.96,126.34,535.13,1,-1,-1,-1
101,175,345.60,402.30,27.80,84.70,1,-1,-1,-1
101,176,304.90,407.20,26.20,75.70,1,-1,-1,-1
102,76,831.89,395.40,72.74,173.47,1,-1,-1,-1
102,84,676.66,393.31,42.65,117.60,1,-1,-1,-1
102,121,716.16,391.00,47.38,125.29,1,-1,-1,-1
102,154,1239.37,405.35,44.32,123.31,1,-1,-1,-1
102,159,548.19,400.91,36.88,98.03,1,-1,-1,-1
102,167,322.32,396.79,35.90,94.57,1,-1,-1,-1
102,168,488.96,416.19,39.17,52.60,1,-1,-1,-1
102,170,605.07,398.43,28.16,70.70,1,-1,-1,-1
102,174,1788.20,372.42,130.04,530.32,1,-1,-1,-1
103,76,830.03,393.71,72.67,173.44,1,-1,-1,-1
103,84,675.63,391.94,43.06,117.82,1,-1,-1,-1
103,121,715.76,388.99,47.26,125.79,1,-1,-1,-1
103,154,1241.18,403.59,44.21,123.17,1,-1,-1,-1
103,159,549.15,399.48,36.88,98.82,1,-1,-1,-1
103,167,320.84,395.49,36.11,94.39,1,-1,-1,-1
103,168,487.92,415.17,39.52,52.56,1,-1,-1,-1
103,170,604.30,397.26,28.14,70.46,1,-1,-1,-1
103,174,1779.93,371.50,135.09,531.46,1,-1,-1,-1
103,177,760.60,387.80,30.20,104.90,1,-1,-1,-1
103,178,356.30,402.20,25.70,73.00,1,-1,-1,-1
104,76,828.16,393.11,72.42,173.51,1,-1,-1,-1
104,84,674.39,391.15,43.27,117.96,1,-1,-1,-1
104,121,714.52,387.58,47.28,125.90,1,-1,-1,-1
104,154,1242.84,402.44,44.30,123.43,1,-1,-1,-1
104,159,549.65,398.92,37.02,99.40,1,-1,-1,-1
104,167,318.73,394.71,36.44,94.77,1,-1,-1,-1
104,168,486.84,414.57,39.98,52.43,1,-1,-1,-1
104,170,602.47,397.04,28.26,70.70,1,-1,-1,-1
104,174,1762.57,372.17,145.16,532.36,1,-1,-1,-1
104,177,750.73,389.59,33.20,109.35,1,-1,-1,-1
105,76,826.24,391.99,72.34,173.70,1,-1,-1,-1
105,84,673.31,390.84,43.25,117.90,1,-1,-1,-1
105,121,713.14,386.24,47.36,126.11,1,-1,-1,-1
105,154,1244.57,401.35,44.46,123.88,1,-1,-1,-1
105,159,550.17,398.05,37.03,99.66,1,-1,-1,-1
105,167,316.80,394.46,36.42,94.19,1,-1,-1,-1
105,168,486.10,413.71,40.31,52.29,1,-1,-1,-1
105,170,601.16,396.44,28.34,70.61,1,-1,-1,-1
105,174,1739.27,373.44,159.03,533.91,1,-1,-1,-1
105,177,749.12,389.86,33.77,110.14,1,-1,-1,-1
105,179,292.20,405.00,27.50,72.00,1,-1,-1,-1
106,76,824.25,391.41,72.29,173.66,1,-1,-1,-1
106,84,672.13,390.98,43.25,118.01,1,-1,-1,-1
106,121,711.28,385.32,47.70,126.32,1,-1,-1,-1
106,154,1245.91,400.64,44.62,124.19,1,-1,-1,-1
106,159,550.56,397.21,37.04,100.04,1,-1,-1,-1
106,167,314.86,393.77,36.58,94.55,1,-1,-1,-1
106,168,484.99,413.30,40.77,51.99,1,-1,-1,-1
106,170,599.80,396.10,28.47,70.58,1,-1,-1,-1
106,174,1722.29,374.86,170.55,534.88,1,-1,-1,-1
106,177,749.36,390.63,34.34,110.52,1,-1,-1,-1
107,76,822.30,391.14,72.32,173.41,1,-1,-1,-1
107,84,671.26,390.64,43.35,118.36,1,-1,-1,-1
107,121,709.90,384.57,47.92,126.31,1,-1,-1,-1
107,154,1246.56,400.30,44.75,124.33,1,-1,-1,-1
107,159,550.95,396.10,36.93,99.94,1,-1,-1,-1
107,167,313.13,394.09,36.49,94.02,1,-1,-1,-1
107,168,483.61,412.76,40.69,51.80,1,-1,-1,-1
107,170,598.38,395.81,28.62,70.55,1,-1,-1,-1
107,174,1708.51,377.34,180.79,533.22,1,-1,-1,-1
107,177,747.95,391.43,34.91,110.95,1,-1,-1,-1
108,76,820.39,390.49,72.23,173.55,1,-1,-1,-1
108,84,670.55,389.90,43.44,118.82,1,-1,-1,-1
108,121,708.59,383.50,48.27,126.39,1,-1,-1,-1
108,154,1247.60,399.96,44.97,124.63,1,-1,-1,-1
108,159,551.15,395.32,36.84,100.03,1,-1,-1,-1
108,167,311.11,394.28,36.62,94.19,1,-1,-1,-1
108,168,482.33,412.06,40.56,51.57,1,-1,-1,-1
108,170,596.50,395.60,28.64,70.16,1,-1,-1,-1
108,174,1698.97,378.39,189.00,532.95,1,-1,-1,-1
108,177,746.51,391.08,35.18,110.96,1,-1,-1,-1
109,76,818.14,390.22,72.08,173.43,1,-1,-1,-1
109,84,669.87,389.53,43.47,119.18,1,-1,-1,-1
109,121,707.31,382.73,48.65,126.27,1,-1,-1,-1
109,154,1248.13,399.88,45.07,124.82,1,-1,-1,-1
109,159,551.01,394.63,36.85,100.02,1,-1,-1,-1
109,167,308.82,394.84,36.58,94.31,1,-1,-1,-1
109,168,481.32,411.68,40.33,51.39,1,-1,-1,-1
109,170,594.64,395.55,28.64,69.94,1,-1,-1,-1
109,174,1693.49,381.42,195.05,531.92,1,-1,-1,-1
109,177,745.84,391.32,35.38,111.02,1,-1,-1,-1
110,76,815.48,390.17,71.56,173.09,1,-1,-1,-1
110,84,669.23,389.29,43.48,119.47,1,-1,-1,-1
110,121,706.24,382.22,48.66,125.96,1,-1,-1,-1
110,154,1248.83,399.67,45.21,124.87,1,-1,-1,-1
110,159,550.78,394.43,36.98,100.42,1,-1,-1,-1
110,167,306.80,395.63,36.37,93.92,1,-1,-1,-1
110,168,480.17,411.21,40.25,51.29,1,-1,-1,-1
110,170,591.95,395.44,28.72,70.05,1,-1,-1,-1
110,174,1691.63,381.69,199.00,533.51,1,-1,-1,-1
110,177,745.13,391.01,35.30,110.90,1,-1,-1,-1
110,180,273.70,409.60,22.30,62.90,1,-1,-1,-1
111,76,812.64,390.45,70.97,172.35,1,-1,-1,-1
111,84,668.96,388.98,43.32,120.04,1,-1,-1,-1
111,121,705.49,381.81,48.40,126.01,1,-1,-1,-1
111,154,1249.35,399.44,45.35,124.74,1,-1,-1,-1
111,159,550.63,394.26,37.16,100.61,1,-1,-1,-1
111,167,306.14,395.43,36.20,93.69,1,-1,-1,-1
111,168,479.33,410.88,40.01,51.37,1,-1,-1,-1
111,170,590.53,395.12,28.80,69.92,1,-1,-1,-1
111,174,1691.84,380.32,201.56,535.35,1,-1,-1,-1
111,177,743.65,390.13,35.09,110.77,1,-1,-1,-1
112,76,810.43,390.35,70.51,171.95,1,-1,-1,-1
112,84,668.68,388.54,43.32,120.49,1,-1,-1,-1
112,121,704.56,381.39,48.30,126.26,1,-1,-1,-1
112,154,1250.02,399.18,45.50,124.77,1,-1,-1,-1
112,159,550.70,393.78,37.20,101.00,1,-1,-1,-1
112,167,306.14,394.83,36.28,94.04,1,-1,-1,-1
112,168,478.55,410.65,39.90,51.42,1,-1,-1,-1
112,170,589.24,394.62,28.75,69.76,1,-1,-1,-1
112,174,1691.43,377.23,203.74,536.91,1,-1,-1,-1
112,177,743.47,389.28,34.79,110.66,1,-1,-1,-1
112,181,44.70,395.50,59.40,151.70,1,-1,-1,-1
112,182,293.40,401.90,30.30,86.30,1,-1,-1,-1
113,76,809.26,390.01,70.37,172.09,1,-1,-1,-1
113,84,668.57,388.44,43.45,120.67,1,-1,-1,-1
113,121,703.54,381.33,48.41,126.21,1,-1,-1,-1
113,154,1250.10,398.85,45.63,124.95,1,-1,-1,-1
113,159,550.50,394.17,37.33,101.09,1,-1,-1,-1
113,167,306.27,395.67,36.24,94.05,1,-1,-1,-1
113,168,477.87,410.86,39.92,51.43,1,-1,-1,-1
113,170,588.69,394.92,28.76,69.93,1,-1,-1,-1
113,174,1692.13,375.10,204.92,538.94,1,-1,-1,-1
113,177,743.50,388.56,34.67,110.80,1,-1,-1,-1
113,181,45.29,399.57,61.49,145.24,1,-1,-1,-1
113,182,293.83,407.65,31.03,84.21,1,-1,-1,-1
114,76,808.86,389.45,70.36,171.84,1,-1,-1,-1
114,84,668.59,387.86,43.69,121.12,1,-1,-1,-1
114,121,702.98,381.26,48.71,126.44,1,-1,-1,-1
114,154,1250.06,398.30,45.82,125.16,1,-1,-1,-1
114,159,551.14,394.64,37.35,101.36,1,-1,-1,-1
114,167,307.48,396.21,35.92,93.81,1,-1,-1,-1
114,168,477.63,411.01,39.88,51.22,1,-1,-1,-1
114,170,588.44,395.20,28.77,69.67,1,-1,-1,-1
114,174,1694.47,374.48,204.92,538.77,1,-1,-1,-1
114,177,744.26,388.13,34.66,111.02,1,-1,-1,-1
114,181,48.62,398.59,61.02,146.13,1,-1,-1,-1
114,182,299.11,404.91,31.16,83.92,1,-1,-1,-1
114,183,570.80,397.50,33.10,84.60,1,-1,-1,-1
115,76,809.15,389.62,70.23,171.54,1,-1,-1,-1
115,84,668.97,388.26,43.90,121.30,1,-1,-1,-1
115,121,703.43,381.97,48.87,126.48,1,-1,-1,-1
115,154,1250.86,398.00,45.92,125.53,1,-1,-1,-1
115,159,552.87,395.29,37.33,102.12,1,-1,-1,-1
115,167,308.67,396.65,36.02,94.95,1,-1,-1,-1
115,168,478.90,411.98,39.98,51.28,1,-1,-1,-1
115,174,1696.95,372.62,203.21,538.59,1,-1,-1,-1
115,177,745.39,388.71,34.78,111.51,1,-1,-1,-1
115,181,50.27,402.27,60.42,146.81,1,-1,-1,-1
115,184,599.00,400.50,28.50,71.70,1,-1,-1,-1
115,185,859.60,383.60,45.80,141.80,1,-1,-1,-1
116,76,809.20,389.68,69.96,170.86,1,-1,-1,-1
116,84,670.29,388.59,44.07,121.64,1,-1,-1,-1
116,121,704.69,382.60,48.93,126.67,1,-1,-1,-1
116,154,1251.98,398.16,46.04,125.52,1,-1,-1,-1
116,159,555.10,396.05,37.33,102.43,1,-1,-1,-1
116,167,310.47,397.14,35.98,95.58,1,-1,-1,-1
116,174,1697.97,371.14,200.76,539.73,1,-1,-1,-1
116,177,747.60,388.25,34.36,111.77,1,-1,-1,-1
116,181,53.86,402.83,59.86,147.14,1,-1,-1,-1
116,184,600.64,404.19,27.41,67.79,1,-1,-1,-1
116,185,865.94,382.63,47.89,137.80,1,-1,-1,-1
116,186,490.50,416.70,40.00,53.00,1,-1,-1,-1
116,187,353.30,397.70,38.60,119.80,1,-1,-1,-1
117,76,810.04,390.45,69.81,170.13,1,-1,-1,-1
117,84,672.21,389.00,43.91,121.34,1,-1,-1,-1
117,121,707.34,383.72,48.53,126.51,1,-1,-1,-1
117,154,1253.81,398.45,46.17,125.30,1,-1,-1,-1
117,167,311.73,398.63,35.74,95.11,1,-1,-1,-1
117,174,1700.68,368.94,196.22,541.78,1,-1,-1,-1
117,177,749.13,388.24,34.14,112.15,1,-1,-1,-1
117,181,61.78,405.09,60.01,146.94,1,-1,-1,-1
117,183,563.85,404.47,38.01,98.42,1,-1,-1,-1
117,184,600.80,407.16,28.27,69.52,1,-1,-1,-1
117,185,869.17,382.50,46.51,137.61,1,-1,-1,-1
117,187,349.59,399.57,52.96,132.62,1,-1,-1,-1
117,188,527.90,417.30,33.80,60.50,1,-1,-1,-1
117,189,907.90,381.10,32.30,102.10,1,-1,-1,-1
117,190,503.80,419.20,36.40,54.90,1,-1,-1,-1
118,76,811.87,392.36,69.65,169.96,1,-1,-1,-1
118,121,708.51,385.88,48.54,126.03,1,-1,-1,-1
118,154,1256.25,399.18,46.29,125.26,1,-1,-1,-1
118,174,1701.79,368.14,194.57,544.46,1,-1,-1,-1
118,177,751.29,389.83,34.28,112.41,1,-1,-1,-1
118,181,66.49,408.08,59.89,146.09,1,-1,-1,-1
118,183,568.67,402.16,38.44,105.88,1,-1,-1,-1
118,184,604.07,404.59,29.66,73.03,1,-1,-1,-1
118,185,867.41,385.98,48.01,140.99,1,-1,-1,-1
118,187,350.47,400.18,52.74,134.48,1,-1,-1,-1
118,190,500.36,424.74,37.04,50.17,1,-1,-1,-1
118,191,687.70,396.30,40.80,124.30,1,-1,-1,-1
118,192,321.30,408.30,33.20,96.60,1,-1,-1,-1
119,76,814.71,393.38,69.22,169.47,1,-1,-1,-1
119,174,1701.74,368.12,193.84,545.48,1,-1,-1,-1
119,181,75.64,407.99,60.35,145.52,1,-1,-1,-1
119,183,577.62,401.07,38.26,107.56,1,-1,-1,-1
119,185,868.50,386.82,49.07,142.26,1,-1,-1,-1
119,187,355.40,400.12,52.50,134.45,1,-1,-1,-1
119,191,692.53,397.67,40.16,121.66,1,-1,-1,-1
119,192,327.10,407.68,34.38,98.33,1,-1,-1,-1
119,193,779.10,392.00,29.70,108.10,1,-1,-1,-1
119,194,1272.20,402.20,47.70,126.70,1,-1,-1,-1
119,195,734.30,392.90,46.40,122.10,1,-1,-1,-1
119,196,623.10,400.20,26.70,66.40,1,-1,-1,-1
119,197,509.60,419.90,39.60,51.00,1,-1,-1,-1
120,174,1702.35,368.31,194.79,548.70,1,-1,-1,-1
120,181,86.54,408.98,61.18,145.33,1,-1,-1,-1
120,183,589.07,400.78,37.54,106.97,1,-1,-1,-1
120,185,877.24,384.50,50.85,141.66,1,-1,-1,-1
120,187,361.91,400.99,52.80,135.43,1,-1,-1,-1
120,188,521.28,420.56,39.35,55.68,1,-1,-1,-1
120,191,701.62,394.24,41.19,122.40,1,-1,-1,-1
120,192,326.75,404.82,33.91,96.49,1,-1,-1,-1
120,193,787.06,389.86,30.43,111.19,1,-1,-1,-1
120,194,1280.14,401.34,48.06,127.52,1,-1,-1,-1
120,195,736.15,391.49,47.85,128.19,1,-1,-1,-1
120,196,624.80,403.07,29.15,70.67,1,-1,-1,-1
120,198,837.70,394.30,65.30,168.50,1,-1,-1,-1
120,199,562.00,414.00,36.70,70.40,1,-1,-1,-1
121,121,711.90,389.65,47.69,125.45,1,-1,-1,-1
121,174,1703.69,368.83,196.79,549.49,1,-1,-1,-1
121,177,755.72,392.83,35.89,113.82,1,-1,-1,-1
121,187,370.48,399.33,53.68,136.04,1,-1,-1,-1
121,192,330.80,408.01,31.28,88.94,1,-1,-1,-1
121,193,801.26,392.89,31.37,111.34,1,-1,-1,-1
121,198,850.21,397.75,68.12,168.14,1,-1,-1,-1
121,200,659.90,401.90,25.00,60.70,1,-1,-1,-1
121,201,8.50,397.50,44.90,199.30,1,-1,-1,-1
121,202,114.10,411.10,60.60,145.10,1,-1,-1,-1
121,203,614.20,400.60,36.70,107.30,1,-1,-1,-1
121,204,900.70,382.10,49.00,145.80,1,-1,-1,-1
121,205,540.70,420.20,37.90,53.30,1,-1,-1,-1
121,206,1306.90,398.20,47.80,132.10,1,-1,-1,-1
122,174,1706.13,370.41,197.86,550.32,1,-1,-1,-1
122,177,759.29,393.36,37.41,115.55,1,-1,-1,-1
122,187,378.33,396.30,54.84,137.11,1,-1,-1,-1
122,191,728.52,394.30,40.86,121.60,1,-1,-1,-1
122,193,814.77,391.22,31.87,112.84,1,-1,-1,-1
122,198,857.33,397.54,67.92,167.93,1,-1,-1,-1
122,200,661.27,402.11,29.00,67.61,1,-1,-1,-1
122,201,1.76,387.80,60.36,241.30,1,-1,-1,-1
122,202,126.72,409.24,59.15,143.46,1,-1,-1,-1
122,203,621.68,396.13,37.70,111.39,1,-1,-1,-1
122,204,909.22,380.56,48.91,146.71,1,-1,-1,-1
122,205,550.13,419.14,38.35,53.94,1,-1,-1,-1
122,206,1314.72,397.04,47.71,130.46,1,-1,-1,-1
122,207,355.70,415.10,29.60,87.50,1,-1,-1,-1
122,208,581.00,419.10,33.90,56.30,1,-1,-1,-1
123,174,1710.16,371.66,197.71,550.87,1,-1,-1,-1
123,177,762.89,393.01,38.88,117.20,1,-1,-1,-1
123,187,385.46,393.72,55.71,137.35,1,-1,-1,-1
123,191,736.58,392.58,41.43,121.06,1,-1,-1,-1
123,193,824.18,387.36,31.68,113.43,1,-1,-1,-1
123,198,862.80,393.70,68.57,168.12,1,-1,-1,-1
123,201,1.69,382.50,61.57,244.03,1,-1,-1,-1
123,202,134.79,405.77,59.70,143.05,1,-1,-1,-1
123,203,630.67,392.84,36.12,109.91,1,-1,-1,-1
123,204,917.54,376.71,49.48,145.89,1,-1,-1,-1
123,205,559.83,418.87,37.37,53.15,1,-1,-1,-1
123,206,1320.78,395.20,49.09,129.67,1,-1,-1,-1
123,209,37.80,401.40,44.40,143.80,1,-1,-1,-1
123,210,655.20,394.90,28.80,86.20,1,-1,-1,-1
124,174,1714.64,371.45,196.99,551.31,1,-1,-1,-1
124,177,766.17,392.37,40.25,118.44,1,-1,-1,-1
124,187,393.65,390.65,57.07,138.67,1,-1,-1,-1
124,191,746.64,390.45,42.18,120.84,1,-1,-1,-1
124,193,830.97,385.97,31.41,113.86,1,-1,-1,-1
124,198,867.42,390.86,68.60,168.41,1,-1,-1,-1
124,201,3.77,381.45,65.10,239.72,1,-1,-1,-1
124,202,142.10,403.23,59.63,143.69,1,-1,-1,-1
124,203,640.17,391.32,36.28,108.00,1,-1,-1,-1
124,204,923.77,375.05,49.81,146.55,1,-1,-1,-1
124,205,566.73,416.79,37.31,52.84,1,-1,-1,-1
124,206,1330.22,394.82,48.87,130.76,1,-1,-1,-1
124,207,360.85,407.47,26.87,74.13,1,-1,-1,-1
124,211,60.20,403.30,35.70,116.90,1,-1,-1,-1
125,174,1719.28,370.70,195.85,552.89,1,-1,-1,-1
125,177,769.55,391.53,41.35,119.51,1,-1,-1,-1
125,187,402.60,387.36,58.55,139.81,1,-1,-1,-1
125,193,838.55,384.07,31.25,112.90,1,-1,-1,-1
125,198,872.07,388.41,69.58,169.18,1,-1,-1,-1
125,201,4.58,380.37,67.37,236.33,1,-1,-1,-1
125,202,147.48,400.44,60.11,143.72,1,-1,-1,-1
125,203,650.25,389.70,36.36,108.86,1,-1,-1,-1
125,204,931.67,372.55,49.68,146.71,1,-1,-1,-1
125,205,573.13,412.88,36.86,52.65,1,-1,-1,-1
125,206,1337.59,392.06,49.10,132.34,1,-1,-1,-1
125,211,66.08,402.51,36.34,110.44,1,-1,-1,-1
125,212,747.00,394.60,33.60,105.80,1,-1,-1,-1
126,174,1725.62,367.63,193.44,554.70,1,-1,-1,-1
126,177,773.85,389.22,42.61,120.80,1,-1,-1,-1
126,187,411.90,385.41,59.06,140.13,1,-1,-1,-1
126,193,849.06,380.74,31.56,112.79,1,-1,-1,-1
126,198,880.29,383.78,70.62,170.30,1,-1,-1,-1
126,201,6.07,377.70,70.31,236.84,1,-1,-1,-1
126,202,160.49,396.11,59.79,143.21,1,-1,-1,-1
126,203,659.41,386.31,37.10,109.66,1,-1,-1,-1
126,204,944.71,369.23,49.73,146.84,1,-1,-1,-1
126,205,585.83,409.55,36.41,52.85,1,-1,-1,-1
126,206,1347.55,389.44,49.29,132.62,1,-1,-1,-1
126,211,77.64,400.96,35.74,106.93,1,-1,-1,-1
126,213,393.10,402.60,25.70,81.50,1,-1,-1,-1
126,214,679.30,386.70,30.60,86.60,1,-1,-1,-1
127,174,1733.26,366.36,189.95,554.82,1,-1,-1,-1
127,187,421.01,383.23,59.30,140.79,1,-1,-1,-1
127,191,784.26,383.97,44.37,122.88,1,-1,-1,-1
127,193,858.85,378.73,31.43,112.74,1,-1,-1,-1
127,198,887.60,382.32,70.95,171.11,1,-1,-1,-1
127,201,8.01,375.46,73.01,237.26,1,-1,-1,-1
127,202,171.16,394.57,59.76,143.14,1,-1,-1,-1
127,203,668.41,383.84,37.53,109.76,1,-1,-1,-1
127,204,953.42,367.92,49.71,146.62,1,-1,-1,-1
127,205,594.73,407.82,36.21,52.57,1,-1,-1,-1
127,206,1358.55,386.21,49.22,133.37,1,-1,-1,-1
127,211,84.79,400.29,34.91,104.55,1,-1,-1,-1
127,213,388.17,403.83,26.25,78.05,1,-1,-1,-1
127,215,758.30,391.50,29.00,92.60,1,-1,-1,-1
128,174,1741.17,361.07,185.98,555.83,1,-1,-1,-1
128,187,430.42,381.14,59.82,141.25,1,-1,-1,-1
128,191,794.70,381.08,45.79,124.56,1,-1,-1,-1
128,193,867.61,378.30,31.44,112.69,1,-1,-1,-1
128,198,894.42,381.49,71.13,170.74,1,-1,-1,-1
128,201,9.65,373.21,75.99,236.98,1,-1,-1,-1
128,202,180.75,392.81,59.92,143.34,1,-1,-1,-1
128,203,678.62,382.58,37.67,110.19,1,-1,-1,-1
128,204,961.55,367.41,49.83,146.84,1,-1,-1,-1
128,205,603.18,405.52,35.92,52.56,1,-1,-1,-1
128,206,1367.79,383.96,49.71,134.28,1,-1,-1,-1
128,211,95.08,401.06,35.06,104.97,1,-1,-1,-1
129,174,1749.97,359.18,181.15,558.70,1,-1,-1,-1
129,187,439.21,379.56,60.22,141.71,1,-1,-1,-1
129,191,805.08,378.94,46.84,125.81,1,-1,-1,-1
129,193,875.39,376.67,31.84,112.63,1,-1,-1,-1
129,198,901.48,380.96,71.30,171.01,1,-1,-1,-1
129,201,11.31,372.13,78.84,237.25,1,-1,-1,-1
129,202,190.83,391.53,59.67,143.51,1,-1,-1,-1
129,203,685.79,381.35,37.73,110.83,1,-1,-1,-1
129,204,968.87,366.31,49.94,146.58,1,-1,-1,-1
129,205,610.58,404.48,36.24,52.38,1,-1,-1,-1
129,206,1376.80,381.88,50.07,134.99,1,-1,-1,-1
129,211,103.90,402.03,34.90,104.44,1,-1,-1,-1
129,216,412.30,401.60,25.20,82.60,1,-1,-1,-1
129,217,724.30,385.90,25.30,64.10,1,-1,-1,-1
130,174,1758.06,355.82,176.40,560.55,1,-1,-1,-1
130,187,447.01,378.08,60.55,142.27,1,-1,-1,-1
130,191,813.12,377.51,47.67,127.01,1,-1,-1,-1
130,193,882.90,375.52,31.98,112.86,1,-1,-1,-1
130,198,908.84,379.75,71.55,171.31,1,-1,-1,-1
130,201,14.24,371.79,81.83,236.74,1,-1,-1,-1
130,202,200.19,390.46,59.56,143.25,1,-1,-1,-1
130,203,692.36,380.20,37.80,111.25,1,-1,-1,-1
130,204,975.75,365.66,50.29,146.52,1,-1,-1,-1
130,205,619.60,403.53,36.34,52.23,1,-1,-1,-1
130,206,1385.81,380.48,50.39,135.35,1,-1,-1,-1
130,211,111.82,400.69,34.94,104.39,1,-1,-1,-1
130,216,410.84,403.63,25.84,81.42,1,-1,-1,-1
130,217,719.83,384.14,27.30,71.28,1,-1,-1,-1
131,174,1764.02,351.08,172.56,561.65,1,-1,-1,-1
131,187,455.92,375.79,61.08,143.08,1,-1,-1,-1
131,191,821.30,375.24,48.27,127.93,1,-1,-1,-1
131,193,893.37,374.38,31.79,111.02,1,-1,-1,-1
131,198,917.92,377.48,71.48,171.29,1,-1,-1,-1
131,201,18.66,370.72,84.76,236.84,1,-1,-1,-1
131,202,210.87,387.95,59.65,143.31,1,-1,-1,-1
131,203,700.63,377.69,37.80,111.05,1,-1,-1,-1
131,204,986.25,364.75,50.43,146.32,1,-1,-1,-1
131,205,629.75,401.42,36.16,52.13,1,-1,-1,-1
131,206,1397.46,379.18,50.32,135.57,1,-1,-1,-1
131,211,123.03,395.65,35.07,105.73,1,-1,-1,-1
132,174,1768.22,345.69,169.48,563.41,1,-1,-1,-1
132,187,464.63,373.50,61.63,143.57,1,-1,-1,-1
132,191,829.13,374.00,48.71,128.73,1,-1,-1,-1
132,193,902.59,372.98,32.12,111.04,1,-1,-1,-1
132,198,925.98,376.69,71.58,171.00,1,-1,-1,-1
132,201,23.42,370.28,86.67,236.15,1,-1,-1,-1
132,202,221.43,387.01,59.31,142.90,1,-1,-1,-1
132,203,709.53,376.58,38.08,111.63,1,-1,-1,-1
132,204,995.15,364.20,50.71,146.46,1,-1,-1,-1
132,205,638.44,400.30,36.70,52.10,1,-1,-1,-1
132,206,1408.56,378.60,50.74,136.15,1,-1,-1,-1
132,211,131.75,394.80,35.40,105.60,1,-1,-1,-1
132,218,757.90,381.30,25.10,61.30,1,-1,-1,-1
133,174,1769.92,341.38,167.65,563.90,1,-1,-1,-1
133,187,472.07,371.55,62.13,144.05,1,-1,-1,-1
133,191,837.05,373.16,49.15,128.96,1,-1,-1,-1
133,193,910.19,371.45,32.33,110.74,1,-1,-1,-1
133,198,933.57,375.63,71.55,170.93,1,-1,-1,-1
133,201,25.99,368.76,88.73,236.23,1,-1,-1,-1
133,202,230.82,385.90,59.22,142.66,1,-1,-1,-1
133,203,718.20,376.30,38.04,111.83,1,-1,-1,-1
133,204,1003.34,363.91,51.08,146.78,1,-1,-1,-1
133,205,646.94,399.08,37.16,52.48,1,-1,-1,-1
133,206,1419.37,377.77,50.88,136.88,1,-1,-1,-1
133,211,140.10,393.32,35.46,105.37,1,-1,-1,-1
133,218,748.66,381.33,29.01,66.39,1,-1,-1,-1
133,219,442.80,396.50,26.40,83.60,1,-1,-1,-1
134,174,1770.25,337.08,166.51,565.71,1,-1,-1,-1
134,187,479.30,369.19,62.92,144.60,1,-1,-1,-1
134,191,843.71,371.80,49.30,129.12,1,-1,-1,-1
134,193,917.37,369.51,32.52,110.93,1,-1,-1,-1
134,198,940.51,374.22,71.45,170.17,1,-1,-1,-1
134,201,27.38,366.75,90.02,236.61,1,-1,-1,-1
134,202,238.83,384.81,59.41,142.30,1,-1,-1,-1
134,203,726.83,375.30,38.09,112.08,1,-1,-1,-1
134,204,1011.62,362.37,51.61,147.35,1,-1,-1,-1
134,205,654.32,397.31,37.14,52.56,1,-1,-1,-1
134,206,1430.06,376.68,51.18,137.72,1,-1,-1,-1
134,211,148.91,390.70,35.20,104.86,1,-1,-1,-1
134,219,445.64,393.95,27.95,84.24,1,-1,-1,-1
135,174,1767.85,335.16,166.87,566.08,1,-1,-1,-1
135,187,486.93,366.73,63.29,144.63,1,-1,-1,-1
135,191,849.64,370.29,49.35,129.21,1,-1,-1,-1
135,193,924.01,368.19,32.76,110.59,1,-1,-1,-1
135,198,946.89,372.41,71.27,169.88,1,-1,-1,-1
135,201,28.66,364.30,91.24,237.05,1,-1,-1,-1
135,202,247.26,382.98,59.32,141.98,1,-1,-1,-1
135,203,735.30,374.13,37.99,111.97,1,-1,-1,-1
135,204,1019.18,360.11,52.05,148.46,1,-1,-1,-1
135,205,661.16,395.51,37.21,52.84,1,-1,-1,-1
135,206,1440.30,375.33,51.52,138.27,1,-1,-1,-1
135,211,157.12,388.11,35.16,105.01,1,-1,-1,-1
135,219,448.98,391.75,28.12,84.31,1,-1,-1,-1
136,174,1767.15,330.74,166.29,569.58,1,-1,-1,-1
136,187,495.03,364.13,62.87,143.59,1,-1,-1,-1
136,193,931.43,365.54,32.71,110.18,1,-1,-1,-1
136,198,953.24,369.86,71.34,169.99,1,-1,-1,-1
136,201,30.81,360.31,92.14,237.76,1,-1,-1,-1
136,202,256.40,379.87,59.35,142.05,1,-1,-1,-1
136,203,743.05,371.13,38.10,112.30,1,-1,-1,-1
136,204,1026.79,357.17,52.31,149.51,1,-1,-1,-1
136,205,668.31,392.71,37.40,52.86,1,-1,-1,-1
136,206,1450.59,373.61,51.59,138.31,1,-1,-1,-1
136,211,165.94,384.60,35.30,104.81,1,-1,-1,-1
136,220,840.80,363.50,50.30,136.90,1,-1,-1,-1
136,221,476.00,379.50,33.80,101.70,1,-1,-1,-1
136,222,461.00,383.20,29.60,87.00,1,-1,-1,-1
137,174,1767.97,328.95,164.86,571.27,1,-1,-1,-1
137,193,937.73,363.31,32.80,109.82,1,-1,-1,-1
137,198,958.55,367.41,71.41,169.84,1,-1,-1,-1
137,201,34.31,356.06,93.70,238.45,1,-1,-1,-1
137,202,264.18,376.47,59.29,141.75,1,-1,-1,-1
137,203,749.97,367.52,38.19,113.03,1,-1,-1,-1
137,204,1033.61,354.05,52.73,150.79,1,-1,-1,-1
137,205,675.11,389.60,37.67,53.06,1,-1,-1,-1
137,206,1458.95,371.55,51.93,138.85,1,-1,-1,-1
137,211,173.57,381.32,35.29,104.79,1,-1,-1,-1
137,220,845.72,361.06,49.48,131.08,1,-1,-1,-1
137,221,474.18,378.39,30.71,96.79,1,-1,-1,-1
137,222,458.56,379.50,28.15,86.27,1,-1,-1,-1
137,223,495.80,369.50,49.50,121.90,1,-1,-1,-1
137,224,784.50,366.80,24.90,60.80,1,-1,-1,-1
138,174,1766.54,327.92,164.72,572.92,1,-1,-1,-1
138,198,963.14,364.78,71.72,169.79,1,-1,-1,-1
138,201,38.18,352.41,95.08,238.52,1,-1,-1,-1
138,202,270.97,373.52,59.19,141.22,1,-1,-1,-1
138,203,756.54,363.96,38.34,113.48,1,-1,-1,-1
138,204,1040.25,351.17,53.04,151.48,1,-1,-1,-1
138,205,680.68,386.70,37.87,53.15,1,-1,-1,-1
138,206,1466.92,369.61,52.14,139.23,1,-1,-1,-1
138,211,180.68,377.91,35.08,104.97,1,-1,-1,-1
138,220,850.86,358.95,49.97,130.23,1,-1,-1,-1
138,222,456.51,375.43,27.31,85.09,1,-1,-1,-1
138,225,701.40,383.30,36.90,57.20,1,-1,-1,-1
138,226,934.70,358.90,33.70,107.90,1,-1,-1,-1
138,227,485.90,370.20,35.10,102.00,1,-1,-1,-1
139,174,1768.59,328.37,162.65,574.52,1,-1,-1,-1
139,198,967.48,362.59,71.67,169.75,1,-1,-1,-1
139,201,42.43,349.60,96.25,238.49,1,-1,-1,-1
139,202,277.64,370.49,58.96,140.60,1,-1,-1,-1
139,203,762.35,361.86,38.49,113.83,1,-1,-1,-1
139,204,1046.30,348.76,53.36,152.38,1,-1,-1,-1
139,205,685.53,384.19,38.11,53.32,1,-1,-1,-1
139,206,1474.15,367.61,52.40,139.39,1,-1,-1,-1
139,211,186.77,375.45,35.06,104.94,1,-1,-1,-1
139,220,855.17,357.05,50.24,129.89,1,-1,-1,-1
139,222,455.95,373.72,26.81,84.24,1,-1,-1,-1
139,226,939.57,357.11,34.06,114.26,1,-1,-1,-1
139,227,487.29,368.08,35.19,103.36,1,-1,-1,-1
140,174,1771.22,330.04,160.25,575.83,1,-1,-1,-1
140,198,971.10,360.75,71.58,169.74,1,-1,-1,-1
140,201,45.87,347.24,97.24,238.56,1,-1,-1,-1
140,202,284.06,367.69,58.69,140.29,1,-1,-1,-1
140,203,767.20,359.56,38.84,114.31,1,-1,-1,-1
140,204,1051.89,346.29,53.65,153.18,1,-1,-1,-1
140,205,690.33,381.91,38.07,53.23,1,-1,-1,-1
140,206,1480.80,365.96,52.67,139.42,1,-1,-1,-1
140,220,858.73,356.39,50.13,129.67,1,-1,-1,-1
140,224,784.37,359.70,30.45,72.80,1,-1,-1,-1
140,226,943.54,356.82,35.04,114.86,1,-1,-1,-1
140,227,490.94,365.21,35.63,104.91,1,-1,-1,-1
140,228,183.30,373.80,34.80,103.30,1,-1,-1,-1
141,174,1776.31,329.97,156.42,579.35,1,-1,-1,-1
141,198,974.68,358.94,71.39,169.60,1,-1,-1,-1
141,201,49.32,345.45,98.12,238.72,1,-1,-1,-1
141,202,290.20,364.81,58.62,140.26,1,-1,-1,-1
141,203,771.79,357.26,39.10,115.11,1,-1,-1,-1
141,204,1057.82,344.13,54.21,153.93,1,-1,-1,-1
141,205,695.16,380.11,37.72,52.95,1,-1,-1,-1
141,206,1487.78,364.46,52.83,139.32,1,-1,-1,-1
141,220,864.35,354.13,49.94,129.53,1,-1,-1,-1
141,227,500.53,363.64,35.29,106.65,1,-1,-1,-1
141,229,191.20,375.40,35.00,102.00,1,-1,-1,-1
141,230,477.90,360.00,33.90,98.20,1,-1,-1,-1
141,231,166.80,375.90,26.90,74.10,1,-1,-1,-1
142,198,977.64,357.40,71.14,169.55,1,-1,-1,-1
142,201,52.54,343.66,99.05,239.30,1,-1,-1,-1
142,202,296.08,362.55,58.33,140.23,1,-1,-1,-1
142,203,776.52,355.26,39.32,116.11,1,-1,-1,-1
142,204,1063.55,342.19,54.52,154.86,1,-1,-1,-1
142,206,1494.85,362.86,53.04,139.46,1,-1,-1,-1
142,220,868.07,352.99,49.93,129.27,1,-1,-1,-1
142,227,507.16,365.28,34.71,106.28,1,-1,-1,-1
142,229,195.03,372.38,34.18,105.27,1,-1,-1,-1
142,230,481.11,369.27,30.45,84.02,1,-1,-1,-1
142,232,692.10,380.70,35.80,49.50,1,-1,-1,-1
142,233,156.40,375.10,25.80,74.20,1,-1,-1,-1
143,198,980.33,356.46,70.95,169.55,1,-1,-1,-1
143,201,55.31,342.77,99.47,239.70,1,-1,-1,-1
143,202,301.68,361.83,58.09,140.22,1,-1,-1,-1
143,203,780.93,354.01,39.46,116.95,1,-1,-1,-1
143,204,1068.57,341.11,54.76,155.87,1,-1,-1,-1
143,206,1500.42,361.22,53.41,140.03,1,-1,-1,-1
143,220,871.53,353.01,49.75,129.36,1,-1,-1,-1
143,227,509.32,366.02,33.94,104.83,1,-1,-1,-1
143,229,198.24,376.38,34.67,104.66,1,-1,-1,-1
143,232,694.54,381.31,37.25,49.77,1,-1,-1,-1
143,233,157.13,376.68,24.44,69.65,1,-1,-1,-1
143,234,492.60,372.30,27.30,87.00,1,-1,-1,-1
144,198,982.80,356.30,70.78,169.18,1,-1,-1,-1
144,201,56.92,342.46,99.84,240.04,1,-1,-1,-1
144,202,306.68,361.54,58.02,140.09,1,-1,-1,-1
144,203,784.80,353.09,39.81,117.90,1,-1,-1,-1
144,204,1073.56,340.11,55.17,156.78,1,-1,-1,-1
144,206,1505.58,360.20,53.56,140.27,1,-1,-1,-1
144,220,874.82,352.62,49.61,129.42,1,-1,-1,-1
144,227,511.88,367.09,33.75,104.16,1,-1,-1,-1
144,229,201.39,377.04,35.04,103.82,1,-1,-1,-1
144,232,698.96,381.77,38.81,49.88,1,-1,-1,-1
144,233,154.74,375.10,25.14,70.30,1,-1,-1,-1
144,234,490.47,374.13,28.39,85.82,1,-1,-1,-1
144,235,542.20,351.80,66.20,151.70,1,-1,-1,-1
144,236,740.20,373.00,34.50,58.30,1,-1,-1,-1
145,198,985.28,355.97,70.60,169.02,1,-1,-1,-1
145,201,58.26,342.39,100.42,240.45,1,-1,-1,-1
145,202,311.00,361.47,57.85,140.04,1,-1,-1,-1
145,204,1078.08,339.43,55.41,157.14,1,-1,-1,-1
145,206,1511.23,360.53,53.86,139.74,1,-1,-1,-1
145,220,877.53,351.99,49.61,129.59,1,-1,-1,-1
145,227,514.44,367.69,33.68,104.18,1,-1,-1,-1
145,229,205.74,376.55,34.88,104.50,1,-1,-1,-1
145,232,704.19,382.62,38.12,51.10,1,-1,-1,-1
145,233,154.59,375.65,25.13,69.84,1,-1,-1,-1
145,234,491.97,374.49,28.59,85.47,1,-1,-1,-1
145,237,778.00,350.20,41.50,126.50,1,-1,-1,-1
145,238,811.60,359.10,28.80,70.10,1,-1,-1,-1
146,198,987.98,356.74,70.54,168.80,1,-1,-1,-1
146,201,59.25,344.53,100.91,241.27,1,-1,-1,-1
146,202,316.26,362.92,57.35,140.00,1,-1,-1,-1
146,204,1084.24,339.59,55.57,158.17,1,-1,-1,-1
146,206,1516.92,361.24,54.08,139.60,1,-1,-1,-1
146,220,881.47,353.11,49.80,130.31,1,-1,-1,-1
146,227,519.22,369.14,33.67,104.33,1,-1,-1,-1
146,229,212.77,379.72,34.68,104.17,1,-1,-1,-1
146,232,709.42,386.37,37.30,51.71,1,-1,-1,-1
146,233,154.45,379.61,24.39,67.38,1,-1,-1,-1
146,237,783.73,352.86,43.41,124.05,1,-1,-1,-1
146,239,480.20,378.80,26.10,84.00,1,-1,-1,-1
147,198,990.09,356.89,70.67,169.13,1,-1,-1,-1
147,201,61.18,345.91,101.74,242.27,1,-1,-1,-1
147,202,321.09,364.60,56.99,139.67,1,-1,-1,-1
147,204,1089.91,339.50,55.90,159.26,1,-1,-1,-1
147,206,1522.78,361.39,54.49,140.25,1,-1,-1,-1
147,220,885.09,354.11,50.04,130.42,1,-1,-1,-1
147,227,522.08,371.03,33.24,103.50,1,-1,-1,-1
147,229,219.10,380.53,34.59,103.99,1,-1,-1,-1
147,232,715.69,389.07,36.78,51.81,1,-1,-1,-1
147,237,792.06,357.08,41.11,121.49,1,-1,-1,-1
147,239,484.63,381.22,25.55,73.82,1,-1,-1,-1
147,240,1.00,394.90,47.00,196.40,1,-1,-1,-1
147,241,162.20,377.50,24.90,71.90,1,-1,-1,-1
147,242,195.00,379.10,25.80,69.00,1,-1,-1,-1
148,198,992.55,356.37,70.70,169.74,1,-1,-1,-1
148,201,63.69,347.37,102.54,242.82,1,-1,-1,-1
148,202,326.11,365.48,56.63,139.31,1,-1,-1,-1
148,204,1096.07,339.08,56.30,160.16,1,-1,-1,-1
148,206,1528.48,361.46,54.69,140.38,1,-1,-1,-1
148,220,888.79,354.36,50.39,130.69,1,-1,-1,-1
148,227,527.62,372.33,33.09,103.76,1,-1,-1,-1
148,229,224.60,380.33,34.05,103.99,1,-1,-1,-1
148,232,720.31,389.34,36.75,51.72,1,-1,-1,-1
148,237,795.64,355.86,41.17,122.44,1,-1,-1,-1
148,239,486.73,382.12,26.15,73.38,1,-1,-1,-1
148,240,1.18,396.26,51.09,195.85,1,-1,-1,-1
148,242,192.31,381.84,23.25,66.00,1,-1,-1,-1
148,243,203.40,380.60,24.60,80.70,1,-1,-1,-1
148,244,512.90,377.20,29.60,91.00,1,-1,-1,-1
148,245,1802.70,342.70,118.30,578.40,1,-1,-1,-1
149,198,995.34,356.55,70.77,170.15,1,-1,-1,-1
149,201,66.65,348.76,102.89,243.37,1,-1,-1,-1
149,202,331.47,366.56,56.31,139.04,1,-1,-1,-1
149,204,1101.65,339.11,56.64,161.20,1,-1,-1,-1
149,206,1534.09,362.20,55.11,140.42,1,-1,-1,-1
149,220,892.47,354.96,50.59,130.60,1,-1,-1,-1
149,227,531.71,373.32,32.78,103.62,1,-1,-1,-1
149,229,230.33,380.55,33.83,104.10,1,-1,-1,-1
149,232,724.98,388.95,36.52,51.94,1,-1,-1,-1
149,237,800.67,355.90,40.95,122.89,1,-1,-1,-1
149,240,2.53,394.19,53.83,195.35,1,-1,-1,-1
149,242,186.45,379.06,22.80,62.93,1,-1,-1,-1
149,244,512.18,377.22,29.05,91.45,1,-1,-1,-1
149,245,1803.84,332.53,117.21,594.58,1,-1,-1,-1
150,198,998.53,356.76,70.66,170.12,1,-1,-1,-1
150,201,68.67,349.49,103.43,243.71,1,-1,-1,-1
150,202,336.61,367.06,56.00,138.56,1,-1,-1,-1
150,204,1107.51,338.79,56.80,162.21,1,-1,-1,-1
150,206,1539.40,362.27,55.55,140.81,1,-1,-1,-1
150,220,896.11,354.87,50.49,130.73,1,-1,-1,-1
150,227,536.27,373.21,32.90,103.12,1,-1,-1,-1
150,229,235.00,379.93,33.92,104.39,1,-1,-1,-1
150,232,730.43,387.42,36.44,52.25,1,-1,-1,-1
150,237,805.88,354.94,41.09,123.64,1,-1,-1,-1
150,240,4.28,392.24,57.13,195.37,1,-1,-1,-1
150,242,184.12,378.06,22.57,64.27,1,-1,-1,-1
150,244,515.54,376.74,28.41,88.46,1,-1,-1,-1
150,245,1800.89,332.93,119.22,601.34,1,-1,-1,-1
150,246,774.10,375.70,36.70,63.30,1,-1,-1,-1
151,198,1003.28,356.79,70.61,170.08,1,-1,-1,-1
151,201,68.93,349.92,104.53,244.25,1,-1,-1,-1
151,202,342.55,367.52,55.70,138.04,1,-1,-1,-1
151,204,1113.69,338.32,57.20,163.41,1,-1,-1,-1
151,206,1546.49,361.79,55.76,141.17,1,-1,-1,-1
151,220,900.26,354.11,50.41,130.52,1,-1,-1,-1
151,227,539.97,372.75,33.00,103.12,1,-1,-1,-1
151,229,238.87,378.82,34.08,104.56,1,-1,-1,-1
151,232,737.00,386.15,36.96,52.20,1,-1,-1,-1
151,237,812.32,353.13,41.45,124.17,1,-1,-1,-1
151,240,6.94,390.91,58.95,195.50,1,-1,-1,-1
151,244,516.68,377.02,28.24,87.13,1,-1,-1,-1
151,245,1798.53,332.90,120.82,600.05,1,-1,-1,-1
151,247,192.30,375.30,22.50,66.60,1,-1,-1,-1
152,198,1006.96,356.25,70.58,169.94,1,-1,-1,-1
152,201,68.61,350.09,105.57,244.88,1,-1,-1,-1
152,202,347.24,367.49,55.46,137.32,1,-1,-1,-1
152,204,1118.40,337.43,57.60,164.20,1,-1,-1,-1
152,206,1551.97,361.00,55.97,141.52,1,-1,-1,-1
152,220,903.23,353.15,50.37,130.46,1,-1,-1,-1
152,227,542.87,371.88,33.01,103.31,1,-1,-1,-1
152,229,241.27,377.50,34.07,104.59,1,-1,-1,-1
152,232,742.10,384.66,36.86,51.99,1,-1,-1,-1
152,237,816.64,351.61,41.66,124.09,1,-1,-1,-1
152,240,7.70,389.71,60.27,195.96,1,-1,-1,-1
152,244,517.81,376.27,28.36,86.61,1,-1,-1,-1
152,245,1798.46,330.97,121.19,603.85,1,-1,-1,-1
152,247,193.26,373.50,21.86,68.42,1,-1,-1,-1
153,198,1009.98,354.88,70.69,170.10,1,-1,-1,-1
153,201,68.88,349.48,106.37,245.95,1,-1,-1,-1
153,202,351.35,366.05,55.17,136.77,1,-1,-1,-1
153,204,1122.23,335.93,58.06,164.86,1,-1,-1,-1
153,206,1556.69,358.93,56.17,142.08,1,-1,-1,-1
153,220,905.30,351.64,50.43,130.48,1,-1,-1,-1
153,227,545.64,369.96,33.11,103.40,1,-1,-1,-1
153,229,243.73,376.22,34.05,104.16,1,-1,-1,-1
153,232,746.75,382.35,36.61,51.54,1,-1,-1,-1
153,237,819.82,349.23,41.85,124.46,1,-1,-1,-1
153,240,7.85,385.23,61.42,196.50,1,-1,-1,-1
153,244,515.17,374.02,28.68,85.40,1,-1,-1,-1
153,245,1798.37,327.06,121.47,604.65,1,-1,-1,-1
153,248,200.20,370.40,23.20,67.60,1,-1,-1,-1
154,198,1012.58,353.03,70.78,170.29,1,-1,-1,-1
154,201,69.02,347.81,106.90,247.10,1,-1,-1,-1
154,202,355.00,364.77,54.90,136.51,1,-1,-1,-1
154,204,1125.46,334.77,58.36,165.22,1,-1,-1,-1
154,206,1561.19,357.25,56.46,142.45,1,-1,-1,-1
154,220,906.70,350.02,50.47,130.68,1,-1,-1,-1
154,227,547.84,367.61,33.40,103.73,1,-1,-1,-1
154,229,246.16,374.87,34.42,104.22,1,-1,-1,-1
154,237,822.76,346.93,41.99,124.73,1,-1,-1,-1
154,240,7.92,381.13,62.88,197.46,1,-1,-1,-1
154,244,516.46,372.04,28.77,85.49,1,-1,-1,-1
154,245,1798.96,322.62,121.33,604.82,1,-1,-1,-1
154,248,197.81,369.07,22.93,66.78,1,-1,-1,-1
154,249,746.90,375.60,34.10,47.90,1,-1,-1,-1
155,198,1014.59,351.43,71.00,170.25,1,-1,-1,-1
155,201,69.46,346.07,107.16,247.76,1,-1,-1,-1
155,202,357.97,363.70,54.68,136.30,1,-1,-1,-1
155,204,1127.77,333.69,58.66,165.82,1,-1,-1,-1
155,206,1564.81,355.80,56.88,142.91,1,-1,-1,-1
155,220,907.31,348.67,50.65,130.83,1,-1,-1,-1
155,227,549.39,365.86,33.53,103.94,1,-1,-1,-1
155,229,247.77,373.64,34.72,104.39,1,-1,-1,-1
155,237,825.63,345.75,41.88,125.02,1,-1,-1,-1
155,240,7.91,377.91,63.65,197.64,1,-1,-1,-1
155,244,517.77,370.69,28.73,85.24,1,-1,-1,-1
155,245,1797.56,316.67,122.14,605.82,1,-1,-1,-1
155,248,199.55,367.73,22.67,66.89,1,-1,-1,-1
155,249,747.68,374.51,33.74,50.08,1,-1,-1,-1
155,250,610.50,349.10,63.50,154.40,1,-1,-1,-1
156,198,1016.29,349.72,71.12,169.85,1,-1,-1,-1
156,201,69.42,343.65,107.78,248.92,1,-1,-1,-1
156,202,359.89,361.72,54.40,136.06,1,-1,-1,-1
156,204,1129.66,332.32,59.00,166.41,1,-1,-1,-1
156,206,1568.48,354.17,57.50,143.21,1,-1,-1,-1
156,220,907.46,347.17,50.71,130.90,1,-1,-1,-1
156,227,551.15,363.69,33.90,104.41,1,-1,-1,-1
156,229,249.88,371.60,34.88,103.92,1,-1,-1,-1
156,237,827.66,343.58,41.94,125.62,1,-1,-1,-1
156,240,6.55,374.83,63.92,198.01,1,-1,-1,-1
156,244,516.76,369.31,28.74,85.26,1,-1,-1,-1
156,245,1793.88,312.75,124.17,608.42,1,-1,-1,-1
156,248,200.84,364.54,23.01,68.07,1,-1,-1,-1
156,249,747.51,371.08,34.63,50.90,1,-1,-1,-1
156,250,615.38,346.16,64.14,150.67,1,-1,-1,-1
156,251,935.80,340.80,33.60,113.30,1,-1,-1,-1
157,198,1017.67,348.11,71.00,169.57,1,-1,-1,-1
157,201,67.71,342.24,108.58,249.72,1,-1,-1,-1
157,202,360.95,360.32,54.23,136.14,1,-1,-1,-1
157,204,1131.17,330.92,59.36,167.18,1,-1,-1,-1
157,206,1572.08,352.36,58.10,143.75,1,-1,-1,-1
157,220,907.42,345.84,50.69,131.03,1,-1,-1,-1
157,227,552.48,361.88,34.45,105.00,1,-1,-1,-1
157,229,251.50,369.83,34.93,103.58,1,-1,-1,-1
157,237,829.09,342.12,42.01,126.19,1,-1,-1,-1
157,240,5.54,373.22,63.96,198.87,1,-1,-1,-1
157,244,515.76,368.57,28.69,85.15,1,-1,-1,-1
157,245,1789.77,307.57,126.60,611.87,1,-1,-1,-1
157,248,201.27,365.24,22.43,67.22,1,-1,-1,-1
157,249,747.24,370.54,34.95,51.20,1,-1,-1,-1
157,250,621.33,342.78,63.59,150.78,1,-1,-1,-1
157,251,936.77,339.39,33.15,112.85,1,-1,-1,-1
158,198,1018.47,346.61,71.00,169.64,1,-1,-1,-1
158,201,65.34,341.85,109.08,250.10,1,-1,-1,-1
158,204,1131.72,329.56,59.90,168.19,1,-1,-1,-1
158,206,1575.98,350.31,58.57,144.63,1,-1,-1,-1
158,220,906.85,344.64,50.62,131.13,1,-1,-1,-1
158,227,552.88,360.54,34.96,105.36,1,-1,-1,-1
158,229,252.39,368.65,35.00,103.45,1,-1,-1,-1
158,237,829.61,341.05,42.20,127.04,1,-1,-1,-1
158,240,4.17,372.60,63.38,199.90,1,-1,-1,-1
158,244,515.81,368.28,28.74,85.33,1,-1,-1,-1
158,245,1778.76,304.47,132.80,611.13,1,-1,-1,-1
158,248,200.45,365.89,21.98,66.90,1,-1,-1,-1
158,249,747.76,370.54,34.76,51.58,1,-1,-1,-1
158,250,625.83,342.13,63.89,150.95,1,-1,-1,-1
158,251,941.36,338.40,33.08,111.15,1,-1,-1,-1
158,252,348.40,359.00,52.10,136.30,1,-1,-1,-1
159,198,1018.41,345.54,71.13,169.67,1,-1,-1,-1
159,201,62.77,341.63,109.37,250.42,1,-1,-1,-1
159,204,1131.77,328.48,60.30,168.98,1,-1,-1,-1
159,206,1579.87,348.78,59.16,145.44,1,-1,-1,-1
159,220,906.10,343.32,50.58,131.45,1,-1,-1,-1
159,227,552.80,359.90,35.53,105.54,1,-1,-1,-1
159,229,253.44,367.63,35.10,103.15,1,-1,-1,-1
159,237,829.61,340.61,42.25,127.37,1,-1,-1,-1
159,240,2.88,372.70,62.51,200.99,1,-1,-1,-1
159,244,516.60,367.32,29.00,85.88,1,-1,-1,-1
159,245,1768.61,301.93,139.01,611.34,1,-1,-1,-1
159,248,200.05,366.23,21.75,66.13,1,-1,-1,-1
159,249,747.81,371.58,35.02,51.52,1,-1,-1,-1
159,250,627.23,341.88,63.74,150.58,1,-1,-1,-1
159,251,942.39,339.40,34.79,111.16,1,-1,-1,-1
159,252,346.30,359.40,49.37,134.21,1,-1,-1,-1
160,198,1017.43,345.33,71.17,169.64,1,-1,-1,-1
160,201,57.99,341.05,110.18,250.77,1,-1,-1,-1
160,204,1131.85,328.31,60.52,169.75,1,-1,-1,-1
160,206,1582.44,347.35,59.80,146.47,1,-1,-1,-1
160,220,904.96,342.69,50.51,131.66,1,-1,-1,-1
160,237,829.33,340.62,42.34,127.67,1,-1,-1,-1
160,240,2.06,372.11,61.95,201.57,1,-1,-1,-1
160,244,516.93,367.02,29.21,86.97,1,-1,-1,-1
160,245,1760.25,301.24,144.63,613.87,1,-1,-1,-1
160,248,197.71,365.91,21.89,66.30,1,-1,-1,-1
160,249,747.84,372.87,34.78,51.32,1,-1,-1,-1
160,250,626.84,342.89,63.61,149.80,1,-1,-1,-1
160,251,938.44,341.05,35.15,110.47,1,-1,-1,-1
160,252,344.22,362.50,50.97,133.39,1,-1,-1,-1
160,253,182.00,366.60,21.00,66.20,1,-1,-1,-1
160,254,539.80,358.90,38.30,109.80,1,-1,-1,-1
160,255,236.70,368.30,37.00,103.50,1,-1,-1,-1
161,198,1015.11,345.19,71.05,169.87,1,-1,-1,-1
161,201,50.79,341.93,110.36,251.22,1,-1,-1,-1
161,204,1131.24,328.10,60.93,171.06,1,-1,-1,-1
161,206,1583.29,347.16,60.19,147.14,1,-1,-1,-1
161,244,515.66,367.32,29.58,87.57,1,-1,-1,-1
161,245,1747.52,301.27,152.87,615.87,1,-1,-1,-1
161,248,198.54,367.94,22.50,66.39,1,-1,-1,-1
161,249,744.67,375.21,34.85,51.17,1,-1,-1,-1
161,250,623.61,344.03,64.00,150.41,1,-1,-1,-1
161,251,937.66,343.63,34.78,111.35,1,-1,-1,-1
161,252,336.75,366.18,50.78,132.67,1,-1,-1,-1
161,254,533.83,363.69,39.94,106.16,1,-1,-1,-1
161,255,230.26,369.20,34.91,103.77,1,-1,-1,-1
161,256,891.80,345.40,46.70,131.00,1,-1,-1,-1
161,257,815.10,345.60,43.10,131.10,1,-1,-1,-1
161,258,187.80,370.50,21.30,64.80,1,-1,-1,-1
162,198,1012.05,344.86,70.94,170.14,1,-1,-1,-1
162,201,43.16,341.93,110.27,251.60,1,-1,-1,-1
162,204,1129.86,328.23,61.06,172.37,1,-1,-1,-1
162,244,514.53,366.39,29.72,88.32,1,-1,-1,-1
162,245,1735.84,301.87,160.91,617.75,1,-1,-1,-1
162,249,742.76,375.22,34.83,51.26,1,-1,-1,-1
162,250,619.65,344.43,64.33,150.80,1,-1,-1,-1
162,251,936.14,344.90,34.54,112.29,1,-1,-1,-1
162,252,333.25,366.92,50.71,132.38,1,-1,-1,-1
162,253,181.65,367.12,20.00,62.56,1,-1,-1,-1
162,254,529.21,359.74,39.78,108.58,1,-1,-1,-1
162,255,222.76,370.05,35.91,104.46,1,-1,-1,-1
162,256,886.44,344.80,48.70,133.00,1,-1,-1,-1
162,257,812.83,343.82,43.28,131.28,1,-1,-1,-1
162,259,1568.50,347.10,62.10,154.40,1,-1,-1,-1
162,260,489.80,370.00,26.00,82.70,1,-1,-1,-1
162,261,204.60,368.20,26.40,77.10,1,-1,-1,-1
163,201,33.87,342.58,110.83,252.20,1,-1,-1,-1
163,245,1725.32,304.81,168.63,617.37,1,-1,-1,-1
163,249,739.14,376.26,35.21,51.00,1,-1,-1,-1
163,250,615.55,344.52,64.72,151.63,1,-1,-1,-1
163,251,932.98,346.06,34.55,112.19,1,-1,-1,-1
163,252,327.62,367.65,50.79,131.88,1,-1,-1,-1
163,253,176.82,369.03,21.53,64.11,1,-1,-1,-1
163,254,522.60,358.80,40.34,109.86,1,-1,-1,-1
163,255,216.86,370.16,36.96,105.78,1,-1,-1,-1
163,256,879.87,345.35,49.23,132.33,1,-1,-1,-1
163,257,809.77,344.51,43.24,129.47,1,-1,-1,-1
163,258,187.69,368.71,23.12,75.17,1,-1,-1,-1
163,259,1565.06,349.65,65.01,151.58,1,-1,-1,-1
163,260,490.64,370.46,24.91,81.97,1,-1,-1,-1
163,262,992.40,349.00,68.70,169.50,1,-1,-1,-1
163,263,1113.00,327.20,61.40,183.70,1,-1,-1,-1
164,201,24.43,342.93,111.02,253.03,1,-1,-1,-1
164,245,1715.62,307.79,176.13,617.66,1,-1,-1,-1
164,249,735.52,376.89,35.16,50.74,1,-1,-1,-1
164,250,610.92,345.22,65.17,151.96,1,-1,-1,-1
164,251,927.72,345.92,34.44,112.33,1,-1,-1,-1
164,252,322.14,368.50,51.15,131.74,1,-1,-1,-1
164,253,173.92,370.34,22.38,65.09,1,-1,-1,-1
164,254,515.08,359.39,39.67,109.82,1,-1,-1,-1
164,255,208.23,370.95,37.63,106.09,1,-1,-1,-1
164,256,873.71,345.47,49.74,132.71,1,-1,-1,-1
164,257,804.86,345.52,43.52,129.91,1,-1,-1,-1
164,259,1559.66,350.75,63.57,152.69,1,-1,-1,-1
164,260,488.76,372.00,26.87,84.57,1,-1,-1,-1
164,262,983.81,347.59,71.70,173.50,1,-1,-1,-1
164,263,1109.96,326.46,62.22,184.97,1,-1,-1,-1
164,264,152.80,370.70,19.20,61.20,1,-1,-1,-1
164,265,756.90,374.20,35.80,54.40,1,-1,-1,-1
165,201,15.62,343.35,110.07,254.11,1,-1,-1,-1
165,245,1706.78,310.49,182.74,616.82,1,-1,-1,-1
165,249,730.16,376.97,35.52,50.79,1,-1,-1,-1
165,250,606.26,344.85,65.58,152.42,1,-1,-1,-1
165,251,922.28,345.76,34.75,112.21,1,-1,-1,-1
165,252,316.45,368.92,50.97,131.42,1,-1,-1,-1
165,253,167.54,369.05,23.17,66.03,1,-1,-1,-1
165,254,507.97,360.06,39.33,109.88,1,-1,-1,-1
165,255,201.22,370.30,37.95,106.41,1,-1,-1,-1
165,256,868.45,346.44,50.04,132.69,1,-1,-1,-1
165,257,799.80,346.88,43.27,129.73,1,-1,-1,-1
165,259,1555.18,350.29,62.27,153.55,1,-1,-1,-1
165,260,488.72,370.34,27.77,86.91,1,-1,-1,-1
165,262,977.16,346.35,71.80,174.31,1,-1,-1,-1
165,263,1104.11,327.08,62.69,184.84,1,-1,-1,-1
165,264,151.54,364.68,21.93,66.11,1,-1,-1,-1
165,266,181.10,365.00,22.40,81.70,1,-1,-1,-1
166,201,7.60,345.02,107.84,254.65,1,-1,-1,-1
166,245,1696.34,311.35,186.34,616.27,1,-1,-1,-1
166,250,600.54,343.74,66.07,153.54,1,-1,-1,-1
166,252,308.07,368.05,50.89,131.54,1,-1,-1,-1
166,254,500.36,359.44,39.48,109.70,1,-1,-1,-1
166,255,190.24,368.66,38.32,106.67,1,-1,-1,-1
166,256,861.01,344.19,50.17,133.67,1,-1,-1,-1
166,257,790.09,345.63,43.40,129.85,1,-1,-1,-1
166,259,1550.77,348.90,61.84,154.29,1,-1,-1,-1
166,260,484.33,368.61,28.73,89.26,1,-1,-1,-1
166,262,966.16,345.60,71.37,172.83,1,-1,-1,-1
166,263,1094.64,327.87,63.28,184.80,1,-1,-1,-1
166,267,713.80,374.20,36.00,52.80,1,-1,-1,-1
166,268,909.10,344.50,33.90,111.60,1,-1,-1,-1
166,269,461.00,369.80,24.40,82.00,1,-1,-1,-1
166,270,143.50,366.40,24.30,65.90,1,-1,-1,-1
167,201,0.26,347.52,104.82,254.33,1,-1,-1,-1
167,245,1686.38,312.25,189.01,615.53,1,-1,-1,-1
167,250,595.58,342.81,66.67,154.43,1,-1,-1,-1
167,252,300.07,367.46,50.87,131.27,1,-1,-1,-1
167,254,492.93,358.39,39.72,110.44,1,-1,-1,-1
167,255,180.16,368.02,38.91,107.22,1,-1,-1,-1
167,256,853.65,343.66,50.41,133.85,1,-1,-1,-1
167,257,782.01,344.97,43.56,130.34,1,-1,-1,-1
167,259,1546.03,347.48,61.15,154.48,1,-1,-1,-1
167,262,957.79,345.44,71.10,172.50,1,-1,-1,-1
167,263,1088.85,328.18,64.25,184.49,1,-1,-1,-1
167,264,153.53,367.82,22.64,74.53,1,-1,-1,-1
167,267,705.66,373.46,40.18,51.80,1,-1,-1,-1
167,268,908.54,343.54,30.35,114.42,1,-1,-1,-1
167,269,460.68,369.08,26.13,85.73,1,-1,-1,-1
167,270,141.19,366.63,23.66,66.63,1,-1,-1,-1
167,271,126.10,365.20,21.40,62.00,1,-1,-1,-1
168,245,1674.83,311.45,191.60,614.94,1,-1,-1,-1
168,250,590.45,342.92,67.53,155.16,1,-1,-1,-1
168,252,291.77,366.46,50.75,131.30,1,-1,-1,-1
168,254,483.38,357.91,39.73,110.69,1,-1,-1,-1
168,255,171.92,367.76,39.22,107.52,1,-1,-1,-1
168,256,846.95,343.22,50.39,133.72,1,-1,-1,-1
168,257,774.69,345.09,43.65,130.30,1,-1,-1,-1
168,259,1540.14,346.82,61.12,155.20,1,-1,-1,-1
168,262,949.15,345.86,71.12,172.18,1,-1,-1,-1
168,263,1084.28,327.81,64.74,184.97,1,-1,-1,-1
168,267,700.40,373.69,39.62,52.18,1,-1,-1,-1
168,269,457.76,367.59,27.69,88.68,1,-1,-1,-1
168,270,133.19,365.51,23.97,68.58,1,-1,-1,-1
168,272,890.60,341.40,33.70,113.80,1,-1,-1,-1
169,245,1664.37,312.16,194.12,614.61,1,-1,-1,-1
169,250,584.15,342.02,67.75,155.42,1,-1,-1,-1
169,252,283.07,364.95,50.70,131.56,1,-1,-1,-1
169,254,474.29,357.08,39.86,111.29,1,-1,-1,-1
169,255,163.36,367.52,39.30,107.53,1,-1,-1,-1
169,256,839.50,342.83,50.65,134.03,1,-1,-1,-1
169,257,767.35,345.08,43.86,130.92,1,-1,-1,-1
169,259,1533.47,345.61,60.75,155.68,1,-1,-1,-1
169,262,940.71,345.97,71.15,171.58,1,-1,-1,-1
169,263,1078.78,326.52,65.61,185.52,1,-1,-1,-1
169,267,690.10,373.38,40.27,52.35,1,-1,-1,-1
169,269,457.15,367.17,28.19,93.19,1,-1,-1,-1
169,270,125.55,366.71,23.52,68.16,1,-1,-1,-1
169,272,883.96,340.01,40.25,113.80,1,-1,-1,-1
169,273,140.80,367.60,24.20,75.50,1,-1,-1,-1
170,245,1653.49,311.02,195.32,614.41,1,-1,-1,-1
170,250,577.38,341.66,67.80,155.97,1,-1,-1,-1
170,252,274.75,363.98,50.88,131.68,1,-1,-1,-1
170,254,465.81,356.73,39.86,111.70,1,-1,-1,-1
170,255,153.03,367.40,39.59,107.54,1,-1,-1,-1
170,256,832.76,342.33,50.85,133.91,1,-1,-1,-1
170,257,759.54,344.79,43.78,131.04,1,-1,-1,-1
170,259,1527.88,344.32,60.41,156.46,1,-1,-1,-1
170,262,932.62,344.70,70.83,171.66,1,-1,-1,-1
170,263,1072.78,326.00,65.62,185.89,1,-1,-1,-1
170,267,683.78,373.82,39.29,52.79,1,-1,-1,-1
170,272,878.36,342.70,38.79,111.64,1,-1,-1,-1
170,274,428.50,366.70,26.00,85.50,1,-1,-1,-1
170,275,439.50,365.20,36.90,98.10,1,-1,-1,-1
170,276,106.00,363.70,27.70,72.90,1,-1,-1,-1
171,245,1641.02,308.61,194.70,615.13,1,-1,-1,-1
171,250,567.83,341.80,68.31,156.33,1,-1,-1,-1
171,252,263.66,365.02,51.22,131.53,1,-1,-1,-1
171,255,141.61,368.43,39.90,107.68,1,-1,-1,-1
171,256,822.80,341.75,50.74,134.07,1,-1,-1,-1
171,257,749.06,344.79,43.75,131.45,1,-1,-1,-1
171,259,1520.94,342.97,60.65,157.31,1,-1,-1,-1
171,262,920.77,344.63,71.00,171.23,1,-1,-1,-1
171,263,1064.48,325.65,65.71,186.85,1,-1,-1,-1
171,267,672.48,373.74,40.27,52.73,1,-1,-1,-1
171,269,451.51,365.70,30.96,99.29,1,-1,-1,-1
171,274,425.58,363.35,29.27,101.41,1,-1,-1,-1
171,277,115.90,368.00,23.80,84.80,1,-1,-1,-1
171,278,857.70,340.50,38.10,115.80,1,-1,-1,-1
171,279,95.10,368.90,22.90,67.20,1,-1,-1,-1
172,245,1625.89,307.52,195.75,615.22,1,-1,-1,-1
172,250,558.44,341.97,68.70,156.52,1,-1,-1,-1
172,252,254.14,366.12,51.38,131.43,1,-1,-1,-1
172,255,129.89,369.93,40.12,107.66,1,-1,-1,-1
172,256,813.79,341.81,50.83,134.40,1,-1,-1,-1
172,257,740.21,345.57,43.86,131.98,1,-1,-1,-1
172,259,1514.41,342.27,60.68,157.90,1,-1,-1,-1
172,262,910.60,345.06,70.62,171.27,1,-1,-1,-1
172,263,1057.53,325.21,66.09,187.90,1,-1,-1,-1
172,267,663.76,374.99,40.56,52.42,1,-1,-1,-1
172,270,101.28,375.60,23.62,70.57,1,-1,-1,-1
172,275,437.50,356.48,40.99,117.83,1,-1,-1,-1
172,278,852.25,341.23,40.37,114.44,1,-1,-1,-1
172,280,1808.20,269.40,112.80,659.20,1,-1,-1,-1
172,281,396.80,372.40,25.30,80.40,1,-1,-1,-1
172,282,77.80,366.90,24.80,74.80,1,-1,-1,-1
173,245,1611.80,305.43,195.43,615.17,1,-1,-1,-1
173,250,549.58,342.13,69.00,156.92,1,-1,-1,-1
173,252,245.07,366.92,51.43,131.47,1,-1,-1,-1
173,255,118.58,370.76,40.49,107.92,1,-1,-1,-1
173,256,805.78,342.24,50.86,134.36,1,-1,-1,-1
173,257,731.58,345.51,43.78,131.92,1,-1,-1,-1
173,259,1508.76,342.87,61.06,158.02,1,-1,-1,-1
173,262,901.85,344.89,70.46,171.50,1,-1,-1,-1
173,263,1051.26,324.43,66.26,188.45,1,-1,-1,-1
173,267,656.64,375.65,40.63,52.36,1,-1,-1,-1
173,270,92.58,376.23,23.08,73.07,1,-1,-1,-1
173,274,420.45,364.77,30.20,103.72,1,-1,-1,-1
173,275,434.96,356.77,40.33,117.62,1,-1,-1,-1
173,278,847.38,344.25,38.81,113.22,1,-1,-1,-1
173,280,1777.23,269.31,142.44,639.47,1,-1,-1,-1
173,281,398.29,370.13,29.75,89.31,1,-1,-1,-1
173,282,76.49,371.39,22.07,71.16,1,-1,-1,-1
174,245,1597.69,302.86,195.12,615.49,1,-1,-1,-1
174,250,542.12,341.01,69.44,157.89,1,-1,-1,-1
174,252,237.30,367.93,51.53,131.21,1,-1,-1,-1
174,255,111.36,370.44,40.74,107.66,1,-1,-1,-1
174,256,801.21,341.95,51.02,134.40,1,-1,-1,-1
174,257,724.44,344.74,43.66,131.57,1,-1,-1,-1
174,259,1502.74,343.47,60.90,158.11,1,-1,-1,-1
174,262,893.05,344.50,70.88,171.25,1,-1,-1,-1
174,263,1046.55,322.52,66.38,189.62,1,-1,-1,-1
174,267,651.75,377.65,39.70,52.10,1,-1,-1,-1
174,274,420.08,365.12,30.43,102.26,1,-1,-1,-1
174,275,434.25,357.91,39.59,115.97,1,-1,-1,-1
174,278,839.65,345.80,36.96,116.43,1,-1,-1,-1
174,279,98.24,371.18,23.72,93.12,1,-1,-1,-1
174,280,1778.62,270.14,141.61,637.71,1,-1,-1,-1
174,281,402.24,371.68,31.31,90.79,1,-1,-1,-1
174,282,77.24,372.19,21.85,69.31,1,-1,-1,-1
175,245,1585.84,301.94,194.86,617.15,1,-1,-1,-1
175,250,535.19,341.24,70.04,158.58,1,-1,-1,-1
175,252,230.15,369.78,51.58,131.00,1,-1,-1,-1
175,255,104.38,371.89,40.53,108.07,1,-1,-1,-1
175,256,796.73,341.83,51.01,134.51,1,-1,-1,-1
175,257,717.79,344.50,43.73,131.83,1,-1,-1,-1
175,259,1496.87,344.33,60.82,158.01,1,-1,-1,-1
175,262,886.51,345.35,70.78,171.40,1,-1,-1,-1
175,263,1042.77,322.00,66.26,190.75,1,-1,-1,-1
175,267,647.59,377.31,39.62,51.89,1,-1,-1,-1
175,275,426.55,361.18,39.95,116.61,1,-1,-1,-1
175,280,1770.02,274.94,146.83,639.65,1,-1,-1,-1
175,283,60.50,374.10,25.20,75.90,1,-1,-1,-1
175,284,953.10,353.20,38.00,99.90,1,-1,-1,-1
175,285,843.20,341.70,34.30,112.90,1,-1,-1,-1
175,286,392.80,373.30,29.90,89.90,1,-1,-1,-1
176,245,1572.34,303.37,194.57,618.99,1,-1,-1,-1
176,250,528.76,341.63,70.92,159.71,1,-1,-1,-1
176,252,223.61,370.81,51.41,131.03,1,-1,-1,-1
176,255,97.72,372.86,40.30,108.30,1,-1,-1,-1
176,256,791.19,342.52,50.96,134.42,1,-1,-1,-1
176,257,712.02,345.15,43.89,131.96,1,-1,-1,-1
176,259,1491.53,343.77,60.76,158.68,1,-1,-1,-1
176,262,881.45,345.52,70.61,171.66,1,-1,-1,-1
176,263,1040.47,321.12,66.26,191.94,1,-1,-1,-1
176,267,643.98,377.93,39.63,51.51,1,-1,-1,-1
176,275,420.28,362.18,40.06,117.55,1,-1,-1,-1
176,280,1757.05,283.19,154.71,640.82,1,-1,-1,-1
176,282,73.20,377.29,22.53,69.38,1,-1,-1,-1
176,283,54.23,374.82,24.65,72.08,1,-1,-1,-1
176,284,953.00,352.76,37.91,101.17,1,-1,-1,-1
176,285,838.80,344.41,35.57,115.90,1,-1,-1,-1
176,286,393.12,370.92,30.35,94.17,1,-1,-1,-1
176,287,130.40,380.70,29.00,91.30,1,-1,-1,-1
177,245,1561.25,305.91,194.18,619.91,1,-1,-1,-1
177,250,523.42,342.02,71.67,160.77,1,-1,-1,-1
177,252,218.31,371.18,51.49,131.63,1,-1,-1,-1
177,256,787.02,343.52,50.99,134.21,1,-1,-1,-1
177,257,708.21,345.24,43.72,131.97,1,-1,-1,-1
177,259,1487.72,343.58,60.70,159.04,1,-1,-1,-1
177,262,877.65,345.81,70.32,171.40,1,-1,-1,-1
177,263,1038.85,321.32,66.54,193.08,1,-1,-1,-1
177,275,416.64,362.75,40.11,117.48,1,-1,-1,-1
177,279,104.98,380.25,30.20,101.00,1,-1,-1,-1
177,280,1749.18,285.69,160.37,642.65,1,-1,-1,-1
177,282,71.05,379.73,23.44,70.48,1,-1,-1,-1
177,283,52.55,376.10,24.82,72.04,1,-1,-1,-1
177,284,952.63,353.06,37.33,100.71,1,-1,-1,-1
177,285,841.71,345.26,34.20,115.95,1,-1,-1,-1
177,286,390.81,373.20,30.14,92.99,1,-1,-1,-1
177,287,133.46,382.04,28.73,83.57,1,-1,-1,-1
177,288,764.60,354.60,28.80,78.20,1,-1,-1,-1
177,289,651.50,378.50,38.80,49.60,1,-1,-1,-1
178,245,1549.98,306.59,194.43,620.64,1,-1,-1,-1
178,250,518.45,342.89,72.02,161.51,1,-1,-1,-1
178,252,214.02,370.83,51.79,132.11,1,-1,-1,-1
178,256,782.89,343.90,50.94,134.05,1,-1,-1,-1
178,259,1485.16,342.67,60.49,159.45,1,-1,-1,-1
178,262,874.67,345.79,69.77,170.37,1,-1,-1,-1
178,263,1037.54,321.07,66.79,194.26,1,-1,-1,-1
178,275,412.06,361.42,40.34,118.17,1,-1,-1,-1
178,279,100.75,380.03,34.04,103.81,1,-1,-1,-1
178,280,1740.57,286.93,166.43,642.87,1,-1,-1,-1
178,282,69.42,380.51,23.68,71.24,1,-1,-1,-1
178,283,51.06,375.85,24.32,71.21,1,-1,-1,-1
178,284,949.93,348.92,37.88,98.96,1,-1,-1,-1
178,285,836.92,343.72,35.02,116.49,1,-1,-1,-1
178,286,390.75,371.72,30.19,94.08,1,-1,-1,-1
178,289,649.77,376.40,37.80,51.33,1,-1,-1,-1
178,290,715.60,345.40,42.70,132.80,1,-1,-1,-1
179,245,1539.64,308.89,195.05,620.01,1,-1,-1,-1
179,250,514.17,342.34,72.62,162.50,1,-1,-1,-1
179,256,779.63,343.40,50.85,134.18,1,-1,-1,-1
179,259,1483.44,341.28,60.56,159.90,1,-1,-1,-1
179,262,872.31,344.53,69.29,169.81,1,-1,-1,-1
179,263,1037.30,320.12,66.77,195.24,1,-1,-1,-1
179,275,408.11,359.03,40.83,118.96,1,-1,-1,-1
179,279,96.74,377.93,35.91,106.02,1,-1,-1,-1
179,280,1735.02,287.87,171.02,643.47,1,-1,-1,-1
179,282,66.83,378.66,23.40,72.38,1,-1,-1,-1
179,283,49.35,372.41,24.14,70.30,1,-1,-1,-1
179,284,948.04,344.93,37.81,99.40,1,-1,-1,-1
179,285,835.72,341.83,35.44,116.49,1,-1,-1,-1
179,286,391.05,368.41,30.45,95.45,1,-1,-1,-1
179,289,650.10,372.80,37.37,52.32,1,-1,-1,-1
179,290,714.90,342.31,42.52,134.71,1,-1,-1,-1
179,291,223.10,364.40,52.50,132.30,1,-1,-1,-1
180,245,1531.32,309.14,194.54,620.45,1,-1,-1,-1
180,250,510.63,340.73,73.00,163.04,1,-1,-1,-1
180,256,777.38,341.87,50.61,134.46,1,-1,-1,-1
180,259,1482.98,339.26,60.70,161.15,1,-1,-1,-1
180,262,870.51,342.72,68.71,169.53,1,-1,-1,-1
180,263,1037.17,318.87,66.89,196.19,1,-1,-1,-1
180,275,405.31,355.13,41.31,119.83,1,-1,-1,-1
180,279,93.17,375.23,36.97,106.94,1,-1,-1,-1
180,280,1731.44,287.85,174.54,643.70,1,-1,-1,-1
180,283,46.65,368.76,24.19,70.17,1,-1,-1,-1
180,284,947.23,342.20,38.12,99.99,1,-1,-1,-1
180,285,835.12,337.95,35.85,115.93,1,-1,-1,-1
180,289,649.58,367.87,37.71,53.36,1,-1,-1,-1
180,290,712.57,340.55,43.80,135.23,1,-1,-1,-1
180,291,224.38,359.15,52.32,132.30,1,-1,-1,-1
181,245,1522.10,307.35,193.95,620.96,1,-1,-1,-1
181,250,507.29,337.39,73.44,163.30,1,-1,-1,-1
181,256,774.96,339.33,50.53,134.58,1,-1,-1,-1
181,262,868.36,340.50,68.19,169.12,1,-1,-1,-1
181,263,1037.11,316.52,67.14,197.05,1,-1,-1,-1
181,275,402.72,350.20,41.47,120.97,1,-1,-1,-1
181,279,89.68,370.61,38.04,107.38,1,-1,-1,-1
181,280,1729.16,285.57,177.28,642.72,1,-1,-1,-1
181,283,44.04,363.12,24.19,70.05,1,-1,-1,-1
181,284,943.28,338.47,38.33,100.06,1,-1,-1,-1
181,285,833.20,334.97,36.22,115.64,1,-1,-1,-1
181,289,647.61,363.86,38.29,53.78,1,-1,-1,-1
181,290,710.98,334.25,44.89,136.73,1,-1,-1,-1
181,291,220.31,352.26,51.54,132.87,1,-1,-1,-1
182,245,1513.52,304.45,193.22,622.30,1,-1,-1,-1
182,250,504.84,333.71,73.59,163.38,1,-1,-1,-1
182,256,772.94,336.11,50.57,134.48,1,-1,-1,-1
182,262,867.19,337.58,67.76,169.03,1,-1,-1,-1
182,263,1037.70,313.21,67.36,198.12,1,-1,-1,-1
182,275,400.64,345.41,41.59,121.25,1,-1,-1,-1
182,279,86.82,365.49,39.02,107.89,1,-1,-1,-1
182,280,1725.99,281.53,179.66,640.18,1,-1,-1,-1
182,283,41.52,357.63,24.16,69.98,1,-1,-1,-1
182,284,939.95,334.36,38.55,100.42,1,-1,-1,-1
182,285,831.42,330.22,36.63,115.65,1,-1,-1,-1
182,286,389.38,352.83,30.77,97.47,1,-1,-1,-1
182,289,647.27,360.15,38.44,53.95,1,-1,-1,-1
182,290,709.49,329.88,45.19,137.38,1,-1,-1,-1
182,291,219.85,347.28,51.50,132.69,1,-1,-1,-1
182,292,674.30,353.50,34.80,59.70,1,-1,-1,-1
183,245,1505.18,300.47,192.79,621.52,1,-1,-1,-1
183,250,503.25,330.17,73.84,163.45,1,-1,-1,-1
183,256,771.11,333.24,50.76,134.63,1,-1,-1,-1
183,262,866.46,334.92,67.57,169.11,1,-1,-1,-1
183,263,1038.42,309.84,67.52,199.10,1,-1,-1,-1
183,275,399.47,341.30,41.54,121.26,1,-1,-1,-1
183,279,84.19,361.06,39.71,108.02,1,-1,-1,-1
183,280,1721.84,278.00,182.06,640.52,1,-1,-1,-1
183,283,39.77,354.38,24.02,69.85,1,-1,-1,-1
183,284,936.47,331.35,38.40,100.89,1,-1,-1,-1
183,285,829.61,326.20,36.58,116.00,1,-1,-1,-1
183,286,389.93,347.96,31.15,99.25,1,-1,-1,-1
183,289,647.67,357.66,38.09,53.94,1,-1,-1,-1
183,290,708.31,327.37,45.44,138.24,1,-1,-1,-1
183,291,220.42,344.46,51.40,132.51,1,-1,-1,-1
183,292,677.41,349.94,33.53,59.79,1,-1,-1,-1
184,245,1496.54,297.69,192.56,620.76,1,-1,-1,-1
184,250,502.44,326.49,74.12,163.49,1,-1,-1,-1
184,256,769.37,330.32,50.93,134.70,1,-1,-1,-1
184,262,865.52,332.40,67.55,168.94,1,-1,-1,-1
184,263,1038.88,306.60,67.79,200.11,1,-1,-1,-1
184,275,397.57,338.19,41.59,121.08,1,-1,-1,-1
184,279,81.58,357.13,40.19,108.11,1,-1,-1,-1
184,280,1717.01,273.90,184.76,640.29,1,-1,-1,-1
184,283,39.28,352.09,23.81,69.95,1,-1,-1,-1
184,284,933.61,328.61,38.16,101.12,1,-1,-1,-1
184,285,828.41,323.71,36.80,116.15,1,-1,-1,-1
184,289,647.86,354.97,37.98,53.93,1,-1,-1,-1
184,290,707.73,324.15,45.51,138.48,1,-1,-1,-1
184,291,220.38,342.51,51.19,132.32,1,-1,-1,-1
184,293,364.50,352.60,27.40,88.10,1,-1,-1,-1
185,245,1487.67,294.21,192.74,622.11,1,-1,-1,-1
185,250,501.77,323.25,74.33,163.66,1,-1,-1,-1
185,256,768.27,328.15,51.13,134.33,1,-1,-1,-1
185,262,864.65,330.20,67.76,168.70,1,-1,-1,-1
185,263,1039.91,303.65,67.86,201.53,1,-1,-1,-1
185,275,396.14,335.35,41.71,121.12,1,-1,-1,-1
185,279,79.63,353.68,40.51,108.19,1,-1,-1,-1
185,280,1711.92,269.96,188.24,639.78,1,-1,-1,-1
185,283,38.48,349.16,23.59,70.11,1,-1,-1,-1
185,284,930.84,326.23,37.96,102.11,1,-1,-1,-1
185,285,827.71,321.87,37.05,116.51,1,-1,-1,-1
185,289,648.17,352.97,37.98,53.91,1,-1,-1,-1
185,290,707.09,321.88,45.63,138.88,1,-1,-1,-1
185,291,220.23,340.37,51.08,131.69,1,-1,-1,-1
185,292,679.41,347.71,34.38,63.60,1,-1,-1,-1
185,293,364.34,350.23,28.22,90.55,1,-1,-1,-1
185,294,763.70,334.60,27.20,80.50,1,-1,-1,-1
186,245,1477.96,291.16,193.84,623.61,1,-1,-1,-1
186,250,500.98,319.20,74.40,164.57,1,-1,-1,-1
186,256,766.82,326.52,51.40,134.27,1,-1,-1,-1
186,262,863.98,328.44,68.04,168.71,1,-1,-1,-1
186,263,1041.14,301.22,68.30,203.21,1,-1,-1,-1
186,275,394.60,333.20,41.71,120.92,1,-1,-1,-1
186,279,77.59,350.29,40.68,108.32,1,-1,-1,-1
186,280,1704.27,267.90,192.57,639.55,1,-1,-1,-1
186,283,36.88,345.74,23.64,70.25,1,-1,-1,-1
186,284,927.90,324.58,37.76,102.83,1,-1,-1,-1
186,285,826.70,320.23,37.35,117.02,1,-1,-1,-1
186,289,648.72,351.40,37.94,53.82,1,-1,-1,-1
186,290,707.13,320.38,45.76,138.86,1,-1,-1,-1
186,291,220.14,338.81,51.10,131.31,1,-1,-1,-1
186,293,365.19,346.87,28.69,90.34,1,-1,-1,-1
187,245,1468.46,289.64,195.39,625.10,1,-1,-1,-1
187,250,499.96,316.51,74.76,165.43,1,-1,-1,-1
187,256,765.64,325.39,51.64,134.26,1,-1,-1,-1
187,262,863.28,327.32,68.02,168.63,1,-1,-1,-1
187,263,1042.62,299.54,68.70,204.73,1,-1,-1,-1
187,275,393.19,331.57,41.73,121.07,1,-1,-1,-1
187,279,75.70,347.84,40.90,108.58,1,-1,-1,-1
187,280,1697.17,266.47,197.18,641.17,1,-1,-1,-1
187,283,35.46,343.31,23.77,70.56,1,-1,-1,-1
187,284,925.46,323.97,37.65,103.56,1,-1,-1,-1
187,285,825.16,320.08,37.72,117.34,1,-1,-1,-1
187,289,649.43,351.12,37.64,53.70,1,-1,-1,-1
187,290,706.76,320.00,46.14,138.86,1,-1,-1,-1
187,291,219.89,338.33,51.07,131.02,1,-1,-1,-1
187,293,364.16,346.71,28.86,90.29,1,-1,-1,-1
188,245,1458.49,286.75,196.88,626.70,1,-1,-1,-1
188,250,499.66,313.62,74.98,166.03,1,-1,-1,-1
188,256,764.14,323.72,52.06,134.87,1,-1,-1,-1
188,262,862.75,326.07,68.13,168.44,1,-1,-1,-1
188,263,1044.45,298.15,69.10,206.26,1,-1,-1,-1
188,275,392.43,330.29,41.82,121.17,1,-1,-1,-1
188,279,73.73,344.88,41.21,108.90,1,-1,-1,-1
188,280,1689.46,266.58,202.14,643.74,1,-1,-1,-1
188,283,35.63,340.62,24.00,70.72,1,-1,-1,-1
188,284,923.51,323.04,37.71,104.91,1,-1,-1,-1
188,285,824.44,319.35,38.08,118.09,1,-1,-1,-1
188,289,650.82,351.26,37.38,53.25,1,-1,-1,-1
188,290,706.25,319.71,46.40,138.75,1,-1,-1,-1
188,291,219.50,337.29,51.41,130.90,1,-1,-1,-1
188,293,363.24,346.77,28.82,90.29,1,-1,-1,-1
189,245,1446.50,286.06,199.47,628.47,1,-1,-1,-1
189,250,500.26,312.01,75.23,166.27,1,-1,-1,-1
189,256,763.38,323.63,52.03,135.03,1,-1,-1,-1
189,262,862.30,325.74,68.28,168.04,1,-1,-1,-1
189,263,1045.84,298.42,69.33,207.87,1,-1,-1,-1
189,275,391.24,329.76,41.94,121.40,1,-1,-1,-1
189,279,72.67,342.80,41.08,109.44,1,-1,-1,-1
189,280,1681.03,268.56,206.35,644.94,1,-1,-1,-1
189,283,33.69,338.37,23.69,70.68,1,-1,-1,-1
189,284,921.85,323.85,37.88,105.78,1,-1,-1,-1
189,285,823.61,320.60,38.28,118.47,1,-1,-1,-1
189,289,650.81,351.62,37.45,53.30,1,-1,-1,-1
189,290,705.68,320.76,46.78,138.99,1,-1,-1,-1
189,291,219.75,337.03,51.71,131.48,1,-1,-1,-1
189,293,362.46,346.82,28.65,89.94,1,-1,-1,-1
189,295,99.40,342.40,31.10,103.80,1,-1,-1,-1
190,245,1435.42,286.54,202.64,630.36,1,-1,-1,-1
190,250,500.82,311.65,75.41,166.54,1,-1,-1,-1
190,256,763.28,324.13,51.92,134.99,1,-1,-1,-1
190,262,861.76,325.76,68.26,167.62,1,-1,-1,-1
190,263,1047.67,298.71,69.83,209.42,1,-1,-1,-1
190,275,390.07,329.71,42.02,121.70,1,-1,-1,-1
190,279,71.59,342.28,41.25,109.29,1,-1,-1,-1
190,280,1672.26,271.83,210.01,647.04,1,-1,-1,-1
190,283,32.81,337.79,23.82,70.74,1,-1,-1,-1
190,284,920.58,324.75,38.00,106.26,1,-1,-1,-1
190,285,823.34,322.23,38.54,118.45,1,-1,-1,-1
190,289,651.09,353.07,37.59,53.22,1,-1,-1,-1
190,290,705.24,322.65,47.07,138.88,1,-1,-1,-1
190,291,220.30,337.01,51.75,131.78,1,-1,-1,-1
190,293,363.85,347.14,28.96,91.15,1,-1,-1,-1
190,296,108.50,352.20,30.80,86.10,1,-1,-1,-1
191,245,1423.79,289.61,206.34,633.42,1,-1,-1,-1
191,250,501.99,311.77,75.54,166.93,1,-1,-1,-1
191,256,763.32,324.44,51.66,135.06,1,-1,-1,-1
191,262,860.63,326.42,68.47,167.72,1,-1,-1,-1
191,263,1049.90,300.10,70.27,211.21,1,-1,-1,-1
191,275,388.89,329.43,42.18,122.20,1,-1,-1,-1
191,279,70.61,341.52,41.36,109.16,1,-1,-1,-1
191,280,1663.97,278.25,213.71,647.76,1,-1,-1,-1
191,283,31.92,336.92,24.09,70.97,1,-1,-1,-1
191,284,919.26,325.85,37.94,107.51,1,-1,-1,-1
191,285,823.00,323.70,38.96,118.81,1,-1,-1,-1
191,289,651.39,354.65,37.86,53.04,1,-1,-1,-1
191,290,705.00,324.61,47.34,138.96,1,-1,-1,-1
191,291,221.09,336.45,51.99,131.91,1,-1,-1,-1
191,293,364.76,347.06,29.03,92.65,1,-1,-1,-1
192,245,1414.09,292.90,208.42,634.39,1,-1,-1,-1
192,250,503.44,312.20,75.83,167.37,1,-1,-1,-1
192,256,763.55,325.66,51.42,135.10,1,-1,-1,-1
192,262,859.95,327.65,68.58,167.75,1,-1,-1,-1
192,263,1052.40,302.27,70.80,212.74,1,-1,-1,-1
192,275,387.60,329.19,42.33,122.55,1,-1,-1,-1
192,279,69.56,340.91,41.60,109.11,1,-1,-1,-1
192,280,1656.14,284.80,217.61,648.05,1,-1,-1,-1
192,283,31.75,335.90,24.10,71.12,1,-1,-1,-1
192,284,918.49,327.27,37.59,108.36,1,-1,-1,-1
192,285,822.72,325.30,39.57,119.30,1,-1,-1,-1
192,289,652.00,355.93,37.96,53.16,1,-1,-1,-1
192,290,704.87,326.35,47.59,139.04,1,-1,-1,-1
192,291,221.65,336.04,52.22,132.08,1,-1,-1,-1
192,293,365.49,346.83,28.95,93.59,1,-1,-1,-1
193,245,1406.78,297.99,209.35,635.77,1,-1,-1,-1
193,250,505.10,312.22,76.37,168.11,1,-1,-1,-1
193,256,763.89,326.42,51.39,135.47,1,-1,-1,-1
193,262,859.06,328.94,69.06,167.98,1,-1,-1,-1
193,263,1055.59,304.20,71.18,213.85,1,-1,-1,-1
193,275,386.91,328.71,42.29,122.66,1,-1,-1,-1
193,279,68.89,339.83,41.61,108.87,1,-1,-1,-1
193,280,1648.06,291.24,219.64,649.19,1,-1,-1,-1
193,283,31.30,334.76,24.28,71.49,1,-1,-1,-1
193,284,918.00,328.01,37.39,109.64,1,-1,-1,-1
193,285,823.10,326.29,39.99,119.60,1,-1,-1,-1
193,289,652.86,356.51,38.04,53.33,1,-1,-1,-1
193,290,704.66,328.13,47.96,139.23,1,-1,-1,-1
193,291,222.03,334.86,52.54,132.35,1,-1,-1,-1
193,293,366.26,346.81,28.96,94.12,1,-1,-1,-1
194,245,1400.69,303.38,209.91,635.88,1,-1,-1,-1
194,250,506.84,312.30,76.64,168.97,1,-1,-1,-1
194,256,763.96,327.08,51.35,135.61,1,-1,-1,-1
194,262,858.73,330.34,69.18,167.89,1,-1,-1,-1
194,263,1058.72,306.19,71.88,215.15,1,-1,-1,-1
194,275,386.00,328.14,42.32,122.73,1,-1,-1,-1
194,279,68.08,338.86,41.73,108.54,1,-1,-1,-1
194,280,1641.12,295.68,221.85,649.60,1,-1,-1,-1
194,283,30.69,333.20,24.34,71.46,1,-1,-1,-1
194,284,917.69,328.85,37.17,110.63,1,-1,-1,-1
194,285,823.65,327.30,40.26,119.73,1,-1,-1,-1
194,289,653.84,357.37,38.00,53.24,1,-1,-1,-1
194,290,704.75,328.89,48.17,139.45,1,-1,-1,-1
194,291,222.09,333.50,52.65,132.41,1,-1,-1,-1
194,293,367.39,346.30,28.78,94.65,1,-1,-1,-1
195,245,1394.40,307.58,210.22,637.40,1,-1,-1,-1
195,250,507.68,312.42,77.00,169.53,1,-1,-1,-1
195,256,764.41,327.69,51.44,135.99,1,-1,-1,-1
195,262,858.10,331.85,69.63,167.93,1,-1,-1,-1
195,263,1061.52,308.25,72.33,216.41,1,-1,-1,-1
195,275,385.57,327.71,42.44,122.93,1,-1,-1,-1
195,279,67.92,337.95,41.77,108.41,1,-1,-1,-1
195,280,1634.38,299.33,224.28,650.28,1,-1,-1,-1
195,283,30.56,332.16,24.21,71.22,1,-1,-1,-1
195,284,917.65,330.26,37.12,111.37,1,-1,-1,-1
195,285,824.15,327.86,40.52,119.82,1,-1,-1,-1
195,289,654.72,358.12,38.00,53.28,1,-1,-1,-1
195,290,704.79,329.62,48.35,139.74,1,-1,-1,-1
195,291,222.21,332.33,52.81,132.59,1,-1,-1,-1
195,293,367.60,346.39,28.56,94.69,1,-1,-1,-1
196,245,1388.83,309.46,209.77,637.85,1,-1,-1,-1
196,250,508.43,312.73,76.96,170.05,1,-1,-1,-1
196,256,764.48,327.66,51.65,136.49,1,-1,-1,-1
196,262,858.97,333.25,69.46,167.65,1,-1,-1,-1
196,263,1066.02,310.31,72.66,217.68,1,-1,-1,-1
196,275,385.19,326.87,42.58,122.88,1,-1,-1,-1
196,279,67.86,338.42,41.95,108.41,1,-1,-1,-1
196,280,1628.68,300.55,228.05,649.04,1,-1,-1,-1
196,283,30.48,331.25,24.40,71.09,1,-1,-1,-1
196,285,825.35,328.89,41.15,120.03,1,-1,-1,-1
196,289,656.35,358.65,37.70,53.04,1,-1,-1,-1
196,290,705.41,329.95,48.75,140.03,1,-1,-1,-1
196,291,223.23,331.41,53.22,132.88,1,-1,-1,-1
196,293,367.86,344.99,28.56,94.88,1,-1,-1,-1
196,297,50.90,338.70,25.40,75.30,1,-1,-1,-1
196,298,928.40,332.50,35.10,116.30,1,-1,-1,-1
197,245,1383.95,312.34,209.40,637.76,1,-1,-1,-1
197,250,509.05,314.17,76.49,170.42,1,-1,-1,-1
197,256,765.25,328.63,51.92,136.57,1,-1,-1,-1
197,262,859.90,335.23,69.31,167.32,1,-1,-1,-1
197,263,1069.85,312.34,72.83,218.82,1,-1,-1,-1
197,275,385.02,327.15,42.89,123.04,1,-1,-1,-1
197,279,67.70,338.43,42.01,108.93,1,-1,-1,-1
197,280,1624.75,300.69,232.08,649.88,1,-1,-1,-1
197,283,30.69,330.72,24.63,71.26,1,-1,-1,-1
197,285,826.86,329.92,41.31,120.07,1,-1,-1,-1
197,289,657.99,359.70,37.63,53.06,1,-1,-1,-1
197,290,706.46,330.39,48.97,140.29,1,-1,-1,-1
197,291,224.28,331.38,53.63,133.19,1,-1,-1,-1
197,293,365.94,345.63,28.40,94.49,1,-1,-1,-1
197,298,927.51,336.82,37.37,113.30,1,-1,-1,-1
198,245,1379.94,313.77,208.28,638.17,1,-1,-1,-1
198,250,509.29,315.36,75.61,170.78,1,-1,-1,-1
198,256,766.55,329.51,52.15,136.68,1,-1,-1,-1
198,262,861.50,336.93,68.93,166.97,1,-1,-1,-1
198,263,1074.43,314.19,73.15,219.86,1,-1,-1,-1
198,275,384.71,327.67,42.99,123.08,1,-1,-1,-1
198,279,67.13,337.82,42.04,109.17,1,-1,-1,-1
198,280,1620.14,301.12,235.69,651.74,1,-1,-1,-1
198,285,828.48,330.93,41.51,120.39,1,-1,-1,-1
198,289,659.81,361.04,37.44,52.73,1,-1,-1,-1
198,290,708.20,331.11,48.94,140.06,1,-1,-1,-1
198,291,225.60,331.86,53.99,133.51,1,-1,-1,-1
198,293,365.09,346.24,28.36,94.72,1,-1,-1,-1
198,298,930.93,337.67,37.53,114.35,1,-1,-1,-1
198,299,37.30,337.20,26.30,70.70,1,-1,-1,-1
199,245,1377.57,313.81,206.59,640.40,1,-1,-1,-1
199,250,509.83,316.31,75.00,171.40,1,-1,-1,-1
199,256,768.14,330.35,52.37,136.93,1,-1,-1,-1
199,262,864.20,338.19,68.48,166.50,1,-1,-1,-1
199,263,1080.16,315.83,73.41,221.20,1,-1,-1,-1
199,275,384.74,328.78,43.10,122.98,1,-1,-1,-1
199,279,67.37,338.42,42.11,109.39,1,-1,-1,-1
199,280,1617.20,301.69,239.37,651.45,1,-1,-1,-1
199,285,830.12,332.18,41.94,121.18,1,-1,-1,-1
199,289,662.31,362.18,37.26,52.73,1,-1,-1,-1
199,290,710.58,331.51,49.10,140.11,1,-1,-1,-1
199,291,228.18,332.57,54.38,133.85,1,-1,-1,-1
199,293,364.44,347.33,28.29,94.94,1,-1,-1,-1
199,297,48.90,338.75,25.40,76.30,1,-1,-1,-1
199,298,933.29,338.51,36.99,115.39,1,-1,-1,-1
200,245,1375.20,314.57,205.38,642.13,1,-1,-1,-1
200,250,510.36,317.95,74.38,172.02,1,-1,-1,-1
200,256,770.14,332.61,52.52,136.83,1,-1,-1,-1
200,262,866.70,340.97,68.02,165.72,1,-1,-1,-1
200,263,1084.39,317.99,73.98,222.72,1,-1,-1,-1
200,275,385.74,330.29,43.26,123.25,1,-1,-1,-1
200,279,68.56,340.46,42.06,109.77,1,-1,-1,-1
200,280,1614.66,301.69,242.89,651.67,1,-1,-1,-1
200,285,832.91,334.65,41.89,121.40,1,-1,-1,-1
200,289,664.18,363.70,37.41,53.12,1,-1,-1,-1
200,290,713.22,333.49,49.17,140.18,1,-1,-1,-1
200,291,231.01,334.45,54.40,133.80,1,-1,-1,-1
200,293,362.84,348.53,28.03,95.07,1,-1,-1,-1
200,297,44.53,338.78,25.78,75.01,1,-1,-1,-1
200,298,934.79,342.39,37.17,114.78,1,-1,-1,-1
201,245,1373.24,316.16,203.92,643.54,1,-1,-1,-1
201,250,511.84,321.05,75.00,172.24,1,-1,-1,-1
201,256,772.86,334.69,52.66,137.50,1,-1,-1,-1
201,262,871.02,343.95,67.71,165.21,1,-1,-1,-1
201,263,1090.77,320.52,74.22,224.27,1,-1,-1,-1
201,280,1613.81,302.68,245.10,654.66,1,-1,-1,-1
201,290,717.07,335.78,49.08,140.53,1,-1,-1,-1
201,293,361.45,351.26,27.94,95.18,1,-1,-1,-1
201,298,940.98,345.20,36.03,114.62,1,-1,-1,-1
201,300,398.30,343.90,41.80,118.70,1,-1,-1,-1
201,301,89.50,342.50,39.90,111.20,1,-1,-1,-1
201,302,847.90,339.50,41.80,127.20,1,-1,-1,-1
201,303,678.10,372.30,38.30,54.30,1,-1,-1,-1
201,304,246.30,347.10,55.20,133.50,1,-1,-1,-1
201,305,1565.30,363.30,60.30,174.40,1,-1,-1,-1
201,306,372.10,352.70,37.20,105.50,1,-1,-1,-1
202,245,1370.76,319.61,202.75,645.65,1,-1,-1,-1
202,250,514.66,324.79,75.46,171.89,1,-1,-1,-1
202,256,776.11,337.87,53.08,138.19,1,-1,-1,-1
202,262,875.95,346.78,67.54,165.20,1,-1,-1,-1
202,263,1096.93,322.63,74.51,226.53,1,-1,-1,-1
202,279,67.49,338.26,40.97,106.74,1,-1,-1,-1
202,280,1611.17,307.97,246.41,658.39,1,-1,-1,-1
202,293,361.54,354.51,28.18,94.59,1,-1,-1,-1
202,298,948.11,349.99,35.44,114.33,1,-1,-1,-1
202,300,402.62,346.00,43.16,121.25,1,-1,-1,-1
202,301,96.35,349.46,40.08,107.29,1,-1,-1,-1
202,302,857.45,348.84,42.71,118.84,1,-1,-1,-1
202,303,679.43,376.46,39.21,54.21,1,-1,-1,-1
202,304,255.89,350.85,52.56,133.05,1,-1,-1,-1
202,306,381.42,356.88,32.93,103.68,1,-1,-1,-1
202,307,733.20,344.40,49.20,143.90,1,-1,-1,-1
203,245,1369.21,324.03,202.86,647.30,1,-1,-1,-1
203,250,518.42,329.35,75.37,172.09,1,-1,-1,-1
203,263,1102.88,325.83,75.32,228.66,1,-1,-1,-1
203,280,1611.01,313.31,246.12,659.90,1,-1,-1,-1
203,298,953.32,354.70,35.67,114.74,1,-1,-1,-1
203,300,408.79,351.37,42.99,121.75,1,-1,-1,-1
203,301,100.73,361.31,40.23,109.64,1,-1,-1,-1
203,302,859.31,355.49,40.41,121.31,1,-1,-1,-1
203,303,690.37,383.57,38.82,53.49,1,-1,-1,-1
203,304,262.98,353.48,53.25,134.51,1,-1,-1,-1
203,306,385.52,362.70,32.39,102.73,1,-1,-1,-1
203,307,737.04,349.85,50.93,145.99,1,-1,-1,-1
203,308,794.30,348.80,54.40,144.80,1,-1,-1,-1
203,309,895.10,361.50,68.80,164.70,1,-1,-1,-1
203,310,68.90,359.30,29.10,73.30,1,-1,-1,-1
204,245,1369.94,328.25,203.74,648.46,1,-1,-1,-1
204,250,523.20,333.57,75.13,172.29,1,-1,-1,-1
204,263,1111.20,329.36,76.18,231.08,1,-1,-1,-1
204,280,1611.89,318.59,245.76,660.74,1,-1,-1,-1
204,298,961.10,358.53,35.80,114.57,1,-1,-1,-1
204,300,417.35,355.79,42.60,120.72,1,-1,-1,-1
204,301,109.74,363.82,40.16,109.92,1,-1,-1,-1
204,303,702.58,386.18,38.72,53.20,1,-1,-1,-1
204,304,274.92,356.90,52.77,132.40,1,-1,-1,-1
204,306,393.83,365.79,31.47,101.28,1,-1,-1,-1
204,307,748.83,353.88,50.58,143.89,1,-1,-1,-1
204,308,802.38,352.41,53.31,141.44,1,-1,-1,-1
204,309,904.99,359.85,70.53,169.88,1,-1,-1,-1
204,310,76.49,357.08,28.19,72.48,1,-1,-1,-1
204,311,873.30,356.50,40.60,124.90,1,-1,-1,-1
205,245,1371.58,333.07,203.74,651.27,1,-1,-1,-1
205,250,528.93,337.41,75.96,172.79,1,-1,-1,-1
205,280,1614.87,324.13,248.23,661.29,1,-1,-1,-1
205,298,970.36,361.85,35.31,114.39,1,-1,-1,-1
205,300,425.78,354.48,42.62,121.87,1,-1,-1,-1
205,301,121.16,361.69,40.32,110.75,1,-1,-1,-1
205,303,712.20,387.86,38.53,53.35,1,-1,-1,-1
205,304,286.50,357.26,52.96,133.14,1,-1,-1,-1
205,307,758.80,354.66,50.19,143.53,1,-1,-1,-1
205,308,808.58,354.73,53.16,140.80,1,-1,-1,-1
205,309,913.32,361.83,69.75,168.93,1,-1,-1,-1
205,311,882.51,356.07,44.96,121.99,1,-1,-1,-1
205,312,1138.20,330.00,79.80,249.70,1,-1,-1,-1
205,313,388.60,365.20,25.40,87.50,1,-1,-1,-1
206,245,1372.95,338.86,204.67,653.94,1,-1,-1,-1
206,250,535.85,341.24,76.14,172.95,1,-1,-1,-1
206,280,1620.30,329.59,250.31,662.78,1,-1,-1,-1
206,300,434.54,357.95,42.85,121.26,1,-1,-1,-1
206,301,132.11,363.51,40.73,112.24,1,-1,-1,-1
206,303,725.48,390.52,38.30,53.38,1,-1,-1,-1
206,304,299.76,359.58,53.05,132.07,1,-1,-1,-1
206,306,407.16,369.38,32.80,100.28,1,-1,-1,-1
206,307,769.90,356.30,50.57,143.70,1,-1,-1,-1
206,308,822.91,356.01,53.37,140.83,1,-1,-1,-1
206,309,923.77,366.71,69.80,167.71,1,-1,-1,-1
206,311,892.38,363.28,44.65,121.95,1,-1,-1,-1
206,312,1148.30,335.95,83.98,251.88,1,-1,-1,-1
206,314,988.50,361.70,38.30,120.00,1,-1,-1,-1
206,315,117.20,356.40,28.00,97.10,1,-1,-1,-1
207,245,1375.93,344.86,205.84,654.38,1,-1,-1,-1
207,280,1626.36,335.53,250.94,665.69,1,-1,-1,-1
207,300,443.53,359.32,43.32,122.93,1,-1,-1,-1
207,301,141.07,365.53,40.98,113.06,1,-1,-1,-1
207,303,738.00,393.08,38.17,53.63,1,-1,-1,-1
207,304,311.80,361.25,53.13,132.04,1,-1,-1,-1
207,307,778.80,358.24,50.52,143.66,1,-1,-1,-1
207,308,832.27,357.91,53.28,140.80,1,-1,-1,-1
207,309,932.21,369.21,69.17,167.20,1,-1,-1,-1
207,311,904.57,364.56,45.19,124.62,1,-1,-1,-1
207,312,1158.03,338.31,84.23,252.47,1,-1,-1,-1
207,314,996.84,364.50,36.39,116.09,1,-1,-1,-1
207,316,562.90,351.70,69.40,171.60,1,-1,-1,-1
207,317,634.50,369.00,23.20,64.40,1,-1,-1,-1
207,318,426.50,366.50,31.90,107.30,1,-1,-1,-1
207,319,111.90,364.60,26.50,72.70,1,-1,-1,-1
207,320,126.30,363.10,25.60,96.40,1,-1,-1,-1
208,245,1377.77,349.64,207.70,655.77,1,-1,-1,-1
208,280,1631.13,338.58,253.17,664.00,1,-1,-1,-1
208,300,449.81,360.17,44.07,123.97,1,-1,-1,-1
208,301,150.19,366.68,41.20,113.54,1,-1,-1,-1
208,303,745.91,392.73,38.97,53.88,1,-1,-1,-1
208,304,321.30,362.69,52.95,132.00,1,-1,-1,-1
208,307,786.99,358.69,50.84,143.83,1,-1,-1,-1
208,308,837.48,357.52,52.89,141.28,1,-1,-1,-1
208,309,936.94,369.14,70.59,167.14,1,-1,-1,-1
208,311,912.67,363.73,47.97,125.60,1,-1,-1,-1
208,312,1166.61,338.74,83.60,251.82,1,-1,-1,-1
208,314,1001.41,363.30,35.49,116.19,1,-1,-1,-1
208,315,120.36,363.06,25.36,69.91,1,-1,-1,-1
208,316,571.36,348.75,65.76,176.42,1,-1,-1,-1
208,318,429.82,365.09,32.99,106.75,1,-1,-1,-1
209,245,1380.97,351.44,208.60,656.46,1,-1,-1,-1
209,280,1636.20,340.53,253.73,664.10,1,-1,-1,-1
209,300,456.60,359.48,44.52,124.37,1,-1,-1,-1
209,301,158.56,367.94,41.46,113.84,1,-1,-1,-1
209,303,753.26,393.91,39.25,54.15,1,-1,-1,-1
209,304,329.54,363.06,53.19,132.25,1,-1,-1,-1
209,306,427.34,371.17,32.46,100.01,1,-1,-1,-1
209,307,793.71,359.46,50.88,143.89,1,-1,-1,-1
209,308,843.80,358.23,52.85,140.92,1,-1,-1,-1
209,309,941.25,369.83,70.86,166.70,1,-1,-1,-1
209,312,1173.12,338.56,84.58,253.33,1,-1,-1,-1
209,314,1008.72,363.32,36.08,116.69,1,-1,-1,-1
209,315,121.50,361.75,25.24,68.52,1,-1,-1,-1
209,316,571.66,351.43,68.94,175.79,1,-1,-1,-1
209,317,635.63,369.74,26.02,65.31,1,-1,-1,-1
209,321,133.60,363.40,32.60,81.80,1,-1,-1,-1
210,245,1385.13,352.79,208.82,657.44,1,-1,-1,-1
210,280,1641.31,341.25,254.73,663.41,1,-1,-1,-1
210,300,462.52,358.49,44.92,125.10,1,-1,-1,-1
210,301,165.83,368.96,41.41,113.71,1,-1,-1,-1
210,303,760.36,393.51,39.22,53.94,1,-1,-1,-1
210,304,336.88,363.05,53.15,131.73,1,-1,-1,-1
210,307,800.35,358.47,51.47,144.74,1,-1,-1,-1
210,308,851.86,357.90,53.15,141.03,1,-1,-1,-1
210,309,947.22,370.98,70.83,166.05,1,-1,-1,-1
210,312,1183.55,337.89,85.23,254.39,1,-1,-1,-1
210,314,1016.02,364.08,36.19,116.97,1,-1,-1,-1
210,315,120.03,362.02,24.96,66.25,1,-1,-1,-1
210,316,575.64,352.36,69.52,175.56,1,-1,-1,-1
210,317,634.58,369.59,26.92,71.34,1,-1,-1,-1
210,321,131.85,364.30,29.05,73.07,1,-1,-1,-1
210,322,918.40,364.30,41.80,118.00,1,-1,-1,-1
211,245,1389.94,353.00,207.87,658.52,1,-1,-1,-1
211,280,1645.88,341.85,253.89,663.92,1,-1,-1,-1
211,300,469.18,357.56,45.21,125.85,1,-1,-1,-1
211,301,172.30,368.50,41.41,113.84,1,-1,-1,-1
211,303,768.73,393.03,39.35,54.40,1,-1,-1,-1
211,304,346.24,363.19,53.11,131.42,1,-1,-1,-1
211,307,806.83,357.85,51.44,145.08,1,-1,-1,-1
211,308,860.41,357.14,53.31,141.32,1,-1,-1,-1
211,309,954.39,371.20,69.93,164.86,1,-1,-1,-1
211,312,1194.79,337.67,85.48,255.98,1,-1,-1,-1
211,314,1023.80,362.54,36.54,117.93,1,-1,-1,-1
211,316,579.52,349.99,72.35,176.81,1,-1,-1,-1
211,322,923.24,363.20,43.62,119.91,1,-1,-1,-1
211,323,657.80,369.50,23.20,60.20,1,-1,-1,-1
211,324,139.20,363.90,26.10,66.40,1,-1,-1,-1
212,245,1393.64,352.00,207.61,658.30,1,-1,-1,-1
212,280,1650.26,339.82,252.19,668.73,1,-1,-1,-1
212,300,475.27,357.10,45.07,125.65,1,-1,-1,-1
212,301,178.47,369.39,41.63,113.72,1,-1,-1,-1
212,303,776.61,392.45,39.57,54.93,1,-1,-1,-1
212,304,354.41,363.32,53.08,131.16,1,-1,-1,-1
212,306,448.28,368.41,31.90,98.37,1,-1,-1,-1
212,307,813.02,357.71,51.57,145.11,1,-1,-1,-1
212,308,866.88,357.27,53.49,141.31,1,-1,-1,-1
212,309,959.16,370.18,69.50,164.61,1,-1,-1,-1
212,312,1203.79,338.71,85.64,257.26,1,-1,-1,-1
212,314,1030.74,361.08,36.11,117.87,1,-1,-1,-1
212,316,582.97,348.58,74.88,177.22,1,-1,-1,-1
212,322,930.98,363.82,41.79,119.28,1,-1,-1,-1
212,323,660.41,369.71,23.84,62.56,1,-1,-1,-1
212,324,146.09,364.04,25.10,65.13,1,-1,-1,-1
213,245,1396.34,350.64,207.45,659.78,1,-1,-1,-1
213,280,1653.44,338.14,250.74,670.47,1,-1,-1,-1
213,300,481.09,356.51,45.35,126.24,1,-1,-1,-1
213,301,185.35,369.38,41.57,113.64,1,-1,-1,-1
213,304,361.62,363.25,53.15,131.11,1,-1,-1,-1
213,306,454.97,367.06,31.27,98.94,1,-1,-1,-1
213,307,818.74,357.47,51.87,145.01,1,-1,-1,-1
213,308,872.30,357.24,53.60,141.09,1,-1,-1,-1
213,309,964.46,368.82,69.47,164.56,1,-1,-1,-1
213,312,1212.01,339.17,85.95,259.19,1,-1,-1,-1
213,314,1037.89,361.00,35.60,117.30,1,-1,-1,-1
213,316,586.53,348.19,76.44,177.52,1,-1,-1,-1
213,322,938.66,362.32,42.29,119.03,1,-1,-1,-1
213,323,666.54,370.23,23.68,63.49,1,-1,-1,-1
213,324,155.56,367.05,25.00,66.36,1,-1,-1,-1
213,325,775.90,388.80,39.70,54.00,1,-1,-1,-1
214,245,1399.00,348.84,207.47,661.33,1,-1,-1,-1
214,280,1657.05,334.71,249.09,673.96,1,-1,-1,-1
214,300,486.34,356.13,45.72,127.30,1,-1,-1,-1
214,301,190.99,369.34,41.65,113.79,1,-1,-1,-1
214,304,367.82,363.70,53.08,130.92,1,-1,-1,-1
214,307,823.78,357.41,52.09,145.01,1,-1,-1,-1
214,308,876.70,357.46,53.50,140.87,1,-1,-1,-1
214,309,968.91,368.20,69.99,164.97,1,-1,-1,-1
214,312,1219.52,336.66,86.55,261.21,1,-1,-1,-1
214,314,1043.19,361.50,35.63,117.29,1,-1,-1,-1
214,316,589.92,347.61,78.02,178.01,1,-1,-1,-1
214,323,667.68,370.48,24.18,64.81,1,-1,-1,-1
214,324,165.64,368.64,26.51,73.27,1,-1,-1,-1
214,325,776.36,391.79,41.15,54.27,1,-1,-1,-1
214,326,154.60,367.80,24.10,60.90,1,-1,-1,-1
214,327,453.60,369.60,27.20,94.00,1,-1,-1,-1
215,245,1400.32,346.32,208.58,663.55,1,-1,-1,-1
215,280,1659.73,332.11,249.05,676.71,1,-1,-1,-1
215,300,491.27,355.38,45.94,127.60,1,-1,-1,-1
215,301,195.98,368.58,41.75,113.88,1,-1,-1,-1
215,304,373.71,363.82,53.06,130.53,1,-1,-1,-1
215,306,468.39,366.17,32.16,101.17,1,-1,-1,-1
215,307,829.07,357.10,52.37,145.14,1,-1,-1,-1
215,308,881.34,356.95,53.41,140.53,1,-1,-1,-1
215,309,973.25,366.71,70.34,165.21,1,-1,-1,-1
215,312,1226.65,335.77,86.93,263.10,1,-1,-1,-1
215,314,1049.40,361.20,35.76,117.13,1,-1,-1,-1
215,316,593.44,345.67,79.54,178.95,1,-1,-1,-1
215,328,791.60,389.40,34.20,51.10,1,-1,-1,-1
215,329,162.00,362.40,29.40,71.70,1,-1,-1,-1
216,245,1402.32,345.92,210.08,665.85,1,-1,-1,-1
216,280,1658.04,330.52,251.57,681.04,1,-1,-1,-1
216,300,495.83,355.27,46.33,128.29,1,-1,-1,-1
216,301,203.18,368.11,41.74,114.09,1,-1,-1,-1
216,304,380.65,364.52,52.69,130.27,1,-1,-1,-1
216,306,473.28,366.56,32.53,102.53,1,-1,-1,-1
216,307,834.68,356.43,52.50,145.64,1,-1,-1,-1
216,308,886.14,357.91,53.28,140.38,1,-1,-1,-1
216,309,978.18,366.68,71.18,166.16,1,-1,-1,-1
216,312,1235.69,336.01,87.30,265.71,1,-1,-1,-1
216,314,1056.33,362.93,36.05,117.69,1,-1,-1,-1
216,316,597.15,346.21,80.55,179.39,1,-1,-1,-1
216,328,791.62,388.37,36.93,52.46,1,-1,-1,-1
216,330,172.50,368.00,26.20,67.50,1,-1,-1,-1
217,245,1402.32,344.43,211.60,668.52,1,-1,-1,-1
217,280,1656.02,331.51,253.73,684.40,1,-1,-1,-1
217,300,499.81,355.79,46.44,128.52,1,-1,-1,-1
217,301,207.48,367.80,41.65,114.37,1,-1,-1,-1
217,304,386.70,364.74,52.82,130.03,1,-1,-1,-1
217,307,839.16,357.06,52.38,145.60,1,-1,-1,-1
217,308,890.79,359.29,53.16,140.21,1,-1,-1,-1
217,309,982.47,367.48,71.33,166.49,1,-1,-1,-1
217,312,1242.68,335.91,87.81,269.05,1,-1,-1,-1
217,314,1061.65,364.30,35.96,117.67,1,-1,-1,-1
217,316,600.55,346.57,81.52,179.89,1,-1,-1,-1
217,328,798.20,390.14,38.16,54.25,1,-1,-1,-1
217,329,166.57,363.17,28.95,73.25,1,-1,-1,-1
217,331,470.50,370.20,32.00,105.70,1,-1,-1,-1
217,332,686.30,372.70,26.30,65.00,1,-1,-1,-1
217,333,956.70,366.50,42.00,119.80,1,-1,-1,-1
218,245,1401.78,345.84,213.30,670.18,1,-1,-1,-1
218,280,1653.69,332.46,255.80,687.15,1,-1,-1,-1
218,300,503.64,355.92,46.53,128.56,1,-1,-1,-1
218,301,212.01,367.00,41.69,114.63,1,-1,-1,-1
218,304,392.39,364.50,52.88,129.83,1,-1,-1,-1
218,307,843.51,357.68,52.19,145.36,1,-1,-1,-1
218,308,894.74,360.31,53.06,139.99,1,-1,-1,-1
218,309,987.08,368.20,70.97,166.30,1,-1,-1,-1
218,312,1250.84,335.47,88.17,270.54,1,-1,-1,-1
218,314,1066.48,365.19,35.82,117.41,1,-1,-1,-1
218,316,603.56,346.74,82.27,180.05,1,-1,-1,-1
218,328,802.99,390.92,38.27,55.32,1,-1,-1,-1
218,330,171.86,361.83,27.38,69.77,1,-1,-1,-1
218,331,476.29,372.31,30.64,108.61,1,-1,-1,-1
218,332,690.02,373.07,25.21,64.45,1,-1,-1,-1
218,333,963.75,365.59,42.36,125.98,1,-1,-1,-1
219,245,1401.07,346.13,214.65,673.41,1,-1,-1,-1
219,280,1651.87,334.30,257.25,689.04,1,-1,-1,-1
219,301,215.95,365.87,41.74,114.85,1,-1,-1,-1
219,304,397.24,364.01,52.93,129.54,1,-1,-1,-1
219,306,495.39,366.07,34.54,105.47,1,-1,-1,-1
219,307,847.10,358.16,52.11,145.14,1,-1,-1,-1
219,308,898.27,360.51,52.89,139.80,1,-1,-1,-1
219,309,991.18,368.86,70.81,166.28,1,-1,-1,-1
219,312,1258.28,336.77,88.90,272.93,1,-1,-1,-1
219,314,1070.70,366.12,35.74,117.14,1,-1,-1,-1
219,316,605.64,346.38,83.42,180.52,1,-1,-1,-1
219,328,804.69,390.75,38.35,54.96,1,-1,-1,-1
219,330,178.35,360.05,26.34,69.07,1,-1,-1,-1
219,332,691.91,371.12,24.87,63.18,1,-1,-1,-1
219,333,962.72,363.37,40.42,123.69,1,-1,-1,-1
220,245,1399.10,348.80,215.65,674.85,1,-1,-1,-1
220,280,1650.94,337.30,258.74,691.69,1,-1,-1,-1
220,301,219.76,365.20,41.67,115.06,1,-1,-1,-1
220,304,401.76,363.60,52.93,129.54,1,-1,-1,-1
220,306,502.62,364.91,36.30,108.63,1,-1,-1,-1
220,307,850.10,358.77,52.14,145.25,1,-1,-1,-1
220,308,901.68,360.98,52.72,139.94,1,-1,-1,-1
220,309,995.11,370.12,70.37,165.85,1,-1,-1,-1
220,312,1265.10,337.81,89.43,275.05,1,-1,-1,-1
220,314,1075.80,368.04,35.79,116.59,1,-1,-1,-1
220,316,607.30,346.38,83.95,180.69,1,-1,-1,-1
220,328,807.00,390.55,38.57,54.45,1,-1,-1,-1
220,330,184.47,362.37,26.09,68.32,1,-1,-1,-1
220,331,475.26,376.07,32.21,110.34,1,-1,-1,-1
220,332,692.18,372.88,24.72,62.50,1,-1,-1,-1
220,333,966.89,363.91,40.25,122.25,1,-1,-1,-1
220,334,197.80,362.40,31.50,89.00,1,-1,-1,-1
221,245,1396.91,352.70,216.56,675.60,1,-1,-1,-1
221,280,1648.41,340.56,260.07,692.10,1,-1,-1,-1
221,304,406.07,362.34,52.92,129.65,1,-1,-1,-1
221,306,507.94,363.56,37.60,110.97,1,-1,-1,-1
221,307,852.54,359.09,52.22,145.59,1,-1,-1,-1
221,308,904.38,361.23,52.47,140.13,1,-1,-1,-1
221,309,999.09,370.88,69.95,165.28,1,-1,-1,-1
221,312,1272.74,338.83,89.98,277.45,1,-1,-1,-1
221,314,1080.96,369.58,35.81,116.18,1,-1,-1,-1
221,316,608.44,345.74,84.41,181.11,1,-1,-1,-1
221,328,809.37,390.97,38.27,54.21,1,-1,-1,-1
221,330,188.73,361.78,26.42,68.24,1,-1,-1,-1
221,331,477.82,374.94,33.75,110.75,1,-1,-1,-1
221,332,695.46,373.97,24.69,62.55,1,-1,-1,-1
221,333,971.83,363.34,40.51,121.81,1,-1,-1,-1
221,335,213.90,356.70,41.80,120.60,1,-1,-1,-1
222,245,1394.85,354.45,216.14,675.42,1,-1,-1,-1
222,280,1647.46,344.19,261.01,694.70,1,-1,-1,-1
222,304,409.67,361.61,52.92,129.68,1,-1,-1,-1
222,306,511.76,362.07,38.26,112.81,1,-1,-1,-1
222,307,854.01,359.18,52.46,146.18,1,-1,-1,-1
222,308,906.25,361.62,52.30,140.26,1,-1,-1,-1
222,309,1002.14,371.85,69.53,164.68,1,-1,-1,-1
222,312,1279.70,339.18,90.77,279.74,1,-1,-1,-1
222,314,1085.31,370.55,35.84,116.13,1,-1,-1,-1
222,316,609.19,345.55,84.49,181.25,1,-1,-1,-1
222,328,810.37,391.14,38.18,54.19,1,-1,-1,-1
222,331,479.69,373.22,35.21,111.22,1,-1,-1,-1
222,332,696.33,373.22,24.56,62.64,1,-1,-1,-1
222,333,973.53,364.31,41.07,121.83,1,-1,-1,-1
222,335,214.49,357.57,41.62,117.87,1,-1,-1,-1
222,336,184.80,361.00,26.10,66.00,1,-1,-1,-1
223,245,1391.63,355.59,216.26,677.27,1,-1,-1,-1
223,280,1646.20,346.25,261.37,697.05,1,-1,-1,-1
223,304,412.77,360.46,52.95,129.71,1,-1,-1,-1
223,307,855.20,359.03,52.69,146.88,1,-1,-1,-1
223,308,907.68,361.69,52.03,140.44,1,-1,-1,-1
223,309,1004.98,372.11,69.11,164.28,1,-1,-1,-1
223,312,1286.44,339.74,91.46,282.79,1,-1,-1,-1
223,314,1088.92,370.55,35.85,116.23,1,-1,-1,-1
223,316,609.45,344.88,85.05,181.60,1,-1,-1,-1
223,328,811.73,391.33,38.03,54.10,1,-1,-1,-1
223,331,481.36,372.50,35.81,110.99,1,-1,-1,-1
223,332,698.24,372.56,24.61,62.78,1,-1,-1,-1
223,333,975.80,365.32,41.17,120.53,1,-1,-1,-1
223,335,215.11,355.60,41.66,118.22,1,-1,-1,-1
223,336,186.63,360.12,27.10,68.45,1,-1,-1,-1
223,337,499.70,358.10,39.70,120.50,1,-1,-1,-1
224,245,1388.76,354.99,216.88,678.40,1,-1,-1,-1
224,280,1644.50,347.86,261.75,698.16,1,-1,-1,-1
224,304,416.16,359.06,52.94,129.23,1,-1,-1,-1
224,307,856.53,358.11,52.85,147.42,1,-1,-1,-1
224,308,908.86,361.60,51.93,140.52,1,-1,-1,-1
224,309,1007.11,371.35,69.04,164.20,1,-1,-1,-1
224,312,1292.95,340.13,92.32,285.57,1,-1,-1,-1
224,314,1092.29,370.24,35.85,116.44,1,-1,-1,-1
224,316,609.47,343.70,85.78,182.21,1,-1,-1,-1
224,328,813.59,390.42,37.98,53.93,1,-1,-1,-1
224,331,482.70,369.38,36.13,110.67,1,-1,-1,-1
224,332,699.84,370.43,24.26,62.40,1,-1,-1,-1
224,335,218.07,351.57,41.74,118.61,1,-1,-1,-1
224,336,189.02,354.78,27.58,70.10,1,-1,-1,-1
224,337,502.10,353.18,42.43,123.50,1,-1,-1,-1
225,245,1386.43,354.86,218.06,678.76,1,-1,-1,-1
225,280,1643.24,346.59,262.42,701.34,1,-1,-1,-1
225,304,418.68,357.85,53.01,129.00,1,-1,-1,-1
225,307,857.45,357.05,53.11,147.87,1,-1,-1,-1
225,308,909.44,361.00,51.91,140.91,1,-1,-1,-1
225,309,1008.41,370.15,69.08,164.45,1,-1,-1,-1
225,312,1298.91,340.21,93.62,288.43,1,-1,-1,-1
225,314,1094.86,369.92,35.96,116.27,1,-1,-1,-1
225,316,609.54,342.60,86.27,182.72,1,-1,-1,-1
225,328,815.84,389.95,37.67,53.99,1,-1,-1,-1
225,331,484.32,367.55,35.91,110.94,1,-1,-1,-1
225,332,703.40,369.00,24.18,62.23,1,-1,-1,-1
225,335,218.96,348.98,41.63,119.34,1,-1,-1,-1
225,337,501.27,353.66,44.28,124.17,1,-1,-1,-1
225,338,197.70,353.90,30.60,78.30,1,-1,-1,-1
226,245,1385.25,353.16,218.37,678.96,1,-1,-1,-1
226,280,1641.97,344.28,263.78,701.99,1,-1,-1,-1
226,304,421.36,356.75,53.12,128.54,1,-1,-1,-1
226,307,858.52,356.19,53.11,148.08,1,-1,-1,-1
226,308,910.39,360.38,51.88,141.05,1,-1,-1,-1
226,309,1010.03,369.48,69.23,164.55,1,-1,-1,-1
226,312,1305.71,339.55,94.49,291.00,1,-1,-1,-1
226,314,1097.39,369.61,35.99,116.31,1,-1,-1,-1
226,316,609.67,341.75,86.47,182.93,1,-1,-1,-1
226,328,817.70,388.12,36.93,53.82,1,-1,-1,-1
226,335,220.06,348.07,41.87,119.68,1,-1,-1,-1
226,336,193.54,349.67,27.55,70.77,1,-1,-1,-1
226,337,502.04,350.27,44.71,126.68,1,-1,-1,-1
226,339,473.80,366.60,31.50,108.40,1,-1,-1,-1
226,340,714.30,366.40,25.30,65.60,1,-1,-1,-1
227,245,1384.25,349.18,218.49,679.62,1,-1,-1,-1
227,280,1641.04,340.67,265.48,705.43,1,-1,-1,-1
227,304,424.41,355.54,53.32,128.49,1,-1,-1,-1
227,307,859.87,354.87,53.21,148.45,1,-1,-1,-1
227,308,911.45,359.16,52.04,141.46,1,-1,-1,-1
227,309,1011.69,368.38,69.48,164.80,1,-1,-1,-1
227,312,1312.45,338.58,95.93,294.70,1,-1,-1,-1
227,314,1100.06,368.87,36.00,116.32,1,-1,-1,-1
227,316,610.04,340.88,86.69,182.92,1,-1,-1,-1
227,328,818.92,386.78,36.25,53.19,1,-1,-1,-1
227,335,223.42,346.73,41.89,119.54,1,-1,-1,-1
227,336,195.24,350.94,28.31,72.72,1,-1,-1,-1
227,337,504.23,347.89,46.15,127.39,1,-1,-1,-1
227,339,464.53,363.93,34.77,110.76,1,-1,-1,-1
227,340,718.24,363.08,24.85,62.33,1,-1,-1,-1
228,245,1383.08,345.96,218.82,679.23,1,-1,-1,-1
228,280,1639.79,338.82,266.91,705.98,1,-1,-1,-1
228,304,426.80,354.77,53.26,128.11,1,-1,-1,-1
228,307,861.55,354.47,53.23,148.71,1,-1,-1,-1
228,308,912.45,358.90,52.22,141.41,1,-1,-1,-1
228,309,1013.66,367.99,69.37,164.52,1,-1,-1,-1
228,312,1318.75,337.63,97.05,297.63,1,-1,-1,-1
228,314,1102.44,368.62,36.05,116.36,1,-1,-1,-1
228,316,610.50,340.48,86.44,182.94,1,-1,-1,-1
228,328,821.24,385.77,35.58,52.59,1,-1,-1,-1
228,331,483.03,366.05,36.37,111.06,1,-1,-1,-1
228,335,225.85,347.53,42.10,119.16,1,-1,-1,-1
228,336,197.17,350.41,28.37,73.18,1,-1,-1,-1
228,337,501.28,349.88,45.79,127.39,1,-1,-1,-1
228,340,719.60,365.63,24.92,64.09,1,-1,-1,-1
228,341,211.70,352.30,28.90,95.00,1,-1,-1,-1
229,245,1382.13,342.88,218.94,680.69,1,-1,-1,-1
229,280,1638.98,335.19,267.77,708.30,1,-1,-1,-1
229,304,429.29,354.38,53.29,127.70,1,-1,-1,-1
229,307,863.72,353.54,53.16,149.03,1,-1,-1,-1
229,308,913.39,358.67,52.38,141.50,1,-1,-1,-1
229,309,1015.54,367.66,69.35,164.28,1,-1,-1,-1
229,312,1324.71,337.05,97.88,299.25,1,-1,-1,-1
229,314,1105.00,368.09,36.09,116.47,1,-1,-1,-1
229,316,611.86,340.31,85.96,182.62,1,-1,-1,-1
229,328,823.02,384.64,35.29,51.83,1,-1,-1,-1
229,335,227.75,347.81,42.20,118.87,1,-1,-1,-1
229,336,198.74,349.13,28.16,73.07,1,-1,-1,-1
229,337,498.25,353.17,45.31,126.87,1,-1,-1,-1
229,340,721.56,366.84,24.85,64.62,1,-1,-1,-1
230,245,1379.52,340.03,219.90,681.94,1,-1,-1,-1
230,280,1638.51,333.10,267.35,710.39,1,-1,-1,-1
230,304,432.13,353.44,53.44,127.42,1,-1,-1,-1
230,307,865.41,351.55,53.49,150.21,1,-1,-1,-1
230,308,914.88,358.35,52.31,141.51,1,-1,-1,-1
230,309,1017.22,366.37,69.53,164.27,1,-1,-1,-1
230,314,1109.07,367.54,36.08,116.25,1,-1,-1,-1
230,316,614.14,339.49,84.95,182.19,1,-1,-1,-1
230,335,230.64,346.74,42.04,119.09,1,-1,-1,-1
230,337,495.41,355.95,44.30,125.92,1,-1,-1,-1
230,340,727.04,367.79,24.66,65.24,1,-1,-1,-1
230,341,208.98,349.97,26.26,73.81,1,-1,-1,-1
230,342,702.40,363.70,26.00,69.20,1,-1,-1,-1
230,343,744.70,368.70,25.70,59.00,1,-1,-1,-1
231,245,1377.73,340.05,219.94,683.07,1,-1,-1,-1
231,280,1638.02,333.91,266.55,712.49,1,-1,-1,-1
231,304,436.28,352.94,53.48,127.26,1,-1,-1,-1
231,307,868.29,351.58,53.39,150.38,1,-1,-1,-1
231,308,917.01,358.97,52.40,141.47,1,-1,-1,-1
231,309,1019.68,367.00,69.12,163.74,1,-1,-1,-1
231,314,1113.03,367.79,36.15,116.74,1,-1,-1,-1
231,316,616.62,339.49,84.89,182.31,1,-1,-1,-1
231,335,233.80,347.01,41.95,118.63,1,-1,-1,-1
231,336,203.97,347.65,28.00,72.98,1,-1,-1,-1
231,337,497.24,355.70,43.62,125.54,1,-1,-1,-1
231,340,732.81,368.24,24.69,64.88,1,-1,-1,-1
231,344,987.80,370.70,32.40,106.20,1,-1,-1,-1
231,345,838.10,383.10,34.60,64.80,1,-1,-1,-1
232,245,1376.08,339.97,220.87,685.33,1,-1,-1,-1
232,280,1636.06,332.87,266.70,713.19,1,-1,-1,-1
232,304,440.40,351.79,53.39,127.14,1,-1,-1,-1
232,307,871.40,351.25,53.50,150.20,1,-1,-1,-1
232,308,919.60,358.67,52.40,141.34,1,-1,-1,-1
232,309,1022.91,365.68,69.17,164.17,1,-1,-1,-1
232,314,1116.90,367.11,36.18,116.41,1,-1,-1,-1
232,316,619.30,336.67,85.16,183.50,1,-1,-1,-1
232,335,237.79,346.90,41.70,118.30,1,-1,-1,-1
232,336,209.04,345.75,27.89,72.87,1,-1,-1,-1
232,337,496.32,354.57,43.51,125.34,1,-1,-1,-1
232,340,738.59,365.11,24.78,63.85,1,-1,-1,-1
232,344,990.56,369.05,34.31,102.47,1,-1,-1,-1
232,346,3.60,350.60,42.50,194.50,1,-1,-1,-1
232,347,224.60,349.20,32.30,90.20,1,-1,-1,-1
232,348,846.60,380.20,35.10,55.70,1,-1,-1,-1
233,245,1375.53,339.68,221.63,685.84,1,-1,-1,-1
233,280,1634.13,332.92,265.65,713.10,1,-1,-1,-1
233,304,444.45,350.15,52.94,126.67,1,-1,-1,-1
233,307,874.65,350.48,53.47,150.47,1,-1,-1,-1
233,308,922.04,357.55,52.48,141.42,1,-1,-1,-1
233,309,1026.26,364.92,68.81,163.82,1,-1,-1,-1
233,314,1120.67,366.61,36.07,116.37,1,-1,-1,-1
233,316,622.04,334.96,85.56,183.97,1,-1,-1,-1
233,335,241.19,346.05,41.58,117.91,1,-1,-1,-1
233,336,213.05,342.72,27.58,72.28,1,-1,-1,-1
233,337,496.34,353.12,42.88,124.43,1,-1,-1,-1
233,343,744.68,362.89,25.34,64.82,1,-1,-1,-1
233,344,996.71,364.48,33.78,101.62,1,-1,-1,-1
233,346,3.13,354.32,45.32,186.95,1,-1,-1,-1
233,348,849.91,378.09,33.74,52.79,1,-1,-1,-1
234,245,1375.36,338.72,222.28,688.41,1,-1,-1,-1
234,280,1634.53,332.79,265.50,715.67,1,-1,-1,-1
234,304,448.56,348.34,52.68,126.50,1,-1,-1,-1
234,307,877.86,348.85,53.46,150.80,1,-1,-1,-1
234,308,924.66,355.77,52.48,141.48,1,-1,-1,-1
234,309,1029.59,363.69,68.88,163.64,1,-1,-1,-1
234,314,1125.29,364.92,35.95,116.03,1,-1,-1,-1
234,316,624.94,333.03,86.24,184.96,1,-1,-1,-1
234,335,244.82,344.99,41.61,117.58,1,-1,-1,-1
234,336,215.86,339.98,27.33,71.90,1,-1,-1,-1
234,337,497.60,351.66,42.74,124.27,1,-1,-1,-1
234,340,748.52,361.34,24.90,64.49,1,-1,-1,-1
234,346,3.34,344.26,49.86,192.24,1,-1,-1,-1
234,347,227.35,343.17,29.30,81.11,1,-1,-1,-1
234,348,848.79,375.29,33.96,50.07,1,-1,-1,-1
235,245,1375.85,337.17,222.69,689.76,1,-1,-1,-1
235,280,1634.43,333.57,265.11,712.60,1,-1,-1,-1
235,304,452.65,345.49,52.41,126.66,1,-1,-1,-1
235,307,881.46,347.77,53.29,150.40,1,-1,-1,-1
235,308,926.76,354.29,52.59,141.52,1,-1,-1,-1
235,309,1032.95,361.84,68.96,163.53,1,-1,-1,-1
235,314,1129.75,362.35,35.87,115.57,1,-1,-1,-1
235,316,628.03,330.42,86.55,186.12,1,-1,-1,-1
235,335,248.60,343.59,41.60,117.15,1,-1,-1,-1
235,336,217.11,335.84,27.15,71.53,1,-1,-1,-1
235,337,498.61,349.04,42.93,125.16,1,-1,-1,-1
235,340,751.70,357.11,25.05,64.98,1,-1,-1,-1
235,346,4.66,343.37,53.68,191.87,1,-1,-1,-1
235,347,226.96,337.17,28.72,78.33,1,-1,-1,-1
235,348,851.67,371.78,32.66,49.52,1,-1,-1,-1
236,245,1376.00,335.95,222.88,692.12,1,-1,-1,-1
236,280,1634.63,330.72,264.75,714.40,1,-1,-1,-1
236,304,457.24,342.82,52.42,126.59,1,-1,-1,-1
236,307,885.40,345.49,53.17,150.34,1,-1,-1,-1
236,308,929.79,351.57,52.70,141.89,1,-1,-1,-1
236,309,1036.53,358.64,69.07,163.81,1,-1,-1,-1
236,314,1133.87,359.40,35.82,115.62,1,-1,-1,-1
236,316,631.33,327.88,86.18,186.89,1,-1,-1,-1
236,335,252.66,341.47,41.57,116.65,1,-1,-1,-1
236,337,500.66,346.61,42.57,125.44,1,-1,-1,-1
236,340,755.66,353.78,24.86,65.11,1,-1,-1,-1
236,346,5.01,338.47,55.99,193.92,1,-1,-1,-1
236,347,230.05,335.24,28.52,76.45,1,-1,-1,-1
236,348,856.01,367.04,32.64,49.87,1,-1,-1,-1
237,245,1375.82,333.94,222.97,695.18,1,-1,-1,-1
237,280,1634.91,328.57,266.72,714.59,1,-1,-1,-1
237,304,462.18,340.65,52.25,126.28,1,-1,-1,-1
237,307,889.44,343.14,52.80,150.20,1,-1,-1,-1
237,308,932.84,349.08,52.91,141.88,1,-1,-1,-1
237,309,1040.16,355.75,69.21,163.63,1,-1,-1,-1
237,314,1137.65,356.44,35.72,115.41,1,-1,-1,-1
237,316,634.50,325.06,85.62,187.76,1,-1,-1,-1
237,335,255.90,338.78,41.43,116.28,1,-1,-1,-1
237,340,759.45,350.76,24.88,65.69,1,-1,-1,-1
237,346,5.28,335.00,57.84,194.63,1,-1,-1,-1
237,347,231.72,331.91,28.16,74.84,1,-1,-1,-1
237,348,857.94,366.66,33.82,50.52,1,-1,-1,-1
237,349,871.00,355.50,42.80,83.60,1,-1,-1,-1
237,350,515.00,337.50,39.60,121.20,1,-1,-1,-1
238,245,1375.90,330.04,222.36,696.83,1,-1,-1,-1
238,280,1633.91,324.19,268.09,717.05,1,-1,-1,-1
238,304,466.82,338.72,51.96,125.90,1,-1,-1,-1
238,307,893.92,339.93,52.09,150.40,1,-1,-1,-1
238,308,935.55,346.40,52.94,141.99,1,-1,-1,-1
238,309,1043.12,352.66,69.39,163.43,1,-1,-1,-1
238,314,1141.46,353.35,35.72,115.49,1,-1,-1,-1
238,316,637.60,322.05,84.96,188.04,1,-1,-1,-1
238,335,258.90,335.98,41.50,116.29,1,-1,-1,-1
238,340,763.61,348.46,24.77,65.53,1,-1,-1,-1
238,346,5.03,331.96,58.94,195.36,1,-1,-1,-1
238,347,234.21,329.10,27.96,74.02,1,-1,-1,-1
238,349,873.21,355.18,41.25,72.14,1,-1,-1,-1
238,350,517.60,338.21,33.42,112.84,1,-1,-1,-1
239,245,1376.18,326.81,222.23,698.12,1,-1,-1,-1
239,280,1632.49,320.24,269.45,718.47,1,-1,-1,-1
239,304,471.29,336.89,51.83,125.70,1,-1,-1,-1
239,307,897.90,337.06,51.60,150.73,1,-1,-1,-1
239,308,938.78,344.24,52.83,141.89,1,-1,-1,-1
239,309,1045.60,349.77,69.54,163.31,1,-1,-1,-1
239,314,1145.30,350.40,35.82,115.70,1,-1,-1,-1
239,316,640.25,319.57,84.07,188.24,1,-1,-1,-1
239,335,261.49,333.94,41.39,115.94,1,-1,-1,-1
239,340,767.58,347.05,24.85,65.36,1,-1,-1,-1
239,346,5.62,329.83,60.48,195.74,1,-1,-1,-1
239,347,236.22,327.65,27.95,73.69,1,-1,-1,-1
239,349,876.04,355.11,41.37,72.03,1,-1,-1,-1
240,245,1375.90,322.59,221.39,699.09,1,-1,-1,-1
240,280,1631.23,315.89,271.29,721.69,1,-1,-1,-1
240,304,475.48,334.83,51.84,125.72,1,-1,-1,-1
240,307,901.69,334.36,51.25,151.29,1,-1,-1,-1
240,308,942.68,342.00,52.53,141.89,1,-1,-1,-1
240,309,1047.88,347.44,69.55,163.09,1,-1,-1,-1
240,314,1148.64,348.10,35.91,115.67,1,-1,-1,-1
240,316,642.98,317.59,83.27,188.45,1,-1,-1,-1
240,335,264.09,331.54,41.34,115.90,1,-1,-1,-1
240,340,770.94,345.89,24.86,65.32,1,-1,-1,-1
240,346,6.07,327.04,62.10,195.46,1,-1,-1,-1
240,347,237.22,325.63,27.97,73.31,1,-1,-1,-1
240,349,874.97,354.34,40.49,69.88,1,-1,-1,-1
240,351,755.40,348.50,23.70,60.00,1,-1,-1,-1
241,245,1377.14,316.06,220.31,699.64,1,-1,-1,-1
241,280,1629.88,310.68,273.37,724.19,1,-1,-1,-1
241,304,479.75,332.11,51.69,125.85,1,-1,-1,-1
241,307,904.75,332.05,51.31,151.76,1,-1,-1,-1
241,308,946.82,339.37,52.18,142.17,1,-1,-1,-1
241,309,1050.97,344.97,69.42,163.00,1,-1,-1,-1
241,314,1152.26,345.64,36.02,115.64,1,-1,-1,-1
241,316,646.61,315.52,82.33,188.56,1,-1,-1,-1
241,335,266.61,329.65,41.14,115.44,1,-1,-1,-1
241,340,775.34,343.71,25.00,65.60,1,-1,-1,-1
241,346,6.33,323.69,63.53,195.80,1,-1,-1,-1
241,347,239.66,324.72,27.98,73.31,1,-1,-1,-1
241,349,876.14,351.49,38.75,67.97,1,-1,-1,-1
242,245,1378.26,311.96,219.51,699.98,1,-1,-1,-1
242,280,1627.65,306.28,276.03,726.96,1,-1,-1,-1
242,304,483.65,330.18,51.47,126.10,1,-1,-1,-1
242,307,907.13,330.22,51.45,152.21,1,-1,-1,-1
242,308,950.62,337.28,51.97,142.42,1,-1,-1,-1
242,309,1053.97,343.20,69.33,162.87,1,-1,-1,-1
242,314,1155.60,343.25,36.06,115.86,1,-1,-1,-1
242,316,649.43,313.38,82.19,188.99,1,-1,-1,-1
242,335,268.83,328.12,41.04,115.29,1,-1,-1,-1
242,340,779.21,342.14,25.10,65.80,1,-1,-1,-1
242,346,6.48,321.54,64.83,196.02,1,-1,-1,-1
242,347,241.73,323.75,27.89,73.19,1,-1,-1,-1
242,349,877.04,350.07,37.30,66.27,1,-1,-1,-1
243,245,1379.78,308.78,218.79,701.49,1,-1,-1,-1
243,280,1624.25,299.67,278.90,729.98,1,-1,-1,-1
243,304,487.29,328.74,51.31,126.62,1,-1,-1,-1
243,307,909.28,328.74,51.70,152.64,1,-1,-1,-1
243,308,954.04,335.66,51.80,142.43,1,-1,-1,-1
243,309,1057.27,341.62,69.49,162.78,1,-1,-1,-1
243,314,1158.99,340.75,36.06,116.00,1,-1,-1,-1
243,316,651.87,311.25,82.32,189.56,1,-1,-1,-1
243,335,271.06,326.61,41.19,115.45,1,-1,-1,-1
243,340,782.88,340.77,25.07,65.60,1,-1,-1,-1
243,346,6.54,319.58,65.99,196.13,1,-1,-1,-1
243,347,242.98,322.22,27.66,72.55,1,-1,-1,-1
243,349,876.52,348.17,36.09,64.73,1,-1,-1,-1
244,245,1379.27,306.15,220.21,702.70,1,-1,-1,-1
244,280,1620.23,295.41,282.46,732.24,1,-1,-1,-1
244,304,490.75,326.50,51.47,127.02,1,-1,-1,-1
244,307,911.10,326.45,51.99,153.61,1,-1,-1,-1
244,308,956.48,333.62,52.15,142.99,1,-1,-1,-1
244,309,1060.24,338.87,69.72,163.31,1,-1,-1,-1
244,314,1162.61,338.67,36.19,116.11,1,-1,-1,-1
244,316,653.64,309.33,82.80,190.34,1,-1,-1,-1
244,335,273.30,324.96,41.18,115.70,1,-1,-1,-1
244,340,786.59,339.15,24.86,65.45,1,-1,-1,-1
244,346,6.85,319.17,67.44,196.57,1,-1,-1,-1
244,349,876.09,347.34,35.12,63.54,1,-1,-1,-1
244,352,730.50,340.10,28.10,66.90,1,-1,-1,-1
245,245,1379.17,303.71,220.95,703.57,1,-1,-1,-1
245,280,1617.27,294.33,284.86,733.03,1,-1,-1,-1
245,304,494.55,325.04,51.20,126.79,1,-1,-1,-1
245,307,912.85,325.85,52.23,153.95,1,-1,-1,-1
245,308,959.03,332.27,52.41,143.46,1,-1,-1,-1
245,309,1063.03,338.01,69.95,163.32,1,-1,-1,-1
245,314,1165.37,337.16,36.24,116.10,1,-1,-1,-1
245,316,655.35,307.92,83.16,191.21,1,-1,-1,-1
245,335,274.45,323.67,41.23,116.14,1,-1,-1,-1
245,340,789.25,338.39,24.63,65.25,1,-1,-1,-1
245,346,7.79,318.18,69.07,196.88,1,-1,-1,-1
245,347,245.83,318.15,27.60,72.19,1,-1,-1,-1
245,349,877.60,348.23,34.77,62.45,1,-1,-1,-1
245,353,1010.20,347.80,29.40,73.40,1,-1,-1,-1
246,245,1378.10,303.45,222.58,706.01,1,-1,-1,-1
246,280,1617.89,293.67,286.68,732.79,1,-1,-1,-1
246,307,915.91,324.61,52.13,154.41,1,-1,-1,-1
246,308,961.49,331.53,52.38,143.95,1,-1,-1,-1
246,309,1067.26,336.93,69.94,163.47,1,-1,-1,-1
246,314,1169.00,336.39,36.22,116.22,1,-1,-1,-1
246,316,658.77,306.32,82.32,191.92,1,-1,-1,-1
246,335,277.33,322.24,41.28,116.14,1,-1,-1,-1
246,340,792.84,337.94,24.54,65.07,1,-1,-1,-1
246,346,8.67,317.04,70.81,197.60,1,-1,-1,-1
247,245,1376.00,304.10,224.56,706.41,1,-1,-1,-1
247,280,1618.21,296.21,288.46,735.08,1,-1,-1,-1
247,307,918.47,323.43,51.98,154.85,1,-1,-1,-1
247,308,963.92,330.62,52.37,144.34,1,-1,-1,-1
247,309,1070.65,336.15,69.87,163.61,1,-1,-1,-1
247,314,1171.84,335.98,36.17,116.31,1,-1,-1,-1
247,316,661.21,305.25,81.62,192.03,1,-1,-1,-1
247,335,278.84,320.90,41.37,116.25,1,-1,-1,-1
247,340,795.20,337.86,24.50,64.71,1,-1,-1,-1
247,346,8.93,316.46,72.34,198.14,1,-1,-1,-1
247,349,880.83,348.32,34.00,60.94,1,-1,-1,-1
248,245,1374.51,304.17,225.97,707.11,1,-1,-1,-1
248,280,1619.63,298.14,288.84,737.44,1,-1,-1,-1
248,307,921.10,322.20,51.81,155.41,1,-1,-1,-1
248,308,966.40,330.16,52.42,144.49,1,-1,-1,-1
248,309,1073.43,335.42,70.07,163.88,1,-1,-1,-1
248,314,1175.13,336.10,36.04,116.33,1,-1,-1,-1
248,316,663.47,304.56,80.62,191.97,1,-1,-1,-1
248,335,279.81,319.65,41.47,116.54,1,-1,-1,-1
248,340,797.44,337.72,24.41,64.40,1,-1,-1,-1
248,346,9.09,315.87,73.75,198.39,1,-1,-1,-1
249,245,1373.87,305.87,227.45,707.42,1,-1,-1,-1
249,280,1621.28,300.38,289.32,741.05,1,-1,-1,-1
249,307,923.83,320.69,52.16,155.95,1,-1,-1,-1
249,308,968.79,329.40,52.44,144.67,1,-1,-1,-1
249,309,1076.48,334.83,69.93,163.83,1,-1,-1,-1
249,314,1178.27,336.33,36.01,116.51,1,-1,-1,-1
249,316,665.61,303.77,79.50,191.94,1,-1,-1,-1
249,335,280.94,317.96,41.44,116.67,1,-1,-1,-1
249,340,799.72,336.59,24.32,64.24,1,-1,-1,-1
249,346,9.86,314.49,75.10,198.44,1,-1,-1,-1
249,354,1057.80,335.10,38.60,118.30,1,-1,-1,-1
250,245,1373.43,308.04,229.41,708.45,1,-1,-1,-1
250,280,1623.20,303.31,288.44,740.91,1,-1,-1,-1
250,307,926.08,318.92,52.57,156.39,1,-1,-1,-1
250,308,971.69,327.73,52.45,144.87,1,-1,-1,-1
250,309,1079.73,333.97,69.97,164.03,1,-1,-1,-1
250,314,1181.01,336.10,36.12,116.65,1,-1,-1,-1
250,316,667.51,302.43,78.59,192.32,1,-1,-1,-1
250,335,282.52,316.18,41.38,116.59,1,-1,-1,-1
250,340,801.54,335.19,24.22,64.18,1,-1,-1,-1
250,346,10.29,313.10,76.40,198.29,1,-1,-1,-1
250,354,1061.35,333.16,38.15,114.85,1,-1,-1,-1
250,355,258.30,314.60,26.70,68.50,1,-1,-1,-1
251,245,1373.30,308.13,230.16,709.77,1,-1,-1,-1
251,280,1627.92,299.75,286.07,742.92,1,-1,-1,-1
251,307,928.16,317.25,53.15,156.87,1,-1,-1,-1
251,308,975.01,325.92,52.22,144.89,1,-1,-1,-1
251,309,1083.74,333.24,69.79,164.22,1,-1,-1,-1
251,314,1184.39,335.43,36.05,116.72,1,-1,-1,-1
251,316,668.37,300.76,79.03,193.16,1,-1,-1,-1
251,335,284.32,314.37,41.34,116.65,1,-1,-1,-1
251,340,803.88,333.21,24.08,63.86,1,-1,-1,-1
251,346,11.12,311.72,77.44,198.22,1,-1,-1,-1
251,354,1063.60,332.11,36.64,111.66,1,-1,-1,-1
251,355,256.66,311.55,27.79,69.05,1,-1,-1,-1
251,356,536.10,306.50,48.60,146.70,1,-1,-1,-1
252,245,1373.22,306.43,230.58,710.47,1,-1,-1,-1
252,280,1632.32,299.84,282.69,743.25,1,-1,-1,-1
252,307,930.52,315.65,53.97,157.62,1,-1,-1,-1
252,308,977.57,323.83,52.12,144.99,1,-1,-1,-1
252,309,1087.33,332.53,69.69,164.47,1,-1,-1,-1
252,314,1187.56,334.12,36.05,117.07,1,-1,-1,-1
252,316,668.98,298.92,80.05,194.23,1,-1,-1,-1
252,335,285.88,312.89,41.26,116.75,1,-1,-1,-1
252,340,806.37,331.35,24.07,63.61,1,-1,-1,-1
252,346,12.10,310.24,78.34,198.20,1,-1,-1,-1
252,354,1064.85,330.07,36.00,109.47,1,-1,-1,-1
252,355,255.87,309.99,27.56,68.78,1,-1,-1,-1
252,357,269.10,312.20,31.90,93.60,1,-1,-1,-1
252,358,790.50,331.20,22.00,60.00,1,-1,-1,-1
253,245,1373.57,306.22,231.27,709.92,1,-1,-1,-1
253,280,1636.45,297.30,279.88,743.36,1,-1,-1,-1
253,307,932.71,314.56,54.66,158.16,1,-1,-1,-1
253,308,980.10,322.25,52.22,145.04,1,-1,-1,-1
253,309,1090.28,331.89,69.57,164.49,1,-1,-1,-1
253,314,1190.82,332.62,36.04,117.34,1,-1,-1,-1
253,316,669.45,297.76,80.98,195.51,1,-1,-1,-1
253,335,287.39,311.94,41.28,116.83,1,-1,-1,-1
253,340,808.54,330.20,24.12,63.38,1,-1,-1,-1
253,346,13.09,309.18,79.18,198.20,1,-1,-1,-1
253,354,1067.41,329.30,37.14,109.10,1,-1,-1,-1
253,356,535.66,305.57,49.78,150.25,1,-1,-1,-1
253,359,261.70,313.80,30.40,79.90,1,-1,-1,-1
253,360,780.40,332.50,21.90,58.40,1,-1,-1,-1
254,245,1374.47,305.88,231.68,708.87,1,-1,-1,-1
254,280,1641.45,288.62,278.12,743.94,1,-1,-1,-1
254,307,935.04,313.56,55.12,158.48,1,-1,-1,-1
254,308,982.53,320.52,52.36,145.39,1,-1,-1,-1
254,309,1093.46,330.96,69.32,164.33,1,-1,-1,-1
254,314,1194.31,331.15,36.12,117.37,1,-1,-1,-1
254,316,670.16,296.50,81.82,196.33,1,-1,-1,-1
254,335,288.59,311.75,41.23,116.74,1,-1,-1,-1
254,340,810.93,328.93,24.13,63.32,1,-1,-1,-1
254,346,14.62,309.16,79.97,198.35,1,-1,-1,-1
254,356,538.17,304.13,50.22,149.41,1,-1,-1,-1
254,359,260.44,313.82,28.76,78.17,1,-1,-1,-1
254,361,767.30,330.00,22.60,60.60,1,-1,-1,-1
255,245,1375.86,304.12,232.33,708.38,1,-1,-1,-1
255,280,1646.86,286.78,275.85,745.04,1,-1,-1,-1
255,307,937.51,312.52,55.35,158.57,1,-1,-1,-1
255,308,984.19,318.91,52.62,145.65,1,-1,-1,-1
255,309,1096.39,330.09,69.10,164.02,1,-1,-1,-1
255,314,1197.87,329.88,36.28,117.19,1,-1,-1,-1
255,316,670.95,295.37,82.69,197.25,1,-1,-1,-1
255,335,289.70,311.70,41.22,116.77,1,-1,-1,-1
255,340,813.01,327.65,24.15,63.26,1,-1,-1,-1
255,346,16.36,308.47,80.79,198.72,1,-1,-1,-1
255,356,540.16,302.68,50.81,148.55,1,-1,-1,-1
255,359,264.80,316.12,28.54,76.70,1,-1,-1,-1
255,361,764.28,330.09,23.78,60.42,1,-1,-1,-1
256,245,1378.88,302.33,232.31,708.99,1,-1,-1,-1
256,280,1653.15,278.96,272.79,750.46,1,-1,-1,-1
256,307,939.39,311.91,55.42,158.63,1,-1,-1,-1
256,308,986.05,317.54,52.94,146.00,1,-1,-1,-1
256,309,1100.20,329.11,68.93,163.73,1,-1,-1,-1
256,314,1201.60,328.67,36.53,117.44,1,-1,-1,-1
256,316,672.27,294.41,82.81,197.33,1,-1,-1,-1
256,335,290.61,312.36,41.29,116.83,1,-1,-1,-1
256,340,815.75,326.63,24.03,63.25,1,-1,-1,-1
256,346,18.78,308.46,81.15,199.15,1,-1,-1,-1
256,354,1080.10,324.96,38.74,112.98,1,-1,-1,-1
256,356,542.19,303.53,50.78,147.55,1,-1,-1,-1
256,361,760.37,330.18,23.46,60.98,1,-1,-1,-1
257,245,1382.44,300.24,232.54,710.39,1,-1,-1,-1
257,280,1657.89,275.18,270.33,753.25,1,-1,-1,-1
257,307,941.05,311.35,55.34,158.73,1,-1,-1,-1
257,308,988.15,316.48,53.32,146.35,1,-1,-1,-1
257,309,1104.54,328.30,68.62,163.22,1,-1,-1,-1
257,314,1205.80,327.03,36.53,117.69,1,-1,-1,-1
257,316,673.35,293.56,82.83,197.77,1,-1,-1,-1
257,335,291.93,313.54,41.39,116.69,1,-1,-1,-1
257,340,818.59,325.70,24.07,63.35,1,-1,-1,-1
257,346,21.56,309.11,81.79,199.35,1,-1,-1,-1
257,354,1082.52,323.40,40.44,115.61,1,-1,-1,-1
257,356,543.57,304.80,51.07,148.17,1,-1,-1,-1
257,361,756.72,331.07,23.96,60.89,1,-1,-1,-1
258,245,1386.57,296.73,231.97,713.11,1,-1,-1,-1
258,280,1661.92,272.88,268.03,756.86,1,-1,-1,-1
258,307,942.32,310.82,54.75,157.87,1,-1,-1,-1
258,308,990.20,314.68,54.01,146.95,1,-1,-1,-1
258,309,1109.11,326.31,68.65,163.23,1,-1,-1,-1
258,314,1210.00,325.74,36.86,117.96,1,-1,-1,-1
258,316,675.77,292.54,81.65,197.04,1,-1,-1,-1
258,335,293.70,313.56,41.22,116.90,1,-1,-1,-1
258,340,821.95,324.21,24.04,63.15,1,-1,-1,-1
258,346,23.76,309.45,82.34,199.62,1,-1,-1,-1
258,354,1084.92,321.54,42.34,118.51,1,-1,-1,-1
258,356,544.65,302.55,51.89,148.23,1,-1,-1,-1
258,362,907.20,338.60,31.50,53.20,1,-1,-1,-1
258,363,775.50,332.00,22.60,52.50,1,-1,-1,-1
259,245,1391.32,294.59,231.22,715.47,1,-1,-1,-1
259,280,1666.56,270.31,265.18,758.54,1,-1,-1,-1
259,307,944.96,310.27,55.15,158.65,1,-1,-1,-1
259,308,992.22,314.52,54.38,147.18,1,-1,-1,-1
259,309,1113.39,325.59,68.63,163.38,1,-1,-1,-1
259,314,1213.43,324.62,36.81,118.39,1,-1,-1,-1
259,316,677.69,292.68,81.26,197.06,1,-1,-1,-1
259,335,294.70,315.26,41.37,116.94,1,-1,-1,-1
259,340,824.84,324.70,24.00,63.33,1,-1,-1,-1
259,346,26.56,310.78,82.42,200.18,1,-1,-1,-1
259,354,1087.58,320.98,43.14,120.23,1,-1,-1,-1
259,356,545.86,303.77,51.87,148.25,1,-1,-1,-1
259,361,751.78,331.63,24.41,62.31,1,-1,-1,-1
260,245,1396.87,294.67,231.05,716.56,1,-1,-1,-1
260,280,1671.88,267.59,261.75,762.38,1,-1,-1,-1
260,307,948.26,309.62,55.34,158.52,1,-1,-1,-1
260,308,994.13,313.60,54.95,147.62,1,-1,-1,-1
260,309,1118.58,324.83,68.11,163.01,1,-1,-1,-1
260,314,1217.40,323.63,36.77,118.68,1,-1,-1,-1
260,316,680.18,292.69,80.44,197.45,1,-1,-1,-1
260,335,296.53,315.85,41.24,116.77,1,-1,-1,-1
260,340,828.41,324.77,24.03,63.32,1,-1,-1,-1
260,346,30.24,310.90,81.71,201.16,1,-1,-1,-1
260,354,1092.64,320.15,44.37,121.46,1,-1,-1,-1
260,356,547.29,304.04,51.99,148.43,1,-1,-1,-1
260,364,527.50,321.50,35.50,131.80,1,-1,-1,-1
260,365,765.90,331.40,25.10,59.90,1,-1,-1,-1
261,245,1403.07,293.12,231.06,718.48,1,-1,-1,-1
261,280,1677.77,263.60,257.79,765.20,1,-1,-1,-1
261,307,951.84,308.64,55.22,158.24,1,-1,-1,-1
261,308,996.17,311.88,55.55,148.07,1,-1,-1,-1
261,309,1124.40,323.23,67.57,162.50,1,-1,-1,-1
261,314,1222.11,321.56,36.93,118.61,1,-1,-1,-1
261,316,682.42,292.78,79.97,197.79,1,-1,-1,-1
261,335,298.57,315.31,41.14,116.79,1,-1,-1,-1
261,340,832.89,323.95,23.93,63.45,1,-1,-1,-1
261,346,33.78,310.44,81.08,201.72,1,-1,-1,-1
261,354,1098.39,318.09,44.77,122.50,1,-1,-1,-1
261,356,550.95,303.43,52.18,149.37,1,-1,-1,-1
261,365,766.21,324.29,27.65,67.17,1,-1,-1,-1
261,366,813.20,322.30,23.10,61.00,1,-1,-1,-1
262,245,1410.46,292.88,231.04,720.40,1,-1,-1,-1
262,280,1685.86,258.88,252.38,767.23,1,-1,-1,-1
262,307,954.85,307.05,55.79,159.26,1,-1,-1,-1
262,308,998.79,310.12,55.17,147.93,1,-1,-1,-1
262,309,1129.50,321.47,67.20,161.84,1,-1,-1,-1
262,314,1226.57,319.69,36.98,117.98,1,-1,-1,-1
262,316,685.41,291.49,80.08,198.18,1,-1,-1,-1
262,335,300.41,314.37,41.03,117.17,1,-1,-1,-1
262,340,836.94,322.48,23.96,63.72,1,-1,-1,-1
262,346,37.75,310.35,80.92,200.98,1,-1,-1,-1
262,354,1103.54,316.35,45.08,123.95,1,-1,-1,-1
262,356,551.81,301.72,52.55,149.67,1,-1,-1,-1
262,365,762.17,321.84,29.11,72.31,1,-1,-1,-1
262,366,813.87,319.73,22.55,63.27,1,-1,-1,-1
262,367,1053.60,324.80,27.20,64.10,1,-1,-1,-1
262,368,1075.70,321.80,24.60,64.40,1,-1,-1,-1
263,245,1417.33,292.17,231.27,720.69,1,-1,-1,-1
263,280,1691.40,254.35,248.19,771.79,1,-1,-1,-1
263,307,958.94,304.94,56.34,160.00,1,-1,-1,-1
263,309,1134.51,319.93,67.00,161.49,1,-1,-1,-1
263,314,1231.19,317.05,36.95,117.86,1,-1,-1,-1
263,316,686.92,290.73,80.91,198.62,1,-1,-1,-1
263,335,302.28,312.68,41.06,117.37,1,-1,-1,-1
263,340,841.50,320.71,24.04,64.01,1,-1,-1,-1
263,346,41.11,308.99,80.30,200.14,1,-1,-1,-1
263,354,1108.04,314.32,45.11,123.42,1,-1,-1,-1
263,356,553.47,300.12,53.14,150.58,1,-1,-1,-1
263,364,530.10,313.05,37.59,138.62,1,-1,-1,-1
263,369,808.30,316.80,21.20,61.00,1,-1,-1,-1
263,370,1068.90,316.20,21.90,52.70,1,-1,-1,-1
263,371,1083.10,315.80,24.00,58.20,1,-1,-1,-1
264,245,1423.33,291.44,232.29,723.06,1,-1,-1,-1
264,280,1697.54,247.71,243.50,776.70,1,-1,-1,-1
264,307,962.20,302.89,56.77,160.59,1,-1,-1,-1
264,309,1139.43,318.02,67.02,161.59,1,-1,-1,-1
264,314,1235.35,314.34,37.09,117.83,1,-1,-1,-1
264,316,687.65,289.54,81.99,199.00,1,-1,-1,-1
264,335,303.78,310.43,41.02,117.65,1,-1,-1,-1
264,340,845.21,319.16,24.05,63.94,1,-1,-1,-1
264,346,43.81,307.33,79.74,199.68,1,-1,-1,-1
264,354,1111.40,311.52,45.40,124.01,1,-1,-1,-1
264,356,554.92,298.36,53.77,151.41,1,-1,-1,-1
264,364,526.95,312.37,39.32,139.47,1,-1,-1,-1
264,369,806.90,316.54,20.84,59.73,1,-1,-1,-1
264,370,1065.79,314.77,21.08,49.52,1,-1,-1,-1
265,245,1429.32,289.42,232.50,725.19,1,-1,-1,-1
265,280,1702.73,242.19,239.20,781.06,1,-1,-1,-1
265,307,965.11,300.98,57.04,161.33,1,-1,-1,-1
265,309,1143.99,315.93,67.09,161.67,1,-1,-1,-1
265,314,1239.08,312.10,37.30,118.01,1,-1,-1,-1
265,316,687.99,288.62,83.32,199.58,1,-1,-1,-1
265,335,305.72,308.15,41.10,117.74,1,-1,-1,-1
265,340,848.16,317.57,23.98,63.93,1,-1,-1,-1
265,346,45.80,305.35,79.32,199.60,1,-1,-1,-1
265,354,1114.26,308.98,45.99,124.98,1,-1,-1,-1
265,356,556.67,296.88,53.60,151.95,1,-1,-1,-1
265,364,525.44,311.89,40.27,140.73,1,-1,-1,-1
265,372,789.60,314.80,22.30,60.10,1,-1,-1,-1
266,245,1437.00,286.13,232.63,724.66,1,-1,-1,-1
266,280,1707.02,240.26,235.28,782.37,1,-1,-1,-1
266,307,967.62,298.12,57.33,162.41,1,-1,-1,-1
266,309,1148.80,313.39,67.46,162.11,1,-1,-1,-1
266,314,1242.70,309.46,37.34,118.02,1,-1,-1,-1
266,316,688.64,287.01,84.95,200.65,1,-1,-1,-1
266,335,308.74,305.65,41.19,117.72,1,-1,-1,-1
266,340,850.31,316.02,23.96,64.06,1,-1,-1,-1
266,346,47.60,303.17,79.17,199.02,1,-1,-1,-1
266,354,1117.13,305.91,46.17,125.73,1,-1,-1,-1
266,356,558.69,294.42,53.53,151.14,1,-1,-1,-1
266,364,523.17,308.79,41.54,140.92,1,-1,-1,-1
266,372,782.73,311.84,23.75,60.37,1,-1,-1,-1
266,373,1017.20,305.40,47.00,141.40,1,-1,-1,-1
267,245,1442.97,284.27,233.34,722.76,1,-1,-1,-1
267,280,1710.83,237.21,231.54,784.54,1,-1,-1,-1
267,307,969.88,296.00,57.33,162.76,1,-1,-1,-1
267,309,1153.02,311.20,67.70,162.33,1,-1,-1,-1
267,314,1245.91,307.21,37.36,118.14,1,-1,-1,-1
267,316,689.23,285.37,86.29,201.63,1,-1,-1,-1
267,335,311.22,303.34,41.42,117.85,1,-1,-1,-1
267,340,852.64,314.43,23.94,64.22,1,-1,-1,-1
267,346,49.07,301.04,78.97,198.85,1,-1,-1,-1
267,354,1119.88,303.13,46.24,126.13,1,-1,-1,-1
267,356,560.69,292.42,53.56,150.80,1,-1,-1,-1
267,364,521.69,307.84,42.01,141.04,1,-1,-1,-1
267,373,1013.05,303.32,49.45,139.22,1,-1,-1,-1
267,374,790.50,311.50,23.10,59.70,1,-1,-1,-1
267,375,5.40,312.60,33.10,191.20,1,-1,-1,-1
267,376,1094.70,312.90,26.30,58.90,1,-1,-1,-1
268,245,1448.82,281.45,233.64,722.29,1,-1,-1,-1
268,280,1712.59,233.70,228.91,784.88,1,-1,-1,-1
268,307,971.82,295.07,57.04,162.44,1,-1,-1,-1
268,309,1156.75,309.05,67.86,162.23,1,-1,-1,-1
268,314,1248.41,305.56,37.45,118.46,1,-1,-1,-1
268,316,690.00,283.78,87.28,202.63,1,-1,-1,-1
268,335,313.34,301.20,41.55,117.98,1,-1,-1,-1
268,340,854.03,313.30,23.90,64.32,1,-1,-1,-1
268,346,50.03,299.05,78.53,198.79,1,-1,-1,-1
268,354,1123.14,300.94,46.34,126.57,1,-1,-1,-1
268,356,561.54,290.38,53.87,151.09,1,-1,-1,-1
268,364,520.76,307.98,42.35,142.04,1,-1,-1,-1
268,373,1010.93,298.13,50.39,140.31,1,-1,-1,-1
268,374,787.24,310.42,23.37,59.97,1,-1,-1,-1
268,375,5.88,325.98,32.83,175.93,1,-1,-1,-1
268,376,1093.23,311.28,24.39,55.90,1,-1,-1,-1
269,245,1453.96,275.62,235.11,723.14,1,-1,-1,-1
269,280,1712.75,229.09,227.19,785.72,1,-1,-1,-1
269,307,972.26,293.58,56.87,162.68,1,-1,-1,-1
269,309,1159.69,306.64,68.14,162.29,1,-1,-1,-1
269,314,1250.25,303.89,37.52,118.50,1,-1,-1,-1
269,316,691.23,281.99,87.91,203.34,1,-1,-1,-1
269,335,314.93,299.61,41.60,118.01,1,-1,-1,-1
269,340,855.32,312.34,23.86,64.38,1,-1,-1,-1
269,346,50.37,297.33,78.14,198.83,1,-1,-1,-1
269,354,1126.29,299.08,46.45,127.21,1,-1,-1,-1
269,356,559.09,288.37,54.36,151.66,1,-1,-1,-1
269,364,520.74,306.79,42.71,142.46,1,-1,-1,-1
269,373,1007.11,295.94,52.72,143.00,1,-1,-1,-1
269,374,783.11,311.37,23.58,59.79,1,-1,-1,-1
269,376,1089.48,310.75,23.72,55.37,1,-1,-1,-1
270,245,1458.20,269.88,237.03,724.54,1,-1,-1,-1
270,280,1710.44,225.81,226.92,787.03,1,-1,-1,-1
270,307,972.78,291.77,57.18,163.05,1,-1,-1,-1
270,309,1162.95,304.13,68.45,162.81,1,-1,-1,-1
270,314,1251.80,302.69,37.67,118.33,1,-1,-1,-1
270,316,693.45,280.19,87.82,203.55,1,-1,-1,-1
270,335,315.34,297.85,41.81,118.05,1,-1,-1,-1
270,340,856.32,311.01,23.86,64.36,1,-1,-1,-1
270,346,50.87,296.12,77.75,198.76,1,-1,-1,-1
270,354,1129.99,297.24,46.50,128.44,1,-1,-1,-1
270,373,1002.27,295.46,54.39,145.22,1,-1,-1,-1
270,376,1082.73,313.54,23.03,53.51,1,-1,-1,-1
270,377,540.80,282.40,57.00,170.10,1,-1,-1,-1
270,378,788.00,312.70,24.80,58.10,1,-1,-1,-1
271,245,1462.34,266.32,237.42,726.60,1,-1,-1,-1
271,280,1708.18,228.23,226.74,785.44,1,-1,-1,-1
271,307,972.83,290.44,57.52,164.14,1,-1,-1,-1
271,309,1165.30,303.16,68.70,163.12,1,-1,-1,-1
271,316,694.97,278.90,87.44,203.35,1,-1,-1,-1
271,335,315.03,297.88,41.96,118.24,1,-1,-1,-1
271,346,49.65,295.82,77.61,198.66,1,-1,-1,-1
271,354,1131.51,296.87,46.36,128.73,1,-1,-1,-1
271,377,540.60,288.40,59.09,169.10,1,-1,-1,-1
271,378,786.28,312.53,24.07,60.83,1,-1,-1,-1
271,379,1244.10,305.20,37.00,119.70,1,-1,-1,-1
271,380,851.20,313.50,23.00,63.40,1,-1,-1,-1
271,381,292.40,299.30,29.10,79.30,1,-1,-1,-1
271,382,1089.80,315.40,24.70,54.00,1,-1,-1,-1
272,245,1464.15,265.15,237.70,729.11,1,-1,-1,-1
272,280,1705.24,228.05,227.07,786.34,1,-1,-1,-1
272,307,971.31,289.93,58.31,165.92,1,-1,-1,-1
272,309,1166.99,303.14,68.87,163.33,1,-1,-1,-1
272,316,696.01,278.30,87.21,203.84,1,-1,-1,-1
272,346,47.40,296.49,77.47,198.77,1,-1,-1,-1
272,354,1131.80,296.83,46.75,129.62,1,-1,-1,-1
272,377,535.97,289.53,59.57,164.79,1,-1,-1,-1
272,378,782.11,313.47,24.33,59.95,1,-1,-1,-1
272,379,1241.73,307.44,37.18,116.70,1,-1,-1,-1
272,380,849.18,314.12,22.09,61.85,1,-1,-1,-1
272,382,1085.23,315.29,24.34,56.00,1,-1,-1,-1
272,383,924.00,307.90,39.10,118.90,1,-1,-1,-1
272,384,1013.20,302.60,55.00,143.40,1,-1,-1,-1
272,385,1055.60,316.70,26.90,67.30,1,-1,-1,-1
272,386,296.30,297.70,41.10,123.60,1,-1,-1,-1
273,245,1465.16,263.10,238.23,731.52,1,-1,-1,-1
273,280,1704.37,230.86,226.37,785.92,1,-1,-1,-1
273,307,970.21,289.79,58.94,166.60,1,-1,-1,-1
273,309,1167.20,302.96,69.17,163.65,1,-1,-1,-1
273,316,694.78,277.91,87.11,204.44,1,-1,-1,-1
273,346,45.16,296.93,77.31,198.49,1,-1,-1,-1
273,377,530.12,290.78,60.86,165.06,1,-1,-1,-1
273,378,783.50,314.29,24.12,60.46,1,-1,-1,-1
273,379,1239.70,308.05,37.19,117.18,1,-1,-1,-1
273,380,847.21,314.48,22.96,62.69,1,-1,-1,-1
273,383,927.56,307.91,41.10,110.26,1,-1,-1,-1
273,386,290.77,295.79,41.46,125.15,1,-1,-1,-1
273,387,570.30,291.20,49.80,135.70,1,-1,-1,-1
273,388,1118.30,297.90,48.60,136.90,1,-1,-1,-1
273,389,1090.90,316.80,26.10,55.80,1,-1,-1,-1
274,245,1465.05,261.72,238.26,732.99,1,-1,-1,-1
274,280,1704.24,232.46,225.35,784.81,1,-1,-1,-1
274,307,968.39,289.65,59.63,167.67,1,-1,-1,-1
274,309,1166.91,302.99,69.49,163.77,1,-1,-1,-1
274,316,692.34,278.27,87.21,205.83,1,-1,-1,-1
274,346,42.66,297.69,77.37,197.91,1,-1,-1,-1
274,377,521.37,290.63,61.88,164.59,1,-1,-1,-1
274,379,1239.41,307.86,37.03,118.07,1,-1,-1,-1
274,380,845.97,313.52,23.37,62.92,1,-1,-1,-1
274,383,921.44,309.73,41.77,113.59,1,-1,-1,-1
274,385,1060.38,318.35,22.72,56.12,1,-1,-1,-1
274,386,285.03,298.09,41.39,122.87,1,-1,-1,-1
274,387,574.99,293.79,48.35,127.24,1,-1,-1,-1
274,388,1116.07,297.09,49.69,136.63,1,-1,-1,-1
274,390,801.90,313.10,21.30,59.70,1,-1,-1,-1
274,391,1097.70,314.00,28.60,68.20,1,-1,-1,-1
275,245,1465.03,261.38,238.58,733.89,1,-1,-1,-1
275,280,1704.37,234.47,224.28,782.90,1,-1,-1,-1
275,307,966.57,289.81,60.11,167.99,1,-1,-1,-1
275,309,1166.14,303.17,69.67,163.80,1,-1,-1,-1
275,316,689.44,278.33,87.48,206.43,1,-1,-1,-1
275,346,39.27,298.74,77.73,197.44,1,-1,-1,-1
275,377,511.70,290.00,62.24,164.38,1,-1,-1,-1
275,379,1238.62,305.35,36.92,118.26,1,-1,-1,-1
275,380,845.95,312.51,23.10,62.61,1,-1,-1,-1
275,383,914.84,309.76,42.83,114.21,1,-1,-1,-1
275,385,1060.06,316.27,22.52,54.82,1,-1,-1,-1
275,386,280.50,296.49,41.26,122.16,1,-1,-1,-1
275,387,569.78,294.79,52.68,127.22,1,-1,-1,-1
275,388,1112.84,296.14,49.70,137.48,1,-1,-1,-1
275,390,802.31,313.37,21.57,59.06,1,-1,-1,-1
275,392,789.90,314.80,21.80,58.80,1,-1,-1,-1
276,245,1465.02,262.34,238.72,734.71,1,-1,-1,-1
276,280,1705.33,237.36,222.83,783.83,1,-1,-1,-1
276,307,962.86,290.23,60.68,168.61,1,-1,-1,-1
276,309,1164.13,303.13,69.70,163.87,1,-1,-1,-1
276,316,683.77,278.90,87.94,207.14,1,-1,-1,-1
276,377,500.35,290.66,63.02,164.89,1,-1,-1,-1
276,379,1236.70,303.59,36.96,118.47,1,-1,-1,-1
276,383,905.31,307.20,42.67,115.02,1,-1,-1,-1
276,385,1062.16,315.10,22.81,54.05,1,-1,-1,-1
276,386,274.29,299.46,42.18,121.92,1,-1,-1,-1
276,387,561.23,296.32,52.52,126.16,1,-1,-1,-1
276,388,1107.44,295.77,50.94,137.29,1,-1,-1,-1
276,393,17.70,307.60,76.40,197.90,1,-1,-1,-1
276,394,762.90,318.20,25.00,61.10,1,-1,-1,-1
276,395,835.50,311.50,23.20,62.50,1,-1,-1,-1
276,396,811.40,314.50,22.40,59.80,1,-1,-1,-1
277,245,1464.26,261.93,238.43,734.29,1,-1,-1,-1
277,280,1706.46,239.12,221.34,783.67,1,-1,-1,-1
277,316,677.19,278.49,88.27,207.87,1,-1,-1,-1
277,377,490.95,292.18,63.22,165.48,1,-1,-1,-1
277,379,1232.41,303.34,36.86,117.57,1,-1,-1,-1
277,383,895.68,307.34,42.41,113.25,1,-1,-1,-1
277,385,1063.82,314.07,22.93,54.55,1,-1,-1,-1
277,386,273.88,303.27,42.85,121.87,1,-1,-1,-1
277,387,557.52,296.19,51.94,125.79,1,-1,-1,-1
277,388,1103.32,295.88,50.83,136.38,1,-1,-1,-1
277,393,8.78,308.07,80.85,192.99,1,-1,-1,-1
277,394,759.71,315.91,22.36,60.83,1,-1,-1,-1
277,395,830.56,313.54,23.47,61.68,1,-1,-1,-1
277,397,940.70,293.70,63.50,171.70,1,-1,-1,-1
277,398,1142.80,310.10,69.80,158.80,1,-1,-1,-1
277,399,255.00,295.90,35.00,100.80,1,-1,-1,-1
278,245,1461.22,261.05,238.67,735.56,1,-1,-1,-1
278,280,1706.61,237.52,220.46,784.33,1,-1,-1,-1
278,316,669.73,278.83,88.62,208.79,1,-1,-1,-1
278,377,482.15,293.17,63.28,166.07,1,-1,-1,-1
278,383,887.97,306.25,42.28,113.06,1,-1,-1,-1
278,385,1063.68,312.36,23.34,54.56,1,-1,-1,-1
278,386,265.17,303.30,42.88,122.43,1,-1,-1,-1
278,387,555.77,297.04,51.20,124.11,1,-1,-1,-1
278,388,1098.58,296.27,49.93,135.32,1,-1,-1,-1
278,393,0.78,309.13,80.11,194.29,1,-1,-1,-1
278,394,755.88,313.80,22.76,61.25,1,-1,-1,-1
278,395,822.21,313.22,22.86,63.22,1,-1,-1,-1
278,397,933.02,293.79,64.50,173.61,1,-1,-1,-1
278,398,1136.70,308.87,68.62,157.98,1,-1,-1,-1
278,400,1217.90,303.60,35.40,116.60,1,-1,-1,-1
279,245,1456.05,259.52,238.68,735.65,1,-1,-1,-1
279,280,1706.63,237.49,219.73,784.19,1,-1,-1,-1
279,377,470.72,293.16,63.24,166.40,1,-1,-1,-1
279,383,878.13,302.63,42.55,114.35,1,-1,-1,-1
279,385,1066.04,312.02,23.71,55.57,1,-1,-1,-1
279,386,257.46,303.44,43.45,122.35,1,-1,-1,-1
279,387,549.23,297.33,50.90,122.39,1,-1,-1,-1
279,388,1090.26,295.54,49.46,135.91,1,-1,-1,-1
279,393,-3.45,308.28,76.23,194.69,1,-1,-1,-1
279,394,750.60,312.96,23.20,61.62,1,-1,-1,-1
279,395,817.37,309.88,22.84,63.18,1,-1,-1,-1
279,397,924.74,288.28,64.31,176.53,1,-1,-1,-1
279,398,1129.31,305.23,68.03,159.28,1,-1,-1,-1
279,400,1210.29,303.42,35.76,116.96,1,-1,-1,-1
279,401,735.40,314.20,22.80,62.30,1,-1,-1,-1
279,402,763.70,312.90,22.60,59.70,1,-1,-1,-1
279,403,637.40,273.90,88.40,218.90,1,-1,-1,-1
279,404,1033.60,315.50,21.90,47.60,1,-1,-1,-1
279,405,230.50,298.80,32.20,83.80,1,-1,-1,-1
280,245,1450.48,257.46,238.05,734.79,1,-1,-1,-1
280,280,1705.12,237.97,219.94,782.70,1,-1,-1,-1
280,377,460.57,292.92,62.97,166.74,1,-1,-1,-1
280,383,869.25,302.51,42.49,113.29,1,-1,-1,-1
280,386,249.99,303.46,43.95,122.31,1,-1,-1,-1
280,387,542.80,295.72,50.88,121.68,1,-1,-1,-1
280,388,1082.86,294.38,48.77,135.80,1,-1,-1,-1
280,393,-6.83,305.46,71.29,194.49,1,-1,-1,-1
280,395,811.34,308.61,22.88,63.16,1,-1,-1,-1
280,397,916.79,288.32,64.57,176.62,1,-1,-1,-1
280,398,1124.83,301.66,67.47,161.03,1,-1,-1,-1
280,400,1206.80,299.34,35.88,117.99,1,-1,-1,-1
280,401,739.49,310.76,23.35,63.03,1,-1,-1,-1
280,402,760.55,310.26,23.05,60.43,1,-1,-1,-1
280,403,628.62,275.53,87.13,215.54,1,-1,-1,-1
280,404,1032.83,312.23,22.45,49.78,1,-1,-1,-1
280,405,220.89,296.10,34.47,89.89,1,-1,-1,-1
280,406,1047.00,310.30,25.80,52.90,1,-1,-1,-1
281,245,1444.45,254.41,237.92,734.15,1,-1,-1,-1
281,280,1701.83,233.58,221.27,781.84,1,-1,-1,-1
281,377,448.52,291.41,63.13,167.32,1,-1,-1,-1
281,383,857.38,302.24,42.84,112.69,1,-1,-1,-1
281,387,535.79,295.30,50.67,120.71,1,-1,-1,-1
281,388,1074.41,293.43,48.35,135.18,1,-1,-1,-1
281,397,904.93,286.25,64.96,177.85,1,-1,-1,-1
281,398,1115.47,299.97,67.20,161.00,1,-1,-1,-1
281,403,617.76,272.93,83.91,214.80,1,-1,-1,-1
281,407,714.20,312.20,23.90,61.20,1,-1,-1,-1
281,408,228.10,302.30,46.00,122.50,1,-1,-1,-1
281,409,730.80,310.90,22.60,60.40,1,-1,-1,-1
281,410,795.70,306.90,22.60,62.80,1,-1,-1,-1
281,411,1191.90,297.50,35.20,121.10,1,-1,-1,-1
281,412,1022.50,308.60,22.60,54.30,1,-1,-1,-1
281,413,197.00,294.50,31.90,88.70,1,-1,-1,-1
282,245,1438.46,249.69,237.46,733.40,1,-1,-1,-1
282,280,1697.71,229.72,223.20,781.17,1,-1,-1,-1
282,377,435.41,290.55,61.99,167.51,1,-1,-1,-1
282,383,848.82,301.66,43.39,112.89,1,-1,-1,-1
282,387,529.38,295.06,50.34,120.17,1,-1,-1,-1
282,388,1067.10,292.16,47.81,134.87,1,-1,-1,-1
282,397,896.96,284.98,65.28,178.36,1,-1,-1,-1
282,398,1108.90,298.96,66.99,160.27,1,-1,-1,-1
282,403,605.26,272.84,86.04,215.10,1,-1,-1,-1
282,407,716.05,311.14,23.26,59.75,1,-1,-1,-1
282,408,217.33,300.89,46.73,124.14,1,-1,-1,-1
282,409,728.43,308.87,22.87,61.49,1,-1,-1,-1
282,411,1185.67,296.75,35.47,119.92,1,-1,-1,-1
282,412,1023.19,307.97,22.60,55.75,1,-1,-1,-1
282,414,788.50,306.40,23.10,61.60,1,-1,-1,-1
282,415,185.50,295.90,34.80,83.30,1,-1,-1,-1
283,245,1433.08,244.45,237.50,733.45,1,-1,-1,-1
283,280,1692.90,225.50,225.68,781.65,1,-1,-1,-1
283,377,424.71,290.13,62.10,168.43,1,-1,-1,-1
283,383,842.01,300.93,43.91,113.26,1,-1,-1,-1
283,387,523.07,294.60,50.42,119.90,1,-1,-1,-1
283,388,1060.20,291.44,47.49,134.65,1,-1,-1,-1
283,397,891.05,283.86,65.16,178.82,1,-1,-1,-1
283,398,1104.19,297.36,66.60,160.18,1,-1,-1,-1
283,403,596.23,270.90,88.18,216.06,1,-1,-1,-1
283,404,1034.92,310.84,24.26,57.54,1,-1,-1,-1
283,408,208.27,298.89,46.33,125.08,1,-1,-1,-1
283,411,1179.89,296.35,36.01,121.92,1,-1,-1,-1
283,412,1019.71,307.94,23.17,54.63,1,-1,-1,-1
283,415,177.67,290.69,32.53,88.76,1,-1,-1,-1
283,416,994.80,310.30,22.50,56.30,1,-1,-1,-1
283,417,710.20,309.40,22.50,61.70,1,-1,-1,-1
283,418,735.10,309.60,23.60,59.70,1,-1,-1,-1
283,419,779.00,305.10,23.80,63.20,1,-1,-1,-1
284,245,1429.27,240.62,237.51,733.58,1,-1,-1,-1
284,280,1687.66,222.00,228.58,781.84,1,-1,-1,-1
284,377,413.15,290.06,62.16,169.41,1,-1,-1,-1
284,383,835.25,299.55,44.55,114.22,1,-1,-1,-1
284,387,516.92,294.26,50.36,119.80,1,-1,-1,-1
284,388,1053.38,290.65,46.94,134.65,1,-1,-1,-1
284,397,884.68,282.85,65.70,178.89,1,-1,-1,-1
284,398,1099.78,295.43,66.44,161.20,1,-1,-1,-1
284,403,588.71,271.43,89.68,216.30,1,-1,-1,-1
284,408,200.21,299.27,47.37,125.54,1,-1,-1,-1
284,411,1175.56,295.02,36.30,122.70,1,-1,-1,-1
284,412,1015.68,307.48,23.87,54.62,1,-1,-1,-1
284,415,166.82,290.28,33.14,88.20,1,-1,-1,-1
284,416,993.11,307.50,22.41,58.03,1,-1,-1,-1
284,417,706.55,310.88,22.77,59.25,1,-1,-1,-1
284,420,744.50,308.10,23.10,59.40,1,-1,-1,-1
284,421,768.70,304.80,22.70,61.40,1,-1,-1,-1
285,245,1426.03,237.24,237.96,733.76,1,-1,-1,-1
285,280,1682.57,218.92,231.57,781.79,1,-1,-1,-1
285,377,403.33,290.06,61.86,169.45,1,-1,-1,-1
285,383,827.71,299.20,45.32,114.79,1,-1,-1,-1
285,387,511.32,294.45,50.33,119.80,1,-1,-1,-1
285,388,1048.03,290.20,46.72,134.67,1,-1,-1,-1
285,397,877.22,282.93,66.64,178.42,1,-1,-1,-1
285,398,1096.39,294.16,66.23,161.55,1,-1,-1,-1
285,403,579.17,271.38,91.39,216.48,1,-1,-1,-1
285,408,192.72,302.07,47.05,125.15,1,-1,-1,-1
285,411,1173.28,294.76,36.35,122.47,1,-1,-1,-1
285,415,160.60,294.34,33.72,87.45,1,-1,-1,-1
285,416,988.86,307.85,22.50,57.06,1,-1,-1,-1
285,417,700.45,311.90,23.03,59.18,1,-1,-1,-1
285,421,763.25,306.50,22.70,61.67,1,-1,-1,-1
285,422,683.80,313.10,25.00,58.80,1,-1,-1,-1
286,245,1422.54,234.68,237.15,732.68,1,-1,-1,-1
286,280,1675.91,217.21,235.62,782.52,1,-1,-1,-1
286,377,389.78,290.19,61.70,169.14,1,-1,-1,-1
286,383,821.35,297.29,46.07,115.64,1,-1,-1,-1
286,387,506.94,293.57,50.29,119.47,1,-1,-1,-1
286,388,1043.43,288.56,46.71,135.63,1,-1,-1,-1
286,397,871.21,281.10,67.16,178.28,1,-1,-1,-1
286,398,1093.92,291.92,66.28,161.76,1,-1,-1,-1
286,403,571.02,271.33,92.42,216.13,1,-1,-1,-1
286,408,187.55,300.85,45.94,125.00,1,-1,-1,-1
286,411,1170.58,292.89,36.55,121.21,1,-1,-1,-1
286,415,152.28,293.23,33.99,86.57,1,-1,-1,-1
286,421,755.17,304.13,22.56,61.30,1,-1,-1,-1
286,423,942.70,298.70,45.30,121.20,1,-1,-1,-1
286,424,975.40,304.70,29.40,75.30,1,-1,-1,-1
286,425,713.60,308.90,22.20,58.10,1,-1,-1,-1
286,426,678.00,311.30,22.00,54.90,1,-1,-1,-1
287,245,1421.63,233.11,236.91,733.94,1,-1,-1,-1
287,280,1672.05,215.65,238.27,783.51,1,-1,-1,-1
287,377,375.65,291.01,61.37,169.44,1,-1,-1,-1
287,383,814.40,296.59,46.87,116.02,1,-1,-1,-1
287,387,503.10,293.11,49.99,118.63,1,-1,-1,-1
287,388,1039.14,287.65,47.16,136.15,1,-1,-1,-1
287,397,864.52,280.41,67.86,179.33,1,-1,-1,-1
287,398,1091.43,289.94,66.56,161.99,1,-1,-1,-1
287,403,562.40,272.59,93.72,215.73,1,-1,-1,-1
287,408,179.14,302.09,45.55,125.09,1,-1,-1,-1
287,411,1166.97,291.20,36.31,120.62,1,-1,-1,-1
287,415,144.34,295.79,33.51,85.71,1,-1,-1,-1
287,421,749.93,307.00,21.95,61.10,1,-1,-1,-1
287,423,937.57,303.37,50.30,112.56,1,-1,-1,-1
287,424,977.28,304.61,27.04,64.48,1,-1,-1,-1
287,426,676.10,313.18,21.64,56.99,1,-1,-1,-1
287,427,697.10,309.90,21.90,59.80,1,-1,-1,-1
288,245,1422.07,231.39,236.04,735.22,1,-1,-1,-1
288,280,1669.07,213.65,240.55,783.96,1,-1,-1,-1
288,377,364.29,292.51,60.65,168.72,1,-1,-1,-1
288,383,808.17,296.60,47.31,115.78,1,-1,-1,-1
288,387,499.40,291.87,49.96,118.33,1,-1,-1,-1
288,388,1036.58,286.69,47.07,136.24,1,-1,-1,-1
288,397,859.86,278.58,68.24,180.16,1,-1,-1,-1
288,398,1090.84,288.19,66.37,161.97,1,-1,-1,-1
288,403,554.73,273.14,95.03,216.39,1,-1,-1,-1
288,408,172.72,302.24,45.86,125.41,1,-1,-1,-1
288,411,1165.22,288.93,36.16,119.85,1,-1,-1,-1
288,415,136.76,295.74,33.17,84.42,1,-1,-1,-1
288,423,933.58,299.91,47.43,121.11,1,-1,-1,-1
288,424,977.76,303.97,26.73,63.92,1,-1,-1,-1
288,426,677.34,309.86,22.19,57.38,1,-1,-1,-1
288,427,695.60,307.31,21.63,59.53,1,-1,-1,-1
288,428,756.80,303.50,23.00,61.70,1,-1,-1,-1
289,245,1424.32,229.63,234.47,737.36,1,-1,-1,-1
289,280,1670.50,208.26,240.41,783.89,1,-1,-1,-1
289,377,353.89,292.35,59.99,167.72,1,-1,-1,-1
289,383,802.33,295.52,48.06,115.87,1,-1,-1,-1
289,387,496.68,290.94,50.32,118.80,1,-1,-1,-1
289,397,855.48,276.88,68.85,180.64,1,-1,-1,-1
289,398,1090.98,285.26,66.19,161.78,1,-1,-1,-1
289,403,547.14,271.11,95.98,217.24,1,-1,-1,-1
289,408,167.49,299.79,46.09,126.45,1,-1,-1,-1
289,411,1165.35,287.33,36.62,120.09,1,-1,-1,-1
289,415,128.80,295.19,33.18,84.84,1,-1,-1,-1
289,423,935.94,293.01,49.36,124.85,1,-1,-1,-1
289,426,678.05,305.74,22.16,57.45,1,-1,-1,-1
289,427,691.50,303.81,21.42,60.18,1,-1,-1,-1
289,428,759.16,297.75,22.64,63.88,1,-1,-1,-1
289,429,1044.50,276.60,48.10,138.40,1,-1,-1,-1
289,430,641.60,301.70,25.80,70.00,1,-1,-1,-1
289,431,773.30,302.00,27.90,72.50,1,-1,-1,-1
290,245,1427.10,228.01,234.07,736.15,1,-1,-1,-1
290,280,1672.48,207.34,239.95,785.16,1,-1,-1,-1
290,377,344.48,291.47,59.08,167.30,1,-1,-1,-1
290,383,795.92,294.94,48.72,115.74,1,-1,-1,-1
290,387,494.00,290.97,50.51,118.64,1,-1,-1,-1
290,397,852.07,275.20,69.37,181.26,1,-1,-1,-1
290,398,1090.64,283.06,66.08,161.90,1,-1,-1,-1
290,403,541.18,270.53,96.74,216.90,1,-1,-1,-1
290,408,161.60,298.58,46.09,127.35,1,-1,-1,-1
290,411,1163.32,284.82,36.17,119.33,1,-1,-1,-1
290,423,932.23,292.98,48.99,126.66,1,-1,-1,-1
290,424,978.74,298.90,26.49,62.01,1,-1,-1,-1
290,426,681.14,303.11,22.25,57.94,1,-1,-1,-1
290,428,759.13,301.12,23.58,63.32,1,-1,-1,-1
290,429,1041.32,278.01,48.01,138.85,1,-1,-1,-1
290,432,131.40,291.30,32.20,84.00,1,-1,-1,-1
290,433,696.80,304.40,22.60,59.20,1,-1,-1,-1
290,434,663.60,304.60,22.60,57.40,1,-1,-1,-1
291,245,1432.08,227.20,232.40,736.15,1,-1,-1,-1
291,280,1675.96,205.00,238.60,785.92,1,-1,-1,-1
291,377,336.41,288.66,58.35,168.14,1,-1,-1,-1
291,383,790.00,293.12,49.38,116.01,1,-1,-1,-1
291,387,492.41,290.25,50.61,118.29,1,-1,-1,-1
291,397,850.28,273.30,69.54,181.39,1,-1,-1,-1
291,398,1091.54,280.58,65.84,161.75,1,-1,-1,-1
291,403,536.43,268.98,97.68,216.90,1,-1,-1,-1
291,408,157.59,295.80,46.13,127.99,1,-1,-1,-1
291,411,1163.03,281.50,36.03,118.58,1,-1,-1,-1
291,423,930.72,289.10,48.62,127.85,1,-1,-1,-1
291,427,686.33,299.30,21.61,60.36,1,-1,-1,-1
291,428,758.92,299.44,23.45,62.19,1,-1,-1,-1
291,429,1041.64,274.19,48.00,138.21,1,-1,-1,-1
291,432,129.85,289.79,33.02,81.18,1,-1,-1,-1
291,434,658.79,299.62,23.69,59.13,1,-1,-1,-1
291,435,970.60,292.40,27.20,64.30,1,-1,-1,-1
291,436,671.50,302.90,25.40,58.40,1,-1,-1,-1
292,245,1438.80,225.13,231.26,738.83,1,-1,-1,-1
292,280,1680.05,199.74,236.81,787.27,1,-1,-1,-1
292,377,328.89,287.05,58.15,168.60,1,-1,-1,-1
292,383,784.79,291.17,49.79,116.14,1,-1,-1,-1
292,397,847.86,270.10,70.32,181.84,1,-1,-1,-1
292,398,1092.63,277.05,65.98,162.06,1,-1,-1,-1
292,403,530.66,266.54,98.00,218.33,1,-1,-1,-1
292,408,154.09,292.89,46.57,128.76,1,-1,-1,-1
292,411,1163.72,276.60,36.24,118.43,1,-1,-1,-1
292,423,929.81,284.30,48.56,128.84,1,-1,-1,-1
292,427,682.36,294.00,21.99,60.52,1,-1,-1,-1
292,428,759.04,294.84,24.05,62.07,1,-1,-1,-1
292,429,1042.15,267.44,47.25,138.04,1,-1,-1,-1
292,432,127.48,286.26,34.35,83.35,1,-1,-1,-1
292,433,699.94,293.77,25.60,62.20,1,-1,-1,-1
292,435,966.65,288.42,27.47,66.12,1,-1,-1,-1
292,437,143.90,287.90,35.50,107.70,1,-1,-1,-1
292,438,663.60,292.20,24.10,60.70,1,-1,-1,-1
293,245,1444.86,221.35,230.13,736.77,1,-1,-1,-1
293,280,1683.87,195.39,235.06,788.00,1,-1,-1,-1
293,377,321.37,286.59,58.22,168.76,1,-1,-1,-1
293,383,779.60,288.99,50.07,116.26,1,-1,-1,-1
293,397,846.60,266.97,70.66,182.03,1,-1,-1,-1
293,398,1093.29,274.00,66.47,162.25,1,-1,-1,-1
293,403,524.75,263.70,99.23,219.84,1,-1,-1,-1
293,408,151.03,289.98,46.68,129.02,1,-1,-1,-1
293,411,1164.26,272.10,36.33,118.76,1,-1,-1,-1
293,423,928.39,279.84,48.44,129.35,1,-1,-1,-1
293,427,680.06,289.76,22.27,60.52,1,-1,-1,-1
293,428,756.67,290.84,23.93,62.28,1,-1,-1,-1
293,429,1043.09,264.69,46.55,136.82,1,-1,-1,-1
293,432,123.78,280.85,34.96,83.79,1,-1,-1,-1
293,433,699.98,291.94,25.84,61.53,1,-1,-1,-1
293,438,662.59,288.41,23.65,58.06,1,-1,-1,-1
293,439,974.70,285.10,24.80,56.70,1,-1,-1,-1
294,245,1450.98,216.78,229.97,734.68,1,-1,-1,-1
294,280,1686.77,190.01,233.72,789.66,1,-1,-1,-1
294,377,314.31,285.38,58.21,168.98,1,-1,-1,-1
294,383,775.01,286.38,50.38,116.11,1,-1,-1,-1
294,397,845.79,263.29,70.76,182.46,1,-1,-1,-1
294,398,1095.13,271.20,66.68,162.34,1,-1,-1,-1
294,403,519.40,259.51,99.40,220.60,1,-1,-1,-1
294,408,149.20,286.81,46.76,129.30,1,-1,-1,-1
294,411,1165.06,267.60,36.53,118.79,1,-1,-1,-1
294,423,927.70,275.52,48.59,129.79,1,-1,-1,-1
294,427,679.04,286.30,22.38,60.86,1,-1,-1,-1
294,428,758.78,287.44,24.00,63.20,1,-1,-1,-1
294,429,1045.21,262.30,46.25,135.96,1,-1,-1,-1
294,432,120.92,277.92,35.12,84.78,1,-1,-1,-1
294,439,973.99,278.89,24.53,59.61,1,-1,-1,-1
294,440,357.50,260.00,67.50,191.70,1,-1,-1,-1
295,245,1458.33,209.99,229.74,735.53,1,-1,-1,-1
295,280,1689.15,184.54,232.58,788.89,1,-1,-1,-1
295,377,308.51,284.69,58.09,168.40,1,-1,-1,-1
295,383,771.41,283.97,50.41,116.69,1,-1,-1,-1
295,397,845.26,259.84,70.95,183.20,1,-1,-1,-1
295,398,1096.77,268.59,66.57,162.13,1,-1,-1,-1
295,403,515.60,255.34,99.36,221.98,1,-1,-1,-1
295,408,147.61,284.27,46.86,129.43,1,-1,-1,-1
295,411,1166.16,263.75,36.68,118.62,1,-1,-1,-1
295,423,927.18,271.76,48.55,130.08,1,-1,-1,-1
295,427,678.91,283.81,22.61,61.25,1,-1,-1,-1
295,428,759.91,285.51,23.98,64.01,1,-1,-1,-1
295,429,1047.23,260.75,45.90,135.57,1,-1,-1,-1
295,432,118.15,275.94,35.18,85.74,1,-1,-1,-1
295,439,978.63,276.88,25.23,58.74,1,-1,-1,-1
295,440,355.74,258.79,70.14,191.34,1,-1,-1,-1
296,245,1465.13,201.36,228.69,735.93,1,-1,-1,-1
296,280,1693.21,179.04,230.38,790.39,1,-1,-1,-1
296,377,303.04,284.59,57.84,167.40,1,-1,-1,-1
296,383,767.77,281.16,50.40,116.57,1,-1,-1,-1
296,397,844.27,256.93,71.48,184.30,1,-1,-1,-1
296,398,1098.19,266.46,66.63,161.95,1,-1,-1,-1
296,408,145.81,282.16,47.05,129.54,1,-1,-1,-1
296,411,1166.73,260.88,36.83,118.62,1,-1,-1,-1
296,423,926.53,269.18,48.65,130.59,1,-1,-1,-1
296,429,1048.74,259.97,45.34,134.73,1,-1,-1,-1
296,432,115.03,274.57,35.36,86.32,1,-1,-1,-1
296,439,977.89,275.80,25.62,59.55,1,-1,-1,-1
296,440,351.36,258.69,71.22,190.70,1,-1,-1,-1
296,441,683.10,283.40,24.30,63.70,1,-1,-1,-1
297,245,1472.65,196.67,228.79,735.44,1,-1,-1,-1
297,280,1694.54,173.77,229.61,792.26,1,-1,-1,-1
297,377,298.12,283.28,57.60,166.77,1,-1,-1,-1
297,383,764.62,278.51,50.44,116.56,1,-1,-1,-1
297,397,843.38,254.07,71.50,184.87,1,-1,-1,-1
297,398,1100.09,263.98,66.81,161.37,1,-1,-1,-1
297,408,144.74,279.39,47.51,129.93,1,-1,-1,-1
297,411,1168.35,258.30,36.81,118.27,1,-1,-1,-1
297,423,926.94,266.46,48.83,131.06,1,-1,-1,-1
297,429,1050.93,258.04,44.64,134.48,1,-1,-1,-1
297,432,113.06,271.52,35.70,87.23,1,-1,-1,-1
297,440,348.97,256.22,70.79,190.50,1,-1,-1,-1
297,441,685.64,281.19,23.57,60.79,1,-1,-1,-1
297,442,967.30,270.20,31.50,77.40,1,-1,-1,-1
298,245,1479.11,192.73,228.35,735.25,1,-1,-1,-1
298,280,1695.00,171.93,229.28,793.60,1,-1,-1,-1
298,377,293.77,281.98,57.54,166.31,1,-1,-1,-1
298,383,761.59,276.06,50.41,116.36,1,-1,-1,-1
298,397,842.21,251.34,71.59,185.85,1,-1,-1,-1
298,398,1101.79,261.98,66.96,160.82,1,-1,-1,-1
298,408,143.45,277.02,47.92,130.53,1,-1,-1,-1
298,411,1169.76,256.30,36.79,117.87,1,-1,-1,-1
298,423,927.36,264.32,49.08,131.54,1,-1,-1,-1
298,429,1052.07,256.30,44.02,134.59,1,-1,-1,-1
298,432,111.17,268.86,35.92,88.22,1,-1,-1,-1
298,439,979.37,275.34,27.21,62.71,1,-1,-1,-1
298,440,346.01,254.88,70.94,191.18,1,-1,-1,-1
298,441,684.32,280.75,23.49,60.75,1,-1,-1,-1
298,443,699.90,278.60,22.30,60.50,1,-1,-1,-1
298,444,1021.70,273.60,23.20,54.00,1,-1,-1,-1
298,445,725.80,278.40,46.00,70.20,1,-1,-1,-1
299,245,1484.34,189.91,228.94,736.37,1,-1,-1,-1
299,280,1693.70,170.05,229.91,792.82,1,-1,-1,-1
299,377,289.48,280.65,57.93,166.38,1,-1,-1,-1
299,383,758.40,273.83,50.50,116.72,1,-1,-1,-1
299,397,840.92,249.14,71.68,186.91,1,-1,-1,-1
299,398,1103.40,260.91,67.10,160.19,1,-1,-1,-1
299,408,142.10,275.17,48.29,131.27,1,-1,-1,-1
299,411,1170.98,255.25,36.79,117.81,1,-1,-1,-1
299,423,927.71,263.13,49.59,131.87,1,-1,-1,-1
299,429,1052.33,255.92,43.62,135.11,1,-1,-1,-1
299,432,108.95,267.99,35.90,89.02,1,-1,-1,-1
299,439,979.00,276.31,28.16,64.76,1,-1,-1,-1
299,440,342.31,254.52,71.56,191.02,1,-1,-1,-1
299,441,679.64,282.02,23.79,61.39,1,-1,-1,-1
299,443,705.35,281.76,22.39,60.23,1,-1,-1,-1
299,445,725.14,280.34,44.55,71.56,1,-1,-1,-1
300,245,1487.37,187.80,230.34,737.90,1,-1,-1,-1
300,280,1695.81,167.45,228.59,789.93,1,-1,-1,-1
300,377,285.23,278.42,58.02,166.59,1,-1,-1,-1
300,383,755.97,271.70,50.66,117.22,1,-1,-1,-1
300,397,839.56,246.98,71.76,187.98,1,-1,-1,-1
300,398,1105.09,259.54,67.14,159.38,1,-1,-1,-1
300,408,140.85,273.14,48.79,131.55,1,-1,-1,-1
300,411,1172.23,254.46,36.85,117.77,1,-1,-1,-1
300,423,927.77,261.83,50.00,131.99,1,-1,-1,-1
300,429,1052.02,255.32,43.62,135.63,1,-1,-1,-1
300,432,104.74,266.89,36.14,89.96,1,-1,-1,-1
300,439,978.26,275.13,28.59,65.51,1,-1,-1,-1
300,440,337.16,252.05,71.51,191.27,1,-1,-1,-1
300,441,677.92,281.60,23.77,61.77,1,-1,-1,-1
300,443,707.83,279.02,22.06,60.21,1,-1,-1,-1
300,445,722.04,278.88,47.11,71.72,1,-1,-1,-1
300,446,694.40,280.50,22.90,60.60,1,-1,-1,-1
301,245,1490.22,186.62,231.55,739.56,1,-1,-1,-1
301,280,1698.15,167.23,227.08,790.32,1,-1,-1,-1
301,377,281.18,276.67,57.88,167.20,1,-1,-1,-1
301,383,753.13,269.94,50.35,117.36,1,-1,-1,-1
301,397,837.74,245.84,71.59,189.41,1,-1,-1,-1
301,398,1106.56,259.05,67.22,159.05,1,-1,-1,-1
301,408,138.38,271.24,49.12,132.21,1,-1,-1,-1
301,411,1172.72,254.15,36.89,117.84,1,-1,-1,-1
301,423,927.90,261.56,50.46,132.26,1,-1,-1,-1
301,429,1050.86,256.31,43.91,136.03,1,-1,-1,-1
301,432,100.39,267.10,36.28,89.82,1,-1,-1,-1
301,439,976.97,273.49,28.56,65.79,1,-1,-1,-1
301,440,333.47,250.94,71.51,192.05,1,-1,-1,-1
301,441,677.01,281.82,23.75,62.05,1,-1,-1,-1
301,443,705.91,280.16,22.30,60.37,1,-1,-1,-1
301,446,691.63,281.20,22.99,60.69,1,-1,-1,-1
302,245,1491.79,188.02,233.24,741.28,1,-1,-1,-1
302,280,1701.98,168.57,224.64,789.63,1,-1,-1,-1
302,377,277.35,275.47,57.57,167.93,1,-1,-1,-1
302,383,750.10,269.34,50.04,117.36,1,-1,-1,-1
302,397,834.92,244.37,72.00,191.58,1,-1,-1,-1
302,398,1107.87,258.51,67.04,159.08,1,-1,-1,-1
302,408,134.65,269.61,49.33,132.52,1,-1,-1,-1
302,411,1173.03,254.33,36.76,117.98,1,-1,-1,-1
302,423,927.26,261.95,50.74,132.65,1,-1,-1,-1
302,429,1050.23,257.10,44.00,135.85,1,-1,-1,-1
302,432,96.01,265.69,36.29,90.21,1,-1,-1,-1
302,439,977.02,274.03,28.49,65.13,1,-1,-1,-1
302,440,328.35,249.83,72.35,193.92,1,-1,-1,-1
302,441,675.68,282.06,23.62,61.75,1,-1,-1,-1
302,443,704.10,280.71,22.35,60.73,1,-1,-1,-1
302,447,724.10,282.70,24.80,67.90,1,-1,-1,-1
303,245,1492.74,190.30,234.70,741.41,1,-1,-1,-1
303,280,1706.22,172.61,221.88,790.02,1,-1,-1,-1
303,377,272.11,273.26,57.92,168.87,1,-1,-1,-1
303,383,745.77,268.37,49.34,118.17,1,-1,-1,-1
303,397,831.53,244.47,72.15,192.77,1,-1,-1,-1
303,398,1108.97,258.46,66.74,158.98,1,-1,-1,-1
303,408,129.88,266.31,49.58,133.44,1,-1,-1,-1
303,411,1172.60,254.58,36.64,118.35,1,-1,-1,-1
303,423,927.21,262.01,50.86,132.75,1,-1,-1,-1
303,429,1048.61,257.41,44.21,135.96,1,-1,-1,-1
303,432,91.05,264.05,36.13,91.03,1,-1,-1,-1
303,439,977.32,273.98,28.33,64.30,1,-1,-1,-1
303,440,322.09,249.28,72.81,195.31,1,-1,-1,-1
303,441,673.97,282.55,23.74,61.89,1,-1,-1,-1
304,245,1492.07,194.10,236.67,741.18,1,-1,-1,-1
304,280,1709.45,175.38,219.59,790.20,1,-1,-1,-1
304,377,267.24,272.82,57.61,169.48,1,-1,-1,-1
304,383,741.11,268.21,48.96,118.27,1,-1,-1,-1
304,397,828.44,245.46,72.22,193.19,1,-1,-1,-1
304,398,1109.56,258.95,66.69,159.04,1,-1,-1,-1
304,408,125.37,265.44,49.72,133.84,1,-1,-1,-1
304,411,1172.05,255.21,36.59,118.60,1,-1,-1,-1
304,423,926.69,262.52,50.79,132.72,1,-1,-1,-1
304,429,1047.36,258.45,44.24,135.48,1,-1,-1,-1
304,432,85.90,262.10,36.23,91.75,1,-1,-1,-1
304,439,975.54,274.22,27.95,63.42,1,-1,-1,-1
304,440,316.31,249.11,72.66,196.02,1,-1,-1,-1
304,441,672.17,282.83,23.79,61.89,1,-1,-1,-1
304,448,705.30,279.10,42.50,73.50,1,-1,-1,-1
305,245,1491.34,198.43,236.98,742.04,1,-1,-1,-1
305,280,1712.47,178.30,217.34,790.88,1,-1,-1,-1
305,377,261.80,272.73,57.45,169.83,1,-1,-1,-1
305,383,735.26,268.04,48.77,118.40,1,-1,-1,-1
305,397,824.73,246.15,72.27,193.72,1,-1,-1,-1
305,398,1109.85,259.69,66.72,159.32,1,-1,-1,-1
305,408,121.56,264.46,49.86,133.90,1,-1,-1,-1
305,411,1171.16,256.09,36.67,119.11,1,-1,-1,-1
305,423,925.81,263.14,50.40,132.56,1,-1,-1,-1
305,429,1045.90,258.84,44.25,135.31,1,-1,-1,-1
305,432,81.07,261.40,36.24,92.12,1,-1,-1,-1
305,439,976.81,274.09,27.48,62.24,1,-1,-1,-1
305,440,309.96,249.38,72.71,197.09,1,-1,-1,-1
305,441,670.05,282.23,23.58,62.18,1,-1,-1,-1
305,449,964.70,276.10,28.50,71.90,1,-1,-1,-1
306,245,1489.20,201.66,237.24,743.41,1,-1,-1,-1
306,280,1715.46,181.82,215.03,792.89,1,-1,-1,-1
306,377,256.26,273.39,57.55,170.60,1,-1,-1,-1
306,397,821.22,246.84,72.48,194.26,1,-1,-1,-1
306,398,1109.45,260.26,66.84,159.82,1,-1,-1,-1
306,408,117.19,263.08,50.12,134.58,1,-1,-1,-1
306,411,1170.18,256.80,36.66,119.28,1,-1,-1,-1
306,423,924.21,263.59,50.12,132.58,1,-1,-1,-1
306,429,1044.10,259.29,44.44,135.31,1,-1,-1,-1
306,432,75.65,260.66,36.23,92.26,1,-1,-1,-1
306,439,978.25,273.68,27.11,61.30,1,-1,-1,-1
306,440,303.32,248.63,73.33,199.19,1,-1,-1,-1
306,441,667.71,281.69,23.62,62.27,1,-1,-1,-1
306,450,750.20,274.90,34.90,111.70,1,-1,-1,-1
306,451,722.00,271.20,45.50,122.00,1,-1,-1,-1
306,452,681.80,278.10,25.60,65.80,1,-1,-1,-1
307,245,1487.78,203.62,236.75,743.98,1,-1,-1,-1
307,280,1717.90,184.88,212.96,794.07,1,-1,-1,-1
307,377,248.28,272.49,57.51,171.53,1,-1,-1,-1
307,397,815.94,246.83,73.08,195.04,1,-1,-1,-1
307,398,1107.44,260.64,66.90,159.84,1,-1,-1,-1
307,408,110.24,261.10,50.39,135.01,1,-1,-1,-1
307,411,1168.14,257.21,36.47,119.21,1,-1,-1,-1
307,423,921.20,263.34,49.98,132.74,1,-1,-1,-1
307,429,1041.40,259.10,44.71,135.61,1,-1,-1,-1
307,439,978.48,272.97,26.71,60.54,1,-1,-1,-1
307,440,294.08,246.81,73.71,200.32,1,-1,-1,-1
307,450,741.38,270.58,39.26,116.97,1,-1,-1,-1
307,453,58.00,254.00,36.70,95.70,1,-1,-1,-1
307,454,648.70,278.20,24.30,62.60,1,-1,-1,-1
307,455,711.90,268.80,39.90,115.60,1,-1,-1,-1
308,245,1485.87,206.27,235.88,744.15,1,-1,-1,-1
308,280,1719.82,186.28,211.15,794.30,1,-1,-1,-1
308,377,240.33,272.81,57.52,172.20,1,-1,-1,-1
308,397,810.91,247.45,73.23,195.75,1,-1,-1,-1
308,398,1105.31,261.26,66.90,159.52,1,-1,-1,-1
308,408,103.50,259.57,50.65,135.30,1,-1,-1,-1
308,423,918.08,262.71,49.67,133.04,1,-1,-1,-1
308,429,1038.93,259.45,44.66,135.82,1,-1,-1,-1
308,439,977.70,272.61,26.46,59.77,1,-1,-1,-1
308,440,284.43,246.34,73.93,201.27,1,-1,-1,-1
308,450,736.37,269.93,42.73,119.14,1,-1,-1,-1
308,454,646.94,277.46,24.75,63.78,1,-1,-1,-1
308,455,708.10,269.65,36.99,107.96,1,-1,-1,-1
308,456,1160.20,260.70,31.40,121.70,1,-1,-1,-1
308,457,46.70,257.40,36.90,92.60,1,-1,-1,-1
309,245,1484.18,205.79,235.46,744.49,1,-1,-1,-1
309,280,1721.60,187.45,209.38,794.89,1,-1,-1,-1
309,377,232.40,273.03,57.46,172.87,1,-1,-1,-1
309,397,805.75,248.22,73.23,196.42,1,-1,-1,-1
309,398,1103.06,262.58,66.80,159.08,1,-1,-1,-1
309,408,97.32,258.85,50.57,135.74,1,-1,-1,-1
309,423,914.92,262.84,49.27,132.84,1,-1,-1,-1
309,429,1036.64,260.89,44.61,135.55,1,-1,-1,-1
309,439,977.77,272.68,26.01,58.81,1,-1,-1,-1
309,440,275.43,245.82,74.11,202.52,1,-1,-1,-1
309,450,731.41,270.95,43.38,118.90,1,-1,-1,-1
309,454,642.62,280.01,24.35,64.22,1,-1,-1,-1
309,455,706.15,270.08,37.52,108.41,1,-1,-1,-1
309,456,1156.31,262.84,33.13,120.79,1,-1,-1,-1
309,457,41.43,257.46,36.54,96.15,1,-1,-1,-1
309,458,847.00,254.30,51.90,161.30,1,-1,-1,-1
310,245,1483.42,205.10,235.07,745.03,1,-1,-1,-1
310,280,1724.65,189.74,206.85,798.70,1,-1,-1,-1
310,377,223.79,272.38,57.43,174.43,1,-1,-1,-1
310,397,801.20,249.75,72.91,196.88,1,-1,-1,-1
310,398,1101.08,264.04,66.80,158.64,1,-1,-1,-1
310,408,91.13,258.88,50.85,136.36,1,-1,-1,-1
310,423,911.71,263.66,49.02,132.68,1,-1,-1,-1
310,429,1034.15,262.48,44.63,135.31,1,-1,-1,-1
310,439,979.07,273.09,25.48,58.03,1,-1,-1,-1
310,440,265.98,245.40,74.66,203.19,1,-1,-1,-1
310,450,726.20,273.72,43.81,119.43,1,-1,-1,-1
310,454,640.75,281.22,24.13,63.92,1,-1,-1,-1
310,455,699.35,272.48,37.81,108.24,1,-1,-1,-1
310,456,1153.41,264.74,34.12,122.71,1,-1,-1,-1
310,457,35.77,258.30,36.57,96.60,1,-1,-1,-1
310,458,846.06,259.38,50.90,159.66,1,-1,-1,-1
310,459,944.80,275.30,30.40,72.80,1,-1,-1,-1
311,245,1482.73,205.42,235.20,743.74,1,-1,-1,-1
311,280,1725.28,191.00,205.66,798.18,1,-1,-1,-1
311,377,215.42,272.05,57.46,175.42,1,-1,-1,-1
311,397,796.34,250.62,72.75,197.27,1,-1,-1,-1
311,398,1099.54,265.70,66.61,158.21,1,-1,-1,-1
311,408,85.85,259.66,50.93,136.82,1,-1,-1,-1
311,423,908.62,265.12,49.00,132.75,1,-1,-1,-1
311,429,1031.97,264.32,44.80,135.11,1,-1,-1,-1
311,439,980.14,274.25,25.01,57.62,1,-1,-1,-1
311,440,256.82,246.05,74.46,203.97,1,-1,-1,-1
311,450,717.84,275.46,45.39,120.32,1,-1,-1,-1
311,454,639.56,283.04,24.02,63.79,1,-1,-1,-1
311,456,1151.67,265.32,34.51,122.25,1,-1,-1,-1
311,457,28.72,261.30,36.71,97.36,1,-1,-1,-1
311,458,840.70,260.64,53.63,159.92,1,-1,-1,-1
311,459,939.65,276.43,30.49,78.07,1,-1,-1,-1
311,460,688.20,283.50,30.80,83.90,1,-1,-1,-1
312,245,1483.04,206.70,233.85,746.10,1,-1,-1,-1
312,280,1725.89,193.65,204.50,800.05,1,-1,-1,-1
312,377,206.59,272.86,57.67,177.30,1,-1,-1,-1
312,397,790.83,251.87,73.07,198.19,1,-1,-1,-1
312,398,1098.91,267.81,66.28,158.23,1,-1,-1,-1
312,408,81.29,262.13,51.03,137.28,1,-1,-1,-1
312,423,906.54,267.17,48.97,132.92,1,-1,-1,-1
312,429,1028.83,266.05,45.28,135.72,1,-1,-1,-1
312,440,246.19,247.20,74.39,205.49,1,-1,-1,-1
312,450,709.33,277.69,46.07,120.87,1,-1,-1,-1
312,454,636.38,285.20,23.83,64.33,1,-1,-1,-1
312,456,1151.34,266.65,34.83,121.55,1,-1,-1,-1
312,457,22.09,266.53,36.43,97.90,1,-1,-1,-1
312,458,841.58,261.50,54.44,157.65,1,-1,-1,-1
313,245,1484.92,209.31,231.05,748.20,1,-1,-1,-1
313,280,1725.96,196.94,203.65,798.66,1,-1,-1,-1
313,377,198.52,273.37,57.24,179.31,1,-1,-1,-1
313,397,786.23,253.01,73.54,199.32,1,-1,-1,-1
313,398,1098.20,269.53,66.30,158.67,1,-1,-1,-1
313,408,78.22,264.15,51.33,137.42,1,-1,-1,-1
313,423,905.62,268.85,48.81,132.54,1,-1,-1,-1
313,429,1025.20,267.23,45.81,137.06,1,-1,-1,-1
313,440,235.26,248.87,75.10,206.87,1,-1,-1,-1
313,450,698.85,278.88,46.32,121.78,1,-1,-1,-1
313,454,634.13,286.88,23.79,65.19,1,-1,-1,-1
313,456,1152.17,268.16,35.16,123.39,1,-1,-1,-1
313,457,18.17,270.96,35.72,97.25,1,-1,-1,-1
313,458,841.32,261.50,55.49,156.93,1,-1,-1,-1
313,461,653.50,286.90,24.90,66.80,1,-1,-1,-1
314,245,1488.03,212.88,229.97,751.94,1,-1,-1,-1
314,280,1727.80,199.84,201.83,799.64,1,-1,-1,-1
314,377,188.80,273.68,57.74,180.34,1,-1,-1,-1
314,397,781.49,255.95,73.30,199.06,1,-1,-1,-1
314,398,1097.48,271.16,66.24,159.16,1,-1,-1,-1
314,408,75.34,267.47,51.53,138.12,1,-1,-1,-1
314,423,903.90,270.83,48.73,132.47,1,-1,-1,-1
314,429,1021.93,267.91,46.42,137.97,1,-1,-1,-1
314,440,227.06,250.99,75.16,208.28,1,-1,-1,-1
314,450,696.81,281.20,46.14,122.13,1,-1,-1,-1
314,454,634.37,289.83,23.71,64.25,1,-1,-1,-1
314,456,1152.06,272.45,36.71,123.75,1,-1,-1,-1
314,457,17.13,274.15,35.91,97.73,1,-1,-1,-1
314,458,842.74,263.66,55.76,156.30,1,-1,-1,-1
314,459,932.37,283.12,31.32,80.51,1,-1,-1,-1
314,462,490.50,276.50,51.20,113.60,1,-1,-1,-1
315,245,1491.67,216.96,230.49,751.92,1,-1,-1,-1
315,280,1729.36,201.03,200.16,794.90,1,-1,-1,-1
315,397,777.62,257.76,73.59,199.81,1,-1,-1,-1
315,398,1097.26,273.66,66.24,159.64,1,-1,-1,-1
315,408,73.02,270.22,52.38,138.48,1,-1,-1,-1
315,423,903.07,274.09,48.75,132.56,1,-1,-1,-1
315,429,1020.12,270.20,47.01,139.16,1,-1,-1,-1
315,440,219.84,254.60,75.10,209.21,1,-1,-1,-1
315,450,692.58,283.98,45.89,121.81,1,-1,-1,-1
315,454,634.54,292.57,23.65,63.88,1,-1,-1,-1
315,456,1153.40,274.10,36.36,123.06,1,-1,-1,-1
315,457,15.51,278.37,35.84,97.52,1,-1,-1,-1
315,458,842.37,267.51,55.88,155.53,1,-1,-1,-1
315,462,494.56,280.92,48.93,110.51,1,-1,-1,-1
316,245,1497.16,221.13,229.45,754.95,1,-1,-1,-1
316,280,1734.13,200.89,196.66,790.98,1,-1,-1,-1
316,397,775.03,258.74,73.90,201.08,1,-1,-1,-1
316,398,1098.24,275.82,66.40,160.07,1,-1,-1,-1
316,423,903.96,276.42,48.57,132.52,1,-1,-1,-1
316,429,1019.48,271.28,47.52,140.47,1,-1,-1,-1
316,440,214.32,257.80,75.67,210.53,1,-1,-1,-1
316,450,689.53,285.36,45.69,121.89,1,-1,-1,-1
316,456,1157.82,274.40,36.26,122.56,1,-1,-1,-1
316,458,842.72,268.29,56.23,155.67,1,-1,-1,-1
316,462,497.04,282.00,48.58,113.04,1,-1,-1,-1
316,463,983.90,291.10,21.80,53.20,1,-1,-1,-1
316,464,82.80,282.10,55.20,138.50,1,-1,-1,-1
316,465,22.00,273.20,36.10,103.20,1,-1,-1,-1
316,466,647.50,293.60,22.40,63.90,1,-1,-1,-1
317,245,1505.67,225.68,228.62,755.16,1,-1,-1,-1
317,397,773.13,260.14,74.18,202.51,1,-1,-1,-1
317,398,1100.26,277.80,66.90,160.16,1,-1,-1,-1
317,423,904.35,278.69,48.68,132.71,1,-1,-1,-1
317,429,1020.65,272.00,48.03,141.40,1,-1,-1,-1
317,440,209.22,261.58,76.30,211.95,1,-1,-1,-1
317,454,634.29,296.09,23.59,63.66,1,-1,-1,-1
317,456,1162.04,275.95,36.45,122.27,1,-1,-1,-1
317,458,842.69,269.86,56.59,155.76,1,-1,-1,-1
317,462,501.34,283.81,48.85,112.67,1,-1,-1,-1
317,463,980.29,289.33,23.07,55.75,1,-1,-1,-1
317,464,82.21,281.52,55.29,143.23,1,-1,-1,-1
317,465,24.88,279.83,34.10,100.75,1,-1,-1,-1
317,466,651.15,295.64,21.95,63.08,1,-1,-1,-1
317,467,719.80,292.10,26.20,63.50,1,-1,-1,-1
317,468,670.70,295.50,23.90,62.70,1,-1,-1,-1
317,469,993.20,290.20,23.00,56.10,1,-1,-1,-1
317,470,688.50,297.30,25.80,66.10,1,-1,-1,-1
318,245,1514.62,229.46,228.80,756.33,1,-1,-1,-1
318,397,772.00,261.64,74.45,203.87,1,-1,-1,-1
318,398,1103.83,279.06,67.06,160.22,1,-1,-1,-1
318,423,906.03,280.13,48.83,133.20,1,-1,-1,-1
318,429,1022.53,272.23,48.60,142.14,1,-1,-1,-1
318,440,204.47,264.01,77.26,213.20,1,-1,-1,-1
318,454,631.97,295.86,23.59,63.24,1,-1,-1,-1
318,458,843.19,269.77,56.87,156.00,1,-1,-1,-1
318,462,506.02,282.82,49.54,112.85,1,-1,-1,-1
318,463,978.75,287.67,23.76,56.49,1,-1,-1,-1
318,464,83.38,281.75,56.11,144.51,1,-1,-1,-1
318,465,26.82,282.62,34.77,98.47,1,-1,-1,-1
318,466,657.99,295.21,22.31,61.61,1,-1,-1,-1
318,467,722.96,289.44,25.93,61.68,1,-1,-1,-1
318,468,672.34,295.69,22.81,62.43,1,-1,-1,-1
318,471,710.40,295.40,24.70,60.70,1,-1,-1,-1
318,472,1174.40,272.60,36.40,119.00,1,-1,-1,-1
319,245,1523.67,231.18,228.98,757.01,1,-1,-1,-1
319,397,771.26,263.30,74.88,204.34,1,-1,-1,-1
319,398,1108.13,279.81,67.33,160.06,1,-1,-1,-1
319,423,907.98,281.19,48.96,133.70,1,-1,-1,-1
319,440,201.29,265.67,78.07,215.08,1,-1,-1,-1
319,454,631.07,295.84,23.63,63.30,1,-1,-1,-1
319,458,843.29,269.52,56.91,155.88,1,-1,-1,-1
319,462,509.59,283.52,49.47,113.34,1,-1,-1,-1
319,463,981.13,286.16,23.31,56.46,1,-1,-1,-1
319,464,82.51,282.13,57.19,146.05,1,-1,-1,-1
319,465,29.74,283.26,34.91,97.33,1,-1,-1,-1
319,466,660.91,293.31,22.76,61.64,1,-1,-1,-1
319,467,730.25,288.52,25.15,61.69,1,-1,-1,-1
319,468,677.00,293.79,23.19,62.89,1,-1,-1,-1
319,471,716.21,293.41,26.15,60.61,1,-1,-1,-1
319,472,1179.65,268.75,36.40,123.64,1,-1,-1,-1
319,473,1037.60,267.50,53.20,146.80,1,-1,-1,-1
320,245,1533.20,232.79,228.22,756.00,1,-1,-1,-1
320,397,770.44,263.89,75.56,204.65,1,-1,-1,-1
320,398,1112.67,279.49,67.47,160.01,1,-1,-1,-1
320,423,910.25,281.74,49.08,133.83,1,-1,-1,-1
320,440,197.62,266.38,78.87,217.29,1,-1,-1,-1
320,458,843.79,268.64,56.85,155.37,1,-1,-1,-1
320,462,512.81,283.11,49.66,113.42,1,-1,-1,-1
320,463,982.79,285.51,23.23,55.69,1,-1,-1,-1
320,464,81.83,282.51,58.10,146.19,1,-1,-1,-1
320,465,30.26,283.80,34.96,96.03,1,-1,-1,-1
320,467,741.74,285.45,23.88,61.00,1,-1,-1,-1
320,468,677.37,292.82,23.26,62.93,1,-1,-1,-1
320,471,718.92,288.94,25.89,61.28,1,-1,-1,-1
320,472,1182.43,267.94,36.54,123.62,1,-1,-1,-1
320,473,1039.83,265.23,52.11,147.07,1,-1,-1,-1
320,474,656.50,293.40,23.00,61.50,1,-1,-1,-1
321,245,1542.87,231.53,227.10,756.84,1,-1,-1,-1
321,397,769.52,263.81,76.67,204.92,1,-1,-1,-1
321,398,1116.98,278.51,67.53,159.65,1,-1,-1,-1
321,423,912.05,281.67,49.17,133.99,1,-1,-1,-1
321,440,194.60,266.58,79.54,219.06,1,-1,-1,-1
321,458,844.66,267.47,56.91,155.11,1,-1,-1,-1
321,462,515.16,282.26,49.76,113.36,1,-1,-1,-1
321,464,82.23,283.68,58.44,146.46,1,-1,-1,-1
321,465,31.31,283.43,35.22,95.38,1,-1,-1,-1
321,468,679.10,291.44,23.12,62.87,1,-1,-1,-1
321,471,723.35,287.51,25.43,61.51,1,-1,-1,-1
321,472,1186.85,266.52,36.07,123.38,1,-1,-1,-1
321,473,1044.25,264.58,51.87,146.85,1,-1,-1,-1
321,474,658.07,291.68,22.55,60.68,1,-1,-1,-1
321,475,173.20,285.40,62.50,199.40,1,-1,-1,-1
321,476,991.10,281.00,24.10,54.80,1,-1,-1,-1
321,477,746.00,286.10,20.40,61.00,1,-1,-1,-1
322,245,1552.30,228.86,226.20,755.83,1,-1,-1,-1
322,397,768.76,262.58,77.75,205.62,1,-1,-1,-1
322,398,1121.85,276.77,67.40,159.06,1,-1,-1,-1
322,423,914.31,280.28,49.49,134.16,1,-1,-1,-1
322,440,192.51,265.55,79.92,220.29,1,-1,-1,-1
322,458,846.39,265.53,56.89,154.68,1,-1,-1,-1
322,462,519.19,280.99,49.92,113.83,1,-1,-1,-1
322,464,83.73,283.97,57.82,145.93,1,-1,-1,-1
322,465,32.74,281.99,35.27,95.78,1,-1,-1,-1
322,467,758.60,283.87,23.97,62.79,1,-1,-1,-1
322,472,1193.86,264.51,36.89,123.99,1,-1,-1,-1
322,473,1052.08,263.40,50.07,146.11,1,-1,-1,-1
322,474,662.27,288.20,22.95,62.22,1,-1,-1,-1
322,475,166.49,282.70,71.86,207.76,1,-1,-1,-1
322,476,991.77,279.62,23.65,55.07,1,-1,-1,-1
322,478,972.70,281.80,29.50,63.50,1,-1,-1,-1
322,479,718.80,282.70,22.20,59.50,1,-1,-1,-1
323,245,1561.78,226.26,225.54,756.79,1,-1,-1,-1
323,397,767.52,261.20,78.81,206.45,1,-1,-1,-1
323,398,1126.43,274.87,67.41,158.74,1,-1,-1,-1
323,423,916.61,278.98,49.85,134.42,1,-1,-1,-1
323,440,189.75,264.44,80.41,221.86,1,-1,-1,-1
323,458,848.01,264.27,57.01,154.74,1,-1,-1,-1
323,462,522.22,280.28,49.97,114.20,1,-1,-1,-1
323,464,84.95,283.67,57.37,145.78,1,-1,-1,-1
323,465,32.97,282.52,35.43,96.21,1,-1,-1,-1
323,472,1197.83,262.81,37.24,124.39,1,-1,-1,-1
323,473,1056.62,262.65,49.37,145.70,1,-1,-1,-1
323,474,662.33,287.63,23.10,62.05,1,-1,-1,-1
323,475,161.71,283.18,72.03,208.98,1,-1,-1,-1
323,476,993.12,279.98,23.62,54.46,1,-1,-1,-1
323,479,720.84,283.14,21.38,58.23,1,-1,-1,-1
323,480,758.20,283.70,24.70,67.90,1,-1,-1,-1
324,245,1571.22,221.64,225.53,762.21,1,-1,-1,-1
324,397,766.93,260.05,79.47,207.93,1,-1,-1,-1
324,398,1131.13,272.60,67.41,158.69,1,-1,-1,-1
324,423,918.97,277.25,50.11,134.43,1,-1,-1,-1
324,440,187.38,262.62,80.91,222.94,1,-1,-1,-1
324,458,849.47,262.94,57.36,155.36,1,-1,-1,-1
324,462,525.48,279.23,49.95,114.46,1,-1,-1,-1
324,464,85.68,282.72,57.74,145.97,1,-1,-1,-1
324,465,33.49,281.97,35.54,96.57,1,-1,-1,-1
324,472,1201.73,260.17,37.63,124.37,1,-1,-1,-1
324,473,1059.63,260.51,49.25,146.10,1,-1,-1,-1
324,474,664.37,286.22,22.92,62.27,1,-1,-1,-1
324,475,157.64,282.90,72.35,208.13,1,-1,-1,-1
324,480,755.40,283.01,24.06,65.81,1,-1,-1,-1
324,481,1002.30,277.70,22.90,52.40,1,-1,-1,-1
324,482,983.20,280.80,26.40,54.30,1,-1,-1,-1
324,483,711.10,282.70,20.90,59.20,1,-1,-1,-1
325,245,1580.34,218.80,226.16,763.30,1,-1,-1,-1
325,397,766.99,258.20,79.87,208.88,1,-1,-1,-1
325,398,1136.00,270.49,67.30,158.72,1,-1,-1,-1
325,423,921.59,275.44,50.32,134.30,1,-1,-1,-1
325,440,185.84,261.07,81.30,224.74,1,-1,-1,-1
325,458,851.25,261.70,57.56,155.89,1,-1,-1,-1
325,462,529.26,277.73,49.89,115.03,1,-1,-1,-1
325,464,86.60,281.97,58.05,145.99,1,-1,-1,-1
325,465,34.58,281.70,35.51,96.62,1,-1,-1,-1
325,472,1206.27,258.19,37.59,124.11,1,-1,-1,-1
325,473,1062.61,258.22,49.65,147.08,1,-1,-1,-1
325,474,665.63,284.51,22.73,63.04,1,-1,-1,-1
325,475,152.29,280.96,74.51,207.57,1,-1,-1,-1
325,480,755.10,281.48,24.66,66.57,1,-1,-1,-1
325,481,1005.29,276.29,23.35,51.95,1,-1,-1,-1
325,482,988.35,277.45,24.22,54.75,1,-1,-1,-1
325,483,709.52,279.59,20.99,60.47,1,-1,-1,-1
326,245,1589.65,213.89,227.32,765.84,1,-1,-1,-1
326,397,767.33,256.44,80.43,210.67,1,-1,-1,-1
326,398,1140.75,269.45,67.03,158.74,1,-1,-1,-1
326,423,924.29,274.26,50.64,134.64,1,-1,-1,-1
326,440,184.01,261.10,81.51,225.01,1,-1,-1,-1
326,458,853.50,260.86,57.76,156.34,1,-1,-1,-1
326,462,532.81,277.29,49.75,115.71,1,-1,-1,-1
326,464,88.63,282.11,57.49,146.10,1,-1,-1,-1
326,465,35.80,282.33,35.42,96.29,1,-1,-1,-1
326,472,1210.53,257.92,37.90,124.03,1,-1,-1,-1
326,473,1064.91,257.39,50.04,148.33,1,-1,-1,-1
326,474,666.75,284.48,22.65,63.95,1,-1,-1,-1
326,475,149.77,279.75,75.67,208.01,1,-1,-1,-1
326,480,754.60,282.11,24.64,65.66,1,-1,-1,-1
326,481,1006.10,279.29,23.42,51.83,1,-1,-1,-1
326,484,978.60,279.60,28.40,61.20,1,-1,-1,-1
326,485,715.50,281.70,22.20,61.10,1,-1,-1,-1
327,245,1598.11,212.22,230.59,767.37,1,-1,-1,-1
327,397,766.69,255.39,81.33,211.56,1,-1,-1,-1
327,398,1146.51,269.06,67.06,158.63,1,-1,-1,-1
327,423,927.81,273.70,50.98,134.99,1,-1,-1,-1
327,440,179.22,260.80,83.69,226.91,1,-1,-1,-1
327,458,857.12,260.24,57.85,156.00,1,-1,-1,-1
327,462,537.08,277.09,49.76,116.49,1,-1,-1,-1
327,464,89.36,281.06,57.48,146.74,1,-1,-1,-1
327,465,36.33,282.27,35.36,96.62,1,-1,-1,-1
327,472,1215.15,258.86,37.82,123.56,1,-1,-1,-1
327,473,1068.12,257.57,50.20,149.30,1,-1,-1,-1
327,474,667.67,284.44,22.61,64.99,1,-1,-1,-1
327,480,752.06,280.96,24.70,65.60,1,-1,-1,-1
327,481,1006.59,282.41,23.22,52.87,1,-1,-1,-1
327,485,713.15,280.97,22.84,62.55,1,-1,-1,-1
328,245,1609.32,209.94,231.28,771.27,1,-1,-1,-1
328,397,766.92,256.39,82.13,212.00,1,-1,-1,-1
328,398,1151.62,269.37,67.02,158.86,1,-1,-1,-1
328,423,930.49,273.65,51.22,135.53,1,-1,-1,-1
328,440,174.65,261.68,85.61,228.58,1,-1,-1,-1
328,458,860.09,260.73,57.93,155.97,1,-1,-1,-1
328,462,541.02,278.36,49.64,116.87,1,-1,-1,-1
328,464,90.52,281.16,57.31,147.39,1,-1,-1,-1
328,465,37.34,283.73,35.71,97.10,1,-1,-1,-1
328,472,1219.23,260.78,38.13,123.58,1,-1,-1,-1
328,473,1070.93,259.13,50.80,149.95,1,-1,-1,-1
328,480,748.23,283.46,24.87,65.74,1,-1,-1,-1
328,481,1008.16,285.10,23.26,54.27,1,-1,-1,-1
328,486,732.20,284.70,24.00,64.60,1,-1,-1,-1
329,245,1618.60,209.69,232.52,773.12,1,-1,-1,-1
329,397,766.25,255.77,83.15,213.55,1,-1,-1,-1
329,398,1156.35,270.42,66.78,158.77,1,-1,-1,-1
329,423,933.29,274.14,51.40,135.63,1,-1,-1,-1
329,440,169.60,262.04,87.53,230.37,1,-1,-1,-1
329,458,862.63,261.64,57.85,155.55,1,-1,-1,-1
329,462,544.91,279.17,49.53,117.10,1,-1,-1,-1
329,464,91.07,280.71,56.97,148.24,1,-1,-1,-1
329,465,37.47,284.70,35.74,97.43,1,-1,-1,-1
329,472,1223.05,262.96,38.28,123.26,1,-1,-1,-1
329,473,1073.28,260.34,51.25,150.49,1,-1,-1,-1
329,481,1008.88,287.35,23.48,55.29,1,-1,-1,-1
329,487,721.40,282.40,20.90,66.20,1,-1,-1,-1
330,245,1627.21,210.81,234.61,773.31,1,-1,-1,-1
330,397,765.62,255.94,83.86,214.62,1,-1,-1,-1
330,398,1161.13,271.84,66.43,158.66,1,-1,-1,-1
330,423,936.53,275.08,51.36,135.32,1,-1,-1,-1
330,440,163.94,263.18,89.95,232.47,1,-1,-1,-1
330,458,865.51,262.83,57.99,155.50,1,-1,-1,-1
330,462,548.21,280.32,49.40,117.08,1,-1,-1,-1
330,464,91.02,281.06,56.78,148.70,1,-1,-1,-1
330,465,37.56,286.22,35.82,97.70,1,-1,-1,-1
330,472,1226.58,265.08,38.64,123.19,1,-1,-1,-1
330,473,1076.09,262.08,51.60,150.83,1,-1,-1,-1
330,481,1012.59,288.49,23.38,56.07,1,-1,-1,-1
330,486,729.23,285.92,20.45,65.05,1,-1,-1,-1
330,488,750.50,286.70,26.30,70.70,1,-1,-1,-1
331,245,1636.67,210.95,235.64,773.93,1,-1,-1,-1
331,397,764.66,255.88,84.77,216.27,1,-1,-1,-1
331,398,1165.32,272.84,66.13,158.71,1,-1,-1,-1
331,423,939.92,275.86,51.21,135.10,1,-1,-1,-1
331,440,159.23,263.89,92.26,234.68,1,-1,-1,-1
331,458,868.18,263.82,58.06,155.53,1,-1,-1,-1
331,462,551.36,280.83,49.25,116.84,1,-1,-1,-1
331,464,92.61,280.37,55.66,150.32,1,-1,-1,-1
331,465,36.89,286.00,35.78,97.97,1,-1,-1,-1
331,472,1229.26,266.79,38.93,123.39,1,-1,-1,-1
331,473,1078.20,263.17,51.78,151.07,1,-1,-1,-1
331,481,1015.06,288.60,23.25,56.48,1,-1,-1,-1
331,487,719.70,283.27,22.90,67.75,1,-1,-1,-1
331,488,750.86,285.11,27.75,77.16,1,-1,-1,-1
331,489,991.30,281.50,32.10,69.80,1,-1,-1,-1
331,490,732.70,282.60,21.20,67.90,1,-1,-1,-1
332,245,1646.64,216.33,238.15,773.35,1,-1,-1,-1
332,397,763.96,256.54,85.30,218.04,1,-1,-1,-1
332,398,1169.07,274.22,65.99,158.48,1,-1,-1,-1
332,423,943.03,276.61,51.16,134.84,1,-1,-1,-1
332,440,154.17,264.76,94.08,237.02,1,-1,-1,-1
332,458,870.43,264.98,58.20,155.53,1,-1,-1,-1
332,462,554.04,281.45,49.04,116.49,1,-1,-1,-1
332,465,35.73,285.33,36.02,98.39,1,-1,-1,-1
332,472,1231.66,268.45,38.92,123.31,1,-1,-1,-1
332,473,1080.55,264.26,51.90,151.66,1,-1,-1,-1
332,481,1017.80,289.15,23.43,56.83,1,-1,-1,-1
332,490,733.88,285.00,20.93,68.35,1,-1,-1,-1
333,245,1655.66,220.80,239.89,772.11,1,-1,-1,-1
333,397,762.67,256.91,86.11,219.91,1,-1,-1,-1
333,398,1172.11,275.38,65.82,158.14,1,-1,-1,-1
333,423,945.65,277.18,51.14,135.01,1,-1,-1,-1
333,440,147.56,264.92,96.32,239.34,1,-1,-1,-1
333,458,872.48,265.72,58.23,155.76,1,-1,-1,-1
333,462,556.04,281.99,48.94,115.40,1,-1,-1,-1
333,465,34.27,284.24,36.03,98.44,1,-1,-1,-1
333,472,1233.20,270.15,38.85,123.24,1,-1,-1,-1
333,473,1082.28,265.41,51.94,152.22,1,-1,-1,-1
333,481,1019.42,289.74,23.48,57.14,1,-1,-1,-1
333,490,729.76,283.92,21.44,69.24,1,-1,-1,-1
334,245,1664.74,225.58,241.56,771.96,1,-1,-1,-1
334,397,761.07,257.42,86.69,221.76,1,-1,-1,-1
334,398,1174.53,276.54,65.67,157.98,1,-1,-1,-1
334,423,947.47,277.73,51.21,135.31,1,-1,-1,-1
334,440,141.10,266.70,98.18,240.53,1,-1,-1,-1
334,458,873.95,266.34,58.12,155.80,1,-1,-1,-1
334,462,557.42,282.45,48.75,114.77,1,-1,-1,-1
334,465,32.43,283.25,36.00,98.78,1,-1,-1,-1
334,472,1234.17,271.93,38.82,123.44,1,-1,-1,-1
334,473,1083.54,266.22,52.22,152.72,1,-1,-1,-1
334,481,1020.54,290.01,23.66,57.41,1,-1,-1,-1
334,490,728.00,285.04,21.72,69.09,1,-1,-1,-1
334,491,702.40,287.70,20.50,67.20,1,-1,-1,-1
335,245,1672.99,228.85,242.78,771.59,1,-1,-1,-1
335,397,758.75,257.98,87.27,223.23,1,-1,-1,-1
335,398,1176.15,277.29,65.54,158.04,1,-1,-1,-1
335,423,948.26,278.02,51.31,135.44,1,-1,-1,-1
335,440,134.14,267.73,100.33,242.18,1,-1,-1,-1
335,458,874.38,266.65,58.18,156.04,1,-1,-1,-1
335,462,557.86,282.96,48.52,113.98,1,-1,-1,-1
335,465,30.40,282.15,36.04,99.53,1,-1,-1,-1
335,472,1234.72,273.13,38.62,123.23,1,-1,-1,-1
335,473,1084.41,266.71,52.49,153.22,1,-1,-1,-1
335,481,1020.80,289.92,23.58,57.84,1,-1,-1,-1
335,490,726.49,285.92,22.91,69.02,1,-1,-1,-1
335,492,695.80,288.70,21.10,63.10,1,-1,-1,-1
336,245,1679.36,232.11,243.78,772.15,1,-1,-1,-1
336,397,755.67,258.33,88.10,225.75,1,-1,-1,-1
336,398,1176.85,277.88,65.59,158.23,1,-1,-1,-1
336,423,948.41,277.90,51.47,135.83,1,-1,-1,-1
336,440,126.39,266.53,102.09,244.41,1,-1,-1,-1
336,458,874.26,266.44,58.16,156.04,1,-1,-1,-1
336,462,557.80,283.13,48.30,113.74,1,-1,-1,-1
336,465,28.21,280.75,36.17,100.38,1,-1,-1,-1
336,473,1084.73,267.07,52.85,153.61,1,-1,-1,-1
336,490,721.79,286.62,23.42,68.60,1,-1,-1,-1
336,492,691.24,287.85,23.19,64.01,1,-1,-1,-1
336,493,1226.90,274.10,36.50,123.00,1,-1,-1,-1
336,494,1015.60,284.50,23.10,60.00,1,-1,-1,-1
336,495,988.10,281.90,36.00,72.60,1,-1,-1,-1
337,245,1685.81,230.03,243.62,774.58,1,-1,-1,-1
337,397,751.46,259.17,88.53,227.27,1,-1,-1,-1
337,398,1177.00,279.01,65.56,158.20,1,-1,-1,-1
337,423,947.61,278.81,51.78,136.17,1,-1,-1,-1
337,440,116.22,265.46,103.60,247.54,1,-1,-1,-1
337,458,873.69,266.99,58.21,156.13,1,-1,-1,-1
337,473,1084.32,267.87,53.15,154.06,1,-1,-1,-1
337,490,716.99,288.35,23.99,69.10,1,-1,-1,-1
337,492,693.36,289.85,23.34,63.48,1,-1,-1,-1
337,493,1228.43,277.24,37.41,122.27,1,-1,-1,-1
337,494,1011.23,288.39,22.92,60.64,1,-1,-1,-1
337,496,547.50,284.90,44.90,112.90,1,-1,-1,-1
337,497,12.20,275.30,35.60,105.60,1,-1,-1,-1
338,245,1689.77,228.01,243.92,774.34,1,-1,-1,-1
338,397,746.46,259.77,88.65,228.76,1,-1,-1,-1
338,398,1176.47,280.20,65.58,158.25,1,-1,-1,-1
338,423,946.11,279.72,52.01,136.58,1,-1,-1,-1
338,440,105.45,263.79,104.71,250.57,1,-1,-1,-1
338,458,872.57,268.04,58.19,156.21,1,-1,-1,-1
338,473,1083.41,269.05,53.48,154.85,1,-1,-1,-1
338,490,713.51,288.75,24.52,70.02,1,-1,-1,-1
338,492,694.84,291.20,22.97,63.68,1,-1,-1,-1
338,493,1228.22,278.81,37.74,121.95,1,-1,-1,-1
338,494,1008.27,288.86,23.63,60.43,1,-1,-1,-1
338,496,544.91,284.58,44.63,112.45,1,-1,-1,-1
338,497,4.47,279.46,35.69,103.33,1,-1,-1,-1
339,245,1693.95,227.76,243.29,775.77,1,-1,-1,-1
339,397,741.63,261.04,89.02,230.11,1,-1,-1,-1
339,398,1174.89,281.99,65.58,158.16,1,-1,-1,-1
339,423,944.65,281.34,52.10,136.85,1,-1,-1,-1
339,440,94.30,263.93,105.20,252.25,1,-1,-1,-1
339,458,870.79,269.69,57.96,156.14,1,-1,-1,-1
339,473,1082.23,270.89,53.59,155.26,1,-1,-1,-1
339,492,694.80,293.87,23.40,64.37,1,-1,-1,-1
339,493,1227.83,280.22,37.92,122.03,1,-1,-1,-1
339,494,1006.54,293.76,23.98,59.86,1,-1,-1,-1
339,496,544.53,288.63,44.42,113.81,1,-1,-1,-1
339,497,2.01,282.88,35.02,102.79,1,-1,-1,-1
340,245,1696.84,227.12,242.70,777.58,1,-1,-1,-1
340,397,736.51,260.95,89.96,232.93,1,-1,-1,-1
340,398,1172.97,283.99,65.60,158.07,1,-1,-1,-1
340,423,942.78,283.30,52.21,136.96,1,-1,-1,-1
340,440,81.80,263.01,106.73,255.33,1,-1,-1,-1
340,458,868.94,271.73,57.75,156.10,1,-1,-1,-1
340,473,1080.56,272.95,53.48,155.49,1,-1,-1,-1
340,493,1226.93,282.89,37.87,122.23,1,-1,-1,-1
340,494,1003.94,296.89,24.39,59.52,1,-1,-1,-1
340,496,544.70,288.78,44.25,113.71,1,-1,-1,-1
340,497,2.52,286.82,33.37,103.61,1,-1,-1,-1
340,498,656.50,299.00,23.30,64.90,1,-1,-1,-1
340,499,689.20,295.80,22.50,67.30,1,-1,-1,-1
341,245,1698.72,227.75,242.13,779.11,1,-1,-1,-1
341,397,731.24,261.08,90.98,236.01,1,-1,-1,-1
341,398,1170.47,287.31,65.72,157.74,1,-1,-1,-1
341,423,940.67,285.95,52.31,137.02,1,-1,-1,-1
341,440,69.33,264.15,107.79,257.58,1,-1,-1,-1
341,458,866.56,274.39,57.51,155.41,1,-1,-1,-1
341,473,1079.00,275.61,53.32,155.80,1,-1,-1,-1
341,493,1225.51,285.83,37.69,121.89,1,-1,-1,-1
341,494,1002.32,300.38,24.75,59.16,1,-1,-1,-1
341,496,544.36,291.42,43.96,112.67,1,-1,-1,-1
341,498,651.84,305.95,23.30,65.08,1,-1,-1,-1
341,500,683.70,302.20,21.70,65.30,1,-1,-1,-1
342,245,1702.62,232.19,239.96,782.19,1,-1,-1,-1
342,397,725.16,263.71,92.18,238.50,1,-1,-1,-1
342,398,1168.04,291.53,65.89,157.86,1,-1,-1,-1
342,423,938.22,289.97,52.57,137.15,1,-1,-1,-1
342,440,54.62,266.41,108.42,260.24,1,-1,-1,-1
342,458,863.94,277.89,57.26,154.85,1,-1,-1,-1
342,493,1224.71,290.92,37.62,121.37,1,-1,-1,-1
342,494,1000.94,306.26,24.79,58.49,1,-1,-1,-1
342,496,543.83,298.04,43.78,112.36,1,-1,-1,-1
342,501,1066.40,285.60,50.50,163.20,1,-1,-1,-1
342,502,662.20,312.00,26.00,69.60,1,-1,-1,-1
343,245,1706.51,237.76,237.37,787.36,1,-1,-1,-1
343,397,719.43,267.11,93.00,240.00,1,-1,-1,-1
343,398,1165.52,295.52,66.06,158.16,1,-1,-1,-1
343,423,935.74,293.63,52.95,137.20,1,-1,-1,-1
343,440,40.37,268.90,109.22,263.40,1,-1,-1,-1
343,458,861.25,281.57,57.40,154.57,1,-1,-1,-1
343,493,1225.49,295.20,37.92,121.15,1,-1,-1,-1
343,494,998.22,311.54,24.97,58.60,1,-1,-1,-1
343,501,1067.87,288.78,50.23,163.38,1,-1,-1,-1
343,502,656.67,316.51,24.18,64.05,1,-1,-1,-1
343,503,675.00,317.40,21.90,64.10,1,-1,-1,-1
344,245,1710.84,241.01,234.20,789.36,1,-1,-1,-1
344,397,713.59,269.63,94.27,242.65,1,-1,-1,-1
344,398,1163.45,299.64,66.15,158.13,1,-1,-1,-1
344,423,933.64,297.73,53.13,137.29,1,-1,-1,-1
344,440,27.71,272.76,110.02,264.69,1,-1,-1,-1
344,458,859.23,285.78,57.25,154.04,1,-1,-1,-1
344,493,1226.43,299.62,38.22,121.58,1,-1,-1,-1
344,494,998.71,315.83,25.30,59.18,1,-1,-1,-1
344,501,1069.15,290.99,50.74,163.25,1,-1,-1,-1
344,502,656.97,316.73,24.09,64.70,1,-1,-1,-1
344,503,672.74,315.43,22.35,66.46,1,-1,-1,-1
344,504,684.90,315.50,27.60,74.00,1,-1,-1,-1
345,245,1715.31,246.32,230.64,792.89,1,-1,-1,-1
345,397,707.31,273.25,95.97,244.72,1,-1,-1,-1
345,398,1161.56,303.06,66.37,158.55,1,-1,-1,-1
345,423,932.23,301.29,53.62,137.69,1,-1,-1,-1
345,440,16.69,276.34,110.73,266.43,1,-1,-1,-1
345,458,857.27,288.92,57.36,154.40,1,-1,-1,-1
345,493,1227.90,303.87,38.47,121.69,1,-1,-1,-1
345,494,998.54,319.44,25.60,59.22,1,-1,-1,-1
345,501,1070.46,290.69,51.32,164.28,1,-1,-1,-1
345,502,656.23,317.40,23.77,63.91,1,-1,-1,-1
345,504,680.45,317.18,25.51,67.36,1,-1,-1,-1
346,245,1718.70,253.38,227.45,793.98,1,-1,-1,-1
346,397,701.38,277.64,97.04,247.39,1,-1,-1,-1
346,398,1159.40,306.37,66.64,158.68,1,-1,-1,-1
346,423,930.29,304.90,53.89,138.15,1,-1,-1,-1
346,440,6.68,279.30,111.13,268.77,1,-1,-1,-1
346,458,855.01,292.46,57.44,154.27,1,-1,-1,-1
346,493,1228.78,307.29,38.64,122.14,1,-1,-1,-1
346,494,998.11,322.64,25.81,59.42,1,-1,-1,-1
346,501,1069.96,293.64,51.79,164.69,1,-1,-1,-1
346,502,657.20,318.86,23.40,64.26,1,-1,-1,-1
346,504,678.56,318.52,25.12,71.02,1,-1,-1,-1
347,245,1721.96,255.43,224.15,795.05,1,-1,-1,-1
347,397,694.48,281.14,98.66,250.97,1,-1,-1,-1
347,398,1158.39,309.23,66.59,158.81,1,-1,-1,-1
347,423,928.80,308.88,54.03,138.44,1,-1,-1,-1
347,440,-2.07,282.28,111.02,270.74,1,-1,-1,-1
347,458,853.43,295.83,57.28,153.57,1,-1,-1,-1
347,493,1230.22,310.47,38.74,122.57,1,-1,-1,-1
347,501,1070.81,296.32,52.21,164.78,1,-1,-1,-1
347,502,659.68,319.95,23.15,65.52,1,-1,-1,-1
347,505,1004.90,320.60,26.40,59.90,1,-1,-1,-1
348,245,1725.08,259.40,220.79,796.64,1,-1,-1,-1
348,397,686.78,284.51,100.56,254.74,1,-1,-1,-1
348,398,1157.15,311.97,66.66,158.99,1,-1,-1,-1
348,423,927.16,312.53,54.33,138.79,1,-1,-1,-1
348,440,-9.08,284.79,110.36,272.89,1,-1,-1,-1
348,458,851.50,298.79,57.42,153.38,1,-1,-1,-1
348,493,1231.20,312.77,38.91,122.93,1,-1,-1,-1
348,501,1070.78,298.69,52.23,164.64,1,-1,-1,-1
348,502,658.74,322.10,23.07,66.77,1,-1,-1,-1
348,505,1003.90,323.19,26.22,57.90,1,-1,-1,-1
349,245,1728.30,260.70,217.26,797.58,1,-1,-1,-1
349,397,679.21,287.86,102.38,257.55,1,-1,-1,-1
349,398,1156.14,314.73,66.50,158.94,1,-1,-1,-1
349,423,925.23,315.50,54.43,138.69,1,-1,-1,-1
349,440,-15.43,287.24,108.08,275.14,1,-1,-1,-1
349,458,849.50,301.59,57.46,153.30,1,-1,-1,-1
349,493,1231.98,314.62,39.00,122.97,1,-1,-1,-1
349,501,1069.81,300.32,52.33,164.31,1,-1,-1,-1
349,502,656.61,323.22,22.96,67.33,1,-1,-1,-1
349,505,1001.99,324.07,26.45,57.76,1,-1,-1,-1
350,245,1731.56,263.20,213.63,800.00,1,-1,-1,-1
350,397,671.51,290.54,103.89,260.19,1,-1,-1,-1
350,398,1155.22,316.68,66.49,158.95,1,-1,-1,-1
350,423,923.74,317.55,54.50,138.56,1,-1,-1,-1
350,440,-17.82,289.58,104.32,275.55,1,-1,-1,-1
350,458,847.92,303.57,57.57,153.30,1,-1,-1,-1
350,493,1232.76,315.83,39.00,122.86,1,-1,-1,-1
350,501,1069.80,300.76,52.24,164.05,1,-1,-1,-1
350,505,1001.08,323.25,26.76,57.77,1,-1,-1,-1
350,506,649.60,320.70,23.10,68.30,1,-1,-1,-1
351,245,1735.47,264.80,209.57,802.03,1,-1,-1,-1
351,397,664.80,292.82,104.88,262.80,1,-1,-1,-1
351,398,1154.63,318.14,66.28,158.76,1,-1,-1,-1
351,423,921.70,318.82,54.53,138.42,1,-1,-1,-1
351,458,846.44,304.92,57.64,153.30,1,-1,-1,-1
351,493,1233.62,316.51,38.96,122.63,1,-1,-1,-1
351,501,1069.34,300.84,52.34,163.86,1,-1,-1,-1
351,505,1001.24,322.25,26.49,57.53,1,-1,-1,-1
351,507,13.70,292.50,62.20,236.20,1,-1,-1,-1
352,245,1736.14,263.01,207.31,803.92,1,-1,-1,-1
352,397,656.41,293.86,106.12,265.99,1,-1,-1,-1
352,398,1154.25,319.86,65.97,158.56,1,-1,-1,-1
352,423,919.49,319.55,54.47,138.23,1,-1,-1,-1
352,458,844.87,306.18,57.67,153.77,1,-1,-1,-1
352,493,1234.70,317.01,38.82,122.58,1,-1,-1,-1
352,501,1068.62,301.60,52.39,163.84,1,-1,-1,-1
352,505,999.88,323.53,26.43,57.83,1,-1,-1,-1
352,507,13.72,304.48,53.93,163.19,1,-1,-1,-1
352,508,564.10,315.10,45.90,139.90,1,-1,-1,-1
353,245,1736.25,261.95,205.39,800.91,1,-1,-1,-1
353,397,648.30,294.46,107.48,268.83,1,-1,-1,-1
353,398,1153.83,321.55,65.66,158.33,1,-1,-1,-1
353,423,917.03,319.98,54.55,138.29,1,-1,-1,-1
353,458,843.26,307.10,57.74,154.05,1,-1,-1,-1
353,493,1235.79,318.25,38.83,122.46,1,-1,-1,-1
353,501,1067.91,302.53,52.35,163.83,1,-1,-1,-1
353,505,997.71,324.46,26.44,58.27,1,-1,-1,-1
353,507,7.70,304.87,53.96,160.32,1,-1,-1,-1
353,508,561.96,315.19,46.81,141.99,1,-1,-1,-1
354,245,1739.18,261.49,201.93,801.48,1,-1,-1,-1
354,397,640.03,295.56,108.56,271.67,1,-1,-1,-1
354,398,1153.40,322.95,65.67,158.22,1,-1,-1,-1
354,423,914.41,320.28,54.84,138.61,1,-1,-1,-1
354,458,842.00,308.07,57.79,154.15,1,-1,-1,-1
354,493,1236.64,319.74,39.08,122.75,1,-1,-1,-1
354,501,1067.35,303.79,52.21,163.84,1,-1,-1,-1
354,505,996.81,325.90,26.45,58.76,1,-1,-1,-1
354,507,2.59,305.66,52.99,159.03,1,-1,-1,-1
354,508,562.36,316.09,46.23,140.37,1,-1,-1,-1
355,245,1738.06,261.12,200.81,801.18,1,-1,-1,-1
355,397,632.76,296.54,109.43,274.95,1,-1,-1,-1
355,398,1153.13,324.94,65.38,157.91,1,-1,-1,-1
355,423,912.55,321.70,55.00,138.83,1,-1,-1,-1
355,458,840.61,309.68,57.94,154.32,1,-1,-1,-1
355,493,1237.60,321.88,39.27,122.81,1,-1,-1,-1
355,501,1066.98,305.62,52.28,164.16,1,-1,-1,-1
355,505,995.37,328.35,26.53,59.02,1,-1,-1,-1
355,507,0.30,309.37,51.93,157.64,1,-1,-1,-1
355,508,560.72,320.06,45.83,141.40,1,-1,-1,-1
356,245,1734.12,261.89,201.40,804.01,1,-1,-1,-1
356,397,625.63,297.36,109.99,277.37,1,-1,-1,-1
356,398,1152.60,326.15,65.32,157.81,1,-1,-1,-1
356,423,910.69,322.98,55.05,139.13,1,-1,-1,-1
356,458,839.27,310.95,58.08,154.28,1,-1,-1,-1
356,493,1238.23,323.51,39.59,122.31,1,-1,-1,-1
356,501,1066.53,307.90,52.42,164.43,1,-1,-1,-1
356,505,993.31,331.08,26.68,59.25,1,-1,-1,-1
356,507,-2.31,311.83,50.63,156.75,1,-1,-1,-1
356,508,557.74,320.40,46.02,141.50,1,-1,-1,-1
357,245,1733.13,262.96,200.48,804.18,1,-1,-1,-1
357,397,619.09,297.64,110.90,280.43,1,-1,-1,-1
357,398,1151.72,328.85,65.18,157.39,1,-1,-1,-1
357,423,908.51,325.62,55.22,139.45,1,-1,-1,-1
357,458,837.85,313.71,58.01,153.79,1,-1,-1,-1
357,493,1239.10,326.28,39.87,122.53,1,-1,-1,-1
357,501,1065.51,311.53,52.50,164.13,1,-1,-1,-1
357,505,992.08,335.09,26.75,59.58,1,-1,-1,-1
357,507,-4.01,314.08,49.11,157.44,1,-1,-1,-1
357,508,555.11,321.98,46.37,142.14,1,-1,-1,-1
357,509,727.40,335.40,26.90,65.90,1,-1,-1,-1
357,510,514.20,325.60,46.40,118.80,1,-1,-1,-1
358,245,1730.91,264.85,200.40,800.52,1,-1,-1,-1
358,397,612.51,298.14,112.31,284.32,1,-1,-1,-1
358,398,1150.76,331.22,65.08,157.22,1,-1,-1,-1
358,423,906.62,328.22,55.18,139.42,1,-1,-1,-1
358,458,835.93,316.20,57.87,153.85,1,-1,-1,-1
358,493,1239.72,328.70,40.21,122.37,1,-1,-1,-1
358,501,1064.62,314.62,52.49,163.90,1,-1,-1,-1
358,505,991.07,338.19,26.75,59.79,1,-1,-1,-1
358,507,-4.95,317.13,47.75,157.64,1,-1,-1,-1
358,508,552.94,323.26,46.43,141.54,1,-1,-1,-1
358,509,729.85,336.24,24.17,62.63,1,-1,-1,-1
358,510,511.06,324.72,47.04,125.71,1,-1,-1,-1
359,245,1728.20,268.02,200.75,800.37,1,-1,-1,-1
359,397,605.37,299.17,113.58,287.40,1,-1,-1,-1
359,398,1149.31,333.58,64.91,157.25,1,-1,-1,-1
359,423,904.68,330.44,54.88,139.42,1,-1,-1,-1
359,458,833.96,318.52,57.87,153.89,1,-1,-1,-1
359,493,1239.83,331.22,40.43,122.32,1,-1,-1,-1
359,501,1063.14,317.95,52.46,163.98,1,-1,-1,-1
359,505,989.47,341.25,26.78,60.14,1,-1,-1,-1
359,507,-6.00,319.58,45.97,159.86,1,-1,-1,-1
359,508,549.87,325.13,46.04,140.92,1,-1,-1,-1
359,509,726.95,339.78,23.47,63.05,1,-1,-1,-1
359,510,505.48,327.77,46.73,125.75,1,-1,-1,-1
360,245,1727.94,271.80,199.87,797.10,1,-1,-1,-1
360,397,598.60,298.99,115.23,292.03,1,-1,-1,-1
360,398,1147.87,335.68,64.71,157.46,1,-1,-1,-1
360,423,902.68,332.41,54.60,139.27,1,-1,-1,-1
360,458,832.24,320.76,57.88,154.54,1,-1,-1,-1
360,493,1240.14,333.77,40.37,122.60,1,-1,-1,-1
360,501,1061.63,320.94,52.61,164.32,1,-1,-1,-1
360,505,988.17,343.45,26.88,60.65,1,-1,-1,-1
360,508,546.35,328.38,46.44,141.85,1,-1,-1,-1
360,509,721.74,339.10,23.45,63.75,1,-1,-1,-1
360,510,499.94,329.73,47.25,127.74,1,-1,-1,-1
360,511,706.40,335.50,24.50,72.20,1,-1,-1,-1
361,245,1726.32,275.70,199.88,793.90,1,-1,-1,-1
361,397,590.86,298.59,116.76,296.10,1,-1,-1,-1
361,398,1146.33,337.77,64.57,157.44,1,-1,-1,-1
361,423,901.19,334.19,54.17,138.83,1,-1,-1,-1
361,458,830.76,322.33,57.79,154.95,1,-1,-1,-1
361,493,1240.48,336.17,40.26,122.95,1,-1,-1,-1
361,501,1060.15,323.44,52.69,164.55,1,-1,-1,-1
361,505,987.06,345.07,26.98,60.93,1,-1,-1,-1
361,509,720.11,338.05,23.26,64.80,1,-1,-1,-1
361,510,496.50,329.46,47.06,128.01,1,-1,-1,-1
362,245,1726.05,281.98,199.26,790.99,1,-1,-1,-1
362,397,580.74,298.93,118.41,301.01,1,-1,-1,-1
362,398,1144.56,339.91,64.46,157.08,1,-1,-1,-1
362,423,899.77,335.23,54.01,138.93,1,-1,-1,-1
362,458,829.62,323.51,57.87,155.04,1,-1,-1,-1
362,493,1240.83,338.02,40.37,123.28,1,-1,-1,-1
362,501,1058.44,325.60,52.51,164.61,1,-1,-1,-1
362,505,986.03,346.36,26.97,61.07,1,-1,-1,-1
362,508,536.96,329.48,45.81,141.99,1,-1,-1,-1
362,509,717.35,338.23,23.18,65.01,1,-1,-1,-1
362,510,489.38,328.04,46.86,128.63,1,-1,-1,-1
363,245,1728.84,282.89,196.98,792.49,1,-1,-1,-1
363,397,571.47,299.27,119.90,304.56,1,-1,-1,-1
363,398,1143.12,341.35,64.33,156.83,1,-1,-1,-1
363,423,898.57,335.47,54.01,139.13,1,-1,-1,-1
363,458,828.78,323.86,57.87,155.16,1,-1,-1,-1
363,493,1241.01,338.96,40.60,123.74,1,-1,-1,-1
363,501,1056.91,326.70,52.40,164.93,1,-1,-1,-1
363,505,985.25,346.79,26.95,61.17,1,-1,-1,-1
363,509,715.41,336.76,23.08,65.01,1,-1,-1,-1
363,510,485.39,326.88,46.81,130.09,1,-1,-1,-1
364,245,1732.45,286.30,194.26,792.22,1,-1,-1,-1
364,397,561.62,299.69,121.34,307.47,1,-1,-1,-1
364,398,1141.89,341.98,64.23,156.73,1,-1,-1,-1
364,423,897.32,335.08,54.29,139.66,1,-1,-1,-1
364,458,828.20,323.59,57.97,155.57,1,-1,-1,-1
364,493,1241.07,339.39,40.91,124.15,1,-1,-1,-1
364,501,1055.59,327.23,52.30,165.37,1,-1,-1,-1
364,505,984.45,346.81,27.08,61.30,1,-1,-1,-1
364,509,713.09,336.68,23.16,65.05,1,-1,-1,-1
364,510,481.18,325.04,46.16,129.30,1,-1,-1,-1
364,512,664.90,335.50,25.90,79.50,1,-1,-1,-1
364,513,681.00,335.50,25.40,69.30,1,-1,-1,-1
365,397,552.26,299.48,122.67,309.91,1,-1,-1,-1
365,398,1140.41,342.37,64.08,156.66,1,-1,-1,-1
365,423,895.89,334.99,54.38,139.95,1,-1,-1,-1
365,458,827.62,323.56,58.01,155.55,1,-1,-1,-1
365,493,1241.03,339.64,41.16,124.55,1,-1,-1,-1
365,501,1054.33,327.93,52.15,165.58,1,-1,-1,-1
365,505,983.63,346.90,27.17,61.34,1,-1,-1,-1
365,509,710.28,336.88,23.09,64.95,1,-1,-1,-1
365,512,666.79,335.55,26.08,76.14,1,-1,-1,-1
366,397,543.97,299.19,124.16,312.37,1,-1,-1,-1
366,398,1139.03,341.97,64.00,156.58,1,-1,-1,-1
366,423,894.75,334.20,54.62,140.26,1,-1,-1,-1
366,458,827.33,323.23,58.01,155.48,1,-1,-1,-1
366,493,1241.20,339.75,41.50,124.64,1,-1,-1,-1
366,501,1053.38,328.01,51.94,165.86,1,-1,-1,-1
366,505,982.88,346.72,27.28,61.37,1,-1,-1,-1
366,509,709.14,337.36,22.97,64.90,1,-1,-1,-1
366,512,671.13,334.55,25.95,75.11,1,-1,-1,-1
367,397,536.37,298.93,125.14,315.24,1,-1,-1,-1
367,398,1137.90,341.40,63.99,156.35,1,-1,-1,-1
367,423,894.40,333.11,54.93,140.85,1,-1,-1,-1
367,458,827.24,323.05,58.11,155.56,1,-1,-1,-1
367,493,1242.72,339.79,41.53,124.63,1,-1,-1,-1
367,501,1053.28,327.68,51.82,166.05,1,-1,-1,-1
367,505,982.88,346.68,27.36,61.65,1,-1,-1,-1
367,509,707.82,338.09,23.17,65.06,1,-1,-1,-1
367,512,670.78,334.54,25.60,75.37,1,-1,-1,-1
367,513,686.02,335.82,31.95,71.76,1,-1,-1,-1
368,397,530.76,298.23,125.87,319.70,1,-1,-1,-1
368,398,1136.82,340.41,64.02,156.11,1,-1,-1,-1
368,423,894.28,332.17,55.14,141.31,1,-1,-1,-1
368,458,826.85,323.10,58.15,155.06,1,-1,-1,-1
368,493,1245.14,339.53,41.53,124.72,1,-1,-1,-1
368,501,1053.76,327.28,51.87,166.33,1,-1,-1,-1
368,505,982.96,346.32,27.39,61.84,1,-1,-1,-1
368,509,707.47,338.87,23.37,65.21,1,-1,-1,-1
368,512,669.99,334.27,25.48,75.15,1,-1,-1,-1
369,397,524.19,296.90,127.29,324.55,1,-1,-1,-1
369,398,1135.95,338.36,63.81,155.92,1,-1,-1,-1
369,423,894.59,331.84,55.51,141.70,1,-1,-1,-1
369,458,826.76,322.32,58.31,155.10,1,-1,-1,-1
369,501,1055.42,326.11,51.87,166.39,1,-1,-1,-1
369,513,696.07,333.96,29.18,72.31,1,-1,-1,-1
369,514,1257.90,336.80,42.10,121.30,1,-1,-1,-1
369,515,993.10,339.20,26.90,61.30,1,-1,-1,-1
369,516,680.20,333.60,26.60,74.10,1,-1,-1,-1
370,397,519.18,295.89,128.46,329.30,1,-1,-1,-1
370,398,1136.13,337.46,63.80,156.18,1,-1,-1,-1
370,423,895.09,332.12,55.25,141.33,1,-1,-1,-1
370,458,826.39,323.34,58.15,155.44,1,-1,-1,-1
370,501,1057.10,325.50,51.88,166.91,1,-1,-1,-1
370,512,667.96,334.89,25.40,74.56,1,-1,-1,-1
370,514,1260.76,335.24,39.55,121.85,1,-1,-1,-1
370,515,990.73,343.15,27.17,63.21,1,-1,-1,-1
370,517,712.20,339.20,22.90,66.40,1,-1,-1,-1
371,397,515.27,294.28,129.62,333.90,1,-1,-1,-1
371,398,1137.90,337.00,63.84,156.28,1,-1,-1,-1
371,423,897.24,332.37,54.79,141.14,1,-1,-1,-1
371,458,826.54,323.36,58.04,155.22,1,-1,-1,-1
371,501,1060.20,325.28,51.98,167.32,1,-1,-1,-1
371,512,669.64,334.43,25.69,74.93,1,-1,-1,-1
371,514,1268.59,335.08,38.95,123.55,1,-1,-1,-1
371,517,716.77,339.73,25.45,67.13,1,-1,-1,-1
371,518,997.50,341.80,28.30,63.20,1,-1,-1,-1
372,397,511.14,292.56,130.66,338.43,1,-1,-1,-1
372,423,900.41,331.87,54.76,140.97,1,-1,-1,-1
372,458,827.67,322.45,57.87,154.71,1,-1,-1,-1
372,513,708.29,333.74,27.66,70.92,1,-1,-1,-1
372,514,1279.72,333.07,39.03,122.48,1,-1,-1,-1
372,516,675.64,332.55,27.24,75.19,1,-1,-1,-1
372,517,722.98,336.12,24.94,67.07,1,-1,-1,-1
372,519,1156.30,331.10,65.10,154.40,1,-1,-1,-1
372,520,1082.60,317.60,51.80,171.80,1,-1,-1,-1
372,521,1008.50,340.40,28.80,59.20,1,-1,-1,-1
373,397,507.99,290.84,132.67,342.33,1,-1,-1,-1
373,423,903.76,330.40,55.03,141.42,1,-1,-1,-1
373,458,828.90,320.81,57.91,154.75,1,-1,-1,-1
373,514,1286.64,330.47,39.18,122.18,1,-1,-1,-1
373,516,673.22,330.07,28.51,77.26,1,-1,-1,-1
373,517,724.57,332.06,25.26,67.27,1,-1,-1,-1
373,519,1162.04,329.26,62.65,155.31,1,-1,-1,-1
373,520,1085.80,309.98,52.44,176.44,1,-1,-1,-1
373,521,1010.35,336.72,30.35,61.02,1,-1,-1,-1
373,522,335.30,283.30,148.60,319.90,1,-1,-1,-1
373,523,657.60,330.60,25.80,80.10,1,-1,-1,-1
373,524,698.20,329.70,27.50,73.50,1,-1,-1,-1
374,397,504.55,288.93,134.70,347.20,1,-1,-1,-1
374,423,907.57,328.60,55.27,141.53,1,-1,-1,-1
374,458,830.60,318.65,58.08,155.14,1,-1,-1,-1
374,512,669.85,328.94,25.62,74.10,1,-1,-1,-1
374,514,1293.94,327.34,38.83,121.31,1,-1,-1,-1
374,517,727.73,330.47,25.37,67.58,1,-1,-1,-1
374,519,1168.14,327.98,62.43,154.68,1,-1,-1,-1
374,520,1093.52,306.84,53.38,175.99,1,-1,-1,-1
374,521,1017.16,332.51,29.37,60.58,1,-1,-1,-1
374,523,654.56,331.76,24.25,72.92,1,-1,-1,-1
374,524,703.96,328.73,25.59,71.77,1,-1,-1,-1
374,525,684.10,328.50,27.30,73.10,1,-1,-1,-1
375,397,500.43,286.93,136.47,352.14,1,-1,-1,-1
375,423,911.58,326.30,55.56,141.78,1,-1,-1,-1
375,458,833.29,315.76,58.05,154.90,1,-1,-1,-1
375,512,667.81,327.54,25.48,73.49,1,-1,-1,-1
375,514,1301.74,325.15,38.91,121.51,1,-1,-1,-1
375,517,731.51,327.15,25.73,68.48,1,-1,-1,-1
375,519,1171.48,324.43,62.52,155.15,1,-1,-1,-1
375,520,1097.10,304.93,53.94,176.06,1,-1,-1,-1
375,521,1021.42,328.19,28.85,61.41,1,-1,-1,-1
375,522,346.47,272.84,148.60,320.17,1,-1,-1,-1
375,524,705.76,326.76,26.51,72.84,1,-1,-1,-1
375,525,681.80,326.87,26.94,72.19,1,-1,-1,-1
376,397,495.28,285.90,138.63,356.22,1,-1,-1,-1
376,423,915.69,323.59,55.64,142.40,1,-1,-1,-1
376,458,835.96,312.80,58.03,155.15,1,-1,-1,-1
376,512,666.40,325.98,25.22,73.02,1,-1,-1,-1
376,514,1307.54,322.08,39.31,122.14,1,-1,-1,-1
376,517,736.34,325.04,25.89,67.95,1,-1,-1,-1
376,519,1173.61,322.12,61.98,155.01,1,-1,-1,-1
376,520,1099.93,303.52,54.18,175.89,1,-1,-1,-1
376,521,1024.34,325.72,28.59,61.61,1,-1,-1,-1
376,522,354.21,270.52,142.18,326.12,1,-1,-1,-1
376,524,704.43,324.25,26.54,72.83,1,-1,-1,-1
377,397,486.48,283.81,141.48,360.99,1,-1,-1,-1
377,512,667.65,322.62,25.31,72.38,1,-1,-1,-1
377,514,1314.76,318.14,39.54,121.89,1,-1,-1,-1
377,517,740.30,320.57,26.38,68.45,1,-1,-1,-1
377,519,1178.93,315.08,61.47,154.86,1,-1,-1,-1
377,520,1105.14,299.09,55.08,175.83,1,-1,-1,-1
377,521,1028.60,320.89,28.53,62.08,1,-1,-1,-1
377,524,707.65,319.82,27.41,72.26,1,-1,-1,-1
377,526,931.30,310.00,56.00,145.10,1,-1,-1,-1
377,527,851.10,296.60,57.90,158.70,1,-1,-1,-1
377,528,694.00,320.20,27.30,68.30,1,-1,-1,-1
378,397,479.05,281.23,143.57,366.19,1,-1,-1,-1
378,514,1320.43,314.23,39.91,121.88,1,-1,-1,-1
378,517,743.99,318.00,27.06,69.06,1,-1,-1,-1
378,519,1182.89,310.67,61.20,154.30,1,-1,-1,-1
378,520,1109.36,296.78,55.57,175.31,1,-1,-1,-1
378,521,1032.26,317.99,28.36,62.62,1,-1,-1,-1
378,525,681.33,317.85,27.50,71.08,1,-1,-1,-1
378,526,932.03,310.35,56.91,144.01,1,-1,-1,-1
378,527,853.64,293.80,57.17,158.15,1,-1,-1,-1
378,529,719.90,318.30,32.00,74.90,1,-1,-1,-1
378,530,703.90,318.30,30.20,72.80,1,-1,-1,-1
379,397,472.28,278.86,144.79,370.34,1,-1,-1,-1
379,514,1325.83,312.34,40.32,122.02,1,-1,-1,-1
379,517,746.13,316.03,27.74,69.78,1,-1,-1,-1
379,519,1186.13,308.51,60.95,153.63,1,-1,-1,-1
379,520,1112.76,295.50,56.26,175.10,1,-1,-1,-1
379,521,1035.77,315.92,28.61,63.26,1,-1,-1,-1
379,524,709.63,316.43,27.92,72.06,1,-1,-1,-1
379,525,679.80,316.86,27.57,70.86,1,-1,-1,-1
379,526,933.12,309.92,56.95,144.00,1,-1,-1,-1
379,527,854.98,294.01,57.62,158.85,1,-1,-1,-1
379,529,723.67,317.43,32.00,75.45,1,-1,-1,-1
380,397,466.23,276.76,146.57,374.51,1,-1,-1,-1
380,512,669.77,318.17,25.52,71.84,1,-1,-1,-1
380,514,1331.43,310.67,40.85,122.39,1,-1,-1,-1
380,517,747.55,314.16,28.26,70.50,1,-1,-1,-1
380,519,1189.59,305.95,61.06,153.87,1,-1,-1,-1
380,520,1115.91,293.81,56.54,175.20,1,-1,-1,-1
380,521,1039.40,314.46,28.91,63.20,1,-1,-1,-1
380,524,709.98,316.15,28.29,71.95,1,-1,-1,-1
380,526,934.20,307.82,57.40,144.99,1,-1,-1,-1
380,527,856.38,293.61,58.20,159.06,1,-1,-1,-1
380,528,689.69,319.25,27.03,69.21,1,-1,-1,-1
381,397,461.61,274.03,147.49,378.38,1,-1,-1,-1
381,512,670.69,317.24,25.71,71.65,1,-1,-1,-1
381,514,1337.26,309.26,41.47,122.65,1,-1,-1,-1
381,517,748.57,313.11,28.73,71.22,1,-1,-1,-1
381,519,1193.04,304.41,60.72,153.66,1,-1,-1,-1
381,520,1119.44,292.92,56.48,175.04,1,-1,-1,-1
381,521,1042.86,314.47,28.97,63.04,1,-1,-1,-1
381,526,936.06,307.24,57.37,145.37,1,-1,-1,-1
381,527,858.92,294.49,58.56,159.20,1,-1,-1,-1
381,530,697.71,318.47,30.29,72.16,1,-1,-1,-1
381,531,594.40,315.20,36.30,107.60,1,-1,-1,-1
381,532,654.50,318.80,24.70,66.10,1,-1,-1,-1
382,397,452.79,271.67,149.97,382.49,1,-1,-1,-1
382,514,1342.85,307.98,42.08,123.06,1,-1,-1,-1
382,517,749.74,312.93,29.11,71.64,1,-1,-1,-1
382,519,1195.17,304.10,60.91,153.74,1,-1,-1,-1
382,520,1122.83,292.92,56.52,175.20,1,-1,-1,-1
382,521,1046.44,314.74,29.19,63.38,1,-1,-1,-1
382,526,937.68,307.12,57.17,145.81,1,-1,-1,-1
382,527,859.84,296.31,58.69,159.05,1,-1,-1,-1
382,530,696.33,320.65,29.91,71.41,1,-1,-1,-1
382,533,662.20,320.00,24.40,67.50,1,-1,-1,-1
383,397,440.28,268.92,153.93,387.76,1,-1,-1,-1
383,514,1347.78,307.13,42.45,123.41,1,-1,-1,-1
383,519,1196.59,304.19,61.03,154.06,1,-1,-1,-1
383,520,1126.07,292.93,56.60,175.63,1,-1,-1,-1
383,521,1049.41,315.77,29.28,63.58,1,-1,-1,-1
383,526,938.68,307.81,56.96,146.04,1,-1,-1,-1
383,527,860.33,299.01,58.57,159.11,1,-1,-1,-1
383,530,696.76,323.12,28.89,69.80,1,-1,-1,-1
383,533,666.42,325.46,23.40,63.32,1,-1,-1,-1
383,534,744.60,319.70,29.50,69.80,1,-1,-1,-1
384,397,424.53,267.10,158.12,394.15,1,-1,-1,-1
384,514,1352.57,307.13,42.70,123.86,1,-1,-1,-1
384,519,1197.58,304.92,61.09,154.43,1,-1,-1,-1
384,520,1131.04,294.55,56.56,175.66,1,-1,-1,-1
384,521,1051.69,317.31,29.37,63.68,1,-1,-1,-1
384,526,938.42,308.68,57.28,146.56,1,-1,-1,-1
384,527,860.61,300.07,58.43,159.21,1,-1,-1,-1
384,530,695.95,324.01,28.69,69.78,1,-1,-1,-1
384,534,744.42,319.65,29.95,70.89,1,-1,-1,-1
384,535,568.90,311.90,39.90,140.10,1,-1,-1,-1
385,397,412.44,266.73,160.92,398.78,1,-1,-1,-1
385,514,1356.70,306.99,42.87,124.62,1,-1,-1,-1
385,519,1198.82,306.03,61.38,154.39,1,-1,-1,-1
385,520,1133.64,295.05,56.63,176.16,1,-1,-1,-1
385,521,1054.15,318.08,29.40,64.07,1,-1,-1,-1
385,526,938.63,309.39,57.17,146.55,1,-1,-1,-1
385,527,861.53,301.24,58.41,158.56,1,-1,-1,-1
385,530,699.00,324.30,28.26,69.99,1,-1,-1,-1
385,534,747.11,320.57,29.78,70.51,1,-1,-1,-1
386,397,396.70,265.93,164.27,405.88,1,-1,-1,-1
386,514,1360.38,307.96,42.60,124.82,1,-1,-1,-1
386,519,1199.07,307.43,61.48,154.18,1,-1,-1,-1
386,520,1135.43,295.81,56.77,176.47,1,-1,-1,-1
386,521,1055.83,318.65,29.45,64.38,1,-1,-1,-1
386,526,938.65,309.99,56.89,146.49,1,-1,-1,-1
386,527,861.59,302.31,58.48,158.25,1,-1,-1,-1
386,530,700.96,323.93,27.94,70.46,1,-1,-1,-1
386,534,747.06,319.87,29.99,70.87,1,-1,-1,-1
387,397,379.78,264.99,167.42,412.12,1,-1,-1,-1
387,519,1199.05,310.03,61.55,154.10,1,-1,-1,-1
387,520,1137.37,297.75,56.85,176.75,1,-1,-1,-1
387,521,1057.26,319.59,29.56,64.60,1,-1,-1,-1
387,526,938.90,311.05,56.68,146.42,1,-1,-1,-1
387,527,862.01,303.77,58.57,158.47,1,-1,-1,-1
387,530,701.90,322.54,28.00,71.46,1,-1,-1,-1
387,534,746.42,319.44,30.42,71.53,1,-1,-1,-1
387,536,1358.30,323.00,39.60,121.10,1,-1,-1,-1
388,397,362.06,263.92,170.89,419.07,1,-1,-1,-1
388,519,1198.60,312.21,61.64,154.01,1,-1,-1,-1
388,520,1138.46,299.88,56.87,176.43,1,-1,-1,-1
388,521,1058.11,320.34,29.62,64.72,1,-1,-1,-1
388,526,938.70,311.41,56.65,146.38,1,-1,-1,-1
388,527,862.34,304.08,58.69,158.25,1,-1,-1,-1
388,530,702.33,321.36,28.16,72.24,1,-1,-1,-1
388,534,745.39,319.00,30.73,72.19,1,-1,-1,-1
388,537,579.10,318.20,37.90,149.10,1,-1,-1,-1
388,538,608.60,322.00,36.10,110.50,1,-1,-1,-1
389,397,343.60,263.80,173.98,426.14,1,-1,-1,-1
389,519,1198.15,314.25,61.48,153.51,1,-1,-1,-1
389,520,1139.04,301.89,56.97,176.12,1,-1,-1,-1
389,526,938.51,311.89,56.49,146.18,1,-1,-1,-1
389,527,862.54,304.46,58.79,158.06,1,-1,-1,-1
389,530,702.61,320.38,28.44,72.99,1,-1,-1,-1
389,534,744.17,319.39,30.90,72.14,1,-1,-1,-1
389,537,574.02,319.85,37.35,146.10,1,-1,-1,-1
389,538,609.06,320.06,33.19,117.96,1,-1,-1,-1
389,539,1051.00,324.70,30.30,65.50,1,-1,-1,-1
390,397,324.46,261.88,177.76,432.86,1,-1,-1,-1
390,519,1197.47,315.46,61.31,152.98,1,-1,-1,-1
390,520,1139.36,302.77,57.21,176.21,1,-1,-1,-1
390,526,938.05,311.71,56.32,146.36,1,-1,-1,-1
390,527,862.80,303.98,58.96,157.97,1,-1,-1,-1
390,530,703.09,318.71,28.85,73.85,1,-1,-1,-1
390,534,743.92,318.63,31.09,72.47,1,-1,-1,-1
390,537,570.76,315.53,40.30,145.86,1,-1,-1,-1
390,538,611.83,315.04,33.63,115.82,1,-1,-1,-1
390,539,1050.97,322.94,29.66,66.14,1,-1,-1,-1
391,397,304.80,260.30,182.14,438.94,1,-1,-1,-1
391,519,1196.55,315.67,61.11,152.66,1,-1,-1,-1
391,520,1139.24,302.75,57.49,176.61,1,-1,-1,-1
391,526,937.66,311.48,56.16,146.40,1,-1,-1,-1
391,527,862.94,303.16,59.18,158.28,1,-1,-1,-1
391,530,703.47,317.18,29.36,74.80,1,-1,-1,-1
391,534,743.02,317.95,31.32,73.07,1,-1,-1,-1
391,537,569.72,312.45,41.68,145.77,1,-1,-1,-1
391,538,612.74,310.74,34.70,115.81,1,-1,-1,-1
391,539,1050.54,321.70,29.92,66.74,1,-1,-1,-1
392,397,281.45,259.69,187.80,446.41,1,-1,-1,-1
392,519,1194.90,315.23,61.23,152.96,1,-1,-1,-1
392,520,1138.94,302.15,57.88,177.23,1,-1,-1,-1
392,526,937.11,311.30,55.98,146.23,1,-1,-1,-1
392,527,862.64,302.35,59.40,158.89,1,-1,-1,-1
392,530,703.43,316.18,29.64,75.35,1,-1,-1,-1
392,534,741.96,317.23,31.43,73.53,1,-1,-1,-1
392,537,567.99,311.37,42.59,146.39,1,-1,-1,-1
392,538,612.32,308.69,35.46,115.00,1,-1,-1,-1
392,539,1050.65,320.08,29.98,66.99,1,-1,-1,-1
393,397,260.11,258.11,192.92,454.64,1,-1,-1,-1
393,519,1193.31,314.59,61.36,153.17,1,-1,-1,-1
393,520,1138.52,301.31,58.38,177.81,1,-1,-1,-1
393,526,936.96,310.95,55.94,146.17,1,-1,-1,-1
393,527,862.42,301.43,59.62,159.42,1,-1,-1,-1
393,530,703.42,315.05,30.09,75.92,1,-1,-1,-1
393,534,741.07,316.43,31.60,73.90,1,-1,-1,-1
393,537,566.61,310.01,43.30,146.58,1,-1,-1,-1
393,538,612.40,306.11,36.74,114.23,1,-1,-1,-1
393,539,1050.41,319.27,30.16,67.55,1,-1,-1,-1
394,397,238.22,255.66,197.06,460.94,1,-1,-1,-1
394,519,1191.88,313.91,61.56,153.44,1,-1,-1,-1
394,520,1137.92,300.31,58.93,178.57,1,-1,-1,-1
394,526,936.75,310.66,55.93,146.31,1,-1,-1,-1
394,527,862.17,300.66,59.82,159.92,1,-1,-1,-1
394,530,703.34,314.32,30.45,76.32,1,-1,-1,-1
394,534,740.51,316.04,31.62,74.09,1,-1,-1,-1
394,537,565.36,308.89,43.84,147.01,1,-1,-1,-1
394,538,612.21,304.71,37.52,113.65,1,-1,-1,-1
394,539,1050.29,319.16,30.21,67.91,1,-1,-1,-1
395,397,218.69,254.77,199.82,467.87,1,-1,-1,-1
395,519,1190.64,313.65,61.74,153.75,1,-1,-1,-1
395,520,1137.68,299.72,59.31,179.23,1,-1,-1,-1
395,526,936.31,310.76,55.90,146.31,1,-1,-1,-1
395,527,861.92,300.39,59.97,160.31,1,-1,-1,-1
395,530,703.28,314.13,30.73,76.65,1,-1,-1,-1
395,534,739.97,315.89,31.39,74.33,1,-1,-1,-1
395,537,563.92,308.78,44.20,147.26,1,-1,-1,-1
395,538,611.35,305.17,38.33,113.88,1,-1,-1,-1
395,539,1050.75,319.86,30.14,67.96,1,-1,-1,-1
396,397,201.76,251.38,201.25,474.76,1,-1,-1,-1
396,519,1189.50,312.85,61.90,154.03,1,-1,-1,-1
396,520,1138.03,298.91,59.49,179.78,1,-1,-1,-1
396,526,936.11,310.40,56.02,146.36,1,-1,-1,-1
396,527,861.94,299.90,59.97,160.48,1,-1,-1,-1
396,530,702.95,313.66,31.02,76.93,1,-1,-1,-1
396,534,739.63,315.20,31.29,74.63,1,-1,-1,-1
396,537,563.32,307.55,44.18,147.15,1,-1,-1,-1
396,538,610.37,304.57,38.92,113.29,1,-1,-1,-1
396,539,1051.08,319.56,30.15,68.27,1,-1,-1,-1
396,540,370.00,255.10,106.00,337.10,1,-1,-1,-1
397,397,185.93,249.75,201.25,483.32,1,-1,-1,-1
397,519,1189.38,312.24,62.05,153.94,1,-1,-1,-1
397,520,1138.92,298.36,59.55,179.93,1,-1,-1,-1
397,526,936.29,309.74,56.14,146.75,1,-1,-1,-1
397,527,861.84,299.63,59.95,160.37,1,-1,-1,-1
397,530,703.28,313.24,31.01,76.82,1,-1,-1,-1
397,534,738.49,314.28,30.79,74.35,1,-1,-1,-1
397,537,562.55,307.72,44.13,146.95,1,-1,-1,-1
397,538,611.03,305.62,39.73,113.17,1,-1,-1,-1
397,539,1052.77,319.26,30.08,68.93,1,-1,-1,-1
397,540,355.05,254.33,121.64,333.28,1,-1,-1,-1
398,397,171.78,247.28,199.14,491.59,1,-1,-1,-1
398,519,1190.29,312.29,62.03,154.06,1,-1,-1,-1
398,520,1140.31,298.07,59.63,179.93,1,-1,-1,-1
398,526,937.45,309.54,56.19,146.99,1,-1,-1,-1
398,527,861.94,299.53,59.80,160.08,1,-1,-1,-1
398,530,702.83,313.13,31.14,77.04,1,-1,-1,-1
398,534,737.73,314.22,31.03,74.74,1,-1,-1,-1
398,537,562.75,308.51,44.42,147.09,1,-1,-1,-1
398,538,611.41,306.62,40.19,113.37,1,-1,-1,-1
398,539,1054.92,319.66,29.92,68.72,1,-1,-1,-1
398,540,349.50,256.54,126.74,333.10,1,-1,-1,-1
398,541,1029.40,327.70,22.80,44.90,1,-1,-1,-1
399,397,155.70,244.63,199.42,499.37,1,-1,-1,-1
399,519,1191.83,311.44,61.95,153.42,1,-1,-1,-1
399,520,1142.51,297.40,60.37,180.46,1,-1,-1,-1
399,526,938.46,308.25,56.61,147.94,1,-1,-1,-1
399,527,862.06,298.48,59.86,160.48,1,-1,-1,-1
399,530,702.55,313.35,31.26,77.51,1,-1,-1,-1
399,534,737.87,313.84,31.08,74.74,1,-1,-1,-1
399,537,563.11,307.30,44.31,146.55,1,-1,-1,-1
399,538,612.76,306.27,40.79,113.62,1,-1,-1,-1
399,539,1058.03,318.70,29.87,68.47,1,-1,-1,-1
399,540,348.42,253.62,127.68,338.02,1,-1,-1,-1
399,542,1012.70,323.80,27.50,50.80,1,-1,-1,-1
400,397,135.09,240.64,200.83,508.27,1,-1,-1,-1
400,519,1194.09,311.66,61.91,153.30,1,-1,-1,-1
400,520,1144.93,296.66,60.49,180.86,1,-1,-1,-1
400,526,939.77,307.94,56.77,148.14,1,-1,-1,-1
400,527,862.33,298.19,59.76,160.16,1,-1,-1,-1
400,530,702.49,312.75,31.18,77.55,1,-1,-1,-1
400,534,737.67,313.12,31.28,74.94,1,-1,-1,-1
400,537,563.16,306.71,44.35,146.59,1,-1,-1,-1
400,538,613.78,306.43,41.18,113.46,1,-1,-1,-1
400,539,1060.59,317.40,29.93,68.66,1,-1,-1,-1
400,540,348.62,255.25,128.09,338.37,1,-1,-1,-1
400,542,1012.82,323.77,23.50,45.80,1,-1,-1,-1
401,397,112.21,236.44,205.21,515.94,1,-1,-1,-1
401,519,1197.02,310.79,61.84,153.05,1,-1,-1,-1
401,520,1147.88,295.59,60.38,181.43,1,-1,-1,-1
401,526,941.18,306.77,56.98,148.77,1,-1,-1,-1
401,527,862.64,297.00,59.83,160.39,1,-1,-1,-1
401,530,701.80,311.95,31.20,77.79,1,-1,-1,-1
401,534,737.72,311.46,31.21,74.73,1,-1,-1,-1
401,537,563.55,305.44,44.47,146.41,1,-1,-1,-1
401,538,614.66,305.25,41.57,113.79,1,-1,-1,-1
401,539,1062.99,316.30,30.10,68.61,1,-1,-1,-1
401,540,350.41,251.53,127.59,338.92,1,-1,-1,-1
401,542,1005.40,322.79,23.60,45.99,1,-1,-1,-1
402,397,86.33,232.66,210.92,525.12,1,-1,-1,-1
402,519,1200.11,309.34,61.91,152.80,1,-1,-1,-1
402,520,1151.74,293.47,60.19,181.78,1,-1,-1,-1
402,526,943.67,305.09,57.09,149.32,1,-1,-1,-1
402,527,862.08,294.87,59.83,160.84,1,-1,-1,-1
402,530,701.37,310.61,31.20,77.98,1,-1,-1,-1
402,534,737.66,309.24,31.54,75.05,1,-1,-1,-1
402,537,563.85,303.14,44.82,146.85,1,-1,-1,-1
402,538,616.15,304.22,41.78,114.11,1,-1,-1,-1
402,539,1065.77,314.43,30.19,68.40,1,-1,-1,-1
402,540,348.07,247.91,129.37,342.14,1,-1,-1,-1
403,397,60.49,230.02,216.56,533.12,1,-1,-1,-1
403,519,1202.91,307.56,61.90,152.68,1,-1,-1,-1
403,520,1155.17,291.26,59.79,182.15,1,-1,-1,-1
403,526,945.35,303.09,57.27,149.60,1,-1,-1,-1
403,527,861.38,292.56,59.85,161.27,1,-1,-1,-1
403,530,701.05,308.95,31.11,78.05,1,-1,-1,-1
403,534,737.76,307.13,31.60,74.90,1,-1,-1,-1
403,537,563.95,300.73,45.04,146.71,1,-1,-1,-1
403,538,617.40,302.77,41.90,113.88,1,-1,-1,-1
403,539,1068.35,312.08,30.29,68.26,1,-1,-1,-1
403,540,342.36,244.43,132.90,346.11,1,-1,-1,-1
404,397,37.34,225.09,222.65,544.08,1,-1,-1,-1
404,519,1205.19,305.22,61.86,153.00,1,-1,-1,-1
404,520,1158.25,288.67,59.54,182.64,1,-1,-1,-1
404,526,947.12,300.56,57.32,149.84,1,-1,-1,-1
404,527,860.54,290.11,59.74,161.67,1,-1,-1,-1
404,530,700.99,306.79,31.11,78.21,1,-1,-1,-1
404,534,737.82,304.68,31.50,74.74,1,-1,-1,-1
404,537,563.95,297.83,45.11,146.59,1,-1,-1,-1
404,538,618.71,300.94,42.15,113.86,1,-1,-1,-1
404,539,1071.16,309.67,30.25,67.85,1,-1,-1,-1
404,540,335.70,242.08,137.34,348.64,1,-1,-1,-1
404,543,922.80,312.50,40.30,95.50,1,-1,-1,-1
405,397,18.45,222.08,227.38,553.56,1,-1,-1,-1
405,519,1206.73,303.11,61.80,153.31,1,-1,-1,-1
405,520,1161.04,286.51,59.31,183.48,1,-1,-1,-1
405,526,948.79,298.55,57.36,150.03,1,-1,-1,-1
405,527,859.72,287.69,59.74,161.90,1,-1,-1,-1
405,530,700.48,304.19,31.20,78.87,1,-1,-1,-1
405,534,737.98,302.34,31.48,74.84,1,-1,-1,-1
405,537,564.01,295.55,45.18,146.69,1,-1,-1,-1
405,538,620.10,298.87,42.28,113.69,1,-1,-1,-1
405,539,1073.50,307.26,30.19,67.68,1,-1,-1,-1
405,540,331.25,239.14,139.96,352.17,1,-1,-1,-1
405,543,921.89,312.93,39.85,91.77,1,-1,-1,-1
406,397,3.05,220.53,230.58,561.47,1,-1,-1,-1
406,519,1207.84,301.09,61.75,153.68,1,-1,-1,-1
406,520,1163.39,284.50,59.02,184.25,1,-1,-1,-1
406,526,950.22,296.78,57.39,150.19,1,-1,-1,-1
406,527,859.05,285.50,59.72,162.23,1,-1,-1,-1
406,530,700.12,302.00,31.28,79.44,1,-1,-1,-1
406,534,738.06,300.12,31.49,74.89,1,-1,-1,-1
406,537,563.80,293.75,45.29,146.66,1,-1,-1,-1
406,538,621.02,297.21,42.45,113.59,1,-1,-1,-1
406,539,1075.27,305.15,30.10,67.34,1,-1,-1,-1
406,540,324.24,237.31,143.76,353.06,1,-1,-1,-1
406,543,919.89,312.98,40.06,90.35,1,-1,-1,-1
407,397,-9.82,218.12,230.77,569.49,1,-1,-1,-1
407,519,1208.71,299.37,61.70,154.36,1,-1,-1,-1
407,520,1165.96,282.07,58.56,185.19,1,-1,-1,-1
407,526,951.50,295.28,57.33,150.13,1,-1,-1,-1
407,527,858.37,283.41,59.63,162.50,1,-1,-1,-1
407,530,700.24,299.46,31.40,79.94,1,-1,-1,-1
407,534,737.55,297.36,31.20,74.91,1,-1,-1,-1
407,537,563.69,291.90,45.51,146.81,1,-1,-1,-1
407,538,622.68,295.62,42.44,113.58,1,-1,-1,-1
407,539,1077.97,302.97,29.95,67.33,1,-1,-1,-1
407,540,319.65,235.25,147.08,355.61,1,-1,-1,-1
407,543,918.52,310.57,39.75,86.82,1,-1,-1,-1
408,397,-20.57,216.60,229.71,576.90,1,-1,-1,-1
408,519,1209.37,298.34,61.58,154.88,1,-1,-1,-1
408,520,1168.61,280.86,58.30,185.98,1,-1,-1,-1
408,526,952.54,294.79,57.11,149.92,1,-1,-1,-1
408,527,858.06,281.76,59.78,162.67,1,-1,-1,-1
408,530,700.40,297.69,31.62,80.19,1,-1,-1,-1
408,534,737.60,295.70,31.32,74.89,1,-1,-1,-1
408,537,563.46,290.59,45.86,146.88,1,-1,-1,-1
408,538,624.19,293.95,42.46,113.37,1,-1,-1,-1
408,539,1080.20,301.92,29.80,67.56,1,-1,-1,-1
408,540,316.33,232.66,149.02,357.93,1,-1,-1,-1
408,543,919.09,312.48,39.94,87.09,1,-1,-1,-1
409,519,1209.92,298.08,61.37,155.20,1,-1,-1,-1
409,520,1171.39,280.75,58.00,186.47,1,-1,-1,-1
409,526,952.83,294.99,57.02,149.89,1,-1,-1,-1
409,527,857.94,281.03,59.83,162.79,1,-1,-1,-1
409,530,700.41,296.64,31.80,80.27,1,-1,-1,-1
409,534,737.48,294.95,31.42,74.92,1,-1,-1,-1
409,537,562.60,289.86,46.17,147.28,1,-1,-1,-1
409,538,625.54,292.89,42.44,113.06,1,-1,-1,-1
409,539,1081.93,301.61,29.65,67.78,1,-1,-1,-1
409,540,313.82,230.63,150.39,359.19,1,-1,-1,-1
409,543,920.25,315.18,40.16,88.11,1,-1,-1,-1
410,519,1210.21,297.68,61.28,155.92,1,-1,-1,-1
410,520,1174.50,280.50,57.38,187.44,1,-1,-1,-1
410,526,952.54,295.08,56.86,149.35,1,-1,-1,-1
410,527,858.10,280.85,59.77,162.91,1,-1,-1,-1
410,530,700.15,296.02,31.89,80.25,1,-1,-1,-1
410,534,737.28,294.66,31.51,75.11,1,-1,-1,-1
410,537,561.58,289.51,46.59,148.06,1,-1,-1,-1
410,538,627.04,292.16,42.37,112.53,1,-1,-1,-1
410,539,1083.73,301.51,29.48,67.92,1,-1,-1,-1
410,540,311.95,228.99,151.28,360.46,1,-1,-1,-1
411,519,1209.87,296.96,60.81,156.72,1,-1,-1,-1
411,520,1177.17,281.38,57.24,188.18,1,-1,-1,-1
411,526,951.36,294.88,56.86,149.19,1,-1,-1,-1
411,527,859.44,281.08,59.78,162.97,1,-1,-1,-1
411,530,700.07,295.96,31.78,80.18,1,-1,-1,-1
411,534,737.00,294.48,31.51,75.07,1,-1,-1,-1
411,537,559.91,290.04,47.36,149.02,1,-1,-1,-1
411,538,627.96,291.92,42.49,112.00,1,-1,-1,-1
411,539,1085.01,302.25,29.54,68.56,1,-1,-1,-1
411,540,309.15,230.29,152.48,361.33,1,-1,-1,-1
411,544,992.10,308.60,29.70,64.90,1,-1,-1,-1
412,519,1209.98,298.05,60.58,157.60,1,-1,-1,-1
412,520,1179.78,283.20,56.91,188.93,1,-1,-1,-1
412,526,950.78,296.24,56.80,148.97,1,-1,-1,-1
412,527,859.76,283.03,59.62,162.94,1,-1,-1,-1
412,530,700.19,297.18,31.57,79.85,1,-1,-1,-1
412,534,736.25,296.36,31.58,75.22,1,-1,-1,-1
412,537,557.89,291.87,48.17,149.89,1,-1,-1,-1
412,538,628.90,293.10,42.37,111.39,1,-1,-1,-1
412,539,1086.20,304.13,29.58,68.95,1,-1,-1,-1
412,540,305.14,231.83,155.01,362.92,1,-1,-1,-1
412,544,995.95,312.98,29.43,65.35,1,-1,-1,-1
413,520,1182.21,285.44,56.87,189.90,1,-1,-1,-1
413,526,951.08,297.56,56.65,148.75,1,-1,-1,-1
413,527,860.10,284.60,59.73,163.10,1,-1,-1,-1
413,530,700.99,298.16,31.32,79.45,1,-1,-1,-1
413,534,736.03,298.15,31.73,75.43,1,-1,-1,-1
413,537,556.53,293.40,48.67,151.10,1,-1,-1,-1
413,538,629.88,294.28,42.26,110.62,1,-1,-1,-1
413,539,1087.27,306.05,29.62,69.54,1,-1,-1,-1
413,540,302.63,232.87,156.76,364.48,1,-1,-1,-1
413,544,998.33,313.53,31.90,67.82,1,-1,-1,-1
413,545,920.00,319.40,43.80,97.20,1,-1,-1,-1
414,520,1184.55,288.48,56.85,190.71,1,-1,-1,-1
414,526,951.20,299.44,56.49,148.93,1,-1,-1,-1
414,527,859.99,286.87,59.84,162.76,1,-1,-1,-1
414,534,735.52,300.25,32.00,75.60,1,-1,-1,-1
414,537,556.14,295.72,48.64,151.91,1,-1,-1,-1
414,538,630.65,296.10,42.33,110.27,1,-1,-1,-1
414,539,1088.23,309.12,29.62,69.85,1,-1,-1,-1
414,540,299.92,236.02,158.51,366.33,1,-1,-1,-1
414,546,715.40,308.50,26.20,72.90,1,-1,-1,-1
414,547,694.20,309.30,27.00,76.30,1,-1,-1,-1
414,548,992.90,318.50,30.40,70.50,1,-1,-1,-1
414,549,1056.80,324.70,20.20,39.80,1,-1,-1,-1
415,520,1187.14,291.01,56.88,191.50,1,-1,-1,-1
415,526,951.11,301.69,56.39,148.97,1,-1,-1,-1
415,527,859.90,289.20,59.93,162.73,1,-1,-1,-1
415,534,734.82,302.62,31.94,75.66,1,-1,-1,-1
415,537,555.50,298.27,48.54,152.42,1,-1,-1,-1
415,538,631.04,298.31,42.41,109.95,1,-1,-1,-1
415,539,1089.32,311.52,29.69,70.42,1,-1,-1,-1
415,540,297.63,239.29,160.15,368.43,1,-1,-1,-1
415,546,716.61,311.32,26.56,71.63,1,-1,-1,-1
415,548,996.79,320.05,28.76,63.14,1,-1,-1,-1
415,549,1052.75,325.08,20.47,39.44,1,-1,-1,-1
416,520,1189.36,293.14,57.05,192.40,1,-1,-1,-1
416,526,951.22,304.10,56.23,148.73,1,-1,-1,-1
416,527,860.19,291.18,59.93,162.50,1,-1,-1,-1
416,534,734.40,305.17,31.92,75.63,1,-1,-1,-1
416,537,554.74,300.58,48.30,152.84,1,-1,-1,-1
416,538,631.41,300.23,42.46,109.57,1,-1,-1,-1
416,539,1090.04,314.16,29.70,70.68,1,-1,-1,-1
416,540,295.88,241.05,162.08,370.25,1,-1,-1,-1
416,548,994.86,321.97,29.74,65.47,1,-1,-1,-1
416,549,1051.79,327.73,20.05,38.89,1,-1,-1,-1
417,520,1191.72,295.02,57.48,193.30,1,-1,-1,-1
417,526,950.59,306.49,56.31,148.52,1,-1,-1,-1
417,527,860.50,293.01,60.01,162.51,1,-1,-1,-1
417,534,734.01,307.77,31.89,75.61,1,-1,-1,-1
417,537,553.29,303.19,48.12,153.53,1,-1,-1,-1
417,538,631.86,302.34,42.50,109.31,1,-1,-1,-1
417,539,1090.71,316.64,29.60,70.57,1,-1,-1,-1
417,540,294.76,243.29,163.89,370.59,1,-1,-1,-1
417,548,995.53,323.08,30.09,64.98,1,-1,-1,-1
417,550,256.90,297.70,61.40,158.50,1,-1,-1,-1
417,551,1056.40,329.50,19.90,37.90,1,-1,-1,-1
418,520,1193.67,296.22,58.07,194.19,1,-1,-1,-1
418,526,949.94,308.11,56.39,148.42,1,-1,-1,-1
418,527,861.29,294.41,60.11,162.60,1,-1,-1,-1
418,534,733.47,309.96,31.84,75.31,1,-1,-1,-1
418,537,551.92,305.11,47.89,153.93,1,-1,-1,-1
418,538,632.18,303.91,42.65,109.10,1,-1,-1,-1
418,539,1091.27,318.35,29.59,70.65,1,-1,-1,-1
418,540,294.11,245.03,165.54,371.57,1,-1,-1,-1
418,548,997.31,322.75,30.17,64.08,1,-1,-1,-1
418,549,1050.57,328.21,19.80,38.83,1,-1,-1,-1
418,550,247.82,299.76,71.04,160.14,1,-1,-1,-1
419,520,1195.29,297.21,58.73,195.10,1,-1,-1,-1
419,526,949.32,310.02,56.29,148.20,1,-1,-1,-1
419,527,861.70,295.81,60.19,162.82,1,-1,-1,-1
419,534,732.95,311.99,31.63,75.01,1,-1,-1,-1
419,537,549.95,307.67,47.90,154.36,1,-1,-1,-1
419,538,632.51,305.78,42.65,108.70,1,-1,-1,-1
419,539,1091.65,319.66,29.54,70.62,1,-1,-1,-1
419,540,294.56,246.90,167.31,373.94,1,-1,-1,-1
419,548,998.28,323.10,30.09,63.27,1,-1,-1,-1
419,550,246.70,303.78,69.68,157.15,1,-1,-1,-1
419,551,1058.10,328.35,19.90,38.81,1,-1,-1,-1
419,552,662.80,314.90,32.70,79.60,1,-1,-1,-1
420,520,1196.43,297.65,59.37,196.21,1,-1,-1,-1
420,526,949.02,311.45,56.30,148.24,1,-1,-1,-1
420,527,862.15,296.96,60.25,162.95,1,-1,-1,-1
420,534,732.18,313.80,31.39,74.65,1,-1,-1,-1
420,537,547.86,309.46,48.00,154.98,1,-1,-1,-1
420,538,633.00,307.19,42.78,108.59,1,-1,-1,-1
420,539,1091.86,320.78,29.54,70.77,1,-1,-1,-1
420,540,294.64,248.57,168.85,375.44,1,-1,-1,-1
420,548,997.44,323.09,30.13,63.35,1,-1,-1,-1
420,550,241.92,306.41,68.93,157.07,1,-1,-1,-1
420,551,1058.38,327.95,20.04,38.90,1,-1,-1,-1
421,520,1197.17,298.04,59.70,197.31,1,-1,-1,-1
421,526,948.65,312.74,56.29,148.32,1,-1,-1,-1
421,527,862.29,298.15,60.28,163.04,1,-1,-1,-1
421,534,731.41,315.58,31.13,74.33,1,-1,-1,-1
421,537,545.30,311.50,48.16,155.64,1,-1,-1,-1
421,538,633.23,309.09,42.75,108.24,1,-1,-1,-1
421,539,1091.80,321.63,29.54,70.88,1,-1,-1,-1
421,540,294.43,250.33,170.84,377.22,1,-1,-1,-1
421,548,996.77,323.58,30.14,63.36,1,-1,-1,-1
421,550,236.45,309.69,68.75,156.77,1,-1,-1,-1
421,551,1061.61,328.38,20.36,39.43,1,-1,-1,-1
422,520,1198.26,298.50,59.36,198.59,1,-1,-1,-1
422,526,948.74,314.11,56.15,148.34,1,-1,-1,-1
422,527,862.41,299.74,60.17,163.01,1,-1,-1,-1
422,534,730.36,317.32,31.01,74.04,1,-1,-1,-1
422,537,542.44,314.15,48.55,155.95,1,-1,-1,-1
422,538,633.63,311.72,42.69,108.13,1,-1,-1,-1
422,539,1091.76,322.55,29.69,71.38,1,-1,-1,-1
422,540,293.72,252.66,172.34,378.43,1,-1,-1,-1
422,548,997.62,323.03,30.18,64.24,1,-1,-1,-1
422,550,226.34,313.16,69.15,156.53,1,-1,-1,-1
422,551,1060.00,329.30,20.42,39.42,1,-1,-1,-1
422,552,667.06,317.85,29.88,82.78,1,-1,-1,-1
422,553,916.30,335.50,41.60,88.70,1,-1,-1,-1
422,554,715.40,321.40,25.80,71.90,1,-1,-1,-1
423,520,1199.58,299.21,58.90,200.17,1,-1,-1,-1
423,526,948.95,315.41,56.02,148.34,1,-1,-1,-1
423,527,862.29,301.46,60.14,163.23,1,-1,-1,-1
423,534,729.73,319.28,30.89,74.00,1,-1,-1,-1
423,537,539.94,316.54,48.82,156.12,1,-1,-1,-1
423,538,634.02,314.68,42.69,107.94,1,-1,-1,-1
423,539,1091.85,324.00,29.80,71.42,1,-1,-1,-1
423,540,293.42,255.94,173.62,379.90,1,-1,-1,-1
423,548,995.23,324.31,30.46,65.39,1,-1,-1,-1
423,550,215.67,316.55,69.57,157.15,1,-1,-1,-1
423,553,916.04,340.06,44.60,84.25,1,-1,-1,-1
424,520,1200.90,299.33,58.36,201.70,1,-1,-1,-1
424,526,949.52,316.21,56.05,148.69,1,-1,-1,-1
424,527,862.09,303.29,60.20,163.46,1,-1,-1,-1
424,534,728.95,321.37,30.74,73.65,1,-1,-1,-1
424,537,537.23,318.71,49.27,156.05,1,-1,-1,-1
424,538,634.42,317.36,42.86,107.95,1,-1,-1,-1
424,539,1092.42,325.55,30.13,71.51,1,-1,-1,-1
424,540,293.01,257.90,175.04,380.88,1,-1,-1,-1
424,550,205.62,317.40,70.50,157.59,1,-1,-1,-1
424,553,918.44,339.44,44.89,86.28,1,-1,-1,-1
424,555,1042.00,334.30,19.50,40.00,1,-1,-1,-1
425,520,1202.22,300.69,57.97,202.47,1,-1,-1,-1
425,526,950.08,317.34,56.10,149.11,1,-1,-1,-1
425,527,861.79,305.62,59.96,163.77,1,-1,-1,-1
425,534,727.38,323.40,30.69,73.41,1,-1,-1,-1
425,537,534.92,321.08,49.63,155.23,1,-1,-1,-1
425,538,634.78,320.11,42.89,107.29,1,-1,-1,-1
425,539,1093.03,326.56,30.36,71.49,1,-1,-1,-1
425,540,295.34,259.82,175.40,382.57,1,-1,-1,-1
425,550,198.03,319.61,71.40,157.92,1,-1,-1,-1
425,553,912.42,338.33,46.99,85.47,1,-1,-1,-1
425,556,1053.70,333.70,21.30,47.30,1,-1,-1,-1
425,557,699.90,329.20,26.50,70.60,1,-1,-1,-1
426,520,1203.91,301.27,57.98,203.70,1,-1,-1,-1
426,526,950.99,318.13,56.09,149.81,1,-1,-1,-1
426,527,861.49,307.30,60.02,164.36,1,-1,-1,-1
426,534,727.02,325.91,30.66,73.26,1,-1,-1,-1
426,537,532.75,322.76,49.88,155.26,1,-1,-1,-1
426,538,635.23,322.24,42.83,106.93,1,-1,-1,-1
426,539,1093.68,328.16,30.64,71.39,1,-1,-1,-1
426,540,297.33,262.13,176.02,384.35,1,-1,-1,-1
426,550,189.64,320.58,73.12,158.05,1,-1,-1,-1
426,553,910.06,337.98,46.16,85.05,1,-1,-1,-1
426,558,267.40,324.30,55.50,150.90,1,-1,-1,-1
426,559,1046.70,338.80,19.20,40.50,1,-1,-1,-1
427,520,1206.05,302.27,57.99,204.74,1,-1,-1,-1
427,526,952.27,319.55,56.18,150.09,1,-1,-1,-1
427,527,861.67,309.16,60.01,164.66,1,-1,-1,-1
427,534,725.40,328.50,30.70,73.69,1,-1,-1,-1
427,537,530.74,324.48,50.30,155.20,1,-1,-1,-1
427,538,637.21,324.40,42.71,106.53,1,-1,-1,-1
427,539,1095.17,329.35,30.88,70.99,1,-1,-1,-1
427,540,300.01,264.10,176.47,386.36,1,-1,-1,-1
427,550,182.16,324.42,74.97,158.65,1,-1,-1,-1
427,553,909.73,339.92,47.40,83.93,1,-1,-1,-1
427,557,706.05,332.28,27.77,74.51,1,-1,-1,-1
427,558,263.35,328.36,51.41,144.26,1,-1,-1,-1
427,559,1046.79,337.11,21.29,42.50,1,-1,-1,-1
427,560,675.50,331.10,45.30,78.30,1,-1,-1,-1
428,520,1207.89,302.43,58.05,206.04,1,-1,-1,-1
428,526,953.23,320.66,56.13,150.27,1,-1,-1,-1
428,527,861.62,310.72,60.04,164.73,1,-1,-1,-1
428,534,724.74,330.65,30.60,73.79,1,-1,-1,-1
428,537,528.54,325.80,50.33,155.73,1,-1,-1,-1
428,538,638.59,325.81,42.74,106.19,1,-1,-1,-1
428,539,1096.13,330.44,31.00,70.47,1,-1,-1,-1
428,540,303.63,266.14,177.52,388.00,1,-1,-1,-1
428,550,175.90,326.12,76.66,158.66,1,-1,-1,-1
428,553,910.10,342.53,47.74,81.85,1,-1,-1,-1
428,558,258.55,329.36,56.39,145.43,1,-1,-1,-1
428,561,1002.20,326.30,39.20,63.90,1,-1,-1,-1
428,562,1041.40,338.70,21.80,42.30,1,-1,-1,-1
429,520,1209.91,302.53,58.16,207.20,1,-1,-1,-1
429,526,954.71,321.21,56.13,150.31,1,-1,-1,-1
429,527,862.00,311.51,59.95,164.34,1,-1,-1,-1
429,534,724.32,332.48,30.60,73.64,1,-1,-1,-1
429,537,527.28,326.64,50.35,156.19,1,-1,-1,-1
429,538,640.43,327.02,42.75,105.93,1,-1,-1,-1
429,539,1097.28,330.77,31.19,70.24,1,-1,-1,-1
429,540,307.01,266.66,177.99,389.72,1,-1,-1,-1
429,550,169.44,328.08,78.31,158.66,1,-1,-1,-1
429,553,911.80,342.95,47.14,80.78,1,-1,-1,-1
429,558,257.39,330.95,58.52,146.87,1,-1,-1,-1
429,560,671.73,329.99,45.75,80.12,1,-1,-1,-1
429,561,999.42,325.23,43.56,68.72,1,-1,-1,-1
429,562,1034.97,336.44,22.16,44.94,1,-1,-1,-1
430,520,1212.04,301.76,58.07,208.15,1,-1,-1,-1
430,526,956.31,321.12,56.09,150.38,1,-1,-1,-1
430,527,862.32,311.48,60.02,163.73,1,-1,-1,-1
430,534,724.45,333.56,30.55,73.84,1,-1,-1,-1
430,537,525.97,327.35,50.38,157.04,1,-1,-1,-1
430,538,642.39,327.61,42.67,105.74,1,-1,-1,-1
430,539,1098.44,330.25,31.23,70.24,1,-1,-1,-1
430,540,312.03,267.74,178.93,390.64,1,-1,-1,-1
430,550,164.34,329.03,79.81,159.00,1,-1,-1,-1
430,553,913.47,342.55,46.52,80.13,1,-1,-1,-1
430,558,256.17,330.54,60.21,148.34,1,-1,-1,-1
430,561,1000.77,326.63,43.01,70.19,1,-1,-1,-1
430,562,1031.49,333.37,21.89,46.31,1,-1,-1,-1
431,520,1214.21,300.25,57.98,209.31,1,-1,-1,-1
431,526,957.72,320.91,56.01,150.40,1,-1,-1,-1
431,527,862.62,310.95,60.10,163.84,1,-1,-1,-1
431,534,723.83,334.10,30.53,73.87,1,-1,-1,-1
431,537,524.68,327.49,50.55,157.37,1,-1,-1,-1
431,538,644.01,328.00,42.51,105.52,1,-1,-1,-1
431,539,1099.90,329.21,31.35,70.32,1,-1,-1,-1
431,540,316.90,267.77,179.82,392.57,1,-1,-1,-1
431,550,159.77,330.04,81.53,159.76,1,-1,-1,-1
431,553,914.50,341.70,45.88,79.90,1,-1,-1,-1
431,558,253.80,330.30,61.75,149.33,1,-1,-1,-1
431,562,1027.35,331.81,21.99,46.83,1,-1,-1,-1
431,563,708.30,331.10,28.70,69.70,1,-1,-1,-1
432,520,1216.63,298.35,57.92,210.36,1,-1,-1,-1
432,526,958.57,319.71,55.88,150.33,1,-1,-1,-1
432,527,862.17,309.23,60.17,163.88,1,-1,-1,-1
432,534,723.04,333.47,30.39,73.75,1,-1,-1,-1
432,537,522.77,327.04,50.73,159.13,1,-1,-1,-1
432,538,644.72,327.46,42.50,105.60,1,-1,-1,-1
432,539,1100.91,327.56,31.45,70.39,1,-1,-1,-1
432,540,322.50,267.00,180.98,394.37,1,-1,-1,-1
432,550,152.66,329.73,83.73,159.80,1,-1,-1,-1
432,553,915.24,340.20,45.45,79.16,1,-1,-1,-1
432,558,244.99,326.58,63.91,149.63,1,-1,-1,-1
432,563,707.52,327.20,28.97,71.15,1,-1,-1,-1
432,564,1035.00,327.20,20.20,45.40,1,-1,-1,-1
433,520,1218.78,296.74,57.93,211.39,1,-1,-1,-1
433,526,958.87,318.21,55.77,150.56,1,-1,-1,-1
433,527,861.22,308.03,60.27,163.72,1,-1,-1,-1
433,534,721.72,332.67,30.36,73.74,1,-1,-1,-1
433,537,521.08,326.88,50.61,160.14,1,-1,-1,-1
433,538,644.86,326.80,42.42,105.61,1,-1,-1,-1
433,539,1101.52,325.42,31.64,70.92,1,-1,-1,-1
433,540,326.05,266.47,181.10,396.68,1,-1,-1,-1
433,550,144.33,329.41,85.07,160.35,1,-1,-1,-1
433,553,914.85,338.71,45.55,77.64,1,-1,-1,-1
433,558,238.00,324.16,64.75,149.85,1,-1,-1,-1
433,564,1034.49,325.90,19.84,45.22,1,-1,-1,-1
434,520,1219.88,294.86,58.17,212.52,1,-1,-1,-1
434,526,957.97,317.42,55.68,150.41,1,-1,-1,-1
434,527,859.66,306.50,60.49,164.34,1,-1,-1,-1
434,534,719.73,332.17,30.31,73.81,1,-1,-1,-1
434,537,519.13,326.64,50.38,161.53,1,-1,-1,-1
434,538,644.43,326.25,42.40,105.66,1,-1,-1,-1
434,539,1101.66,323.72,31.81,71.46,1,-1,-1,-1
434,540,328.28,266.21,181.32,398.72,1,-1,-1,-1
434,550,134.36,328.72,85.84,161.35,1,-1,-1,-1
434,553,913.69,338.84,45.67,76.96,1,-1,-1,-1
434,558,229.74,323.21,65.57,149.49,1,-1,-1,-1
434,564,1031.50,325.45,19.87,45.45,1,-1,-1,-1
434,565,1000.50,313.20,31.70,69.20,1,-1,-1,-1
434,566,1044.00,326.10,19.80,42.40,1,-1,-1,-1
435,520,1220.59,293.51,58.22,213.42,1,-1,-1,-1
435,526,956.35,316.63,55.73,150.25,1,-1,-1,-1
435,527,857.72,305.01,60.67,164.44,1,-1,-1,-1
435,534,717.78,331.07,30.31,73.81,1,-1,-1,-1
435,537,516.64,325.92,50.30,162.63,1,-1,-1,-1
435,538,643.37,325.59,42.39,105.77,1,-1,-1,-1
435,539,1101.30,322.33,32.00,72.00,1,-1,-1,-1
435,540,330.45,262.74,181.93,400.50,1,-1,-1,-1
435,550,124.77,328.23,86.43,161.64,1,-1,-1,-1
435,553,912.73,338.10,45.66,76.61,1,-1,-1,-1
435,558,222.06,322.11,67.02,149.51,1,-1,-1,-1
435,564,1032.09,324.27,19.88,44.87,1,-1,-1,-1
435,565,1000.16,319.61,30.79,61.93,1,-1,-1,-1
435,566,1045.09,325.54,19.80,41.04,1,-1,-1,-1
436,520,1220.66,292.11,58.42,214.59,1,-1,-1,-1
436,526,954.56,315.41,55.83,150.13,1,-1,-1,-1
436,527,855.86,303.32,60.73,164.37,1,-1,-1,-1
436,534,716.59,329.69,30.32,73.62,1,-1,-1,-1
436,537,514.02,324.41,50.22,163.30,1,-1,-1,-1
436,538,642.08,324.53,42.31,105.76,1,-1,-1,-1
436,539,1100.62,321.01,32.16,72.31,1,-1,-1,-1
436,540,331.79,261.49,183.25,401.63,1,-1,-1,-1
436,550,113.90,326.85,86.94,162.38,1,-1,-1,-1
436,553,911.75,337.27,45.44,76.01,1,-1,-1,-1
436,558,215.54,321.08,67.66,149.49,1,-1,-1,-1
436,564,1032.98,324.25,20.11,44.65,1,-1,-1,-1
436,565,1000.76,319.66,30.32,61.87,1,-1,-1,-1
436,566,1049.48,324.87,20.09,41.64,1,-1,-1,-1
437,520,1219.84,291.29,58.74,215.65,1,-1,-1,-1
437,526,952.00,314.53,55.96,150.10,1,-1,-1,-1
437,527,853.45,302.56,60.95,164.12,1,-1,-1,-1
437,534,714.62,328.84,30.29,73.23,1,-1,-1,-1
437,538,640.26,324.23,42.24,105.80,1,-1,-1,-1
437,539,1099.65,320.53,32.17,72.33,1,-1,-1,-1
437,540,332.28,261.04,185.28,404.15,1,-1,-1,-1
437,550,100.76,325.74,87.42,163.49,1,-1,-1,-1
437,553,911.80,335.58,45.28,77.39,1,-1,-1,-1
437,558,206.55,320.63,68.09,149.50,1,-1,-1,-1
437,564,1032.99,325.69,20.21,44.31,1,-1,-1,-1
437,565,999.38,321.80,29.39,61.35,1,-1,-1,-1
437,566,1049.98,327.78,20.52,41.92,1,-1,-1,-1
437,567,673.90,322.50,32.00,77.40,1,-1,-1,-1
438,520,1217.77,290.59,59.65,216.85,1,-1,-1,-1
438,526,949.23,313.88,56.03,150.01,1,-1,-1,-1
438,527,850.91,302.47,60.92,163.79,1,-1,-1,-1
438,534,712.02,328.08,30.08,73.02,1,-1,-1,-1
438,538,637.67,324.06,42.20,105.68,1,-1,-1,-1
438,539,1098.02,320.68,32.27,72.37,1,-1,-1,-1
438,540,330.88,258.77,188.10,406.17,1,-1,-1,-1
438,550,88.92,324.18,88.14,164.48,1,-1,-1,-1
438,558,197.45,320.09,68.52,149.58,1,-1,-1,-1
438,565,996.22,323.40,28.89,61.01,1,-1,-1,-1
438,567,683.46,325.89,30.91,75.58,1,-1,-1,-1
438,568,1040.00,329.30,20.40,40.20,1,-1,-1,-1
439,520,1214.76,290.17,61.11,218.72,1,-1,-1,-1
439,526,946.56,313.70,55.93,149.93,1,-1,-1,-1
439,527,848.50,303.17,60.95,163.62,1,-1,-1,-1
439,534,709.42,328.00,29.97,73.00,1,-1,-1,-1
439,538,634.73,323.93,42.27,105.67,1,-1,-1,-1
439,539,1096.24,321.08,32.37,72.65,1,-1,-1,-1
439,540,331.08,256.85,188.74,408.15,1,-1,-1,-1
439,550,76.06,323.85,88.62,164.41,1,-1,-1,-1
439,558,189.17,320.07,69.14,150.65,1,-1,-1,-1
439,565,995.26,324.96,28.66,60.78,1,-1,-1,-1
439,569,673.90,329.00,30.10,73.70,1,-1,-1,-1
439,570,1046.90,330.30,20.60,40.90,1,-1,-1,-1
440,520,1212.79,290.46,61.77,219.79,1,-1,-1,-1
440,526,943.77,314.00,55.78,149.90,1,-1,-1,-1
440,527,845.68,304.34,60.82,163.99,1,-1,-1,-1
440,538,632.11,324.09,42.31,105.52,1,-1,-1,-1
440,540,329.60,255.27,190.81,410.49,1,-1,-1,-1
440,550,63.91,323.65,89.26,165.35,1,-1,-1,-1
440,558,180.86,320.38,68.72,151.07,1,-1,-1,-1
440,565,994.25,327.37,28.20,60.10,1,-1,-1,-1
440,567,695.26,327.69,31.39,75.06,1,-1,-1,-1
440,571,1086.60,326.60,31.90,72.90,1,-1,-1,-1
440,572,893.30,329.60,34.20,101.50,1,-1,-1,-1
441,520,1212.32,291.10,61.39,221.11,1,-1,-1,-1
441,526,941.40,315.30,55.12,149.59,1,-1,-1,-1
441,527,843.29,305.35,60.73,164.11,1,-1,-1,-1
441,538,629.46,324.61,42.35,105.32,1,-1,-1,-1
441,540,330.00,254.31,192.73,412.41,1,-1,-1,-1
441,550,52.37,324.90,89.90,165.78,1,-1,-1,-1
441,558,172.46,321.65,68.94,151.74,1,-1,-1,-1
441,565,993.86,330.05,27.87,59.50,1,-1,-1,-1
441,567,696.87,329.39,30.67,74.88,1,-1,-1,-1
441,571,1087.59,327.93,31.90,73.72,1,-1,-1,-1
441,572,897.64,340.16,33.84,87.23,1,-1,-1,-1
441,573,716.20,330.50,26.50,62.30,1,-1,-1,-1
442,520,1212.12,293.00,60.60,222.77,1,-1,-1,-1
442,526,938.21,317.99,54.89,149.08,1,-1,-1,-1
442,527,839.99,307.51,60.74,164.16,1,-1,-1,-1
442,534,706.76,330.09,29.58,71.78,1,-1,-1,-1
442,538,626.04,325.66,42.43,105.06,1,-1,-1,-1
442,540,329.38,255.10,194.40,414.26,1,-1,-1,-1
442,550,38.68,325.95,90.83,166.80,1,-1,-1,-1
442,558,162.14,323.62,69.60,152.51,1,-1,-1,-1
442,565,994.10,334.15,27.19,58.50,1,-1,-1,-1
442,571,1084.41,333.94,30.89,72.51,1,-1,-1,-1
442,572,892.84,345.87,41.10,82.81,1,-1,-1,-1
442,574,690.40,336.90,29.70,70.50,1,-1,-1,-1
442,575,651.40,334.00,54.30,75.50,1,-1,-1,-1
443,520,1211.83,295.72,60.07,223.80,1,-1,-1,-1
443,526,934.74,319.85,54.94,149.07,1,-1,-1,-1
443,527,836.78,309.46,60.60,164.72,1,-1,-1,-1
443,538,622.26,326.99,42.46,104.92,1,-1,-1,-1
443,540,328.23,255.01,196.54,416.66,1,-1,-1,-1
443,550,25.33,327.36,92.18,168.01,1,-1,-1,-1
443,558,152.65,325.26,69.60,153.08,1,-1,-1,-1
443,565,992.36,336.57,26.62,57.87,1,-1,-1,-1
443,571,1082.18,334.80,31.09,72.61,1,-1,-1,-1
443,572,889.03,346.52,42.18,80.01,1,-1,-1,-1
443,574,694.88,338.25,27.97,69.59,1,-1,-1,-1
443,576,975.10,332.60,30.40,72.10,1,-1,-1,-1
443,577,675.70,336.90,29.30,72.40,1,-1,-1,-1
444,520,1210.93,296.73,59.37,224.84,1,-1,-1,-1
444,526,930.95,322.13,54.94,148.97,1,-1,-1,-1
444,527,833.46,311.13,60.63,164.81,1,-1,-1,-1
444,538,618.82,327.94,42.61,104.77,1,-1,-1,-1
444,540,326.53,253.11,197.80,419.99,1,-1,-1,-1
444,550,12.31,328.45,92.30,169.20,1,-1,-1,-1
444,558,142.35,327.34,69.95,153.20,1,-1,-1,-1
444,565,991.59,338.39,26.21,57.43,1,-1,-1,-1
444,567,710.84,334.64,29.25,71.47,1,-1,-1,-1
444,571,1080.13,336.07,31.37,73.26,1,-1,-1,-1
444,572,885.37,348.96,44.59,77.84,1,-1,-1,-1
444,574,695.34,339.73,27.60,69.16,1,-1,-1,-1
444,576,975.53,335.06,29.04,65.10,1,-1,-1,-1
444,577,676.95,338.02,28.48,70.95,1,-1,-1,-1
445,520,1209.51,297.89,58.81,225.60,1,-1,-1,-1
445,526,926.85,324.20,55.04,148.82,1,-1,-1,-1
445,527,829.98,312.37,60.62,164.89,1,-1,-1,-1
445,534,705.00,331.83,29.14,70.45,1,-1,-1,-1
445,538,615.65,328.27,42.77,104.79,1,-1,-1,-1
445,540,325.86,253.51,199.46,421.58,1,-1,-1,-1
445,550,0.85,329.47,91.07,170.12,1,-1,-1,-1
445,558,132.55,328.52,70.27,153.66,1,-1,-1,-1
445,571,1078.08,336.78,31.71,73.54,1,-1,-1,-1
445,572,883.95,351.52,44.84,77.62,1,-1,-1,-1
445,574,692.78,338.06,27.77,69.31,1,-1,-1,-1
445,576,975.21,336.97,28.44,62.32,1,-1,-1,-1
445,577,674.97,336.62,28.39,71.31,1,-1,-1,-1
445,578,1003.30,340.00,22.10,50.30,1,-1,-1,-1
446,520,1207.59,298.85,58.20,226.43,1,-1,-1,-1
446,526,923.03,325.96,55.04,148.37,1,-1,-1,-1
446,527,826.44,313.44,60.73,165.06,1,-1,-1,-1
446,538,612.78,329.11,42.81,104.45,1,-1,-1,-1
446,540,326.25,253.75,201.62,422.99,1,-1,-1,-1
446,550,-9.51,331.53,88.10,170.38,1,-1,-1,-1
446,558,123.46,330.49,70.23,153.73,1,-1,-1,-1
446,571,1076.17,336.62,31.98,73.77,1,-1,-1,-1
446,572,881.57,351.93,45.46,77.08,1,-1,-1,-1
446,574,693.08,339.60,27.62,68.98,1,-1,-1,-1
446,576,971.95,338.16,28.07,61.53,1,-1,-1,-1
446,577,668.21,338.99,28.27,71.14,1,-1,-1,-1
446,578,1004.88,341.94,22.01,47.12,1,-1,-1,-1
447,520,1204.90,300.41,57.71,227.20,1,-1,-1,-1
447,526,918.80,327.75,55.54,148.25,1,-1,-1,-1
447,527,821.80,314.30,60.74,164.95,1,-1,-1,-1
447,538,608.97,329.77,42.77,104.50,1,-1,-1,-1
447,540,326.79,253.62,202.90,424.30,1,-1,-1,-1
447,558,113.92,333.21,70.62,153.38,1,-1,-1,-1
447,571,1072.43,335.92,32.40,73.87,1,-1,-1,-1
447,572,879.05,351.76,45.31,76.91,1,-1,-1,-1
447,574,692.29,339.91,27.31,68.59,1,-1,-1,-1
447,576,970.68,338.75,28.08,61.65,1,-1,-1,-1
447,577,663.46,340.05,28.55,70.78,1,-1,-1,-1
447,578,1001.94,341.38,22.20,46.34,1,-1,-1,-1
447,579,639.80,334.30,30.00,83.20,1,-1,-1,-1
447,580,1.00,332.00,45.10,178.30,1,-1,-1,-1
448,520,1202.31,300.99,57.40,228.32,1,-1,-1,-1
448,526,915.23,329.24,55.90,148.28,1,-1,-1,-1
448,527,817.34,315.34,60.75,164.76,1,-1,-1,-1
448,538,605.44,330.39,42.86,104.51,1,-1,-1,-1
448,540,325.14,253.52,204.14,425.53,1,-1,-1,-1
448,558,104.91,335.53,70.89,153.09,1,-1,-1,-1
448,571,1069.61,335.62,32.80,74.10,1,-1,-1,-1
448,572,879.41,351.91,44.83,77.75,1,-1,-1,-1
448,574,693.18,340.38,27.05,67.96,1,-1,-1,-1
448,576,968.84,339.80,28.14,61.72,1,-1,-1,-1
448,577,659.90,340.60,28.87,70.57,1,-1,-1,-1
448,578,1004.14,340.77,22.16,45.57,1,-1,-1,-1
448,579,637.17,334.49,28.73,83.11,1,-1,-1,-1
449,520,1200.01,301.32,57.29,229.44,1,-1,-1,-1
449,526,912.68,330.17,56.08,148.53,1,-1,-1,-1
449,527,813.37,316.02,60.69,164.51,1,-1,-1,-1
449,538,602.36,330.82,42.94,104.76,1,-1,-1,-1
449,540,324.13,253.18,204.99,427.39,1,-1,-1,-1
449,558,96.80,336.97,71.05,152.86,1,-1,-1,-1
449,571,1067.76,335.03,33.12,74.25,1,-1,-1,-1
449,572,875.75,351.77,43.77,77.47,1,-1,-1,-1
449,574,694.05,339.81,26.90,67.51,1,-1,-1,-1
449,576,967.06,340.06,28.24,61.88,1,-1,-1,-1
449,577,656.64,340.44,29.31,71.19,1,-1,-1,-1
449,578,1004.95,340.96,22.10,44.82,1,-1,-1,-1
449,581,1152.00,323.90,50.30,158.50,1,-1,-1,-1
450,520,1198.01,301.21,57.22,230.55,1,-1,-1,-1
450,526,910.30,330.74,56.41,148.61,1,-1,-1,-1
450,527,809.73,317.16,60.53,164.00,1,-1,-1,-1
450,538,599.82,331.10,43.05,104.65,1,-1,-1,-1
450,540,323.73,251.86,205.92,430.68,1,-1,-1,-1
450,558,89.70,338.08,71.21,152.79,1,-1,-1,-1
450,571,1066.46,334.53,33.35,74.33,1,-1,-1,-1
450,572,870.74,351.46,43.65,77.41,1,-1,-1,-1
450,574,694.43,340.24,26.64,66.81,1,-1,-1,-1
450,576,966.11,340.11,28.47,62.18,1,-1,-1,-1
450,577,654.55,340.06,29.70,71.79,1,-1,-1,-1
450,578,1005.00,341.11,21.97,44.46,1,-1,-1,-1
450,581,1151.72,326.81,50.66,154.95,1,-1,-1,-1
451,520,1196.54,300.47,57.36,231.70,1,-1,-1,-1
451,526,908.33,331.30,56.64,148.55,1,-1,-1,-1
451,527,805.98,318.40,60.51,164.01,1,-1,-1,-1
451,538,597.35,332.45,43.00,104.28,1,-1,-1,-1
451,540,324.01,251.29,207.37,432.93,1,-1,-1,-1
451,558,81.83,338.88,71.32,153.10,1,-1,-1,-1
451,571,1065.11,334.47,33.59,74.77,1,-1,-1,-1
451,572,868.39,353.05,43.70,77.04,1,-1,-1,-1
451,574,692.98,341.55,26.57,66.78,1,-1,-1,-1
451,576,965.51,340.43,28.49,61.88,1,-1,-1,-1
451,577,653.82,341.58,29.78,71.49,1,-1,-1,-1
451,578,1004.56,341.75,21.91,43.99,1,-1,-1,-1
451,581,1148.47,326.87,54.27,157.32,1,-1,-1,-1
451,582,643.40,339.80,27.30,75.90,1,-1,-1,-1
452,520,1195.39,299.91,57.85,232.82,1,-1,-1,-1
452,526,907.06,331.80,56.65,148.60,1,-1,-1,-1
452,527,802.90,319.86,60.57,163.52,1,-1,-1,-1
452,538,595.13,333.20,43.07,104.13,1,-1,-1,-1
452,540,322.82,251.57,208.75,434.84,1,-1,-1,-1
452,558,74.79,339.61,71.48,153.60,1,-1,-1,-1
452,571,1064.30,334.82,33.70,74.76,1,-1,-1,-1
452,572,866.44,354.22,43.91,76.52,1,-1,-1,-1
452,574,692.55,342.54,26.46,66.74,1,-1,-1,-1
452,576,965.36,341.06,28.59,61.51,1,-1,-1,-1
452,577,653.24,341.93,29.83,71.57,1,-1,-1,-1
452,578,1005.13,342.89,22.03,44.00,1,-1,-1,-1
452,581,1144.11,326.48,55.07,155.28,1,-1,-1,-1
452,583,675.40,341.30,26.00,71.10,1,-1,-1,-1
453,520,1194.77,300.65,58.49,233.72,1,-1,-1,-1
453,526,906.38,332.67,56.94,149.50,1,-1,-1,-1
453,527,800.00,321.57,60.76,163.15,1,-1,-1,-1
453,538,593.62,334.42,43.20,103.87,1,-1,-1,-1
453,540,322.93,252.62,209.81,435.17,1,-1,-1,-1
453,558,66.99,340.92,71.74,153.44,1,-1,-1,-1
453,571,1064.30,335.95,33.87,75.00,1,-1,-1,-1
453,572,864.79,356.03,43.90,75.73,1,-1,-1,-1
453,576,965.84,342.25,28.70,61.34,1,-1,-1,-1
453,578,1004.83,344.63,22.39,44.13,1,-1,-1,-1
453,581,1141.11,327.80,56.19,154.43,1,-1,-1,-1
453,582,639.05,341.39,28.12,75.72,1,-1,-1,-1
453,584,664.30,346.00,26.90,69.90,1,-1,-1,-1
453,585,683.20,348.00,26.00,67.10,1,-1,-1,-1
454,520,1194.75,301.49,59.27,234.49,1,-1,-1,-1
454,526,906.10,333.25,57.41,150.36,1,-1,-1,-1
454,527,798.39,323.27,60.97,163.21,1,-1,-1,-1
454,538,593.11,335.43,43.37,103.76,1,-1,-1,-1
454,540,323.46,253.98,210.82,436.22,1,-1,-1,-1
454,558,60.27,342.00,71.82,153.88,1,-1,-1,-1
454,571,1064.99,337.17,34.07,74.97,1,-1,-1,-1
454,572,864.79,356.75,43.82,74.89,1,-1,-1,-1
454,574,691.22,345.53,26.39,66.85,1,-1,-1,-1
454,576,966.35,343.64,28.94,61.23,1,-1,-1,-1
454,578,1004.34,346.45,22.61,44.45,1,-1,-1,-1
454,581,1139.20,329.45,56.77,153.11,1,-1,-1,-1
454,582,641.06,341.13,28.59,77.15,1,-1,-1,-1
454,584,662.67,345.95,28.08,70.90,1,-1,-1,-1
455,520,1195.57,302.35,60.10,235.21,1,-1,-1,-1
455,526,906.83,333.58,57.51,151.08,1,-1,-1,-1
455,527,797.59,324.26,60.96,163.30,1,-1,-1,-1
455,538,593.81,336.58,43.36,103.61,1,-1,-1,-1
455,540,324.22,254.48,211.50,438.29,1,-1,-1,-1
455,558,53.74,343.01,71.85,154.33,1,-1,-1,-1
455,571,1066.28,337.83,34.31,75.00,1,-1,-1,-1
455,572,865.92,358.13,43.99,74.39,1,-1,-1,-1
455,574,692.00,346.78,26.50,67.08,1,-1,-1,-1
455,576,967.08,344.02,29.13,61.61,1,-1,-1,-1
455,578,1005.56,346.33,22.67,44.57,1,-1,-1,-1
455,581,1139.08,330.28,57.60,152.57,1,-1,-1,-1
455,584,657.31,343.40,31.78,72.82,1,-1,-1,-1
455,585,681.23,346.69,24.36,66.83,1,-1,-1,-1
456,520,1196.93,303.28,60.94,235.66,1,-1,-1,-1
456,526,907.63,333.88,57.51,151.79,1,-1,-1,-1
456,527,797.28,325.12,60.91,162.91,1,-1,-1,-1
456,538,595.18,337.51,43.53,103.61,1,-1,-1,-1
456,540,324.25,256.50,212.13,439.15,1,-1,-1,-1
456,558,47.98,343.77,71.92,154.55,1,-1,-1,-1
456,574,692.46,348.19,26.56,67.08,1,-1,-1,-1
456,576,968.52,344.95,29.45,61.63,1,-1,-1,-1
456,578,1005.38,347.23,22.71,44.88,1,-1,-1,-1
456,581,1138.57,332.38,58.21,151.57,1,-1,-1,-1
456,586,1078.00,339.20,33.20,79.70,1,-1,-1,-1
456,587,877.60,362.60,44.20,70.40,1,-1,-1,-1
456,588,669.00,346.30,27.20,69.80,1,-1,-1,-1
457,520,1198.10,304.31,61.83,235.76,1,-1,-1,-1
457,526,908.88,334.25,57.43,152.39,1,-1,-1,-1
457,527,797.77,325.79,60.85,162.36,1,-1,-1,-1
457,540,326.03,257.93,213.00,441.76,1,-1,-1,-1
457,558,43.03,344.29,72.39,155.05,1,-1,-1,-1
457,574,694.63,349.48,26.41,66.95,1,-1,-1,-1
457,576,969.39,345.38,29.52,61.70,1,-1,-1,-1
457,578,1005.07,347.71,22.59,44.89,1,-1,-1,-1
457,581,1138.66,334.03,58.77,150.96,1,-1,-1,-1
457,585,683.55,348.73,25.01,67.39,1,-1,-1,-1
457,586,1079.87,339.57,33.02,79.15,1,-1,-1,-1
457,587,878.20,363.97,46.56,72.22,1,-1,-1,-1
457,588,659.71,343.38,34.47,75.35,1,-1,-1,-1
457,589,608.30,343.00,43.50,100.10,1,-1,-1,-1
458,520,1198.86,304.67,63.84,236.62,1,-1,-1,-1
458,526,910.57,334.19,57.26,152.46,1,-1,-1,-1
458,527,799.05,325.82,60.87,162.28,1,-1,-1,-1
458,540,327.34,259.53,213.31,442.91,1,-1,-1,-1
458,558,37.50,344.84,72.71,155.41,1,-1,-1,-1
458,574,695.38,350.21,26.34,66.88,1,-1,-1,-1
458,576,970.06,345.90,29.37,61.76,1,-1,-1,-1
458,581,1139.38,333.12,58.88,150.20,1,-1,-1,-1
458,586,1081.12,337.31,33.39,79.61,1,-1,-1,-1
458,587,878.48,362.65,46.92,72.78,1,-1,-1,-1
458,589,609.63,340.89,42.23,101.65,1,-1,-1,-1
458,590,998.70,348.40,21.80,47.50,1,-1,-1,-1
458,591,673.90,347.40,26.30,69.10,1,-1,-1,-1
459,520,1199.42,304.06,66.12,237.66,1,-1,-1,-1
459,526,912.24,333.56,57.01,152.45,1,-1,-1,-1
459,527,800.60,325.40,60.92,162.40,1,-1,-1,-1
459,540,329.55,259.20,213.43,445.72,1,-1,-1,-1
459,558,32.71,344.38,72.88,155.73,1,-1,-1,-1
459,574,695.74,350.13,26.24,66.88,1,-1,-1,-1
459,576,971.17,345.79,29.21,61.75,1,-1,-1,-1
459,581,1140.44,331.65,58.98,149.54,1,-1,-1,-1
459,586,1081.46,335.21,33.59,78.95,1,-1,-1,-1
459,587,879.99,359.90,47.04,72.72,1,-1,-1,-1
459,589,610.16,337.64,43.12,102.20,1,-1,-1,-1
459,590,995.86,345.77,22.62,48.59,1,-1,-1,-1
459,591,670.74,344.20,26.48,70.65,1,-1,-1,-1
460,520,1199.86,302.92,68.46,238.74,1,-1,-1,-1
460,526,914.01,332.90,56.74,152.31,1,-1,-1,-1
460,527,802.69,324.60,60.98,162.46,1,-1,-1,-1
460,540,332.13,259.44,214.36,448.73,1,-1,-1,-1
460,558,27.32,343.53,73.26,155.97,1,-1,-1,-1
460,574,697.11,349.77,26.17,66.71,1,-1,-1,-1
460,576,971.79,345.10,29.04,61.51,1,-1,-1,-1
460,581,1141.71,329.57,59.02,149.49,1,-1,-1,-1
460,586,1083.72,333.33,33.64,78.99,1,-1,-1,-1
460,587,880.69,357.37,47.11,73.96,1,-1,-1,-1
460,589,611.28,337.63,43.38,102.89,1,-1,-1,-1
460,590,992.51,343.74,22.85,49.84,1,-1,-1,-1
460,591,671.38,343.25,26.78,70.14,1,-1,-1,-1
461,520,1200.50,301.37,70.56,239.85,1,-1,-1,-1
461,526,915.49,332.27,56.56,152.03,1,-1,-1,-1
461,527,804.65,323.55,61.01,162.50,1,-1,-1,-1
461,540,332.24,259.15,216.16,451.03,1,-1,-1,-1
461,558,22.55,342.26,73.49,156.11,1,-1,-1,-1
461,574,698.48,349.01,26.18,66.71,1,-1,-1,-1
461,576,971.59,344.50,29.11,61.66,1,-1,-1,-1
461,581,1142.13,327.25,59.07,149.61,1,-1,-1,-1
461,586,1084.75,331.62,33.68,79.14,1,-1,-1,-1
461,587,881.28,355.62,47.17,74.65,1,-1,-1,-1
461,589,612.36,337.13,43.33,103.35,1,-1,-1,-1
461,590,993.56,341.77,22.77,50.22,1,-1,-1,-1
461,591,672.56,342.12,26.88,69.67,1,-1,-1,-1
462,520,1201.48,300.22,71.88,241.04,1,-1,-1,-1
462,526,916.76,331.53,56.47,151.86,1,-1,-1,-1
462,527,806.08,322.73,60.97,162.43,1,-1,-1,-1
462,540,333.18,258.42,216.15,452.26,1,-1,-1,-1
462,558,18.40,341.08,73.64,156.26,1,-1,-1,-1
462,574,699.64,348.07,26.21,66.80,1,-1,-1,-1
462,576,971.37,343.93,29.16,61.86,1,-1,-1,-1
462,581,1142.18,325.39,58.92,149.45,1,-1,-1,-1
462,586,1086.35,330.76,33.68,79.42,1,-1,-1,-1
462,587,880.92,354.92,47.21,75.13,1,-1,-1,-1
462,589,612.63,336.76,43.31,103.79,1,-1,-1,-1
462,590,994.93,340.70,22.72,50.52,1,-1,-1,-1
462,591,671.14,341.33,27.04,69.83,1,-1,-1,-1
463,520,1204.08,298.81,72.51,241.98,1,-1,-1,-1
463,526,917.64,330.98,56.42,151.69,1,-1,-1,-1
463,527,807.47,321.82,61.00,162.75,1,-1,-1,-1
463,540,331.04,257.33,216.84,453.93,1,-1,-1,-1
463,558,13.74,339.77,73.82,156.84,1,-1,-1,-1
463,574,700.35,346.74,26.14,66.98,1,-1,-1,-1
463,581,1142.40,324.37,58.98,149.26,1,-1,-1,-1
463,586,1088.72,329.58,33.84,80.06,1,-1,-1,-1
463,587,881.31,354.52,47.13,75.39,1,-1,-1,-1
463,589,613.18,336.36,43.32,103.67,1,-1,-1,-1
463,591,672.78,340.65,27.09,69.53,1,-1,-1,-1
463,592,985.00,337.90,26.00,58.80,1,-1,-1,-1
464,520,1206.86,297.57,72.78,242.95,1,-1,-1,-1
464,526,918.59,330.59,56.38,151.37,1,-1,-1,-1
464,527,808.77,320.98,60.96,163.06,1,-1,-1,-1
464,540,328.83,255.57,217.14,455.73,1,-1,-1,-1
464,558,8.67,338.80,74.13,157.13,1,-1,-1,-1
464,574,700.76,345.42,26.09,67.11,1,-1,-1,-1
464,576,971.96,342.77,29.25,62.37,1,-1,-1,-1
464,581,1142.40,323.75,58.87,149.04,1,-1,-1,-1
464,586,1090.73,328.74,34.00,80.21,1,-1,-1,-1
464,587,881.56,354.11,47.14,75.48,1,-1,-1,-1
464,589,613.42,336.46,43.24,103.71,1,-1,-1,-1
464,591,673.61,339.91,27.06,69.19,1,-1,-1,-1
464,592,988.61,338.85,24.82,55.71,1,-1,-1,-1
465,520,1209.73,296.68,72.88,243.63,1,-1,-1,-1
465,526,919.21,330.07,56.47,151.29,1,-1,-1,-1
465,527,809.89,320.29,60.92,163.18,1,-1,-1,-1
465,540,325.97,253.73,217.90,457.04,1,-1,-1,-1
465,558,3.90,338.21,74.52,157.68,1,-1,-1,-1
465,574,701.33,344.61,26.07,67.25,1,-1,-1,-1
465,576,973.92,341.41,29.19,62.27,1,-1,-1,-1
465,581,1142.37,323.59,58.95,148.92,1,-1,-1,-1
465,586,1091.96,328.64,34.10,80.32,1,-1,-1,-1
465,587,881.72,353.94,47.24,75.28,1,-1,-1,-1
465,589,614.20,337.42,42.99,103.65,1,-1,-1,-1
465,591,675.44,340.31,27.00,68.85,1,-1,-1,-1
465,593,1061.10,338.10,25.30,47.70,1,-1,-1,-1
466,520,1213.37,295.27,73.13,244.81,1,-1,-1,-1
466,526,919.64,329.45,56.61,151.28,1,-1,-1,-1
466,527,810.83,319.49,60.94,163.47,1,-1,-1,-1
466,540,323.01,252.83,218.89,458.92,1,-1,-1,-1
466,558,-0.55,337.45,74.76,158.47,1,-1,-1,-1
466,574,702.68,343.81,26.02,67.13,1,-1,-1,-1
466,581,1142.38,323.15,58.96,148.86,1,-1,-1,-1
466,586,1093.33,328.31,34.23,80.49,1,-1,-1,-1
466,587,881.99,353.66,47.30,75.12,1,-1,-1,-1
466,589,614.42,337.70,43.18,103.78,1,-1,-1,-1
466,591,675.23,340.08,26.86,68.43,1,-1,-1,-1
466,594,1034.70,340.50,22.30,46.90,1,-1,-1,-1
466,595,984.70,339.50,27.20,57.40,1,-1,-1,-1
467,520,1216.15,293.74,73.60,246.11,1,-1,-1,-1
467,526,919.59,328.75,56.58,151.37,1,-1,-1,-1
467,527,810.72,318.97,60.83,163.50,1,-1,-1,-1
467,540,320.80,252.21,217.31,459.44,1,-1,-1,-1
467,558,-4.58,336.54,74.44,158.85,1,-1,-1,-1
467,574,703.21,343.07,26.03,67.04,1,-1,-1,-1
467,576,973.25,341.93,29.50,64.16,1,-1,-1,-1
467,581,1142.38,322.51,58.96,149.15,1,-1,-1,-1
467,586,1094.92,328.73,34.14,80.36,1,-1,-1,-1
467,587,881.08,353.82,47.43,74.82,1,-1,-1,-1
467,589,613.82,337.35,43.24,103.26,1,-1,-1,-1
467,591,674.95,339.89,26.77,68.28,1,-1,-1,-1
467,594,1028.27,341.16,22.57,46.08,1,-1,-1,-1
467,595,987.98,340.02,27.47,57.85,1,-1,-1,-1
468,520,1219.01,294.12,73.63,247.61,1,-1,-1,-1
468,526,920.14,328.57,56.46,151.41,1,-1,-1,-1
468,527,811.76,318.51,60.84,163.78,1,-1,-1,-1
468,540,318.03,252.45,216.83,461.87,1,-1,-1,-1
468,558,-8.05,336.28,73.45,158.93,1,-1,-1,-1
468,574,703.43,343.05,26.02,67.18,1,-1,-1,-1
468,576,975.56,340.87,29.35,63.93,1,-1,-1,-1
468,581,1142.68,323.18,58.92,148.89,1,-1,-1,-1
468,586,1095.71,329.51,34.22,80.31,1,-1,-1,-1
468,587,881.32,353.81,47.46,75.26,1,-1,-1,-1
468,589,614.25,338.34,43.14,103.14,1,-1,-1,-1
468,595,995.90,340.77,26.24,55.63,1,-1,-1,-1
468,596,685.80,342.00,26.80,68.60,1,-1,-1,-1
468,597,1031.60,341.70,20.40,47.10,1,-1,-1,-1
469,520,1221.28,293.82,73.90,248.70,1,-1,-1,-1
469,526,919.98,328.91,56.56,151.40,1,-1,-1,-1
469,527,812.25,319.11,61.15,164.15,1,-1,-1,-1
469,540,315.01,253.42,215.62,463.68,1,-1,-1,-1
469,558,-10.74,336.23,71.95,159.17,1,-1,-1,-1
469,576,975.74,341.23,29.32,64.23,1,-1,-1,-1
469,581,1142.85,324.65,58.88,148.61,1,-1,-1,-1
469,586,1095.51,330.58,34.50,80.70,1,-1,-1,-1
469,587,880.91,354.76,47.40,75.53,1,-1,-1,-1
469,589,614.95,339.68,43.05,102.87,1,-1,-1,-1
469,591,677.15,341.66,26.67,68.13,1,-1,-1,-1
469,594,1013.92,346.69,21.91,46.28,1,-1,-1,-1
469,595,1000.33,343.02,25.41,54.34,1,-1,-1,-1
469,597,1035.48,344.19,20.76,45.28,1,-1,-1,-1
469,598,695.30,346.20,26.60,67.10,1,-1,-1,-1
470,520,1223.33,294.17,73.85,250.25,1,-1,-1,-1
470,526,919.99,329.69,56.48,151.52,1,-1,-1,-1
470,527,811.88,320.14,61.31,163.97,1,-1,-1,-1
470,540,312.43,254.39,213.39,465.59,1,-1,-1,-1
470,558,-12.87,337.29,70.42,158.77,1,-1,-1,-1
470,574,703.73,344.00,25.90,66.99,1,-1,-1,-1
470,576,975.89,342.01,29.30,64.29,1,-1,-1,-1
470,581,1142.39,326.18,58.73,148.55,1,-1,-1,-1
470,586,1094.74,332.16,34.76,80.86,1,-1,-1,-1
470,587,880.34,356.28,47.23,75.37,1,-1,-1,-1
470,589,615.31,340.47,42.82,102.65,1,-1,-1,-1
470,596,685.63,345.73,25.25,67.33,1,-1,-1,-1
470,597,1034.76,346.30,20.78,45.58,1,-1,-1,-1
470,599,998.90,346.90,23.50,51.30,1,-1,-1,-1
471,520,1224.46,294.33,73.73,251.58,1,-1,-1,-1
471,526,919.92,330.33,56.23,151.44,1,-1,-1,-1
471,527,811.16,320.43,61.52,163.98,1,-1,-1,-1
471,540,309.41,255.05,210.98,467.53,1,-1,-1,-1
471,558,-14.43,337.46,68.54,158.55,1,-1,-1,-1
471,574,703.57,344.40,25.83,66.88,1,-1,-1,-1
471,576,975.86,342.47,29.30,64.50,1,-1,-1,-1
471,581,1141.98,327.60,58.68,148.37,1,-1,-1,-1
471,586,1094.36,332.83,35.03,81.18,1,-1,-1,-1
471,587,880.54,356.72,47.19,75.97,1,-1,-1,-1
471,589,615.61,340.81,42.73,102.58,1,-1,-1,-1
471,595,1012.62,344.52,24.24,52.36,1,-1,-1,-1
471,596,684.48,344.91,25.56,66.88,1,-1,-1,-1
471,597,1032.61,346.18,21.08,45.59,1,-1,-1,-1
471,600,582.30,341.20,36.00,84.10,1,-1,-1,-1
472,520,1225.43,294.79,73.75,252.91,1,-1,-1,-1
472,526,919.58,331.55,55.99,151.00,1,-1,-1,-1
472,527,810.11,320.68,61.66,164.26,1,-1,-1,-1
472,540,306.44,256.24,208.81,469.35,1,-1,-1,-1
472,558,-15.86,337.18,65.90,159.43,1,-1,-1,-1
472,576,975.80,343.21,29.26,64.56,1,-1,-1,-1
472,581,1141.00,328.08,59.02,148.55,1,-1,-1,-1
472,586,1094.25,333.65,35.16,81.44,1,-1,-1,-1
472,587,880.97,357.40,46.97,76.57,1,-1,-1,-1
472,589,615.37,341.45,42.53,102.76,1,-1,-1,-1
472,595,1015.99,345.31,23.53,51.12,1,-1,-1,-1
472,596,682.49,345.58,25.54,65.94,1,-1,-1,-1
472,597,1029.91,346.91,21.39,45.54,1,-1,-1,-1
472,598,697.73,347.16,25.24,64.37,1,-1,-1,-1
472,600,580.54,339.76,34.36,85.10,1,-1,-1,-1
473,520,1225.77,295.65,73.82,254.58,1,-1,-1,-1
473,526,918.29,332.53,55.98,150.88,1,-1,-1,-1
473,527,808.21,321.46,61.72,164.24,1,-1,-1,-1
473,540,300.62,257.60,208.19,471.98,1,-1,-1,-1
473,576,974.57,343.81,29.45,64.80,1,-1,-1,-1
473,581,1139.23,328.75,59.30,148.81,1,-1,-1,-1
473,586,1093.16,334.66,35.19,81.90,1,-1,-1,-1
473,587,880.76,358.34,46.73,76.86,1,-1,-1,-1
473,589,615.24,341.86,42.39,103.03,1,-1,-1,-1
473,595,1019.79,345.92,23.11,50.34,1,-1,-1,-1
473,596,680.73,345.33,25.58,65.19,1,-1,-1,-1
473,598,696.22,346.72,25.22,64.39,1,-1,-1,-1
473,600,581.97,337.62,35.48,85.15,1,-1,-1,-1
474,520,1225.80,296.33,73.80,256.14,1,-1,-1,-1
474,526,917.28,333.46,56.02,150.72,1,-1,-1,-1
474,527,806.20,321.83,61.82,164.37,1,-1,-1,-1
474,540,293.72,258.09,209.24,473.90,1,-1,-1,-1
474,576,973.30,344.33,29.64,64.91,1,-1,-1,-1
474,581,1137.66,330.01,59.50,149.03,1,-1,-1,-1
474,586,1092.08,335.50,35.20,82.54,1,-1,-1,-1
474,587,880.36,359.21,46.46,77.09,1,-1,-1,-1
474,589,614.96,342.35,42.28,103.53,1,-1,-1,-1
474,596,679.46,345.30,25.57,64.78,1,-1,-1,-1
474,598,696.07,346.61,24.79,64.00,1,-1,-1,-1
474,600,581.37,336.88,36.34,84.90,1,-1,-1,-1
474,601,1017.20,347.20,21.30,46.70,1,-1,-1,-1
475,520,1225.35,296.80,73.93,257.87,1,-1,-1,-1
475,526,916.04,334.19,56.20,151.01,1,-1,-1,-1
475,527,804.26,322.31,61.89,164.56,1,-1,-1,-1
475,540,287.58,258.29,210.86,476.85,1,-1,-1,-1
475,576,972.48,344.69,29.75,65.09,1,-1,-1,-1
475,581,1136.46,331.35,59.53,149.04,1,-1,-1,-1
475,586,1091.20,336.33,35.28,83.12,1,-1,-1,-1
475,587,879.60,359.82,46.36,77.45,1,-1,-1,-1
475,589,614.89,342.81,42.24,103.79,1,-1,-1,-1
475,596,678.97,345.73,25.57,64.60,1,-1,-1,-1
475,598,694.90,346.73,24.92,64.25,1,-1,-1,-1
475,600,582.51,338.62,36.03,84.47,1,-1,-1,-1
475,601,1016.20,347.48,21.21,46.25,1,-1,-1,-1
476,520,1224.81,296.77,74.14,259.17,1,-1,-1,-1
476,526,915.22,334.64,56.16,151.15,1,-1,-1,-1
476,527,802.43,322.96,61.85,164.60,1,-1,-1,-1
476,540,281.81,257.94,212.42,478.87,1,-1,-1,-1
476,576,972.20,344.88,29.76,65.18,1,-1,-1,-1
476,581,1134.50,332.67,59.90,148.65,1,-1,-1,-1
476,586,1090.43,337.26,35.31,83.63,1,-1,-1,-1
476,587,878.87,360.37,46.17,77.81,1,-1,-1,-1
476,589,614.80,343.24,42.05,104.12,1,-1,-1,-1
476,596,677.51,345.62,25.58,64.75,1,-1,-1,-1
476,598,694.03,346.99,24.58,64.30,1,-1,-1,-1
476,600,581.85,337.97,36.36,84.62,1,-1,-1,-1
476,601,1016.57,347.74,21.35,46.75,1,-1,-1,-1
476,602,645.10,340.80,36.30,77.90,1,-1,-1,-1
477,520,1224.67,297.07,74.40,260.81,1,-1,-1,-1
477,526,914.22,335.02,56.22,151.35,1,-1,-1,-1
477,527,800.10,324.24,61.93,164.28,1,-1,-1,-1
477,540,276.09,258.44,214.39,480.80,1,-1,-1,-1
477,576,972.19,345.22,29.72,65.08,1,-1,-1,-1
477,581,1132.18,333.88,60.43,148.46,1,-1,-1,-1
477,586,1089.66,337.89,35.47,84.09,1,-1,-1,-1
477,587,878.30,361.04,45.96,77.92,1,-1,-1,-1
477,589,614.50,343.86,41.84,104.45,1,-1,-1,-1
477,596,676.24,346.17,25.64,65.09,1,-1,-1,-1
477,598,693.47,347.62,24.48,64.37,1,-1,-1,-1
477,600,580.90,338.70,36.31,84.49,1,-1,-1,-1
477,601,1016.21,348.31,21.30,46.80,1,-1,-1,-1
478,520,1224.62,297.49,75.15,262.78,1,-1,-1,-1
478,526,912.99,335.75,56.12,151.56,1,-1,-1,-1
478,527,797.60,325.11,61.95,164.31,1,-1,-1,-1
478,540,268.65,259.22,217.10,482.76,1,-1,-1,-1
478,576,972.52,345.93,29.74,64.95,1,-1,-1,-1
478,581,1129.99,335.07,60.64,148.42,1,-1,-1,-1
478,586,1089.44,339.09,35.76,84.32,1,-1,-1,-1
478,587,877.44,361.93,45.84,78.40,1,-1,-1,-1
478,589,613.97,344.84,41.70,104.38,1,-1,-1,-1
478,596,676.14,346.77,25.61,65.30,1,-1,-1,-1
478,598,693.16,348.56,24.53,64.52,1,-1,-1,-1
478,600,577.10,340.25,36.51,84.64,1,-1,-1,-1
478,603,1009.40,351.80,22.40,48.80,1,-1,-1,-1
479,520,1224.84,296.60,76.44,264.20,1,-1,-1,-1
479,526,912.19,336.24,55.86,151.89,1,-1,-1,-1
479,527,796.34,325.58,61.89,164.49,1,-1,-1,-1
479,540,263.03,261.47,219.13,483.50,1,-1,-1,-1
479,576,972.76,346.69,29.87,64.47,1,-1,-1,-1
479,581,1128.18,336.22,60.63,148.25,1,-1,-1,-1
479,586,1089.19,340.44,36.08,84.01,1,-1,-1,-1
479,587,876.63,363.11,44.78,78.43,1,-1,-1,-1
479,589,613.81,345.55,41.67,104.02,1,-1,-1,-1
479,596,675.88,347.77,25.66,65.09,1,-1,-1,-1
479,598,695.03,349.99,24.87,64.30,1,-1,-1,-1
479,600,574.16,340.79,36.69,84.40,1,-1,-1,-1
479,603,1001.96,349.66,24.49,51.89,1,-1,-1,-1
479,604,592.90,349.10,31.00,81.40,1,-1,-1,-1
480,520,1225.25,298.05,77.28,265.43,1,-1,-1,-1
480,526,911.19,336.82,55.88,152.41,1,-1,-1,-1
480,527,794.27,327.28,61.84,164.73,1,-1,-1,-1
480,540,257.23,263.57,221.83,485.60,1,-1,-1,-1
480,576,973.47,347.10,29.78,64.26,1,-1,-1,-1
480,581,1125.65,338.32,60.83,148.33,1,-1,-1,-1
480,586,1089.13,342.77,36.42,84.97,1,-1,-1,-1
480,587,875.32,364.03,44.44,78.66,1,-1,-1,-1
480,589,613.54,347.34,41.52,104.00,1,-1,-1,-1
480,603,1001.79,351.25,22.96,50.94,1,-1,-1,-1
480,605,686.00,351.20,25.90,66.60,1,-1,-1,-1
481,520,1225.87,299.57,77.72,266.71,1,-1,-1,-1
481,526,910.57,337.65,55.48,152.16,1,-1,-1,-1
481,527,793.22,328.50,62.00,164.96,1,-1,-1,-1
481,540,253.04,265.53,224.22,486.83,1,-1,-1,-1
481,576,974.16,347.86,29.80,64.40,1,-1,-1,-1
481,581,1124.26,339.63,60.85,148.30,1,-1,-1,-1
481,586,1090.38,344.68,36.63,84.83,1,-1,-1,-1
481,587,875.27,364.32,44.69,79.98,1,-1,-1,-1
481,589,613.76,348.59,41.36,103.84,1,-1,-1,-1
481,596,673.94,349.82,25.78,65.23,1,-1,-1,-1
481,598,694.05,352.54,24.99,64.47,1,-1,-1,-1
481,603,996.72,352.47,23.24,52.57,1,-1,-1,-1
481,606,1026.10,355.30,20.60,46.00,1,-1,-1,-1
482,520,1227.26,299.96,78.49,266.93,1,-1,-1,-1
482,526,910.48,337.92,55.09,152.17,1,-1,-1,-1
482,527,793.30,329.40,61.97,165.22,1,-1,-1,-1
482,540,247.91,268.03,227.16,488.34,1,-1,-1,-1
482,576,975.05,348.35,29.83,64.59,1,-1,-1,-1
482,581,1123.56,339.85,61.06,148.56,1,-1,-1,-1
482,586,1091.63,345.59,36.82,84.49,1,-1,-1,-1
482,587,876.16,364.48,45.14,81.26,1,-1,-1,-1
482,589,614.44,349.42,41.40,103.98,1,-1,-1,-1
482,598,696.13,353.48,25.09,64.51,1,-1,-1,-1
482,603,995.07,355.30,23.43,53.64,1,-1,-1,-1
482,606,1027.29,355.54,20.69,44.73,1,-1,-1,-1
483,520,1230.36,300.95,78.93,268.17,1,-1,-1,-1
483,526,910.95,337.95,54.75,152.07,1,-1,-1,-1
483,527,793.73,329.95,61.87,165.39,1,-1,-1,-1
483,540,243.19,269.12,229.55,490.52,1,-1,-1,-1
483,576,976.57,349.10,29.64,64.78,1,-1,-1,-1
483,581,1123.32,340.29,61.11,148.89,1,-1,-1,-1
483,586,1093.57,345.90,36.80,83.96,1,-1,-1,-1
483,587,877.85,365.16,45.32,82.28,1,-1,-1,-1
483,589,615.84,350.46,41.44,104.46,1,-1,-1,-1
483,598,698.58,354.29,25.19,64.46,1,-1,-1,-1
483,603,995.76,356.17,23.78,54.52,1,-1,-1,-1
483,605,683.74,354.94,26.63,63.42,1,-1,-1,-1
483,606,1031.26,354.37,20.65,43.95,1,-1,-1,-1
483,607,597.00,352.70,33.00,72.90,1,-1,-1,-1
484,520,1235.01,301.25,78.70,269.83,1,-1,-1,-1
484,526,911.45,337.57,54.93,152.48,1,-1,-1,-1
484,527,794.48,330.07,61.95,165.65,1,-1,-1,-1
484,540,238.57,270.03,231.74,492.68,1,-1,-1,-1
484,576,978.90,349.59,29.38,64.73,1,-1,-1,-1
484,581,1124.28,340.36,61.17,148.99,1,-1,-1,-1
484,586,1096.22,345.82,36.85,83.51,1,-1,-1,-1
484,587,879.40,365.08,45.61,83.46,1,-1,-1,-1
484,589,618.04,350.71,41.50,105.04,1,-1,-1,-1
484,596,668.75,351.69,26.32,66.03,1,-1,-1,-1
484,598,700.99,354.51,25.24,64.24,1,-1,-1,-1
484,605,681.40,352.83,25.85,63.84,1,-1,-1,-1
484,606,1034.41,354.12,20.89,43.74,1,-1,-1,-1
484,607,598.36,351.24,32.36,68.99,1,-1,-1,-1
485,520,1239.11,300.76,78.58,271.52,1,-1,-1,-1
485,526,912.19,337.47,55.03,152.85,1,-1,-1,-1
485,527,795.40,329.61,62.15,166.39,1,-1,-1,-1
485,540,233.07,271.27,233.83,495.10,1,-1,-1,-1
485,581,1125.13,340.27,61.30,149.02,1,-1,-1,-1
485,586,1099.00,345.77,36.83,83.31,1,-1,-1,-1
485,587,881.16,364.57,45.69,84.87,1,-1,-1,-1
485,589,620.51,350.62,41.56,105.66,1,-1,-1,-1
485,598,702.91,354.53,25.38,64.29,1,-1,-1,-1
485,603,990.59,356.18,24.62,56.49,1,-1,-1,-1
485,605,676.36,350.11,26.13,66.19,1,-1,-1,-1
485,606,1035.71,353.96,21.15,43.95,1,-1,-1,-1
485,607,599.42,348.98,31.23,66.70,1,-1,-1,-1
486,520,1242.48,300.69,78.47,272.82,1,-1,-1,-1
486,526,912.52,337.42,55.04,152.77,1,-1,-1,-1
486,527,796.60,328.78,62.22,167.22,1,-1,-1,-1
486,540,227.85,273.25,235.84,497.38,1,-1,-1,-1
486,581,1126.39,340.04,61.32,148.82,1,-1,-1,-1
486,586,1101.60,345.38,36.93,83.43,1,-1,-1,-1
486,587,882.96,363.89,45.78,86.39,1,-1,-1,-1
486,589,622.95,350.09,41.57,106.19,1,-1,-1,-1
486,598,705.23,353.95,25.41,64.25,1,-1,-1,-1
486,603,989.34,354.63,25.17,57.70,1,-1,-1,-1
486,605,674.51,349.66,26.53,68.04,1,-1,-1,-1
486,606,1035.64,353.24,21.08,43.94,1,-1,-1,-1
486,607,599.73,348.17,31.19,65.71,1,-1,-1,-1
487,520,1246.15,298.70,78.98,273.84,1,-1,-1,-1
487,526,912.71,336.38,55.35,153.01,1,-1,-1,-1
487,527,798.02,327.55,62.07,167.63,1,-1,-1,-1
487,540,223.44,274.86,237.63,498.78,1,-1,-1,-1
487,581,1127.88,339.17,61.28,148.67,1,-1,-1,-1
487,586,1103.69,344.51,36.94,83.19,1,-1,-1,-1
487,589,625.78,348.46,41.49,107.02,1,-1,-1,-1
487,596,666.82,348.26,26.86,68.46,1,-1,-1,-1
487,598,707.31,352.91,25.41,64.55,1,-1,-1,-1
487,603,989.41,352.71,25.77,58.43,1,-1,-1,-1
487,606,1036.50,350.41,21.13,44.17,1,-1,-1,-1
487,607,599.46,345.31,31.14,65.23,1,-1,-1,-1
487,608,683.70,344.50,42.50,71.10,1,-1,-1,-1
488,520,1249.49,297.30,79.34,275.32,1,-1,-1,-1
488,526,912.81,335.13,55.50,153.30,1,-1,-1,-1
488,527,799.72,326.35,61.88,167.81,1,-1,-1,-1
488,540,217.38,277.56,239.70,499.77,1,-1,-1,-1
488,581,1130.31,338.06,61.13,148.14,1,-1,-1,-1
488,586,1106.35,342.61,37.11,84.10,1,-1,-1,-1
488,589,629.23,346.88,41.13,107.45,1,-1,-1,-1
488,598,709.90,351.72,25.39,64.60,1,-1,-1,-1
488,603,990.10,350.55,26.20,59.34,1,-1,-1,-1
488,606,1037.47,348.24,21.21,44.05,1,-1,-1,-1
488,607,599.36,343.52,30.76,65.72,1,-1,-1,-1
488,608,698.14,346.23,28.59,65.46,1,-1,-1,-1
488,609,674.80,340.70,40.30,75.80,1,-1,-1,-1
489,520,1252.79,295.55,79.70,276.75,1,-1,-1,-1
489,526,913.04,334.46,55.60,153.26,1,-1,-1,-1
489,527,801.64,324.97,61.78,168.02,1,-1,-1,-1
489,540,212.98,278.97,242.19,501.06,1,-1,-1,-1
489,581,1133.03,336.76,60.98,147.90,1,-1,-1,-1
489,586,1108.80,340.83,37.09,84.89,1,-1,-1,-1
489,589,632.96,345.83,40.97,107.41,1,-1,-1,-1
489,598,712.25,350.79,25.39,64.53,1,-1,-1,-1
489,603,991.02,348.88,26.60,60.27,1,-1,-1,-1
489,606,1039.27,346.51,21.28,44.15,1,-1,-1,-1
490,520,1256.61,293.31,80.11,278.41,1,-1,-1,-1
490,526,913.50,333.92,55.56,153.11,1,-1,-1,-1
490,527,804.24,323.72,61.72,168.19,1,-1,-1,-1
490,540,209.19,280.87,244.70,501.65,1,-1,-1,-1
490,581,1135.77,335.52,60.78,147.83,1,-1,-1,-1
490,586,1110.37,339.13,37.68,84.94,1,-1,-1,-1
490,589,636.78,344.97,40.90,107.14,1,-1,-1,-1
490,598,714.98,350.22,25.46,64.41,1,-1,-1,-1
490,603,992.31,347.31,26.93,60.95,1,-1,-1,-1
490,606,1040.76,345.35,21.39,44.28,1,-1,-1,-1
490,610,609.90,340.00,30.00,71.70,1,-1,-1,-1
490,611,703.50,347.60,26.20,63.80,1,-1,-1,-1
491,520,1260.47,291.55,80.50,280.04,1,-1,-1,-1
491,526,914.05,333.50,55.55,153.11,1,-1,-1,-1
491,527,807.04,322.73,61.66,168.24,1,-1,-1,-1
491,540,205.60,281.36,246.63,504.06,1,-1,-1,-1
491,581,1138.30,334.47,60.48,147.69,1,-1,-1,-1
491,586,1112.28,338.22,38.32,85.43,1,-1,-1,-1
491,589,640.39,344.32,40.94,106.82,1,-1,-1,-1
491,598,716.50,349.38,25.61,64.49,1,-1,-1,-1
491,603,993.72,346.65,27.24,61.49,1,-1,-1,-1
491,606,1042.20,345.08,21.55,44.60,1,-1,-1,-1
491,610,612.82,340.50,31.00,74.06,1,-1,-1,-1
492,520,1264.31,290.77,80.83,281.53,1,-1,-1,-1
492,526,914.60,333.01,55.42,153.13,1,-1,-1,-1
492,527,809.49,322.45,61.64,168.43,1,-1,-1,-1
492,540,201.68,282.00,248.49,506.89,1,-1,-1,-1
492,581,1140.29,333.53,60.39,147.69,1,-1,-1,-1
492,586,1114.80,337.86,38.35,86.22,1,-1,-1,-1
492,589,643.77,343.84,41.03,106.54,1,-1,-1,-1
492,598,718.48,349.24,25.68,64.44,1,-1,-1,-1
492,603,995.27,346.27,27.52,62.04,1,-1,-1,-1
492,606,1043.87,345.09,21.68,45.00,1,-1,-1,-1
492,610,614.80,343.12,31.62,74.27,1,-1,-1,-1
492,611,701.66,347.40,25.29,63.80,1,-1,-1,-1
493,520,1268.50,289.68,81.19,283.14,1,-1,-1,-1
493,526,914.62,332.39,55.57,153.12,1,-1,-1,-1
493,527,811.65,322.61,61.58,169.14,1,-1,-1,-1
493,540,196.64,282.52,249.95,510.61,1,-1,-1,-1
493,581,1142.27,332.81,60.60,148.05,1,-1,-1,-1
493,586,1118.48,339.25,38.07,86.13,1,-1,-1,-1
493,589,647.23,343.78,41.09,106.32,1,-1,-1,-1
493,598,721.77,349.70,25.77,64.49,1,-1,-1,-1
493,603,997.11,346.40,27.87,62.74,1,-1,-1,-1
493,606,1046.39,345.96,21.70,45.04,1,-1,-1,-1
493,610,618.05,346.55,32.47,74.02,1,-1,-1,-1
493,611,703.79,349.49,25.49,64.61,1,-1,-1,-1
493,612,1035.80,349.60,21.90,49.30,1,-1,-1,-1
494,520,1273.44,289.63,81.32,284.80,1,-1,-1,-1
494,526,914.97,331.51,55.72,153.57,1,-1,-1,-1
494,527,813.70,322.95,61.43,169.31,1,-1,-1,-1
494,540,190.74,284.77,251.87,512.36,1,-1,-1,-1
494,581,1144.53,332.34,60.64,148.09,1,-1,-1,-1
494,589,650.42,343.59,41.06,106.20,1,-1,-1,-1
494,598,724.74,350.12,25.62,64.39,1,-1,-1,-1
494,603,998.83,346.88,28.10,63.17,1,-1,-1,-1
494,610,621.42,350.00,32.43,73.96,1,-1,-1,-1
494,612,1031.96,349.74,22.35,47.94,1,-1,-1,-1
494,613,1056.30,353.30,21.50,41.00,1,-1,-1,-1
494,614,711.60,358.60,28.50,64.10,1,-1,-1,-1
495,520,1277.99,289.48,81.98,285.85,1,-1,-1,-1
495,526,916.17,331.63,55.69,153.62,1,-1,-1,-1
495,527,815.96,323.63,61.34,169.38,1,-1,-1,-1
495,540,183.62,284.42,254.28,516.93,1,-1,-1,-1
495,581,1146.73,332.79,60.66,148.15,1,-1,-1,-1
495,586,1123.52,340.28,38.00,85.80,1,-1,-1,-1
495,589,653.43,344.08,41.09,106.07,1,-1,-1,-1
495,598,727.70,350.68,25.59,64.39,1,-1,-1,-1
495,603,1000.60,347.75,28.28,63.70,1,-1,-1,-1
495,610,625.54,351.41,32.28,72.99,1,-1,-1,-1
495,613,1051.93,353.22,21.23,43.64,1,-1,-1,-1
495,614,712.66,353.89,25.68,65.19,1,-1,-1,-1
495,615,1036.80,351.70,21.50,49.40,1,-1,-1,-1
495,616,1020.50,350.00,25.30,60.40,1,-1,-1,-1
496,520,1282.17,289.60,82.42,287.32,1,-1,-1,-1
496,526,917.89,331.32,55.64,153.82,1,-1,-1,-1
496,527,817.87,323.58,61.43,169.63,1,-1,-1,-1
496,540,177.04,284.18,255.98,521.35,1,-1,-1,-1
496,581,1148.61,332.78,60.96,148.29,1,-1,-1,-1
496,586,1126.24,340.54,37.54,84.81,1,-1,-1,-1
496,589,656.25,344.17,41.00,105.91,1,-1,-1,-1
496,598,729.84,350.79,25.67,64.46,1,-1,-1,-1
496,603,1002.38,347.68,28.49,64.17,1,-1,-1,-1
496,606,1052.69,347.08,21.70,45.08,1,-1,-1,-1
496,610,627.11,351.91,32.19,72.17,1,-1,-1,-1
496,614,713.14,349.96,25.69,65.67,1,-1,-1,-1
496,615,1035.23,347.98,23.95,52.58,1,-1,-1,-1
497,520,1284.88,290.26,83.55,288.57,1,-1,-1,-1
497,526,919.19,331.76,55.49,153.78,1,-1,-1,-1
497,527,819.48,324.18,61.29,169.59,1,-1,-1,-1
497,540,170.05,284.77,257.87,525.80,1,-1,-1,-1
497,581,1150.08,333.66,60.96,148.06,1,-1,-1,-1
497,586,1127.87,342.13,37.13,84.18,1,-1,-1,-1
497,589,658.40,344.87,40.90,105.70,1,-1,-1,-1
497,598,731.70,351.49,25.66,64.33,1,-1,-1,-1
497,603,1004.04,348.06,28.60,64.65,1,-1,-1,-1
497,606,1054.72,349.28,21.78,45.16,1,-1,-1,-1
497,610,628.55,352.39,32.22,71.81,1,-1,-1,-1
497,614,712.43,352.30,25.53,65.62,1,-1,-1,-1
497,616,1028.02,350.40,22.03,56.22,1,-1,-1,-1
498,520,1289.79,289.59,85.32,291.02,1,-1,-1,-1
498,526,921.26,332.04,55.07,153.93,1,-1,-1,-1
498,527,821.87,323.85,61.08,169.67,1,-1,-1,-1
498,540,164.45,285.93,260.77,528.93,1,-1,-1,-1
498,581,1151.45,334.19,61.12,147.87,1,-1,-1,-1
498,586,1129.62,343.37,36.89,83.67,1,-1,-1,-1
498,589,661.11,344.41,40.76,105.94,1,-1,-1,-1
498,598,733.58,351.37,25.73,64.43,1,-1,-1,-1
498,603,1005.92,348.11,28.70,64.92,1,-1,-1,-1
498,606,1056.36,350.24,21.71,45.34,1,-1,-1,-1
498,610,629.87,351.72,32.31,71.97,1,-1,-1,-1
498,613,1039.48,350.65,22.33,48.17,1,-1,-1,-1
498,617,700.60,345.10,28.30,76.90,1,-1,-1,-1
499,520,1293.27,289.83,86.71,292.94,1,-1,-1,-1
499,526,922.86,332.42,54.25,153.77,1,-1,-1,-1
499,527,823.91,323.47,60.96,169.80,1,-1,-1,-1
499,540,157.60,285.71,263.67,533.08,1,-1,-1,-1
499,581,1152.47,334.46,61.16,147.66,1,-1,-1,-1
499,589,663.55,343.67,40.76,106.39,1,-1,-1,-1
499,598,735.02,351.19,25.79,64.36,1,-1,-1,-1
499,603,1007.60,348.02,28.81,65.13,1,-1,-1,-1
499,606,1057.70,350.62,21.60,45.38,1,-1,-1,-1
499,610,629.96,350.56,32.43,72.13,1,-1,-1,-1
499,613,1036.76,349.73,22.78,49.34,1,-1,-1,-1
499,614,709.11,347.76,26.04,68.25,1,-1,-1,-1
500,520,1296.45,289.91,87.70,294.24,1,-1,-1,-1
500,526,923.67,332.36,53.64,153.85,1,-1,-1,-1
500,527,825.34,323.01,60.87,169.76,1,-1,-1,-1
500,540,150.91,286.79,266.29,536.47,1,-1,-1,-1
500,581,1152.79,334.63,61.22,147.43,1,-1,-1,-1
500,589,665.73,342.79,40.70,106.92,1,-1,-1,-1
500,598,735.68,350.68,25.78,64.29,1,-1,-1,-1
500,603,1008.78,347.55,28.85,65.29,1,-1,-1,-1
500,606,1059.23,350.72,21.52,45.55,1,-1,-1,-1
500,610,629.08,348.96,32.59,72.14,1,-1,-1,-1
500,614,707.46,344.87,26.52,69.85,1,-1,-1,-1
500,618,1044.00,347.60,23.30,52.20,1,-1,-1,-1
501,520,1299.53,289.47,88.01,295.48,1,-1,-1,-1
501,526,925.06,332.15,52.75,153.68,1,-1,-1,-1
501,527,827.22,321.72,60.69,169.75,1,-1,-1,-1
501,540,144.41,286.39,269.64,539.52,1,-1,-1,-1
501,581,1152.94,334.04,61.20,147.28,1,-1,-1,-1
501,589,668.12,341.42,40.69,107.34,1,-1,-1,-1
501,598,737.30,349.65,25.66,64.07,1,-1,-1,-1
501,603,1010.29,346.67,28.79,65.32,1,-1,-1,-1
501,606,1060.87,349.97,21.45,45.67,1,-1,-1,-1
501,610,628.54,347.08,32.72,72.12,1,-1,-1,-1
501,613,1033.55,348.00,23.38,50.81,1,-1,-1,-1
501,617,697.64,338.96,31.12,85.99,1,-1,-1,-1
502,520,1302.33,288.84,88.05,296.73,1,-1,-1,-1
502,526,925.13,331.71,52.13,153.16,1,-1,-1,-1
502,527,828.54,320.35,60.66,169.92,1,-1,-1,-1
502,540,138.71,285.16,272.09,542.64,1,-1,-1,-1
502,581,1152.76,333.16,61.13,147.23,1,-1,-1,-1
502,589,670.26,340.23,40.67,107.58,1,-1,-1,-1
502,598,738.77,348.59,25.61,63.91,1,-1,-1,-1
502,603,1011.55,345.54,28.87,65.36,1,-1,-1,-1
502,606,1061.99,349.04,21.48,45.95,1,-1,-1,-1
502,610,627.71,345.31,32.82,72.14,1,-1,-1,-1
502,618,1036.61,344.07,25.12,55.56,1,-1,-1,-1
503,520,1305.28,288.01,88.02,298.26,1,-1,-1,-1
503,526,924.61,330.63,51.68,152.10,1,-1,-1,-1
503,527,829.29,319.25,60.65,170.07,1,-1,-1,-1
503,540,129.74,284.16,275.23,546.65,1,-1,-1,-1
503,581,1152.32,331.93,61.02,147.01,1,-1,-1,-1
503,589,672.32,338.77,40.69,107.78,1,-1,-1,-1
503,603,1012.59,344.40,28.93,65.47,1,-1,-1,-1
503,606,1063.62,347.82,21.49,46.27,1,-1,-1,-1
503,610,626.55,343.33,33.08,72.06,1,-1,-1,-1
503,618,1037.45,343.25,25.83,55.49,1,-1,-1,-1
503,619,731.60,343.30,26.40,64.10,1,-1,-1,-1
503,620,953.90,355.80,44.30,109.50,1,-1,-1,-1
504,520,1308.37,286.98,87.94,299.94,1,-1,-1,-1
504,526,923.60,328.61,51.42,151.67,1,-1,-1,-1
504,527,830.20,317.82,60.67,170.33,1,-1,-1,-1
504,540,119.92,282.11,278.93,551.01,1,-1,-1,-1
504,581,1152.05,330.49,61.01,146.82,1,-1,-1,-1
504,589,674.76,337.06,40.96,108.05,1,-1,-1,-1
504,598,741.18,346.05,25.80,63.75,1,-1,-1,-1
504,603,1014.12,342.84,29.15,65.60,1,-1,-1,-1
504,606,1064.50,346.45,21.51,46.47,1,-1,-1,-1
504,610,625.90,341.75,33.24,71.65,1,-1,-1,-1
504,620,956.89,355.37,42.48,104.41,1,-1,-1,-1
504,621,645.20,340.20,28.90,66.40,1,-1,-1,-1
505,520,1310.93,284.89,88.10,302.36,1,-1,-1,-1
505,526,922.11,328.06,51.48,151.18,1,-1,-1,-1
505,527,830.02,317.21,60.58,170.31,1,-1,-1,-1
505,540,111.19,280.10,282.06,556.80,1,-1,-1,-1
505,581,1151.42,329.08,60.91,146.71,1,-1,-1,-1
505,589,676.06,336.20,40.95,108.29,1,-1,-1,-1
505,603,1014.80,341.95,29.16,65.55,1,-1,-1,-1
505,606,1065.16,345.58,21.54,46.77,1,-1,-1,-1
505,610,625.04,340.96,33.33,71.50,1,-1,-1,-1
505,618,1034.88,343.33,26.32,55.92,1,-1,-1,-1
505,619,734.39,343.43,26.40,64.74,1,-1,-1,-1
505,620,956.79,359.02,43.93,101.48,1,-1,-1,-1
506,520,1312.78,284.06,88.10,303.80,1,-1,-1,-1
506,526,920.75,327.42,51.46,150.84,1,-1,-1,-1
506,527,830.07,316.20,60.63,170.67,1,-1,-1,-1
506,540,102.26,279.20,285.75,560.69,1,-1,-1,-1
506,581,1150.89,327.71,60.85,146.67,1,-1,-1,-1
506,589,677.51,335.14,41.04,108.45,1,-1,-1,-1
506,603,1015.96,340.96,29.18,65.38,1,-1,-1,-1
506,606,1065.43,344.61,21.55,47.08,1,-1,-1,-1
506,610,623.83,339.92,33.42,71.24,1,-1,-1,-1
506,619,732.53,341.90,26.50,64.58,1,-1,-1,-1
506,620,955.41,358.29,45.66,100.73,1,-1,-1,-1
506,621,638.45,340.66,29.63,63.58,1,-1,-1,-1
507,520,1315.48,281.17,88.42,305.08,1,-1,-1,-1
507,526,919.41,326.13,51.87,150.18,1,-1,-1,-1
507,527,830.82,314.60,60.65,170.78,1,-1,-1,-1
507,540,95.02,279.54,288.46,565.00,1,-1,-1,-1
507,581,1150.18,326.06,60.84,146.94,1,-1,-1,-1
507,589,680.15,333.22,41.04,108.20,1,-1,-1,-1
507,603,1017.60,339.95,29.10,65.03,1,-1,-1,-1
507,606,1066.33,343.21,21.67,47.50,1,-1,-1,-1
507,610,622.66,339.06,33.68,71.28,1,-1,-1,-1
507,619,730.28,338.78,27.29,65.11,1,-1,-1,-1
507,620,958.41,349.76,44.20,100.02,1,-1,-1,-1
507,622,993.60,344.20,26.50,69.90,1,-1,-1,-1
508,520,1318.19,280.62,88.91,306.89,1,-1,-1,-1
508,526,917.91,326.10,52.37,149.95,1,-1,-1,-1
508,527,831.30,313.38,60.58,171.20,1,-1,-1,-1
508,540,85.72,280.74,292.53,568.25,1,-1,-1,-1
508,581,1149.95,326.14,61.12,146.84,1,-1,-1,-1
508,589,682.48,332.63,41.13,108.21,1,-1,-1,-1
508,603,1019.21,339.17,29.23,65.13,1,-1,-1,-1
508,606,1067.44,342.59,21.73,47.65,1,-1,-1,-1
508,610,622.27,338.97,33.71,71.53,1,-1,-1,-1
508,619,729.02,339.75,27.59,65.13,1,-1,-1,-1
508,620,959.55,351.25,44.83,97.85,1,-1,-1,-1
508,623,747.10,343.10,26.90,59.50,1,-1,-1,-1
509,520,1321.51,279.09,89.34,309.02,1,-1,-1,-1
509,526,917.09,325.05,52.63,150.71,1,-1,-1,-1
509,527,832.02,311.56,60.59,171.68,1,-1,-1,-1
509,540,77.28,279.01,296.73,573.70,1,-1,-1,-1
509,581,1151.11,325.37,61.37,146.83,1,-1,-1,-1
509,589,685.38,331.08,41.15,108.40,1,-1,-1,-1
509,603,1021.71,337.71,29.34,65.23,1,-1,-1,-1
509,606,1069.26,341.36,21.98,48.06,1,-1,-1,-1
509,610,622.47,337.75,33.65,71.81,1,-1,-1,-1
509,619,725.48,339.86,27.76,65.81,1,-1,-1,-1
509,620,961.13,349.93,45.18,97.18,1,-1,-1,-1
509,623,745.57,338.48,25.90,60.32,1,-1,-1,-1
510,520,1325.74,277.98,89.25,310.41,1,-1,-1,-1
510,526,917.72,323.68,52.48,151.51,1,-1,-1,-1
510,527,832.39,309.75,60.69,172.05,1,-1,-1,-1
510,540,68.85,275.79,300.03,580.07,1,-1,-1,-1
510,581,1153.22,324.35,61.16,146.80,1,-1,-1,-1
510,589,688.56,329.73,41.11,108.66,1,-1,-1,-1
510,603,1024.27,336.68,29.29,65.44,1,-1,-1,-1
510,606,1071.97,340.54,22.13,48.25,1,-1,-1,-1
510,610,623.25,337.28,33.53,72.12,1,-1,-1,-1
510,620,962.92,349.28,45.23,95.05,1,-1,-1,-1
510,623,747.59,338.34,26.28,61.36,1,-1,-1,-1
510,624,732.10,334.90,27.50,70.80,1,-1,-1,-1
511,520,1330.04,276.26,89.59,312.68,1,-1,-1,-1
511,526,918.69,322.15,52.30,151.96,1,-1,-1,-1
511,527,832.92,308.08,60.91,172.48,1,-1,-1,-1
511,540,61.48,275.48,303.76,584.84,1,-1,-1,-1
511,581,1155.87,323.62,61.03,146.55,1,-1,-1,-1
511,589,691.71,328.36,41.06,108.76,1,-1,-1,-1
511,603,1027.12,335.30,29.26,65.62,1,-1,-1,-1
511,610,624.58,336.60,33.51,72.19,1,-1,-1,-1
511,619,720.98,338.51,28.14,69.25,1,-1,-1,-1
511,620,964.05,348.17,44.76,93.58,1,-1,-1,-1
511,623,750.10,336.34,25.76,61.24,1,-1,-1,-1
511,625,1082.30,337.50,21.00,50.20,1,-1,-1,-1
511,626,1061.30,339.60,22.30,50.70,1,-1,-1,-1
512,520,1334.87,274.23,89.83,314.68,1,-1,-1,-1
512,526,919.14,320.62,52.44,152.30,1,-1,-1,-1
512,527,833.64,306.12,61.01,172.68,1,-1,-1,-1
512,540,53.32,273.68,306.97,590.16,1,-1,-1,-1
512,581,1158.82,322.10,60.93,146.63,1,-1,-1,-1
512,589,694.73,326.42,40.95,109.21,1,-1,-1,-1
512,603,1030.01,333.63,29.22,65.73,1,-1,-1,-1
512,606,1074.04,339.19,22.19,48.49,1,-1,-1,-1
512,610,626.13,335.45,33.38,72.26,1,-1,-1,-1
512,620,966.13,347.97,44.67,92.01,1,-1,-1,-1
512,623,756.04,334.14,25.77,61.97,1,-1,-1,-1
512,625,1086.83,333.65,22.55,52.65,1,-1,-1,-1
513,520,1340.36,271.31,90.38,316.98,1,-1,-1,-1
513,526,918.57,318.30,52.89,152.75,1,-1,-1,-1
513,527,834.91,303.79,61.10,172.79,1,-1,-1,-1
513,540,44.75,273.33,310.55,595.99,1,-1,-1,-1
513,581,1162.49,319.60,60.94,146.70,1,-1,-1,-1
513,589,697.69,324.26,40.76,109.09,1,-1,-1,-1
513,610,627.92,332.80,33.50,72.31,1,-1,-1,-1
513,620,968.05,346.29,45.07,90.75,1,-1,-1,-1
513,623,759.49,330.47,26.03,63.22,1,-1,-1,-1
513,625,1089.36,327.21,21.71,52.63,1,-1,-1,-1
513,627,1038.80,322.60,28.20,66.30,1,-1,-1,-1
513,628,1070.80,326.00,23.30,55.40,1,-1,-1,-1
514,520,1346.27,268.94,90.79,318.63,1,-1,-1,-1
514,526,918.10,315.29,53.10,153.27,1,-1,-1,-1
514,527,835.96,301.22,61.11,172.88,1,-1,-1,-1
514,540,35.89,271.45,314.59,602.43,1,-1,-1,-1
514,581,1165.86,316.24,60.82,146.45,1,-1,-1,-1
514,589,700.55,321.20,40.60,109.27,1,-1,-1,-1
514,610,629.51,329.35,33.71,72.65,1,-1,-1,-1
514,620,969.94,343.83,45.23,89.81,1,-1,-1,-1
514,623,763.04,327.23,25.86,63.81,1,-1,-1,-1
514,625,1091.34,323.06,21.61,52.62,1,-1,-1,-1
514,627,1040.51,318.97,28.84,67.03,1,-1,-1,-1
514,628,1071.18,320.68,22.94,53.85,1,-1,-1,-1
515,520,1351.42,265.61,91.41,320.18,1,-1,-1,-1
515,526,918.00,312.09,53.35,154.01,1,-1,-1,-1
515,527,836.53,298.38,61.12,173.25,1,-1,-1,-1
515,540,26.88,268.64,318.06,608.58,1,-1,-1,-1
515,581,1168.82,312.64,60.88,146.38,1,-1,-1,-1
515,589,703.13,318.47,40.45,109.23,1,-1,-1,-1
515,610,630.67,325.96,33.86,72.78,1,-1,-1,-1
515,620,971.93,341.86,45.43,89.11,1,-1,-1,-1
515,623,765.22,324.97,25.63,64.13,1,-1,-1,-1
515,625,1092.00,320.63,21.83,52.54,1,-1,-1,-1
515,627,1041.27,316.79,29.01,67.73,1,-1,-1,-1
515,628,1065.73,319.47,24.31,57.04,1,-1,-1,-1
516,520,1355.84,261.80,92.09,321.42,1,-1,-1,-1
516,526,917.87,309.44,53.57,154.44,1,-1,-1,-1
516,527,836.71,295.70,61.20,173.69,1,-1,-1,-1
516,540,20.61,266.16,319.77,614.88,1,-1,-1,-1
516,581,1171.33,309.27,60.99,146.41,1,-1,-1,-1
516,589,705.45,315.95,40.33,109.18,1,-1,-1,-1
516,610,631.43,323.03,33.86,72.87,1,-1,-1,-1
516,620,973.51,339.91,45.35,88.49,1,-1,-1,-1
516,623,766.46,322.85,25.47,64.43,1,-1,-1,-1
516,625,1093.32,317.93,21.97,52.91,1,-1,-1,-1
516,627,1041.04,315.50,29.04,68.05,1,-1,-1,-1
516,629,1072.40,318.20,23.80,54.10,1,-1,-1,-1
517,520,1360.27,258.12,92.45,323.23,1,-1,-1,-1
517,526,917.97,307.15,53.85,154.64,1,-1,-1,-1
517,527,837.46,293.02,61.24,174.20,1,-1,-1,-1
517,540,14.30,261.86,321.51,622.40,1,-1,-1,-1
517,581,1173.55,305.99,60.99,146.63,1,-1,-1,-1
517,589,707.69,313.58,40.31,109.04,1,-1,-1,-1
517,610,632.03,320.41,33.81,72.97,1,-1,-1,-1
517,620,975.36,338.01,45.40,88.09,1,-1,-1,-1
517,623,766.91,320.66,25.47,64.64,1,-1,-1,-1
517,625,1093.50,316.59,22.05,52.83,1,-1,-1,-1
517,627,1041.61,314.58,28.90,67.94,1,-1,-1,-1
517,629,1068.77,315.34,24.71,58.83,1,-1,-1,-1
517,630,338.10,291.60,73.20,292.20,1,-1,-1,-1
518,520,1364.69,255.40,93.35,325.12,1,-1,-1,-1
518,526,918.00,305.54,53.91,154.66,1,-1,-1,-1
518,527,838.50,290.56,61.20,174.93,1,-1,-1,-1
518,540,7.24,257.93,322.23,630.98,1,-1,-1,-1
518,581,1175.50,303.42,60.94,146.58,1,-1,-1,-1
518,589,709.94,311.39,40.16,108.89,1,-1,-1,-1
518,610,631.90,318.12,33.86,73.11,1,-1,-1,-1
518,620,976.68,336.58,45.75,87.44,1,-1,-1,-1
518,625,1094.58,315.42,21.88,52.51,1,-1,-1,-1
518,627,1042.42,313.93,28.84,68.05,1,-1,-1,-1
518,630,326.36,301.14,81.02,277.47,1,-1,-1,-1
518,631,760.80,318.80,25.20,65.00,1,-1,-1,-1
519,520,1368.78,252.13,94.92,327.37,1,-1,-1,-1
519,526,918.29,303.78,54.01,154.66,1,-1,-1,-1
519,527,839.51,288.20,61.27,175.68,1,-1,-1,-1
519,540,1.84,253.86,322.12,639.10,1,-1,-1,-1
519,581,1176.99,301.13,61.01,146.79,1,-1,-1,-1
519,589,711.99,309.58,40.14,108.73,1,-1,-1,-1
519,610,631.42,316.35,33.98,73.08,1,-1,-1,-1
519,620,978.02,335.43,46.06,86.88,1,-1,-1,-1
519,625,1096.17,314.71,21.78,52.13,1,-1,-1,-1
519,627,1043.50,313.37,28.80,68.08,1,-1,-1,-1
519,630,320.77,303.13,84.36,271.79,1,-1,-1,-1
519,631,763.84,318.28,24.56,64.55,1,-1,-1,-1
519,632,689.10,317.60,25.80,54.50,1,-1,-1,-1
520,520,1372.33,251.05,95.88,329.31,1,-1,-1,-1
520,526,918.43,303.21,53.66,154.47,1,-1,-1,-1
520,527,840.01,286.80,61.30,175.85,1,-1,-1,-1
520,540,-2.88,251.31,320.53,645.87,1,-1,-1,-1
520,581,1177.83,299.79,61.05,146.90,1,-1,-1,-1
520,589,713.65,308.70,40.15,108.77,1,-1,-1,-1
520,610,630.61,315.66,34.13,73.33,1,-1,-1,-1
520,620,978.83,335.32,46.27,85.99,1,-1,-1,-1
520,627,1043.58,313.93,28.75,67.91,1,-1,-1,-1
520,629,1063.74,318.91,24.85,57.99,1,-1,-1,-1
520,630,317.77,299.49,86.74,275.99,1,-1,-1,-1
520,631,763.45,321.10,25.01,66.68,1,-1,-1,-1
520,633,1093.10,320.40,21.50,50.70,1,-1,-1,-1
521,520,1375.24,249.80,96.47,331.21,1,-1,-1,-1
521,526,918.17,302.35,53.16,154.25,1,-1,-1,-1
521,527,840.41,285.56,61.26,176.35,1,-1,-1,-1
521,540,-6.36,249.65,320.38,653.51,1,-1,-1,-1
521,581,1178.28,298.87,61.11,147.05,1,-1,-1,-1
521,589,714.74,307.69,40.19,108.95,1,-1,-1,-1
521,610,629.50,314.99,34.38,73.78,1,-1,-1,-1
521,620,979.00,335.22,46.44,85.02,1,-1,-1,-1
521,627,1043.42,314.21,28.79,68.11,1,-1,-1,-1
521,629,1064.89,319.88,25.59,58.23,1,-1,-1,-1
521,630,314.09,293.20,86.78,280.45,1,-1,-1,-1
521,631,761.30,320.51,25.34,68.07,1,-1,-1,-1
521,633,1092.63,320.24,22.14,51.61,1,-1,-1,-1
522,520,1376.66,249.62,97.14,333.47,1,-1,-1,-1
522,526,917.13,301.41,53.16,153.01,1,-1,-1,-1
522,527,839.96,284.59,61.41,176.38,1,-1,-1,-1
522,540,-11.03,247.72,317.35,660.36,1,-1,-1,-1
522,581,1178.40,299.17,60.95,146.82,1,-1,-1,-1
522,589,714.95,307.59,40.07,108.46,1,-1,-1,-1
522,610,627.85,314.43,34.63,73.93,1,-1,-1,-1
522,620,978.84,335.06,46.37,84.24,1,-1,-1,-1
522,627,1041.81,314.43,28.83,67.84,1,-1,-1,-1
522,629,1067.22,321.90,25.77,57.81,1,-1,-1,-1
522,630,309.34,297.27,88.51,280.98,1,-1,-1,-1
522,631,762.36,321.48,25.61,68.18,1,-1,-1,-1
522,634,1054.70,317.40,25.60,59.50,1,-1,-1,-1
522,635,1084.60,322.40,22.50,49.50,1,-1,-1,-1
523,520,1378.32,249.65,97.56,336.56,1,-1,-1,-1
523,526,915.28,300.91,53.03,153.54,1,-1,-1,-1
523,527,838.67,284.46,61.54,176.81,1,-1,-1,-1
523,540,-14.71,248.82,313.87,667.41,1,-1,-1,-1
523,581,1177.75,299.90,60.85,146.72,1,-1,-1,-1
523,589,715.33,308.00,39.81,108.16,1,-1,-1,-1
523,610,626.03,314.67,34.67,73.87,1,-1,-1,-1
523,620,977.23,335.66,46.58,83.64,1,-1,-1,-1
523,627,1041.57,315.52,28.81,68.15,1,-1,-1,-1
523,629,1067.10,321.00,25.42,57.73,1,-1,-1,-1
523,630,302.78,294.61,88.89,283.92,1,-1,-1,-1
523,631,761.40,323.20,25.60,68.12,1,-1,-1,-1
523,633,1090.34,323.30,22.12,52.47,1,-1,-1,-1
524,520,1379.26,250.36,97.63,339.29,1,-1,-1,-1
524,526,912.16,302.54,53.21,154.14,1,-1,-1,-1
524,527,836.18,285.11,61.69,176.69,1,-1,-1,-1
524,540,-19.70,252.21,307.95,674.49,1,-1,-1,-1
524,581,1175.78,301.03,60.89,146.38,1,-1,-1,-1
524,627,1039.88,316.52,28.81,68.36,1,-1,-1,-1
524,629,1067.44,321.54,25.20,57.16,1,-1,-1,-1
524,630,295.41,293.42,91.15,285.73,1,-1,-1,-1
524,631,759.27,324.68,25.85,68.08,1,-1,-1,-1
524,633,1088.76,324.58,21.68,51.62,1,-1,-1,-1
524,636,703.10,315.90,39.80,107.10,1,-1,-1,-1
524,637,611.80,323.50,38.80,73.20,1,-1,-1,-1
524,638,967.60,342.70,43.50,81.70,1,-1,-1,-1
524,639,737.10,317.60,34.00,84.40,1,-1,-1,-1
525,520,1380.04,250.20,97.83,342.10,1,-1,-1,-1
525,526,908.91,304.04,53.58,154.60,1,-1,-1,-1
525,527,833.66,285.35,61.80,176.53,1,-1,-1,-1
525,540,-23.77,254.57,300.99,681.81,1,-1,-1,-1
525,581,1173.40,301.22,61.11,146.55,1,-1,-1,-1
525,627,1038.36,316.86,28.91,68.50,1,-1,-1,-1
525,629,1065.73,321.53,25.14,56.82,1,-1,-1,-1
525,630,289.18,293.06,95.00,286.97,1,-1,-1,-1
525,631,758.29,324.48,25.80,68.46,1,-1,-1,-1
525,633,1088.30,324.19,21.61,50.63,1,-1,-1,-1
525,636,703.03,313.57,40.35,108.28,1,-1,-1,-1
525,637,608.83,319.58,41.16,78.56,1,-1,-1,-1
525,638,967.11,341.49,43.59,83.34,1,-1,-1,-1
526,520,1380.09,251.17,98.11,344.08,1,-1,-1,-1
526,526,905.83,305.10,53.72,154.94,1,-1,-1,-1
526,527,830.77,286.10,61.99,176.54,1,-1,-1,-1
526,540,-25.95,259.16,294.12,687.12,1,-1,-1,-1
526,581,1170.47,302.15,61.25,146.37,1,-1,-1,-1
526,610,625.95,312.38,33.81,72.21,1,-1,-1,-1
526,627,1036.88,317.53,28.93,68.70,1,-1,-1,-1
526,629,1065.58,322.24,25.55,56.99,1,-1,-1,-1
526,630,283.30,293.04,94.87,287.11,1,-1,-1,-1
526,631,756.91,325.32,25.84,68.18,1,-1,-1,-1
526,633,1087.75,324.01,21.51,51.50,1,-1,-1,-1
526,636,702.92,314.17,40.13,109.15,1,-1,-1,-1
526,637,604.99,320.57,39.22,75.28,1,-1,-1,-1
526,638,965.11,345.02,44.36,81.40,1,-1,-1,-1
527,520,1379.56,251.52,98.50,346.33,1,-1,-1,-1
527,526,901.69,305.56,53.98,155.31,1,-1,-1,-1
527,527,827.24,286.34,62.03,176.46,1,-1,-1,-1
527,540,-29.43,263.89,286.21,694.58,1,-1,-1,-1
527,581,1166.96,302.35,61.51,146.48,1,-1,-1,-1
527,627,1034.86,318.12,28.87,68.82,1,-1,-1,-1
527,630,276.45,291.87,94.13,287.73,1,-1,-1,-1
527,631,755.19,325.41,26.12,67.98,1,-1,-1,-1
527,633,1086.61,323.35,21.74,52.02,1,-1,-1,-1
527,636,701.80,313.45,39.86,109.82,1,-1,-1,-1
527,637,597.85,320.26,38.59,75.35,1,-1,-1,-1
527,638,962.20,344.36,44.60,80.45,1,-1,-1,-1
527,640,636.40,318.60,23.20,50.20,1,-1,-1,-1
527,641,1074.00,323.50,21.80,51.40,1,-1,-1,-1
528,520,1378.74,251.11,98.66,348.32,1,-1,-1,-1
528,526,896.67,305.11,53.72,155.36,1,-1,-1,-1
528,527,822.22,285.40,62.14,176.60,1,-1,-1,-1
528,540,-32.55,264.73,276.88,707.09,1,-1,-1,-1
528,581,1162.62,302.00,61.50,146.48,1,-1,-1,-1
528,630,266.25,290.54,95.82,289.86,1,-1,-1,-1
528,636,698.98,309.36,40.35,110.22,1,-1,-1,-1
528,637,591.45,316.81,37.78,73.82,1,-1,-1,-1
528,638,958.48,342.27,45.54,80.64,1,-1,-1,-1
528,641,1074.29,317.66,23.80,53.67,1,-1,-1,-1
528,642,1025.40,317.30,29.30,65.40,1,-1,-1,-1
528,643,1058.00,320.20,24.40,56.70,1,-1,-1,-1
528,644,728.80,311.50,39.90,86.90,1,-1,-1,-1
528,645,641.60,313.10,26.00,47.60,1,-1,-1,-1
529,520,1376.96,250.97,98.77,349.76,1,-1,-1,-1
529,526,891.59,304.46,53.69,155.38,1,-1,-1,-1
529,527,816.68,284.87,62.23,176.47,1,-1,-1,-1
529,581,1158.14,301.52,61.48,146.60,1,-1,-1,-1
529,629,1067.09,320.11,25.10,56.60,1,-1,-1,-1
529,630,255.32,285.56,96.70,291.73,1,-1,-1,-1
529,636,695.19,307.44,40.86,110.93,1,-1,-1,-1
529,637,587.71,315.55,36.97,72.90,1,-1,-1,-1
529,638,953.88,341.07,46.76,81.01,1,-1,-1,-1
529,642,1022.45,315.97,29.85,64.40,1,-1,-1,-1
529,646,718.20,309.80,29.70,96.40,1,-1,-1,-1
530,520,1374.88,250.89,99.08,351.41,1,-1,-1,-1
530,526,886.69,303.50,53.62,155.82,1,-1,-1,-1
530,527,811.23,284.19,62.32,176.66,1,-1,-1,-1
530,581,1153.26,301.06,61.53,146.82,1,-1,-1,-1
530,629,1067.72,318.13,24.80,56.80,1,-1,-1,-1
530,630,244.82,284.26,97.81,291.89,1,-1,-1,-1
530,636,692.22,305.90,41.28,111.26,1,-1,-1,-1
530,638,949.84,340.77,47.05,81.00,1,-1,-1,-1
530,642,1017.51,313.91,29.87,65.74,1,-1,-1,-1
530,644,725.48,311.39,29.08,80.63,1,-1,-1,-1
530,647,607.50,311.80,27.40,55.60,1,-1,-1,-1
531,520,1372.46,250.54,99.28,353.12,1,-1,-1,-1
531,526,882.20,302.56,53.27,155.94,1,-1,-1,-1
531,527,805.70,283.73,62.36,176.64,1,-1,-1,-1
531,581,1148.67,300.46,61.35,146.80,1,-1,-1,-1
531,629,1066.26,316.29,24.53,56.49,1,-1,-1,-1
531,630,234.50,282.97,99.51,291.28,1,-1,-1,-1
531,636,689.96,304.55,41.63,111.43,1,-1,-1,-1
531,638,946.23,339.28,46.98,81.34,1,-1,-1,-1
531,642,1012.53,312.30,29.45,66.58,1,-1,-1,-1
531,644,724.95,310.95,28.04,78.31,1,-1,-1,-1
531,647,610.79,308.65,25.67,53.87,1,-1,-1,-1
531,648,1040.90,312.10,24.50,57.90,1,-1,-1,-1
532,520,1370.51,249.80,99.53,355.33,1,-1,-1,-1
532,526,877.50,301.67,53.38,156.08,1,-1,-1,-1
532,527,800.19,283.18,62.52,176.61,1,-1,-1,-1
532,581,1143.97,299.86,61.30,146.78,1,-1,-1,-1
532,629,1064.55,315.12,24.36,55.98,1,-1,-1,-1
532,630,224.44,281.59,101.27,291.94,1,-1,-1,-1
532,636,687.37,304.35,41.73,111.10,1,-1,-1,-1
532,638,943.31,338.35,47.04,81.90,1,-1,-1,-1
532,642,1009.26,311.90,29.24,66.76,1,-1,-1,-1
532,646,719.34,313.85,26.52,77.21,1,-1,-1,-1
532,648,1037.87,311.93,25.41,58.63,1,-1,-1,-1
532,649,581.90,312.60,32.30,62.20,1,-1,-1,-1
532,650,734.60,316.00,24.50,63.90,1,-1,-1,-1
532,651,606.10,310.00,25.00,53.20,1,-1,-1,-1
533,520,1368.49,248.56,99.82,357.90,1,-1,-1,-1
533,526,872.77,301.34,53.59,156.12,1,-1,-1,-1
533,527,794.53,282.29,62.68,176.80,1,-1,-1,-1
533,581,1138.43,299.63,61.62,146.66,1,-1,-1,-1
533,630,213.20,281.40,102.81,292.78,1,-1,-1,-1
533,636,683.46,304.78,42.06,111.05,1,-1,-1,-1
533,638,939.73,338.15,47.38,82.37,1,-1,-1,-1
533,642,1005.42,311.68,29.65,67.37,1,-1,-1,-1
533,644,724.76,312.42,27.22,73.92,1,-1,-1,-1
533,651,608.70,313.56,25.45,50.75,1,-1,-1,-1
533,652,1054.80,313.80,25.40,57.50,1,-1,-1,-1
534,520,1366.52,247.24,100.02,360.30,1,-1,-1,-1
534,526,868.76,300.57,54.01,156.22,1,-1,-1,-1
534,527,790.48,281.82,63.04,176.96,1,-1,-1,-1
534,581,1133.44,298.60,61.88,146.59,1,-1,-1,-1
534,630,202.21,282.27,103.78,292.20,1,-1,-1,-1
534,636,681.66,304.48,42.05,111.03,1,-1,-1,-1
534,638,937.41,337.30,47.73,82.60,1,-1,-1,-1
534,642,1002.43,311.43,30.05,67.45,1,-1,-1,-1
534,644,725.39,312.09,26.58,71.95,1,-1,-1,-1
534,651,608.75,316.00,24.76,48.81,1,-1,-1,-1
534,652,1053.31,313.79,25.22,52.86,1,-1,-1,-1
535,520,1364.96,246.86,100.06,362.55,1,-1,-1,-1
535,526,865.13,299.89,54.36,156.53,1,-1,-1,-1
535,527,785.36,281.65,63.10,177.23,1,-1,-1,-1
535,581,1128.09,298.44,61.70,146.38,1,-1,-1,-1
535,630,191.09,283.50,105.08,292.23,1,-1,-1,-1
535,636,679.16,305.91,42.37,110.91,1,-1,-1,-1
535,638,934.44,336.91,47.63,83.51,1,-1,-1,-1
535,642,999.23,312.16,30.07,67.43,1,-1,-1,-1
535,652,1052.75,313.38,25.07,55.28,1,-1,-1,-1
535,653,1155.90,298.60,45.40,117.60,1,-1,-1,-1
535,654,742.80,315.90,26.50,58.80,1,-1,-1,-1
536,520,1364.38,245.57,100.12,365.41,1,-1,-1,-1
536,526,862.21,299.23,54.65,156.23,1,-1,-1,-1
536,527,781.55,281.03,63.44,177.14,1,-1,-1,-1
536,581,1124.25,298.15,61.99,146.37,1,-1,-1,-1
536,630,181.72,285.41,105.99,290.97,1,-1,-1,-1
536,636,678.32,305.84,42.56,111.24,1,-1,-1,-1
536,638,932.59,336.04,47.50,83.94,1,-1,-1,-1
536,642,997.60,312.63,30.18,67.15,1,-1,-1,-1
536,651,611.76,316.62,24.07,46.97,1,-1,-1,-1
536,652,1051.82,314.01,24.81,53.90,1,-1,-1,-1
536,654,742.51,316.14,22.23,61.89,1,-1,-1,-1
537,520,1364.20,244.26,100.37,367.16,1,-1,-1,-1
537,526,859.61,298.23,55.15,156.27,1,-1,-1,-1
537,527,778.11,280.60,63.64,177.56,1,-1,-1,-1
537,581,1121.52,297.82,62.17,146.24,1,-1,-1,-1
537,630,173.77,285.81,106.57,291.44,1,-1,-1,-1
537,636,678.25,305.63,42.88,111.76,1,-1,-1,-1
537,638,930.79,336.04,47.45,84.14,1,-1,-1,-1
537,642,997.03,312.40,30.33,67.64,1,-1,-1,-1
537,652,1054.05,313.42,25.09,54.13,1,-1,-1,-1
537,654,741.47,316.13,22.74,61.90,1,-1,-1,-1
537,655,585.70,319.70,26.60,51.90,1,-1,-1,-1
537,656,622.30,313.70,22.90,45.80,1,-1,-1,-1
537,657,601.10,316.80,23.80,47.70,1,-1,-1,-1
538,520,1365.02,242.00,100.87,369.60,1,-1,-1,-1
538,526,856.06,296.32,55.49,157.02,1,-1,-1,-1
538,527,774.32,279.64,63.63,177.75,1,-1,-1,-1
538,581,1119.06,296.93,61.88,145.76,1,-1,-1,-1
538,630,165.32,285.84,106.92,292.52,1,-1,-1,-1
538,636,677.91,304.46,42.85,111.98,1,-1,-1,-1
538,638,928.88,335.19,47.65,84.46,1,-1,-1,-1
538,642,996.63,310.66,30.50,68.09,1,-1,-1,-1
538,652,1052.46,310.91,24.99,54.42,1,-1,-1,-1
538,653,1157.71,292.21,45.58,119.78,1,-1,-1,-1
538,654,738.08,311.43,23.48,62.52,1,-1,-1,-1
538,657,604.54,311.03,23.16,49.34,1,-1,-1,-1
539,520,1366.95,239.03,102.14,372.90,1,-1,-1,-1
539,526,853.41,294.19,55.75,157.68,1,-1,-1,-1
539,527,771.55,278.74,63.68,177.73,1,-1,-1,-1
539,581,1117.67,294.67,61.42,145.78,1,-1,-1,-1
539,630,158.16,285.05,107.45,293.42,1,-1,-1,-1
539,636,677.85,302.01,42.89,112.56,1,-1,-1,-1
539,638,927.20,333.59,47.63,84.67,1,-1,-1,-1
539,652,1053.97,307.99,25.04,54.72,1,-1,-1,-1
539,653,1160.82,288.06,44.73,121.18,1,-1,-1,-1
539,654,735.89,308.12,24.42,63.22,1,-1,-1,-1
539,657,608.93,306.54,23.47,49.61,1,-1,-1,-1
539,658,1001.20,300.40,31.50,73.20,1,-1,-1,-1
539,659,648.20,307.60,22.10,46.60,1,-1,-1,-1
539,660,592.90,309.20,25.00,50.00,1,-1,-1,-1
540,520,1368.40,236.51,103.25,375.72,1,-1,-1,-1
540,526,851.06,292.37,56.07,158.28,1,-1,-1,-1
540,527,768.89,276.67,63.76,178.59,1,-1,-1,-1
540,581,1116.90,292.23,61.24,146.33,1,-1,-1,-1
540,630,152.10,283.53,107.06,295.02,1,-1,-1,-1
540,636,678.29,299.66,42.91,113.30,1,-1,-1,-1
540,638,925.88,332.19,47.75,84.65,1,-1,-1,-1
540,652,1055.89,305.40,25.07,55.19,1,-1,-1,-1
540,653,1164.31,286.30,44.52,119.05,1,-1,-1,-1
540,658,1001.27,299.38,30.95,72.56,1,-1,-1,-1
540,659,646.81,303.39,22.01,45.60,1,-1,-1,-1
540,661,603.80,302.90,24.20,52.00,1,-1,-1,-1
541,520,1370.25,233.66,104.03,378.24,1,-1,-1,-1
541,526,848.59,290.57,56.29,158.60,1,-1,-1,-1
541,527,766.70,275.40,63.78,178.58,1,-1,-1,-1
541,581,1116.23,290.19,61.12,146.50,1,-1,-1,-1
541,630,145.71,281.53,106.84,296.74,1,-1,-1,-1
541,636,678.64,297.14,42.77,113.73,1,-1,-1,-1
541,638,924.77,330.17,47.83,84.85,1,-1,-1,-1
541,652,1056.40,302.43,25.17,56.03,1,-1,-1,-1
541,653,1165.17,284.14,44.64,117.85,1,-1,-1,-1
541,658,1000.07,296.97,30.74,72.72,1,-1,-1,-1
541,659,647.50,301.73,21.72,45.26,1,-1,-1,-1
541,661,602.04,300.16,24.84,52.82,1,-1,-1,-1
542,520,1372.23,230.15,104.73,380.81,1,-1,-1,-1
542,526,846.07,288.35,56.54,159.04,1,-1,-1,-1
542,527,764.73,273.41,63.86,178.62,1,-1,-1,-1
542,581,1115.54,287.63,60.90,146.27,1,-1,-1,-1
542,630,140.00,279.58,106.36,298.08,1,-1,-1,-1
542,636,679.21,294.73,42.63,113.93,1,-1,-1,-1
542,638,924.24,327.55,47.89,85.36,1,-1,-1,-1
542,652,1056.82,299.23,25.23,56.63,1,-1,-1,-1
542,653,1165.16,281.27,45.38,117.63,1,-1,-1,-1
542,658,999.17,294.45,30.66,72.22,1,-1,-1,-1
542,659,651.46,301.03,22.17,45.28,1,-1,-1,-1
542,661,603.72,297.12,24.15,52.71,1,-1,-1,-1
543,520,1375.54,225.98,105.42,383.58,1,-1,-1,-1
543,526,843.77,286.36,56.91,159.31,1,-1,-1,-1
543,527,763.28,270.94,63.70,178.40,1,-1,-1,-1
543,581,1114.92,284.78,60.71,145.82,1,-1,-1,-1
543,630,133.58,278.00,106.08,299.50,1,-1,-1,-1
543,636,679.88,292.46,42.44,113.66,1,-1,-1,-1
543,638,923.76,325.03,47.94,85.80,1,-1,-1,-1
543,652,1056.74,295.79,25.20,57.18,1,-1,-1,-1
543,653,1164.89,278.52,46.26,117.68,1,-1,-1,-1
543,658,998.48,290.85,30.37,71.69,1,-1,-1,-1
543,659,652.57,299.52,22.28,45.16,1,-1,-1,-1
543,661,604.45,293.05,23.80,52.45,1,-1,-1,-1
543,662,885.70,306.00,41.90,110.30,1,-1,-1,-1
543,663,589.60,294.30,26.10,53.20,1,-1,-1,-1
544,520,1378.49,222.63,106.47,386.58,1,-1,-1,-1
544,526,841.25,284.26,56.91,159.54,1,-1,-1,-1
544,527,762.04,268.94,63.53,178.15,1,-1,-1,-1
544,581,1113.98,282.00,60.72,145.62,1,-1,-1,-1
544,630,127.72,276.62,105.93,300.80,1,-1,-1,-1
544,636,680.52,290.50,42.34,113.48,1,-1,-1,-1
544,638,923.59,322.95,47.96,86.06,1,-1,-1,-1
544,652,1056.46,292.79,25.26,57.83,1,-1,-1,-1
544,653,1164.65,276.21,46.65,117.29,1,-1,-1,-1
544,658,997.77,288.98,30.27,71.38,1,-1,-1,-1
544,659,656.21,300.61,22.74,45.79,1,-1,-1,-1
544,661,604.34,291.07,23.52,52.41,1,-1,-1,-1
544,662,891.76,310.88,46.54,97.57,1,-1,-1,-1
544,664,583.30,290.40,24.90,53.30,1,-1,-1,-1
545,520,1382.24,219.02,106.33,389.96,1,-1,-1,-1
545,526,838.76,282.40,56.99,159.79,1,-1,-1,-1
545,527,761.01,267.04,63.43,178.02,1,-1,-1,-1
545,581,1112.77,279.79,60.91,145.39,1,-1,-1,-1
545,630,121.87,274.31,105.42,302.48,1,-1,-1,-1
545,636,681.28,288.91,42.25,113.40,1,-1,-1,-1
545,638,923.63,320.71,47.99,86.39,1,-1,-1,-1
545,652,1056.18,290.72,25.29,58.15,1,-1,-1,-1
545,653,1164.05,274.54,47.21,117.49,1,-1,-1,-1
545,658,997.75,287.77,30.08,71.31,1,-1,-1,-1
545,659,657.01,299.26,22.95,46.01,1,-1,-1,-1
545,661,605.54,288.44,23.56,52.01,1,-1,-1,-1
545,662,895.86,311.29,45.51,93.47,1,-1,-1,-1
545,665,215.90,289.40,34.90,79.40,1,-1,-1,-1
546,520,1385.99,216.09,106.54,393.46,1,-1,-1,-1
546,526,836.69,280.63,56.98,160.27,1,-1,-1,-1
546,527,760.59,265.69,63.29,177.74,1,-1,-1,-1
546,581,1111.69,277.94,61.05,145.08,1,-1,-1,-1
546,630,116.20,273.25,104.87,305.49,1,-1,-1,-1
546,636,682.25,287.68,42.23,113.56,1,-1,-1,-1
546,638,923.56,319.12,48.00,86.32,1,-1,-1,-1
546,652,1055.94,289.18,25.29,58.45,1,-1,-1,-1
546,653,1163.70,273.61,47.70,117.75,1,-1,-1,-1
546,658,997.89,286.56,30.10,71.34,1,-1,-1,-1
546,661,604.94,288.05,23.57,51.74,1,-1,-1,-1
546,662,894.80,311.33,46.13,92.85,1,-1,-1,-1
546,665,211.04,288.88,37.08,87.67,1,-1,-1,-1
546,666,651.60,297.30,22.30,45.20,1,-1,-1,-1
547,520,1389.30,213.26,107.07,396.93,1,-1,-1,-1
547,526,834.91,279.72,56.90,160.21,1,-1,-1,-1
547,527,760.32,265.35,63.10,177.20,1,-1,-1,-1
547,581,1110.87,276.73,60.99,144.62,1,-1,-1,-1
547,630,110.32,271.94,104.77,308.04,1,-1,-1,-1
547,636,683.38,287.07,42.20,113.73,1,-1,-1,-1
547,638,923.89,318.16,47.98,86.59,1,-1,-1,-1
547,652,1055.83,288.33,25.23,58.71,1,-1,-1,-1
547,653,1163.28,273.46,48.48,118.08,1,-1,-1,-1
547,658,997.67,286.76,30.13,71.35,1,-1,-1,-1
547,662,893.65,312.61,46.88,92.87,1,-1,-1,-1
547,665,207.33,290.53,36.71,88.07,1,-1,-1,-1
547,666,648.80,297.75,21.85,44.11,1,-1,-1,-1
547,667,596.70,292.90,24.70,52.00,1,-1,-1,-1
548,520,1392.42,210.70,107.47,399.22,1,-1,-1,-1
548,526,833.61,278.58,56.46,160.22,1,-1,-1,-1
548,527,759.37,265.11,63.15,177.47,1,-1,-1,-1
548,581,1109.82,276.85,61.05,144.07,1,-1,-1,-1
548,630,104.21,272.45,104.42,311.15,1,-1,-1,-1
548,636,684.51,286.75,42.14,113.82,1,-1,-1,-1
548,638,924.52,317.40,48.03,86.92,1,-1,-1,-1
548,652,1055.78,287.93,25.23,59.15,1,-1,-1,-1
548,653,1162.84,274.03,49.42,117.93,1,-1,-1,-1
548,658,997.77,287.32,30.06,71.19,1,-1,-1,-1
548,662,893.86,313.22,47.68,93.21,1,-1,-1,-1
548,665,203.19,291.35,36.38,87.09,1,-1,-1,-1
548,666,648.69,299.49,21.44,43.19,1,-1,-1,-1
548,667,592.74,295.77,24.70,52.00,1,-1,-1,-1
549,520,1396.11,208.82,108.16,402.59,1,-1,-1,-1
549,526,832.16,277.58,56.17,159.71,1,-1,-1,-1
549,527,758.43,264.94,63.40,177.19,1,-1,-1,-1
549,581,1109.10,276.76,61.05,143.75,1,-1,-1,-1
549,630,97.08,272.73,104.45,314.11,1,-1,-1,-1
549,636,685.26,286.78,42.25,113.89,1,-1,-1,-1
549,638,925.04,316.57,48.03,87.40,1,-1,-1,-1
549,652,1054.81,288.47,25.12,59.17,1,-1,-1,-1
549,653,1162.29,274.08,50.40,117.90,1,-1,-1,-1
549,658,997.19,288.05,29.89,70.82,1,-1,-1,-1
549,662,893.71,313.12,48.09,92.86,1,-1,-1,-1
549,665,200.22,293.17,36.18,86.13,1,-1,-1,-1
549,666,645.64,301.03,21.36,43.92,1,-1,-1,-1
549,667,584.12,296.89,24.94,52.34,1,-1,-1,-1
549,668,597.50,295.90,25.10,51.60,1,-1,-1,-1
550,520,1401.11,208.21,108.79,405.96,1,-1,-1,-1
550,526,831.99,277.35,55.74,159.66,1,-1,-1,-1
550,527,758.03,265.52,63.38,177.22,1,-1,-1,-1
550,581,1109.17,276.91,61.13,143.94,1,-1,-1,-1
550,630,91.27,273.76,104.87,317.14,1,-1,-1,-1
550,636,686.16,287.04,42.21,113.88,1,-1,-1,-1
550,638,925.91,316.73,48.05,87.46,1,-1,-1,-1
550,652,1054.57,288.72,25.25,59.43,1,-1,-1,-1
550,653,1163.43,275.00,51.15,118.14,1,-1,-1,-1
550,658,997.53,289.06,30.15,71.16,1,-1,-1,-1
550,662,893.75,313.57,48.33,92.84,1,-1,-1,-1
550,665,199.23,293.56,36.25,86.46,1,-1,-1,-1
550,666,644.68,301.19,21.35,43.71,1,-1,-1,-1
550,668,592.94,298.11,25.10,52.24,1,-1,-1,-1
551,520,1405.74,207.49,109.87,409.37,1,-1,-1,-1
551,526,831.88,276.57,55.31,159.58,1,-1,-1,-1
551,527,757.94,265.55,63.42,177.20,1,-1,-1,-1
551,581,1109.41,276.51,61.31,144.14,1,-1,-1,-1
551,630,85.09,274.24,104.97,319.53,1,-1,-1,-1
551,636,686.93,287.12,42.18,113.83,1,-1,-1,-1
551,638,926.82,316.30,48.20,87.76,1,-1,-1,-1
551,652,1054.19,288.80,25.28,59.51,1,-1,-1,-1
551,653,1164.17,275.36,51.78,118.48,1,-1,-1,-1
551,658,997.63,289.55,30.02,70.93,1,-1,-1,-1
551,662,893.83,313.19,48.49,92.62,1,-1,-1,-1
551,665,196.51,293.74,36.40,86.23,1,-1,-1,-1
551,666,643.06,300.78,21.44,43.67,1,-1,-1,-1
551,668,592.46,296.14,25.39,52.65,1,-1,-1,-1
552,520,1410.86,206.38,110.79,412.42,1,-1,-1,-1
552,526,831.82,277.09,55.09,159.44,1,-1,-1,-1
552,527,757.49,265.86,63.58,177.53,1,-1,-1,-1
552,581,1109.89,276.74,61.35,144.54,1,-1,-1,-1
552,630,79.45,275.70,104.60,323.00,1,-1,-1,-1
552,636,687.74,287.74,42.16,114.09,1,-1,-1,-1
552,638,927.25,316.95,48.44,87.89,1,-1,-1,-1
552,652,1053.54,289.77,25.31,59.59,1,-1,-1,-1
552,653,1165.34,276.65,52.21,118.90,1,-1,-1,-1
552,658,997.97,290.78,30.14,71.02,1,-1,-1,-1
552,662,894.22,314.27,48.94,92.25,1,-1,-1,-1
552,665,193.98,295.93,36.81,86.63,1,-1,-1,-1
552,666,640.79,301.08,21.58,43.83,1,-1,-1,-1
552,669,598.50,300.60,24.80,52.50,1,-1,-1,-1
553,520,1415.24,205.60,111.16,415.29,1,-1,-1,-1
553,526,830.65,277.38,55.10,159.10,1,-1,-1,-1
553,527,756.41,266.03,63.68,177.56,1,-1,-1,-1
553,581,1109.10,276.75,61.55,144.57,1,-1,-1,-1
553,630,71.84,277.00,104.62,328.28,1,-1,-1,-1
553,636,688.34,287.91,42.10,114.26,1,-1,-1,-1
553,638,927.77,317.02,48.56,88.21,1,-1,-1,-1
553,652,1053.17,289.84,25.32,59.71,1,-1,-1,-1
553,653,1166.07,277.32,52.62,119.58,1,-1,-1,-1
553,658,997.03,290.98,30.14,71.07,1,-1,-1,-1
553,662,893.24,313.95,49.37,92.25,1,-1,-1,-1
553,665,189.76,295.89,36.90,86.62,1,-1,-1,-1
553,666,641.39,300.35,21.53,43.81,1,-1,-1,-1
553,668,591.45,296.79,25.42,52.43,1,-1,-1,-1
554,520,1420.01,204.63,111.96,418.58,1,-1,-1,-1
554,526,829.88,277.51,55.15,159.00,1,-1,-1,-1
554,527,755.53,266.07,63.79,177.73,1,-1,-1,-1
554,581,1108.91,276.67,61.76,144.38,1,-1,-1,-1
554,630,65.75,279.15,103.35,331.05,1,-1,-1,-1
554,636,688.80,287.84,42.03,114.29,1,-1,-1,-1
554,638,928.56,316.64,48.54,88.63,1,-1,-1,-1
554,652,1053.30,289.86,25.38,59.78,1,-1,-1,-1
554,653,1166.85,277.56,53.08,120.29,1,-1,-1,-1
554,658,996.38,290.70,30.14,71.21,1,-1,-1,-1
554,662,892.79,313.27,49.60,92.30,1,-1,-1,-1
554,665,186.63,295.21,36.92,86.74,1,-1,-1,-1
554,666,640.68,299.37,21.53,43.67,1,-1,-1,-1
554,668,589.95,295.70,25.47,52.55,1,-1,-1,-1
555,520,1423.96,203.47,113.28,421.73,1,-1,-1,-1
555,526,828.79,277.28,55.51,159.36,1,-1,-1,-1
555,527,754.48,265.76,63.89,177.81,1,-1,-1,-1
555,581,1108.61,276.16,61.93,144.26,1,-1,-1,-1
555,636,689.03,287.60,42.08,114.34,1,-1,-1,-1
555,638,929.00,316.35,48.67,88.94,1,-1,-1,-1
555,652,1052.79,289.60,25.40,59.83,1,-1,-1,-1
555,653,1167.51,276.95,53.30,120.72,1,-1,-1,-1
555,658,995.86,290.09,30.16,71.26,1,-1,-1,-1
555,662,892.11,312.89,49.51,92.28,1,-1,-1,-1
555,665,183.15,294.75,37.06,87.33,1,-1,-1,-1
555,666,640.22,297.86,21.48,43.51,1,-1,-1,-1
555,668,590.54,294.36,25.62,52.35,1,-1,-1,-1
556,520,1427.72,202.29,114.15,425.82,1,-1,-1,-1
556,526,828.09,276.82,55.76,159.77,1,-1,-1,-1
556,527,753.72,265.60,63.69,177.49,1,-1,-1,-1
556,581,1107.96,275.17,61.99,144.19,1,-1,-1,-1
556,636,688.95,287.14,42.10,114.19,1,-1,-1,-1
556,638,929.31,315.81,48.66,88.79,1,-1,-1,-1
556,652,1052.38,289.15,25.44,59.84,1,-1,-1,-1
556,653,1167.75,275.78,53.43,120.90,1,-1,-1,-1
556,658,994.96,288.86,30.18,71.31,1,-1,-1,-1
556,662,890.87,311.82,49.88,92.78,1,-1,-1,-1
556,665,179.97,294.63,37.22,87.66,1,-1,-1,-1
556,666,641.01,296.95,21.55,43.62,1,-1,-1,-1
556,668,587.86,293.22,25.87,52.56,1,-1,-1,-1
556,670,599.50,291.80,25.50,50.70,1,-1,-1,-1
557,520,1430.68,201.47,115.77,429.50,1,-1,-1,-1
557,526,827.25,276.40,55.82,160.04,1,-1,-1,-1
557,527,752.62,265.72,63.89,177.40,1,-1,-1,-1
557,581,1107.30,274.36,62.03,144.33,1,-1,-1,-1
557,636,688.63,286.90,41.97,113.86,1,-1,-1,-1
557,638,929.30,315.62,48.73,89.31,1,-1,-1,-1
557,652,1051.93,288.85,25.60,60.07,1,-1,-1,-1
557,653,1167.58,274.82,53.53,121.20,1,-1,-1,-1
557,658,993.91,288.14,30.27,71.27,1,-1,-1,-1
557,662,889.43,311.23,50.08,93.00,1,-1,-1,-1
557,665,176.39,295.66,37.34,87.98,1,-1,-1,-1
557,668,586.02,292.93,26.12,52.53,1,-1,-1,-1
557,670,600.75,293.18,24.59,50.52,1,-1,-1,-1
557,671,651.10,299.90,21.80,43.90,1,-1,-1,-1
558,520,1438.25,200.07,120.86,432.70,1,-1,-1,-1
558,526,827.20,276.01,55.66,159.99,1,-1,-1,-1
558,527,750.87,265.88,64.00,177.06,1,-1,-1,-1
558,581,1106.97,273.19,61.96,144.37,1,-1,-1,-1
558,636,688.12,286.51,42.05,113.68,1,-1,-1,-1
558,638,929.29,315.17,48.78,89.44,1,-1,-1,-1
558,652,1051.57,288.62,25.60,60.27,1,-1,-1,-1
558,653,1168.33,273.84,53.74,121.63,1,-1,-1,-1
558,658,992.91,287.38,30.36,71.14,1,-1,-1,-1
558,662,888.41,309.97,50.24,93.10,1,-1,-1,-1
558,665,172.51,296.07,37.49,88.04,1,-1,-1,-1
558,668,584.97,292.23,26.23,52.33,1,-1,-1,-1
558,670,599.86,292.38,24.45,49.98,1,-1,-1,-1
558,671,649.53,297.67,22.25,44.99,1,-1,-1,-1
559,520,1445.33,199.46,126.09,436.01,1,-1,-1,-1
559,526,826.70,276.14,55.54,159.55,1,-1,-1,-1
559,527,748.56,266.73,64.07,176.79,1,-1,-1,-1
559,581,1106.62,272.84,61.82,144.20,1,-1,-1,-1
559,636,687.82,286.74,41.96,113.52,1,-1,-1,-1
559,638,929.21,315.03,48.94,89.99,1,-1,-1,-1
559,652,1051.44,289.10,25.59,60.42,1,-1,-1,-1
559,653,1169.50,274.32,54.03,121.89,1,-1,-1,-1
559,658,992.12,287.43,30.46,71.14,1,-1,-1,-1
559,662,887.09,309.12,50.40,93.60,1,-1,-1,-1
559,665,169.05,297.25,37.75,88.44,1,-1,-1,-1
559,666,640.86,297.01,21.43,43.62,1,-1,-1,-1
559,668,582.82,293.09,26.21,52.35,1,-1,-1,-1
559,670,595.98,295.33,24.30,49.96,1,-1,-1,-1
560,520,1450.07,199.00,128.24,439.57,1,-1,-1,-1
560,526,826.22,276.51,55.44,159.42,1,-1,-1,-1
560,527,745.94,267.76,64.08,176.50,1,-1,-1,-1
560,581,1106.33,272.87,61.58,143.84,1,-1,-1,-1
560,636,687.57,287.09,41.98,113.60,1,-1,-1,-1
560,638,928.95,315.28,49.17,90.60,1,-1,-1,-1
560,652,1050.63,289.87,25.59,60.52,1,-1,-1,-1
560,653,1170.33,275.12,54.24,121.97,1,-1,-1,-1
560,658,991.38,287.91,30.51,70.96,1,-1,-1,-1
560,662,886.20,309.20,50.50,93.61,1,-1,-1,-1
560,665,165.77,298.39,38.07,89.10,1,-1,-1,-1
560,668,581.31,294.25,26.21,52.39,1,-1,-1,-1
560,670,595.25,297.39,24.38,50.07,1,-1,-1,-1
560,671,647.23,298.30,21.55,45.14,1,-1,-1,-1
561,520,1451.30,199.15,128.56,443.48,1,-1,-1,-1
561,526,826.18,277.39,55.29,159.41,1,-1,-1,-1
561,527,742.68,268.56,63.98,176.16,1,-1,-1,-1
561,581,1106.31,273.74,61.12,143.60,1,-1,-1,-1
561,636,687.33,287.64,42.01,113.25,1,-1,-1,-1
561,638,928.95,315.71,49.52,90.94,1,-1,-1,-1
561,652,1050.42,290.73,25.54,60.79,1,-1,-1,-1
561,653,1171.56,276.19,54.59,121.89,1,-1,-1,-1
561,658,990.77,288.54,30.65,70.85,1,-1,-1,-1
561,662,885.13,309.03,50.84,94.11,1,-1,-1,-1
561,665,162.63,299.92,38.26,89.25,1,-1,-1,-1
561,668,579.20,296.04,26.14,52.44,1,-1,-1,-1
561,672,630.90,297.10,22.00,48.70,1,-1,-1,-1
561,673,612.20,299.70,24.50,48.60,1,-1,-1,-1
561,674,98.20,292.00,44.10,113.60,1,-1,-1,-1
562,520,1451.73,199.45,127.98,447.45,1,-1,-1,-1
562,526,826.51,278.61,55.27,159.68,1,-1,-1,-1
562,527,739.64,269.48,63.86,176.08,1,-1,-1,-1
562,581,1105.67,274.95,60.82,143.43,1,-1,-1,-1
562,636,687.37,288.50,42.37,113.41,1,-1,-1,-1
562,638,929.77,316.42,49.68,91.01,1,-1,-1,-1
562,652,1048.98,291.86,25.44,60.74,1,-1,-1,-1
562,653,1172.99,277.69,55.12,121.71,1,-1,-1,-1
562,658,990.16,290.06,30.78,70.69,1,-1,-1,-1
562,662,885.16,309.94,50.70,94.20,1,-1,-1,-1
562,665,159.36,301.12,38.35,90.11,1,-1,-1,-1
562,666,638.53,300.01,21.43,44.20,1,-1,-1,-1
562,668,578.43,298.56,26.01,52.33,1,-1,-1,-1
562,673,613.79,305.18,22.50,47.15,1,-1,-1,-1
563,520,1454.88,200.13,127.80,450.91,1,-1,-1,-1
563,526,828.28,279.43,55.35,159.66,1,-1,-1,-1
563,527,737.93,270.79,63.70,176.03,1,-1,-1,-1
563,581,1105.86,277.72,60.55,143.17,1,-1,-1,-1
563,636,688.84,289.85,42.70,113.32,1,-1,-1,-1
563,638,931.45,318.80,49.59,90.68,1,-1,-1,-1
563,653,1175.13,279.45,55.66,122.25,1,-1,-1,-1
563,658,990.99,291.68,30.89,70.88,1,-1,-1,-1
563,662,886.18,311.56,50.85,94.70,1,-1,-1,-1
563,665,157.03,302.68,38.59,91.20,1,-1,-1,-1
563,674,68.88,288.85,71.01,122.78,1,-1,-1,-1
563,675,1060.00,300.30,26.70,59.90,1,-1,-1,-1
563,676,583.30,309.30,25.30,50.50,1,-1,-1,-1
563,677,623.70,309.20,22.50,46.40,1,-1,-1,-1
563,678,605.90,309.30,24.70,49.00,1,-1,-1,-1
564,520,1460.28,201.57,127.68,455.18,1,-1,-1,-1
564,526,830.39,281.29,55.27,159.32,1,-1,-1,-1
564,527,738.17,273.00,63.65,175.93,1,-1,-1,-1
564,581,1107.58,281.02,60.27,143.22,1,-1,-1,-1
564,636,691.46,291.53,43.07,113.42,1,-1,-1,-1
564,638,933.88,321.38,49.94,90.79,1,-1,-1,-1
564,652,1046.86,294.96,25.60,60.50,1,-1,-1,-1
564,653,1178.33,281.75,56.31,122.32,1,-1,-1,-1
564,662,887.71,313.04,50.81,95.35,1,-1,-1,-1
564,673,614.46,314.18,22.98,46.74,1,-1,-1,-1
564,674,77.45,293.89,69.52,126.72,1,-1,-1,-1
564,675,1062.52,302.42,25.43,58.54,1,-1,-1,-1
564,676,587.98,312.57,25.85,50.59,1,-1,-1,-1
564,679,1004.90,300.70,30.80,70.20,1,-1,-1,-1
564,680,163.00,308.20,40.70,97.70,1,-1,-1,-1
564,681,634.00,310.40,23.40,46.80,1,-1,-1,-1
565,520,1465.73,202.32,127.35,459.66,1,-1,-1,-1
565,526,832.74,283.07,55.58,159.38,1,-1,-1,-1
565,527,738.76,274.96,63.76,176.23,1,-1,-1,-1
565,581,1109.87,282.99,60.15,143.42,1,-1,-1,-1
565,636,693.99,293.30,43.39,113.26,1,-1,-1,-1
565,638,936.10,322.91,50.32,91.16,1,-1,-1,-1
565,653,1181.46,283.45,57.06,122.45,1,-1,-1,-1
565,662,890.31,313.97,50.95,96.02,1,-1,-1,-1
565,674,79.55,293.84,71.16,131.77,1,-1,-1,-1
565,675,1063.90,298.61,26.37,60.15,1,-1,-1,-1
565,676,589.43,310.20,25.63,52.13,1,-1,-1,-1
565,678,603.54,312.10,25.34,51.18,1,-1,-1,-1
565,679,1008.50,298.09,31.62,71.65,1,-1,-1,-1
565,680,165.81,303.51,43.70,101.34,1,-1,-1,-1
565,681,630.44,312.41,23.49,47.44,1,-1,-1,-1
565,682,1029.70,298.70,28.20,64.00,1,-1,-1,-1
566,520,1472.14,203.86,128.22,464.69,1,-1,-1,-1
566,526,835.63,285.14,55.48,158.98,1,-1,-1,-1
566,527,740.18,276.88,63.65,176.23,1,-1,-1,-1
566,581,1113.06,285.63,60.20,143.34,1,-1,-1,-1
566,636,697.08,294.54,43.74,113.13,1,-1,-1,-1
566,638,938.52,325.11,50.46,91.44,1,-1,-1,-1
566,653,1185.30,285.10,57.66,123.00,1,-1,-1,-1
566,662,893.33,316.01,51.16,96.52,1,-1,-1,-1
566,674,80.02,295.61,72.26,131.42,1,-1,-1,-1
566,675,1065.73,301.73,25.63,59.18,1,-1,-1,-1
566,678,597.47,313.29,25.75,51.05,1,-1,-1,-1
566,679,1011.71,300.95,32.57,73.26,1,-1,-1,-1
566,680,166.40,304.07,43.17,99.59,1,-1,-1,-1
566,683,1087.00,306.00,24.60,54.70,1,-1,-1,-1
566,684,636.50,312.10,24.00,48.40,1,-1,-1,-1
567,520,1480.02,205.62,128.71,468.44,1,-1,-1,-1
567,526,838.96,287.00,55.78,158.98,1,-1,-1,-1
567,527,741.82,277.94,63.78,176.56,1,-1,-1,-1
567,581,1116.43,287.37,60.27,143.34,1,-1,-1,-1
567,636,700.82,296.18,43.84,112.48,1,-1,-1,-1
567,638,941.50,326.95,50.57,91.73,1,-1,-1,-1
567,653,1189.96,286.37,58.42,123.89,1,-1,-1,-1
567,662,896.73,317.28,51.23,97.04,1,-1,-1,-1
567,674,78.32,296.06,74.64,131.71,1,-1,-1,-1
567,675,1067.18,301.84,25.21,58.05,1,-1,-1,-1
567,679,1015.93,301.19,32.97,74.06,1,-1,-1,-1
567,680,171.47,305.88,43.12,98.94,1,-1,-1,-1
567,683,1082.90,304.15,23.87,55.34,1,-1,-1,-1
567,685,603.00,313.80,25.60,49.90,1,-1,-1,-1
567,686,632.70,313.10,22.40,46.40,1,-1,-1,-1
567,687,645.00,314.00,22.50,45.70,1,-1,-1,-1
568,520,1489.78,205.90,129.53,474.17,1,-1,-1,-1
568,526,842.08,288.57,55.72,159.28,1,-1,-1,-1
568,527,744.21,278.85,63.81,176.66,1,-1,-1,-1
568,581,1119.76,288.01,60.40,143.74,1,-1,-1,-1
568,636,705.04,297.11,43.92,112.22,1,-1,-1,-1
568,638,944.99,328.63,50.84,92.06,1,-1,-1,-1
568,653,1195.18,286.97,59.05,124.70,1,-1,-1,-1
568,662,900.59,318.89,51.49,97.45,1,-1,-1,-1
568,674,75.90,296.07,75.90,132.76,1,-1,-1,-1
568,675,1070.65,302.20,25.19,58.50,1,-1,-1,-1
568,679,1019.95,299.83,33.23,74.73,1,-1,-1,-1
568,680,173.23,306.10,42.83,98.98,1,-1,-1,-1
568,684,637.57,310.03,23.36,48.85,1,-1,-1,-1
568,685,606.17,309.35,25.51,52.26,1,-1,-1,-1
569,520,1499.15,205.95,130.30,479.06,1,-1,-1,-1
569,526,845.20,289.65,55.84,158.74,1,-1,-1,-1
569,527,746.22,279.31,63.81,176.46,1,-1,-1,-1
569,581,1123.13,289.20,60.29,143.63,1,-1,-1,-1
569,636,708.91,297.91,44.03,112.19,1,-1,-1,-1
569,638,948.29,329.90,51.04,92.71,1,-1,-1,-1
569,653,1200.79,287.21,59.11,125.21,1,-1,-1,-1
569,662,904.40,320.19,51.65,97.52,1,-1,-1,-1
569,674,72.11,296.64,77.27,133.87,1,-1,-1,-1
569,679,1022.68,298.65,33.43,74.95,1,-1,-1,-1
569,680,173.16,305.35,42.66,99.25,1,-1,-1,-1
569,683,1078.09,303.96,25.33,59.17,1,-1,-1,-1
569,684,639.82,308.80,23.43,48.92,1,-1,-1,-1
569,685,606.51,308.41,25.74,53.19,1,-1,-1,-1
569,688,661.30,306.30,21.70,48.80,1,-1,-1,-1
570,520,1507.97,205.16,131.07,483.03,1,-1,-1,-1
570,526,848.30,289.93,55.95,158.81,1,-1,-1,-1
570,527,748.82,278.95,63.56,176.46,1,-1,-1,-1
570,581,1126.54,288.88,60.20,143.63,1,-1,-1,-1
570,636,713.19,298.00,44.24,112.47,1,-1,-1,-1
570,638,951.32,330.41,51.18,93.60,1,-1,-1,-1
570,653,1206.74,286.58,59.22,125.83,1,-1,-1,-1
570,662,908.35,320.00,51.76,98.26,1,-1,-1,-1
570,674,68.12,296.28,77.82,134.77,1,-1,-1,-1
570,679,1025.89,296.89,33.34,74.74,1,-1,-1,-1
570,680,172.69,303.03,42.43,99.85,1,-1,-1,-1
570,684,642.82,306.28,23.29,49.15,1,-1,-1,-1
570,685,609.48,306.12,25.66,53.92,1,-1,-1,-1
570,688,659.81,303.59,21.70,50.16,1,-1,-1,-1
570,689,1081.80,297.20,27.00,63.60,1,-1,-1,-1
571,520,1516.88,203.78,131.91,487.34,1,-1,-1,-1
571,526,851.02,290.39,56.12,159.11,1,-1,-1,-1
571,527,751.33,278.77,63.34,176.37,1,-1,-1,-1
571,581,1129.73,288.53,60.07,143.47,1,-1,-1,-1
571,636,717.52,298.16,44.47,112.54,1,-1,-1,-1
571,638,954.15,330.81,51.27,94.48,1,-1,-1,-1
571,653,1212.75,286.07,59.15,126.17,1,-1,-1,-1
571,662,911.81,319.93,51.80,98.76,1,-1,-1,-1
571,674,64.16,295.76,77.87,135.88,1,-1,-1,-1
571,679,1028.39,296.35,33.22,74.50,1,-1,-1,-1
571,680,172.79,302.53,42.27,99.91,1,-1,-1,-1
571,684,642.13,304.88,23.22,49.46,1,-1,-1,-1
571,685,610.31,305.27,25.55,54.37,1,-1,-1,-1
571,688,664.02,303.29,21.60,49.80,1,-1,-1,-1
571,689,1085.14,298.11,26.36,61.87,1,-1,-1,-1
571,690,115.00,300.60,45.20,110.50,1,-1,-1,-1
572,520,1525.93,202.07,133.46,492.22,1,-1,-1,-1
572,526,853.11,290.92,56.29,159.29,1,-1,-1,-1
572,527,753.90,278.10,63.26,176.47,1,-1,-1,-1
572,581,1132.77,288.11,60.00,143.42,1,-1,-1,-1
572,636,721.48,297.98,44.57,112.38,1,-1,-1,-1
572,638,956.51,330.84,51.39,95.33,1,-1,-1,-1
572,653,1218.89,285.66,58.90,126.51,1,-1,-1,-1
572,662,914.85,319.35,52.05,99.15,1,-1,-1,-1
572,674,61.33,294.08,77.36,136.21,1,-1,-1,-1
572,679,1030.79,295.61,33.10,74.37,1,-1,-1,-1
572,680,172.54,301.56,42.29,99.94,1,-1,-1,-1
572,684,643.09,304.04,23.13,49.51,1,-1,-1,-1
572,685,610.91,304.69,25.47,54.60,1,-1,-1,-1
572,688,662.34,302.71,21.67,50.06,1,-1,-1,-1
572,689,1083.82,298.87,25.38,60.93,1,-1,-1,-1
572,690,123.14,302.52,41.11,102.41,1,-1,-1,-1
572,691,1103.40,302.10,24.90,56.00,1,-1,-1,-1
572,692,630.50,304.90,23.10,51.50,1,-1,-1,-1
573,520,1535.47,200.56,134.74,497.41,1,-1,-1,-1
573,526,854.24,291.77,56.55,159.55,1,-1,-1,-1
573,527,756.64,277.82,63.15,176.64,1,-1,-1,-1
573,581,1135.60,287.48,60.20,144.04,1,-1,-1,-1
573,636,724.90,297.67,44.62,112.59,1,-1,-1,-1
573,638,959.00,330.81,51.55,95.91,1,-1,-1,-1
573,653,1224.98,285.60,58.80,126.87,1,-1,-1,-1
573,662,917.12,319.43,52.33,99.50,1,-1,-1,-1
573,674,57.54,292.71,77.40,137.14,1,-1,-1,-1
573,679,1032.80,295.56,33.07,74.53,1,-1,-1,-1
573,680,171.47,301.07,42.26,100.03,1,-1,-1,-1
573,684,642.44,304.25,23.18,49.47,1,-1,-1,-1
573,685,613.38,304.19,25.41,54.58,1,-1,-1,-1
573,688,662.92,302.58,21.93,50.05,1,-1,-1,-1
573,689,1080.07,300.42,25.15,60.43,1,-1,-1,-1
573,690,123.22,301.24,37.13,101.02,1,-1,-1,-1
573,691,1099.89,301.99,26.08,57.91,1,-1,-1,-1
573,693,1484.10,195.80,93.50,460.30,1,-1,-1,-1
573,694,677.50,303.80,23.20,48.10,1,-1,-1,-1
574,520,1544.09,198.83,136.15,502.32,1,-1,-1,-1
574,526,854.77,292.21,56.50,159.35,1,-1,-1,-1
574,527,758.66,277.52,63.15,177.01,1,-1,-1,-1
574,581,1137.88,286.99,60.29,144.53,1,-1,-1,-1
574,636,727.55,297.70,44.63,112.67,1,-1,-1,-1
574,638,961.36,331.04,51.64,96.16,1,-1,-1,-1
574,653,1229.58,285.62,59.16,127.66,1,-1,-1,-1
574,662,919.10,319.53,52.69,99.66,1,-1,-1,-1
574,674,54.07,290.85,76.80,137.62,1,-1,-1,-1
574,679,1034.45,296.14,33.02,74.16,1,-1,-1,-1
574,680,170.54,300.89,42.14,100.40,1,-1,-1,-1
574,684,643.44,304.84,23.23,49.07,1,-1,-1,-1
574,685,614.73,304.47,25.42,54.25,1,-1,-1,-1
574,688,662.27,303.51,22.17,49.68,1,-1,-1,-1
574,689,1079.12,301.80,25.01,60.07,1,-1,-1,-1
574,690,121.43,303.54,38.66,100.48,1,-1,-1,-1
574,691,1100.06,303.21,25.85,57.81,1,-1,-1,-1
574,694,674.98,304.22,24.47,48.65,1,-1,-1,-1
574,695,708.70,305.00,24.30,58.90,1,-1,-1,-1
575,520,1553.49,197.65,137.25,509.02,1,-1,-1,-1
575,526,855.45,292.24,56.63,159.07,1,-1,-1,-1
575,527,760.72,277.86,63.10,176.92,1,-1,-1,-1
575,581,1140.01,286.82,60.42,145.08,1,-1,-1,-1
575,636,729.70,297.96,44.72,112.03,1,-1,-1,-1
575,638,963.78,331.54,51.79,96.20,1,-1,-1,-1
575,653,1233.68,286.52,59.59,128.06,1,-1,-1,-1
575,662,921.01,320.09,53.09,99.71,1,-1,-1,-1
575,674,51.32,289.62,76.22,137.95,1,-1,-1,-1
575,679,1037.32,297.50,32.89,73.42,1,-1,-1,-1
575,680,169.48,300.80,42.08,100.60,1,-1,-1,-1
575,684,643.74,305.34,23.34,49.21,1,-1,-1,-1
575,685,616.49,305.20,25.58,54.09,1,-1,-1,-1
575,690,119.72,303.56,39.51,99.00,1,-1,-1,-1
575,691,1104.40,305.57,25.41,56.79,1,-1,-1,-1
575,693,1488.21,198.26,108.32,465.66,1,-1,-1,-1
575,694,668.28,306.61,24.05,48.34,1,-1,-1,-1
575,695,707.09,306.00,23.75,54.63,1,-1,-1,-1
575,696,1068.50,304.90,26.20,59.20,1,-1,-1,-1
576,520,1561.17,196.86,139.04,515.25,1,-1,-1,-1
576,526,855.59,292.96,56.33,158.99,1,-1,-1,-1
576,527,762.15,278.35,63.23,177.10,1,-1,-1,-1
576,581,1141.58,287.34,60.48,145.48,1,-1,-1,-1
576,636,731.27,298.43,44.63,110.62,1,-1,-1,-1
576,638,965.80,332.29,51.96,96.14,1,-1,-1,-1
576,653,1236.83,287.40,60.34,128.82,1,-1,-1,-1
576,662,922.07,320.90,53.37,99.87,1,-1,-1,-1
576,674,48.38,288.51,75.70,138.32,1,-1,-1,-1
576,679,1039.57,299.14,32.79,73.15,1,-1,-1,-1
576,680,168.18,300.80,42.10,101.05,1,-1,-1,-1
576,684,642.97,306.51,23.42,49.44,1,-1,-1,-1
576,685,617.54,306.15,25.75,54.06,1,-1,-1,-1
576,690,117.57,303.59,41.00,98.87,1,-1,-1,-1
576,693,1493.52,199.83,112.33,470.09,1,-1,-1,-1
576,694,663.27,307.93,23.68,48.62,1,-1,-1,-1
576,696,1070.75,303.37,25.56,60.47,1,-1,-1,-1
577,520,1569.34,197.00,139.32,520.89,1,-1,-1,-1
577,526,855.03,293.64,56.53,158.64,1,-1,-1,-1
577,527,762.91,278.60,63.34,177.29,1,-1,-1,-1
577,581,1142.89,288.80,60.34,145.23,1,-1,-1,-1
577,636,732.33,298.77,43.97,108.55,1,-1,-1,-1
577,638,967.69,333.12,52.12,95.94,1,-1,-1,-1
577,653,1239.42,288.96,61.02,129.66,1,-1,-1,-1
577,662,923.19,321.96,53.33,100.12,1,-1,-1,-1
577,674,44.63,287.27,75.00,138.39,1,-1,-1,-1
577,679,1040.78,301.43,32.64,72.59,1,-1,-1,-1
577,680,165.47,299.97,42.32,101.52,1,-1,-1,-1
577,684,642.82,307.67,23.50,50.10,1,-1,-1,-1
577,685,619.84,308.00,25.92,54.17,1,-1,-1,-1
577,688,665.62,308.49,22.24,49.63,1,-1,-1,-1
577,690,116.20,303.85,41.29,99.47,1,-1,-1,-1
577,693,1495.06,206.68,114.85,472.55,1,-1,-1,-1
577,697,1063.20,308.10,26.10,62.60,1,-1,-1,-1
578,520,1578.69,199.43,142.14,526.29,1,-1,-1,-1
578,526,854.21,294.77,56.37,158.36,1,-1,-1,-1
578,527,763.94,280.11,63.27,177.67,1,-1,-1,-1
578,581,1143.96,291.54,60.10,145.22,1,-1,-1,-1
578,636,733.81,300.73,44.13,108.42,1,-1,-1,-1
578,638,968.73,335.16,52.19,95.91,1,-1,-1,-1
578,653,1241.85,291.22,61.28,130.43,1,-1,-1,-1
578,662,923.58,323.67,53.75,100.43,1,-1,-1,-1
578,674,41.30,287.52,74.16,137.81,1,-1,-1,-1
578,679,1041.44,304.26,32.51,72.18,1,-1,-1,-1
578,680,161.91,299.73,42.51,102.38,1,-1,-1,-1
578,685,621.67,309.95,25.87,54.27,1,-1,-1,-1
578,688,666.39,311.78,22.35,49.37,1,-1,-1,-1
578,690,112.26,303.53,41.47,100.86,1,-1,-1,-1
578,693,1498.87,213.34,118.88,475.95,1,-1,-1,-1
578,696,1075.34,312.26,26.06,61.98,1,-1,-1,-1
578,698,1092.40,312.50,24.50,59.70,1,-1,-1,-1
579,520,1586.84,201.47,146.27,532.62,1,-1,-1,-1
579,526,853.03,297.06,56.28,158.58,1,-1,-1,-1
579,527,763.70,281.95,63.42,178.17,1,-1,-1,-1
579,581,1144.83,294.17,59.82,145.05,1,-1,-1,-1
579,636,733.77,302.88,43.85,106.65,1,-1,-1,-1
579,638,969.42,337.49,52.39,95.93,1,-1,-1,-1
579,653,1243.50,293.44,61.80,131.06,1,-1,-1,-1
579,662,923.66,325.72,54.06,100.69,1,-1,-1,-1
579,674,37.14,287.30,73.24,137.81,1,-1,-1,-1
579,688,666.74,314.15,22.34,49.24,1,-1,-1,-1
579,690,108.27,304.25,41.04,102.12,1,-1,-1,-1
579,693,1503.09,218.85,120.97,476.40,1,-1,-1,-1
579,696,1073.95,315.78,26.11,61.33,1,-1,-1,-1
579,699,1034.60,314.80,31.90,67.20,1,-1,-1,-1
579,700,142.20,300.50,48.50,105.20,1,-1,-1,-1
579,701,630.10,318.60,25.10,51.50,1,-1,-1,-1
579,702,614.40,317.40,26.50,53.10,1,-1,-1,-1
579,703,1106.60,316.20,24.50,56.10,1,-1,-1,-1
580,520,1593.52,202.53,149.01,539.01,1,-1,-1,-1
580,526,851.72,299.27,56.04,158.74,1,-1,-1,-1
580,527,762.98,283.53,63.63,178.56,1,-1,-1,-1
580,581,1145.23,296.61,59.73,145.00,1,-1,-1,-1
580,636,733.77,305.04,43.86,105.75,1,-1,-1,-1
580,638,968.96,339.48,52.37,96.13,1,-1,-1,-1
580,653,1244.95,295.96,61.97,131.99,1,-1,-1,-1
580,662,923.36,327.94,54.26,100.60,1,-1,-1,-1
580,674,33.16,287.95,72.59,137.28,1,-1,-1,-1
580,688,666.68,315.35,22.36,49.12,1,-1,-1,-1
580,690,103.55,304.80,40.80,102.32,1,-1,-1,-1
580,693,1506.69,221.64,122.66,477.94,1,-1,-1,-1
580,696,1077.22,317.57,26.13,61.27,1,-1,-1,-1
580,698,1096.95,317.83,25.68,58.61,1,-1,-1,-1
580,699,1033.91,315.02,31.90,67.65,1,-1,-1,-1
580,700,141.51,303.03,46.41,102.02,1,-1,-1,-1
580,701,634.82,317.72,24.19,51.77,1,-1,-1,-1
580,702,616.27,316.02,26.32,55.46,1,-1,-1,-1
580,704,125.70,304.50,34.60,97.90,1,-1,-1,-1
581,520,1599.88,205.42,149.21,544.96,1,-1,-1,-1
581,526,849.89,301.16,55.76,158.59,1,-1,-1,-1
581,527,761.90,284.88,63.73,178.78,1,-1,-1,-1
581,581,1145.25,298.78,59.48,144.93,1,-1,-1,-1
581,636,732.90,307.21,43.77,104.92,1,-1,-1,-1
581,638,968.37,341.29,52.27,96.47,1,-1,-1,-1
581,653,1245.52,298.04,62.35,132.87,1,-1,-1,-1
581,662,922.90,329.99,54.42,100.66,1,-1,-1,-1
581,674,28.78,288.32,72.37,137.08,1,-1,-1,-1
581,685,625.59,312.63,25.64,54.05,1,-1,-1,-1
581,690,99.29,304.99,40.62,102.61,1,-1,-1,-1
581,693,1508.42,223.44,126.67,479.30,1,-1,-1,-1
581,696,1082.03,318.73,25.94,61.11,1,-1,-1,-1
581,699,1031.17,314.67,31.71,67.87,1,-1,-1,-1
581,700,136.60,301.50,45.30,104.21,1,-1,-1,-1
581,705,660.10,315.90,21.60,47.30,1,-1,-1,-1
581,706,609.60,314.80,25.80,56.70,1,-1,-1,-1
582,520,1604.15,208.28,150.01,550.26,1,-1,-1,-1
582,526,847.29,302.67,55.71,158.66,1,-1,-1,-1
582,527,759.93,286.41,63.86,178.81,1,-1,-1,-1
582,581,1144.81,300.38,59.22,144.68,1,-1,-1,-1
582,638,967.26,342.69,52.23,96.70,1,-1,-1,-1
582,653,1246.34,300.03,62.18,133.76,1,-1,-1,-1
582,662,921.72,331.65,54.71,101.03,1,-1,-1,-1
582,674,22.51,287.56,71.87,137.40,1,-1,-1,-1
582,685,626.38,313.50,25.34,53.85,1,-1,-1,-1
582,693,1507.98,226.81,129.74,482.96,1,-1,-1,-1
582,696,1086.80,319.85,25.86,61.45,1,-1,-1,-1
582,699,1025.97,315.16,31.80,68.90,1,-1,-1,-1
582,700,129.53,300.47,44.48,104.41,1,-1,-1,-1
582,705,658.81,314.49,21.60,49.03,1,-1,-1,-1
582,706,608.70,314.59,25.53,56.52,1,-1,-1,-1
582,707,722.40,319.50,36.90,86.10,1,-1,-1,-1
582,708,81.80,301.10,42.80,107.40,1,-1,-1,-1
583,520,1609.14,210.00,151.14,556.47,1,-1,-1,-1
583,526,844.44,303.21,55.79,159.01,1,-1,-1,-1
583,527,757.54,286.75,64.01,178.95,1,-1,-1,-1
583,581,1143.98,301.06,59.17,144.55,1,-1,-1,-1
583,638,965.60,343.26,52.28,96.89,1,-1,-1,-1
583,653,1247.06,301.17,62.07,134.58,1,-1,-1,-1
583,662,920.21,332.30,54.98,101.25,1,-1,-1,-1
583,674,14.84,286.06,70.61,138.03,1,-1,-1,-1
583,685,627.81,312.84,25.14,53.50,1,-1,-1,-1
583,693,1511.25,225.95,131.96,485.92,1,-1,-1,-1
583,696,1089.48,319.37,25.85,62.14,1,-1,-1,-1
583,698,1108.19,317.24,27.87,63.59,1,-1,-1,-1
583,699,1023.45,313.57,31.75,69.45,1,-1,-1,-1
583,700,121.04,296.78,44.74,105.64,1,-1,-1,-1
583,701,643.47,310.55,23.32,50.82,1,-1,-1,-1
583,706,606.88,310.53,25.75,55.60,1,-1,-1,-1
583,707,718.57,319.40,33.17,75.01,1,-1,-1,-1
583,708,75.47,297.57,45.35,106.04,1,-1,-1,-1
583,709,663.90,308.10,22.90,49.90,1,-1,-1,-1
584,520,1613.53,211.28,151.55,561.44,1,-1,-1,-1
584,526,841.52,302.92,55.83,159.48,1,-1,-1,-1
584,527,754.81,286.86,64.05,179.13,1,-1,-1,-1
584,581,1142.92,301.31,59.20,144.54,1,-1,-1,-1
584,638,963.69,343.50,52.17,96.89,1,-1,-1,-1
584,653,1247.26,302.02,61.97,135.43,1,-1,-1,-1
584,662,918.49,332.58,55.20,101.71,1,-1,-1,-1
584,674,7.45,284.33,69.31,138.36,1,-1,-1,-1
584,693,1512.71,225.85,134.47,488.81,1,-1,-1,-1
584,696,1090.56,318.89,25.77,62.41,1,-1,-1,-1
584,699,1021.66,312.95,31.68,69.57,1,-1,-1,-1
584,700,114.15,294.78,45.08,106.24,1,-1,-1,-1
584,701,645.44,309.03,23.18,50.61,1,-1,-1,-1
584,706,602.12,309.49,25.87,55.17,1,-1,-1,-1
584,707,715.79,316.46,33.52,75.67,1,-1,-1,-1
584,708,71.93,297.03,43.98,104.44,1,-1,-1,-1
584,709,658.78,307.55,23.54,50.81,1,-1,-1,-1
585,520,1618.66,211.89,153.33,566.80,1,-1,-1,-1
585,526,838.80,302.59,55.87,160.46,1,-1,-1,-1
585,527,751.81,287.08,64.13,179.20,1,-1,-1,-1
585,581,1141.62,301.65,59.27,144.59,1,-1,-1,-1
585,638,961.54,343.57,52.03,96.90,1,-1,-1,-1
585,653,1247.22,302.54,61.86,136.52,1,-1,-1,-1
585,662,916.77,332.84,55.22,102.15,1,-1,-1,-1
585,674,0.70,283.29,67.06,138.64,1,-1,-1,-1
585,693,1515.92,225.18,136.01,492.92,1,-1,-1,-1
585,699,1020.98,313.02,31.65,69.57,1,-1,-1,-1
585,700,108.31,294.47,44.71,106.20,1,-1,-1,-1
585,701,647.22,308.16,23.14,50.69,1,-1,-1,-1
585,706,599.26,308.96,25.77,55.46,1,-1,-1,-1
585,707,716.52,315.69,33.94,76.08,1,-1,-1,-1
585,708,65.56,296.38,43.56,105.05,1,-1,-1,-1
585,709,660.17,307.38,23.38,50.95,1,-1,-1,-1
585,710,1086.90,316.60,24.60,61.80,1,-1,-1,-1
586,520,1623.27,210.46,154.64,574.34,1,-1,-1,-1
586,526,836.44,302.30,55.88,161.16,1,-1,-1,-1
586,527,748.70,286.84,64.30,179.26,1,-1,-1,-1
586,581,1140.07,301.78,59.51,144.71,1,-1,-1,-1
586,638,959.50,343.11,51.91,96.80,1,-1,-1,-1
586,653,1247.20,302.66,61.74,137.39,1,-1,-1,-1
586,662,915.14,332.41,55.22,102.76,1,-1,-1,-1
586,674,-5.08,283.14,64.32,139.23,1,-1,-1,-1
586,693,1519.92,224.14,137.90,497.23,1,-1,-1,-1
586,699,1020.25,312.56,31.78,69.58,1,-1,-1,-1
586,700,103.60,293.48,44.65,106.16,1,-1,-1,-1
586,701,647.40,307.26,23.11,50.58,1,-1,-1,-1
586,706,598.36,307.94,25.80,55.55,1,-1,-1,-1
586,707,715.63,314.90,34.74,77.04,1,-1,-1,-1
586,708,60.42,295.72,43.09,104.86,1,-1,-1,-1
586,709,661.92,306.36,23.32,50.87,1,-1,-1,-1
586,710,1086.43,314.18,25.24,63.16,1,-1,-1,-1
587,520,1627.69,209.79,155.37,581.54,1,-1,-1,-1
587,526,834.62,302.49,55.83,161.66,1,-1,-1,-1
587,527,745.51,287.36,64.51,178.86,1,-1,-1,-1
587,581,1138.58,302.18,59.84,144.80,1,-1,-1,-1
587,638,957.30,343.24,51.97,96.54,1,-1,-1,-1
587,653,1247.13,302.78,61.85,138.10,1,-1,-1,-1
587,662,913.71,332.62,55.22,102.80,1,-1,-1,-1
587,693,1524.05,224.48,139.50,500.28,1,-1,-1,-1
587,699,1019.71,313.11,31.84,69.16,1,-1,-1,-1
587,700,100.10,293.44,44.77,106.73,1,-1,-1,-1
587,706,598.36,308.95,26.14,55.70,1,-1,-1,-1
587,707,713.99,315.20,34.23,77.99,1,-1,-1,-1
587,708,56.20,297.23,42.76,105.18,1,-1,-1,-1
587,710,1088.68,316.87,25.36,63.18,1,-1,-1,-1
587,711,644.50,312.30,22.00,48.20,1,-1,-1,-1
588,520,1633.02,210.70,155.90,589.49,1,-1,-1,-1
588,526,832.45,303.52,55.90,162.08,1,-1,-1,-1
588,527,742.56,288.20,64.63,179.02,1,-1,-1,-1
588,581,1136.62,303.13,60.21,144.87,1,-1,-1,-1
588,638,955.38,344.01,52.19,96.57,1,-1,-1,-1
588,653,1246.97,303.63,62.34,139.05,1,-1,-1,-1
588,662,911.77,333.62,55.10,103.02,1,-1,-1,-1
588,693,1529.73,226.02,141.57,502.16,1,-1,-1,-1
588,699,1018.86,314.78,31.86,68.97,1,-1,-1,-1
588,700,96.17,294.69,44.84,106.94,1,-1,-1,-1
588,706,597.26,311.13,26.23,55.70,1,-1,-1,-1
588,707,710.11,314.53,34.60,76.33,1,-1,-1,-1
588,708,51.84,298.70,42.25,105.18,1,-1,-1,-1
588,710,1091.23,321.43,25.80,63.71,1,-1,-1,-1
588,711,640.81,313.46,23.64,49.75,1,-1,-1,-1
589,520,1638.98,209.54,157.70,596.23,1,-1,-1,-1
589,526,831.05,304.09,56.09,162.54,1,-1,-1,-1
589,527,740.08,289.76,64.59,178.90,1,-1,-1,-1
589,581,1135.19,304.81,60.32,144.98,1,-1,-1,-1
589,638,953.86,345.05,52.23,96.73,1,-1,-1,-1
589,653,1247.56,304.30,62.36,139.99,1,-1,-1,-1
589,662,910.75,334.21,55.26,103.53,1,-1,-1,-1
589,693,1535.02,227.91,143.36,506.03,1,-1,-1,-1
589,699,1019.32,316.46,31.78,68.94,1,-1,-1,-1
589,700,92.94,296.37,44.87,107.60,1,-1,-1,-1
589,707,711.62,317.78,34.62,76.05,1,-1,-1,-1
589,708,49.72,300.66,42.03,105.73,1,-1,-1,-1
589,710,1095.63,325.81,26.10,63.46,1,-1,-1,-1
589,711,637.88,318.51,24.34,49.48,1,-1,-1,-1
589,712,1082.80,325.40,22.90,60.20,1,-1,-1,-1
589,713,602.20,318.50,25.70,55.50,1,-1,-1,-1
589,714,669.60,317.70,22.20,47.50,1,-1,-1,-1
590,520,1644.85,207.58,159.29,603.56,1,-1,-1,-1
590,526,829.86,305.34,56.39,162.84,1,-1,-1,-1
590,527,739.08,290.28,64.46,179.08,1,-1,-1,-1
590,581,1133.79,306.94,60.23,145.12,1,-1,-1,-1
590,638,953.52,346.70,52.37,96.82,1,-1,-1,-1
590,653,1248.60,304.91,62.70,140.55,1,-1,-1,-1
590,662,909.99,336.57,55.45,103.49,1,-1,-1,-1
590,693,1540.96,230.14,145.87,509.97,1,-1,-1,-1
590,699,1019.89,318.66,31.79,69.06,1,-1,-1,-1
590,700,89.84,297.14,44.90,108.06,1,-1,-1,-1
590,708,46.76,302.87,42.30,106.33,1,-1,-1,-1
590,711,633.16,318.61,24.69,49.82,1,-1,-1,-1
590,713,602.66,319.35,27.15,56.68,1,-1,-1,-1
590,715,718.00,308.50,40.40,101.60,1,-1,-1,-1
590,716,1086.70,324.00,24.40,65.80,1,-1,-1,-1
590,717,1074.20,323.10,23.60,58.40,1,-1,-1,-1
590,718,656.50,314.80,22.10,51.60,1,-1,-1,-1
591,520,1651.82,206.88,161.06,612.26,1,-1,-1,-1
591,526,829.58,306.07,56.56,162.98,1,-1,-1,-1
591,527,738.47,291.42,64.54,178.97,1,-1,-1,-1
591,581,1132.93,308.88,60.25,145.33,1,-1,-1,-1
591,638,953.55,348.99,52.66,97.03,1,-1,-1,-1
591,653,1249.42,305.67,63.41,141.89,1,-1,-1,-1
591,662,909.87,338.16,55.49,103.56,1,-1,-1,-1
591,693,1547.52,231.43,148.56,514.22,1,-1,-1,-1
591,700,88.63,299.56,44.76,108.38,1,-1,-1,-1
591,707,710.96,319.77,34.39,74.30,1,-1,-1,-1
591,708,45.33,304.88,42.16,106.86,1,-1,-1,-1
591,711,634.44,320.20,24.51,50.34,1,-1,-1,-1
591,713,601.62,320.09,26.46,55.78,1,-1,-1,-1
591,714,669.04,317.92,23.02,47.95,1,-1,-1,-1
591,717,1076.48,327.82,23.60,62.04,1,-1,-1,-1
591,719,1028.70,322.30,30.70,69.50,1,-1,-1,-1
592,520,1658.99,206.22,164.24,620.46,1,-1,-1,-1
592,526,829.54,307.28,56.68,162.69,1,-1,-1,-1
592,527,737.91,292.58,64.57,178.89,1,-1,-1,-1
592,581,1132.29,310.64,60.32,145.51,1,-1,-1,-1
592,638,953.60,351.12,52.78,97.31,1,-1,-1,-1
592,653,1250.52,306.65,64.24,143.27,1,-1,-1,-1
592,662,909.71,339.88,55.66,103.83,1,-1,-1,-1
592,693,1554.75,232.82,150.79,517.45,1,-1,-1,-1
592,700,87.02,301.80,44.88,108.91,1,-1,-1,-1
592,707,711.59,321.62,34.38,73.21,1,-1,-1,-1
592,708,43.58,306.65,41.82,106.99,1,-1,-1,-1
592,711,636.62,321.44,24.47,50.61,1,-1,-1,-1
592,713,600.68,321.35,26.24,55.62,1,-1,-1,-1
592,717,1075.28,328.65,23.46,61.73,1,-1,-1,-1
592,719,1029.38,323.19,30.34,69.41,1,-1,-1,-1
593,520,1668.76,206.94,167.02,629.05,1,-1,-1,-1
593,526,829.12,309.06,56.75,162.78,1,-1,-1,-1
593,527,737.30,293.86,64.65,179.01,1,-1,-1,-1
593,581,1131.97,311.63,60.30,145.65,1,-1,-1,-1
593,638,953.35,353.26,52.87,97.54,1,-1,-1,-1
593,653,1252.40,307.50,64.64,144.62,1,-1,-1,-1
593,662,909.68,341.76,55.82,104.19,1,-1,-1,-1
593,693,1563.68,233.82,152.90,522.58,1,-1,-1,-1
593,700,84.47,304.80,44.64,109.16,1,-1,-1,-1
593,707,711.21,323.82,33.99,71.28,1,-1,-1,-1
593,708,41.08,309.23,41.58,107.14,1,-1,-1,-1
593,711,637.27,323.08,24.40,50.73,1,-1,-1,-1
593,713,602.44,323.65,26.13,55.90,1,-1,-1,-1
593,717,1078.00,329.87,23.34,61.62,1,-1,-1,-1
593,718,660.54,320.82,23.01,48.14,1,-1,-1,-1
593,719,1029.25,324.23,30.75,70.89,1,-1,-1,-1
594,520,1679.57,209.38,167.94,636.22,1,-1,-1,-1
594,526,828.90,310.97,56.73,162.92,1,-1,-1,-1
594,527,736.88,295.41,64.74,179.34,1,-1,-1,-1
594,581,1131.82,312.68,60.28,145.74,1,-1,-1,-1
594,638,953.57,355.20,53.06,97.85,1,-1,-1,-1
594,653,1253.80,308.56,65.26,146.04,1,-1,-1,-1
594,662,909.73,343.63,56.00,104.50,1,-1,-1,-1
594,693,1570.87,237.41,155.70,527.10,1,-1,-1,-1
594,700,82.22,307.10,44.61,109.64,1,-1,-1,-1
594,707,710.88,325.62,33.83,69.61,1,-1,-1,-1
594,708,39.27,311.72,41.50,107.32,1,-1,-1,-1
594,711,639.34,324.33,24.32,50.69,1,-1,-1,-1
594,713,601.98,325.19,25.94,56.23,1,-1,-1,-1
594,717,1076.54,330.79,23.43,61.31,1,-1,-1,-1
594,718,658.98,322.28,23.34,48.41,1,-1,-1,-1
594,719,1029.69,325.04,30.93,71.71,1,-1,-1,-1
594,720,628.70,327.50,23.50,49.20,1,-1,-1,-1
595,520,1687.85,208.99,171.96,643.60,1,-1,-1,-1
595,526,828.51,312.94,56.79,163.11,1,-1,-1,-1
595,527,736.48,296.97,64.79,179.39,1,-1,-1,-1
595,581,1131.43,313.51,60.34,145.96,1,-1,-1,-1
595,638,953.68,356.88,53.23,98.24,1,-1,-1,-1
595,653,1255.73,309.55,65.74,147.37,1,-1,-1,-1
595,662,909.81,345.28,56.10,104.66,1,-1,-1,-1
595,693,1580.46,238.48,158.58,534.83,1,-1,-1,-1
595,700,79.85,309.39,44.67,109.97,1,-1,-1,-1
595,707,711.23,327.68,33.71,68.35,1,-1,-1,-1
595,708,36.84,314.14,41.36,106.98,1,-1,-1,-1
595,711,641.31,325.17,24.26,50.58,1,-1,-1,-1
595,713,602.10,326.52,25.89,56.39,1,-1,-1,-1
595,717,1079.45,332.09,23.63,61.54,1,-1,-1,-1
595,718,657.88,323.08,23.59,48.60,1,-1,-1,-1
595,719,1029.44,325.87,31.30,72.19,1,-1,-1,-1
595,720,629.39,328.59,23.32,49.11,1,-1,-1,-1
596,520,1695.60,208.59,175.62,651.78,1,-1,-1,-1
596,526,828.27,314.37,56.74,163.06,1,-1,-1,-1
596,527,736.16,298.51,64.83,179.46,1,-1,-1,-1
596,581,1131.32,314.69,60.36,146.21,1,-1,-1,-1
596,638,954.16,358.38,53.37,98.77,1,-1,-1,-1
596,653,1257.86,310.97,66.27,148.57,1,-1,-1,-1
596,662,910.12,346.28,56.33,104.99,1,-1,-1,-1
596,693,1590.66,240.48,162.17,540.68,1,-1,-1,-1
596,700,77.49,311.63,44.66,110.29,1,-1,-1,-1
596,707,711.94,328.68,33.55,67.50,1,-1,-1,-1
596,708,34.24,316.49,41.31,106.91,1,-1,-1,-1
596,711,642.21,326.47,24.19,50.53,1,-1,-1,-1
596,713,603.59,327.62,25.90,56.74,1,-1,-1,-1
596,717,1081.43,333.31,24.07,61.94,1,-1,-1,-1
596,718,659.18,324.38,23.49,48.88,1,-1,-1,-1
596,719,1029.67,327.11,31.24,72.26,1,-1,-1,-1
596,720,630.52,330.49,23.26,49.25,1,-1,-1,-1
596,721,1107.60,336.10,28.20,65.40,1,-1,-1,-1
597,520,1705.50,206.69,178.26,661.13,1,-1,-1,-1
597,526,828.24,316.25,56.76,162.77,1,-1,-1,-1
597,527,736.39,299.61,64.82,179.65,1,-1,-1,-1
597,581,1131.27,315.21,60.48,146.55,1,-1,-1,-1
597,638,954.65,359.40,53.59,99.09,1,-1,-1,-1
597,653,1260.00,311.85,66.89,149.77,1,-1,-1,-1
597,662,910.27,346.94,56.49,105.24,1,-1,-1,-1
597,693,1599.00,241.39,164.87,542.62,1,-1,-1,-1
597,700,75.16,313.35,44.93,110.73,1,-1,-1,-1
597,707,710.61,328.82,32.91,65.89,1,-1,-1,-1
597,708,31.54,318.51,41.28,106.78,1,-1,-1,-1
597,713,603.79,328.34,25.88,56.92,1,-1,-1,-1
597,718,662.41,324.31,23.56,49.28,1,-1,-1,-1
597,719,1029.96,326.93,31.38,72.51,1,-1,-1,-1
597,720,630.75,330.50,23.31,49.40,1,-1,-1,-1
597,722,652.60,324.10,23.30,49.50,1,-1,-1,-1
597,723,1070.90,329.90,25.50,60.30,1,-1,-1,-1
598,520,1716.99,208.11,180.53,672.28,1,-1,-1,-1
598,526,827.98,318.84,56.92,162.73,1,-1,-1,-1
598,527,736.87,301.88,64.86,179.87,1,-1,-1,-1
598,581,1131.58,316.95,60.45,146.55,1,-1,-1,-1
598,638,955.01,360.88,53.76,99.32,1,-1,-1,-1
598,653,1262.20,313.54,67.27,150.51,1,-1,-1,-1
598,662,910.46,347.74,56.82,105.93,1,-1,-1,-1
598,693,1610.75,241.91,169.42,548.15,1,-1,-1,-1
598,700,71.69,315.53,45.46,111.25,1,-1,-1,-1
598,707,712.22,330.37,33.11,66.78,1,-1,-1,-1
598,708,28.52,320.97,41.13,106.73,1,-1,-1,-1
598,711,644.96,330.16,24.01,50.42,1,-1,-1,-1
598,713,604.66,330.34,25.76,57.08,1,-1,-1,-1
598,718,662.50,327.22,23.53,49.57,1,-1,-1,-1
598,719,1029.78,328.87,31.62,72.59,1,-1,-1,-1
598,720,632.56,333.81,23.18,49.37,1,-1,-1,-1
598,721,1112.15,339.32,31.47,68.13,1,-1,-1,-1
598,723,1075.40,335.62,26.50,59.57,1,-1,-1,-1
599,520,1727.11,207.68,181.92,680.45,1,-1,-1,-1
599,526,828.09,321.33,56.99,162.62,1,-1,-1,-1
599,527,738.62,304.07,64.99,180.21,1,-1,-1,-1
599,581,1132.32,319.22,60.31,146.20,1,-1,-1,-1
599,638,956.01,362.11,54.01,99.43,1,-1,-1,-1
599,653,1264.28,315.33,68.38,151.34,1,-1,-1,-1
599,662,911.27,348.93,56.83,106.40,1,-1,-1,-1
599,693,1622.49,243.22,173.39,552.52,1,-1,-1,-1
599,700,69.02,317.45,46.01,111.67,1,-1,-1,-1
599,707,713.45,332.54,32.87,66.09,1,-1,-1,-1
599,708,25.62,323.31,41.29,106.79,1,-1,-1,-1
599,713,605.68,332.15,25.79,56.95,1,-1,-1,-1
599,719,1030.84,330.69,31.83,72.59,1,-1,-1,-1
599,720,636.92,334.25,23.33,49.48,1,-1,-1,-1
599,722,654.60,332.41,23.48,50.05,1,-1,-1,-1
599,723,1078.14,337.35,26.69,59.97,1,-1,-1,-1
599,724,1108.70,337.80,26.80,60.90,1,-1,-1,-1
600,520,1737.97,206.83,181.40,688.64,1,-1,-1,-1
600,526,828.22,323.87,57.21,162.85,1,-1,-1,-1
600,527,740.50,306.93,65.10,180.27,1,-1,-1,-1
600,581,1133.22,322.10,60.18,145.87,1,-1,-1,-1
600,638,957.51,363.97,54.10,99.40,1,-1,-1,-1
600,653,1266.78,317.31,68.97,152.02,1,-1,-1,-1
600,662,912.38,350.94,57.00,107.05,1,-1,-1,-1
600,693,1633.67,244.31,176.70,562.05,1,-1,-1,-1
600,700,67.06,319.67,46.53,112.00,1,-1,-1,-1
600,707,715.14,335.44,32.87,65.69,1,-1,-1,-1
600,708,23.42,325.91,41.43,106.92,1,-1,-1,-1
600,713,606.80,334.69,25.87,56.90,1,-1,-1,-1
600,719,1032.69,333.60,32.07,72.43,1,-1,-1,-1
600,720,639.10,336.93,23.40,49.70,1,-1,-1,-1
600,721,1115.57,342.43,31.44,68.98,1,-1,-1,-1
600,722,655.79,336.63,23.30,50.12,1,-1,-1,-1
600,723,1080.05,340.19,26.63,59.98,1,-1,-1,-1
601,520,1751.12,205.78,178.23,695.84,1,-1,-1,-1
601,526,828.61,325.89,57.21,163.05,1,-1,-1,-1
601,527,742.53,309.91,65.20,180.44,1,-1,-1,-1
601,581,1134.54,325.44,59.91,145.30,1,-1,-1,-1
601,638,959.17,366.08,54.33,99.57,1,-1,-1,-1
601,653,1269.97,319.54,69.71,152.60,1,-1,-1,-1
601,662,913.41,353.17,57.18,107.38,1,-1,-1,-1
601,693,1644.23,246.23,180.83,568.86,1,-1,-1,-1
601,700,65.72,322.55,46.95,112.13,1,-1,-1,-1
601,707,716.50,338.59,32.73,64.91,1,-1,-1,-1
601,708,22.27,329.19,41.47,106.74,1,-1,-1,-1
601,713,607.79,338.09,26.01,56.68,1,-1,-1,-1
601,719,1035.26,337.04,32.05,71.94,1,-1,-1,-1
601,720,641.84,340.54,23.54,49.68,1,-1,-1,-1
601,722,658.46,340.30,23.20,50.01,1,-1,-1,-1
601,724,1108.80,344.81,26.71,61.35,1,-1,-1,-1
601,725,1073.60,343.10,27.90,63.00,1,-1,-1,-1
602,526,828.74,327.93,57.34,163.43,1,-1,-1,-1
602,527,744.68,312.82,65.24,180.28,1,-1,-1,-1
602,581,1136.26,328.21,59.74,145.02,1,-1,-1,-1
602,638,961.02,368.35,54.78,99.78,1,-1,-1,-1
602,653,1274.15,320.82,70.36,153.84,1,-1,-1,-1
602,662,914.94,355.58,57.32,107.43,1,-1,-1,-1
602,693,1656.78,246.52,183.59,575.76,1,-1,-1,-1
602,700,64.82,325.18,47.77,112.58,1,-1,-1,-1
602,707,718.29,341.71,32.84,64.30,1,-1,-1,-1
602,708,20.81,331.69,41.50,107.17,1,-1,-1,-1
602,713,609.91,341.31,26.08,56.42,1,-1,-1,-1
602,719,1037.89,340.17,31.99,71.53,1,-1,-1,-1
602,720,642.74,344.44,23.71,49.56,1,-1,-1,-1
602,722,659.59,343.96,23.20,49.78,1,-1,-1,-1
602,724,1108.29,346.37,25.51,62.14,1,-1,-1,-1
602,725,1071.39,348.16,27.26,63.18,1,-1,-1,-1
603,526,829.76,331.67,57.45,163.08,1,-1,-1,-1
603,527,746.78,316.59,65.34,180.53,1,-1,-1,-1
603,581,1138.09,331.62,59.55,144.89,1,-1,-1,-1
603,638,963.25,372.28,55.21,100.33,1,-1,-1,-1
603,653,1278.63,324.46,71.34,154.96,1,-1,-1,-1
603,662,916.66,359.49,57.81,107.51,1,-1,-1,-1
603,693,1670.49,247.61,186.93,584.34,1,-1,-1,-1
603,700,64.33,328.67,48.57,113.40,1,-1,-1,-1
603,707,719.59,346.25,32.99,63.47,1,-1,-1,-1
603,708,19.25,335.67,41.41,107.24,1,-1,-1,-1
603,719,1040.92,343.89,31.82,71.39,1,-1,-1,-1
603,722,660.87,350.78,23.55,49.89,1,-1,-1,-1
603,725,1066.88,353.09,27.28,64.20,1,-1,-1,-1
603,726,712.90,354.60,22.50,51.90,1,-1,-1,-1
603,727,619.10,351.90,27.50,55.90,1,-1,-1,-1
604,526,830.90,334.92,57.60,163.42,1,-1,-1,-1
604,527,749.07,320.38,65.09,180.12,1,-1,-1,-1
604,581,1140.70,334.57,59.72,145.14,1,-1,-1,-1
604,638,966.11,376.13,55.70,100.63,1,-1,-1,-1
604,653,1284.13,328.10,71.52,155.75,1,-1,-1,-1
604,662,918.56,363.43,58.28,107.83,1,-1,-1,-1
604,693,1684.10,246.51,189.23,590.44,1,-1,-1,-1
604,700,64.17,333.65,49.17,113.86,1,-1,-1,-1
604,708,17.70,339.38,41.54,107.53,1,-1,-1,-1
604,719,1043.75,347.61,31.83,71.41,1,-1,-1,-1
604,722,662.30,353.60,23.38,49.91,1,-1,-1,-1
604,726,710.99,355.02,21.86,47.99,1,-1,-1,-1
604,727,617.78,352.74,26.86,56.99,1,-1,-1,-1
604,728,728.50,358.20,31.80,56.40,1,-1,-1,-1
604,729,1114.70,359.70,25.40,57.50,1,-1,-1,-1
605,526,831.64,337.44,57.66,164.26,1,-1,-1,-1
605,527,750.85,324.12,65.05,180.07,1,-1,-1,-1
605,581,1143.15,337.23,59.77,145.35,1,-1,-1,-1
605,638,968.92,379.57,56.08,101.15,1,-1,-1,-1
605,653,1289.47,331.75,71.46,156.59,1,-1,-1,-1
605,662,919.94,366.44,58.86,108.46,1,-1,-1,-1
605,693,1696.08,248.13,193.07,597.62,1,-1,-1,-1
605,700,63.80,338.36,49.64,114.40,1,-1,-1,-1
605,708,15.94,343.21,41.73,107.99,1,-1,-1,-1
605,719,1045.54,351.11,31.82,71.34,1,-1,-1,-1
605,722,664.66,356.48,23.39,50.27,1,-1,-1,-1
605,726,712.81,356.30,22.89,50.20,1,-1,-1,-1
605,727,618.39,355.52,27.17,57.67,1,-1,-1,-1
605,728,726.90,357.11,31.44,60.76,1,-1,-1,-1
605,729,1119.26,361.00,25.40,57.77,1,-1,-1,-1
605,730,635.20,354.20,25.10,54.60,1,-1,-1,-1
606,526,832.15,341.30,57.79,164.47,1,-1,-1,-1
606,527,752.53,327.85,64.96,179.79,1,-1,-1,-1
606,581,1145.44,339.97,59.82,145.53,1,-1,-1,-1
606,638,970.97,382.48,56.49,101.57,1,-1,-1,-1
606,653,1294.88,334.70,71.63,157.65,1,-1,-1,-1
606,662,921.98,369.84,59.21,108.79,1,-1,-1,-1
606,693,1708.27,247.13,195.54,606.00,1,-1,-1,-1
606,700,62.73,342.23,49.89,115.02,1,-1,-1,-1
606,708,13.92,346.47,42.26,108.87,1,-1,-1,-1
606,719,1047.46,355.14,32.08,71.57,1,-1,-1,-1
606,722,666.62,358.14,23.52,50.39,1,-1,-1,-1
606,726,716.03,357.80,23.25,51.45,1,-1,-1,-1
606,727,618.51,358.08,27.31,58.01,1,-1,-1,-1
606,728,729.16,358.88,31.56,60.25,1,-1,-1,-1
606,729,1122.79,362.74,25.69,59.51,1,-1,-1,-1
606,730,636.26,357.28,26.65,54.78,1,-1,-1,-1
606,731,1109.80,360.70,25.00,57.40,1,-1,-1,-1
607,526,833.24,343.71,57.88,164.46,1,-1,-1,-1
607,527,754.07,330.31,64.90,179.87,1,-1,-1,-1
607,581,1147.99,341.99,59.81,145.68,1,-1,-1,-1
607,638,973.35,385.11,56.79,102.08,1,-1,-1,-1
607,653,1300.55,337.10,71.71,158.50,1,-1,-1,-1
607,662,924.05,372.91,59.48,109.04,1,-1,-1,-1
607,693,1718.38,246.65,197.28,613.33,1,-1,-1,-1
607,700,61.57,345.16,49.97,115.28,1,-1,-1,-1
607,708,12.35,348.88,43.02,109.69,1,-1,-1,-1
607,719,1049.04,357.31,32.33,71.78,1,-1,-1,-1
607,722,667.44,360.20,23.45,50.27,1,-1,-1,-1
607,727,618.66,359.29,27.38,58.13,1,-1,-1,-1
607,728,731.58,359.57,31.51,60.01,1,-1,-1,-1
607,729,1123.68,363.12,26.18,60.85,1,-1,-1,-1
607,732,712.40,358.60,22.50,49.40,1,-1,-1,-1
608,526,834.04,346.32,57.91,164.37,1,-1,-1,-1
608,527,755.37,332.29,64.90,179.93,1,-1,-1,-1
608,581,1150.34,343.92,59.84,145.98,1,-1,-1,-1
608,638,975.17,387.48,57.16,102.27,1,-1,-1,-1
608,653,1306.19,339.31,71.96,159.41,1,-1,-1,-1
608,662,925.87,375.70,59.68,109.23,1,-1,-1,-1
608,693,1728.72,246.00,197.24,621.38,1,-1,-1,-1
608,700,59.03,347.51,50.32,116.01,1,-1,-1,-1
608,708,10.16,351.17,43.63,110.38,1,-1,-1,-1
608,719,1050.26,359.15,32.58,72.08,1,-1,-1,-1
608,722,668.36,361.08,23.47,50.28,1,-1,-1,-1
608,727,618.21,359.97,27.59,57.96,1,-1,-1,-1
608,728,731.88,360.55,31.46,59.17,1,-1,-1,-1
608,729,1125.44,364.23,26.82,61.40,1,-1,-1,-1
608,730,638.10,358.98,26.38,53.25,1,-1,-1,-1
608,732,707.54,358.41,22.41,47.40,1,-1,-1,-1
609,526,835.33,348.24,57.93,164.17,1,-1,-1,-1
609,527,756.71,333.70,64.89,179.99,1,-1,-1,-1
609,581,1152.61,344.91,59.89,146.20,1,-1,-1,-1
609,638,977.32,388.99,57.42,102.68,1,-1,-1,-1
609,653,1311.90,340.67,72.25,160.40,1,-1,-1,-1
609,662,927.64,377.56,59.92,109.69,1,-1,-1,-1
609,693,1739.06,245.37,195.72,629.52,1,-1,-1,-1
609,700,56.66,349.33,50.43,116.33,1,-1,-1,-1
609,708,8.17,353.21,44.30,110.99,1,-1,-1,-1
609,719,1051.77,359.78,32.60,72.06,1,-1,-1,-1
609,722,669.34,361.21,23.48,50.29,1,-1,-1,-1
609,727,618.94,359.50,27.69,58.02,1,-1,-1,-1
609,728,732.93,360.51,31.53,58.80,1,-1,-1,-1
609,729,1123.46,363.03,27.36,61.40,1,-1,-1,-1
609,733,710.90,358.70,22.70,47.30,1,-1,-1,-1
610,526,836.63,349.31,57.94,163.91,1,-1,-1,-1
610,527,757.92,334.62,64.87,179.74,1,-1,-1,-1
610,581,1154.58,345.41,60.02,146.30,1,-1,-1,-1
610,638,979.43,389.72,57.74,103.09,1,-1,-1,-1
610,653,1317.11,341.02,72.83,161.60,1,-1,-1,-1
610,662,929.45,378.82,60.10,109.81,1,-1,-1,-1
610,693,1748.15,241.69,193.61,635.96,1,-1,-1,-1
610,700,54.29,350.40,50.54,116.82,1,-1,-1,-1
610,708,6.28,354.61,44.97,111.57,1,-1,-1,-1
610,719,1053.03,359.77,32.62,71.78,1,-1,-1,-1
610,722,670.01,360.75,23.54,50.28,1,-1,-1,-1
610,727,619.71,358.48,27.74,58.03,1,-1,-1,-1
610,728,733.76,359.82,31.67,58.55,1,-1,-1,-1
610,729,1124.77,361.50,27.42,61.38,1,-1,-1,-1
610,733,709.32,356.83,22.79,47.66,1,-1,-1,-1
610,734,1110.40,359.30,23.50,57.80,1,-1,-1,-1
611,526,838.13,349.87,57.99,163.98,1,-1,-1,-1
611,527,759.31,335.00,64.74,179.51,1,-1,-1,-1
611,581,1156.46,345.37,60.04,146.24,1,-1,-1,-1
611,638,981.52,390.03,57.95,103.36,1,-1,-1,-1
611,653,1321.49,340.97,73.44,162.64,1,-1,-1,-1
611,662,931.39,379.70,60.23,109.77,1,-1,-1,-1
611,693,1757.05,237.01,190.49,641.02,1,-1,-1,-1
611,700,51.18,351.41,50.88,116.92,1,-1,-1,-1
611,708,4.73,356.47,45.72,111.65,1,-1,-1,-1
611,719,1053.92,359.38,32.70,71.57,1,-1,-1,-1
611,722,670.47,360.28,23.67,50.37,1,-1,-1,-1
611,727,620.11,357.43,27.89,58.22,1,-1,-1,-1
611,728,735.91,359.37,31.54,58.70,1,-1,-1,-1
611,733,705.77,354.39,22.60,47.30,1,-1,-1,-1
611,734,1106.05,358.60,23.77,57.71,1,-1,-1,-1
611,735,1119.20,358.50,25.80,60.30,1,-1,-1,-1
612,526,840.16,349.45,58.09,164.23,1,-1,-1,-1
612,527,760.76,335.13,64.66,179.52,1,-1,-1,-1
612,581,1158.24,344.98,60.06,146.09,1,-1,-1,-1
612,638,983.80,390.04,58.08,103.71,1,-1,-1,-1
612,653,1325.60,340.33,73.70,163.62,1,-1,-1,-1
612,662,933.37,380.05,60.28,109.89,1,-1,-1,-1
612,693,1764.64,232.63,187.15,646.93,1,-1,-1,-1
612,700,48.18,352.04,51.25,117.04,1,-1,-1,-1
612,708,3.67,357.29,46.39,111.86,1,-1,-1,-1
612,719,1054.82,358.63,32.83,71.31,1,-1,-1,-1
612,722,670.76,359.53,23.69,50.42,1,-1,-1,-1
612,727,620.44,356.50,27.98,58.35,1,-1,-1,-1
612,728,738.85,359.33,31.55,59.66,1,-1,-1,-1
612,734,1102.91,357.25,24.70,59.48,1,-1,-1,-1
612,735,1119.99,356.13,25.71,62.66,1,-1,-1,-1
612,736,712.60,355.20,22.80,49.40,1,-1,-1,-1
613,526,842.61,349.03,58.39,164.31,1,-1,-1,-1
613,527,763.00,334.95,64.65,179.65,1,-1,-1,-1
613,581,1160.55,344.58,60.02,145.97,1,-1,-1,-1
613,638,986.45,389.46,58.31,104.29,1,-1,-1,-1
613,653,1330.30,338.83,73.99,164.83,1,-1,-1,-1
613,662,936.21,379.84,60.35,110.13,1,-1,-1,-1
613,700,45.23,353.02,51.38,117.08,1,-1,-1,-1
613,708,2.25,358.14,46.68,111.96,1,-1,-1,-1
613,719,1056.26,357.73,32.74,71.17,1,-1,-1,-1
613,722,671.74,359.12,23.78,50.43,1,-1,-1,-1
613,727,622.86,356.34,27.96,58.45,1,-1,-1,-1
613,728,741.83,360.57,32.34,61.59,1,-1,-1,-1
613,733,700.96,353.19,22.97,47.80,1,-1,-1,-1
613,735,1113.61,354.38,26.42,63.11,1,-1,-1,-1
613,737,732.60,357.10,26.30,56.80,1,-1,-1,-1
614,526,845.70,348.37,58.51,164.33,1,-1,-1,-1
614,527,765.27,334.35,64.58,179.77,1,-1,-1,-1
614,581,1163.11,343.73,59.90,145.78,1,-1,-1,-1
614,638,989.37,388.92,58.73,104.52,1,-1,-1,-1
614,653,1334.50,337.23,74.80,166.35,1,-1,-1,-1
614,662,939.18,379.26,60.39,110.15,1,-1,-1,-1
614,700,42.89,353.76,51.39,117.02,1,-1,-1,-1
614,708,1.21,358.71,46.87,112.22,1,-1,-1,-1
614,719,1058.20,356.83,32.62,70.64,1,-1,-1,-1
614,727,625.56,356.18,27.99,58.54,1,-1,-1,-1
614,728,744.00,360.53,32.66,62.52,1,-1,-1,-1
614,733,697.41,351.90,23.10,48.26,1,-1,-1,-1
614,735,1107.09,354.12,26.88,63.70,1,-1,-1,-1
614,738,1140.60,355.60,32.90,68.50,1,-1,-1,-1
614,739,666.50,353.80,24.50,50.90,1,-1,-1,-1
615,526,848.54,347.72,58.81,164.26,1,-1,-1,-1
615,527,767.38,333.72,64.40,179.50,1,-1,-1,-1
615,581,1165.32,342.79,59.80,145.72,1,-1,-1,-1
615,638,992.22,388.43,59.17,104.48,1,-1,-1,-1
615,653,1338.27,335.56,75.71,167.99,1,-1,-1,-1
615,662,942.32,378.76,60.43,110.02,1,-1,-1,-1
615,700,40.97,354.11,51.33,116.89,1,-1,-1,-1
615,708,0.15,359.03,46.91,112.60,1,-1,-1,-1
615,719,1060.97,355.91,32.43,70.24,1,-1,-1,-1
615,722,673.91,359.30,23.86,50.51,1,-1,-1,-1
615,727,627.94,356.40,27.93,58.61,1,-1,-1,-1
615,728,745.51,360.40,32.67,62.53,1,-1,-1,-1
615,733,690.96,351.82,23.29,48.77,1,-1,-1,-1
615,735,1103.31,353.76,27.39,63.78,1,-1,-1,-1
615,738,1142.39,355.36,33.08,69.68,1,-1,-1,-1
615,740,660.90,358.90,23.70,50.90,1,-1,-1,-1
616,526,851.72,346.01,58.89,164.67,1,-1,-1,-1
616,527,770.20,333.11,64.06,179.00,1,-1,-1,-1
616,581,1167.18,342.34,59.60,145.26,1,-1,-1,-1
616,638,995.63,387.23,59.34,104.52,1,-1,-1,-1
616,653,1343.06,333.79,76.77,169.15,1,-1,-1,-1
616,662,945.37,377.76,60.72,110.16,1,-1,-1,-1
616,700,40.12,354.15,50.87,116.63,1,-1,-1,-1
616,708,-0.47,359.43,47.30,112.62,1,-1,-1,-1
616,727,630.45,356.96,27.84,58.70,1,-1,-1,-1
616,728,747.89,359.43,32.56,62.92,1,-1,-1,-1
616,735,1094.08,352.79,27.70,64.07,1,-1,-1,-1
616,738,1142.30,354.21,32.99,70.07,1,-1,-1,-1
616,739,665.52,358.60,24.77,51.08,1,-1,-1,-1
616,741,1072.20,349.90,31.20,68.10,1,-1,-1,-1
617,526,854.42,344.97,59.14,165.01,1,-1,-1,-1
617,527,772.67,332.62,63.91,178.93,1,-1,-1,-1
617,581,1169.56,341.45,59.40,144.93,1,-1,-1,-1
617,638,998.24,386.41,59.48,105.03,1,-1,-1,-1
617,653,1347.44,332.39,77.40,170.43,1,-1,-1,-1
617,662,947.62,376.85,61.00,110.45,1,-1,-1,-1
617,700,39.66,354.35,50.56,116.24,1,-1,-1,-1
617,708,-1.03,360.37,47.50,112.61,1,-1,-1,-1
617,727,633.59,357.02,27.79,58.80,1,-1,-1,-1
617,728,750.33,358.88,32.76,63.02,1,-1,-1,-1
617,733,685.30,352.84,23.50,49.21,1,-1,-1,-1
617,735,1091.08,352.99,27.79,64.26,1,-1,-1,-1
617,738,1140.54,352.14,31.49,68.41,1,-1,-1,-1
617,739,667.96,355.96,25.17,52.19,1,-1,-1,-1
617,741,1070.91,349.07,33.29,71.65,1,-1,-1,-1
618,526,858.03,343.64,59.45,165.64,1,-1,-1,-1
618,527,776.24,331.96,63.95,179.18,1,-1,-1,-1
618,581,1172.35,339.99,59.40,145.20,1,-1,-1,-1
618,638,1001.89,385.47,59.63,105.36,1,-1,-1,-1
618,653,1353.27,331.30,78.17,171.47,1,-1,-1,-1
618,662,951.21,376.23,61.15,110.65,1,-1,-1,-1
618,700,40.64,354.87,50.44,116.44,1,-1,-1,-1
618,708,-1.55,360.75,47.46,112.83,1,-1,-1,-1
618,728,752.91,358.30,32.94,62.92,1,-1,-1,-1
618,733,684.24,354.33,23.66,50.01,1,-1,-1,-1
618,735,1085.19,351.87,28.68,65.17,1,-1,-1,-1
618,739,666.93,356.19,25.28,53.02,1,-1,-1,-1
618,742,645.50,357.40,27.30,58.10,1,-1,-1,-1
618,743,1135.10,353.50,23.90,60.10,1,-1,-1,-1
619,526,861.33,342.97,59.83,165.75,1,-1,-1,-1
619,527,779.51,331.57,63.99,179.39,1,-1,-1,-1
619,581,1175.19,339.20,59.33,145.27,1,-1,-1,-1
619,638,1005.60,384.92,59.91,105.70,1,-1,-1,-1
619,653,1358.93,330.20,79.16,172.64,1,-1,-1,-1
619,662,955.02,375.72,61.29,111.01,1,-1,-1,-1
619,700,41.32,355.38,50.20,116.69,1,-1,-1,-1
619,708,-1.72,361.26,47.65,113.27,1,-1,-1,-1
619,728,755.48,358.25,32.97,62.45,1,-1,-1,-1
619,735,1082.01,351.10,29.45,66.07,1,-1,-1,-1
619,738,1143.10,353.55,32.26,66.88,1,-1,-1,-1
619,739,667.26,355.94,25.33,53.26,1,-1,-1,-1
619,742,645.50,357.61,27.21,58.37,1,-1,-1,-1
619,743,1128.02,352.78,25.08,61.74,1,-1,-1,-1
619,744,689.40,354.20,24.70,51.30,1,-1,-1,-1
620,526,864.74,342.24,60.17,165.94,1,-1,-1,-1
620,527,783.02,331.23,63.99,179.47,1,-1,-1,-1
620,581,1178.62,338.68,59.37,145.36,1,-1,-1,-1
620,638,1009.41,384.96,60.11,105.76,1,-1,-1,-1
620,653,1364.99,329.06,80.06,173.94,1,-1,-1,-1
620,662,959.01,375.51,61.68,111.48,1,-1,-1,-1
620,700,42.34,355.64,49.95,117.10,1,-1,-1,-1
620,708,-1.72,361.48,47.78,113.40,1,-1,-1,-1
620,728,758.69,358.26,32.82,61.95,1,-1,-1,-1
620,738,1146.41,353.25,31.07,66.31,1,-1,-1,-1
620,742,649.88,357.79,27.06,58.72,1,-1,-1,-1
620,744,693.32,356.07,23.70,51.12,1,-1,-1,-1
620,745,745.70,356.80,22.60,50.50,1,-1,-1,-1
620,746,1088.00,348.80,32.90,71.70,1,-1,-1,-1
620,747,1129.40,352.50,28.00,65.00,1,-1,-1,-1
621,526,867.95,341.38,60.72,166.23,1,-1,-1,-1
621,527,786.64,330.54,63.97,179.69,1,-1,-1,-1
621,581,1181.68,338.36,59.32,145.19,1,-1,-1,-1
621,638,1013.02,384.29,60.45,106.27,1,-1,-1,-1
621,653,1369.92,328.07,81.05,175.20,1,-1,-1,-1
621,662,963.10,374.52,62.01,111.74,1,-1,-1,-1
621,700,43.33,355.74,49.70,117.68,1,-1,-1,-1
621,708,-1.64,362.31,47.98,113.41,1,-1,-1,-1
621,728,762.29,358.28,32.71,61.97,1,-1,-1,-1
621,742,652.12,357.18,27.47,58.88,1,-1,-1,-1
621,744,692.76,356.05,24.04,51.16,1,-1,-1,-1
621,746,1090.02,346.25,33.81,72.34,1,-1,-1,-1
621,747,1128.14,348.27,28.55,68.00,1,-1,-1,-1
622,526,870.99,341.34,61.08,166.28,1,-1,-1,-1
622,527,790.39,330.24,64.07,179.91,1,-1,-1,-1
622,581,1184.70,338.16,59.35,145.12,1,-1,-1,-1
622,638,1016.53,384.54,60.54,106.37,1,-1,-1,-1
622,653,1375.31,327.06,81.79,176.51,1,-1,-1,-1
622,662,966.77,374.60,62.10,112.14,1,-1,-1,-1
622,700,44.30,356.08,49.39,118.17,1,-1,-1,-1
622,708,-1.40,363.32,48.08,113.05,1,-1,-1,-1
622,728,765.89,357.66,32.69,62.68,1,-1,-1,-1
622,742,655.02,357.38,27.37,58.91,1,-1,-1,-1
622,746,1093.77,347.55,33.18,72.37,1,-1,-1,-1
622,747,1132.31,349.45,28.95,68.67,1,-1,-1,-1
622,748,700.50,356.60,24.40,50.40,1,-1,-1,-1
622,749,736.00,355.60,21.10,45.40,1,-1,-1,-1
623,526,874.14,340.89,61.42,166.31,1,-1,-1,-1
623,527,793.93,329.61,64.09,179.99,1,-1,-1,-1
623,581,1187.50,337.70,59.43,145.00,1,-1,-1,-1
623,638,1019.80,384.37,60.89,106.60,1,-1,-1,-1
623,653,1381.42,325.86,82.10,178.04,1,-1,-1,-1
623,662,970.57,374.23,62.19,112.39,1,-1,-1,-1
623,700,45.26,356.09,49.19,118.26,1,-1,-1,-1
623,708,-1.13,363.96,48.30,112.66,1,-1,-1,-1
623,728,769.16,356.87,32.95,63.60,1,-1,-1,-1
623,738,1148.41,351.97,31.01,66.16,1,-1,-1,-1
623,742,656.12,356.97,27.46,59.22,1,-1,-1,-1
623,746,1095.66,347.18,32.63,71.56,1,-1,-1,-1
623,747,1133.00,348.90,27.79,67.47,1,-1,-1,-1
623,748,698.33,357.06,24.58,49.58,1,-1,-1,-1
624,526,877.26,341.11,61.63,166.33,1,-1,-1,-1
624,527,798.45,329.42,64.14,180.15,1,-1,-1,-1
624,581,1191.14,337.28,59.35,144.87,1,-1,-1,-1
624,638,1023.64,384.20,61.14,106.91,1,-1,-1,-1
624,653,1388.02,324.28,81.93,179.10,1,-1,-1,-1
624,662,974.40,373.89,62.18,112.90,1,-1,-1,-1
624,700,46.16,356.30,48.83,118.58,1,-1,-1,-1
624,708,-0.86,364.65,48.14,112.57,1,-1,-1,-1
624,728,772.88,356.90,33.23,63.49,1,-1,-1,-1
624,742,661.05,357.43,27.22,58.97,1,-1,-1,-1
624,746,1100.11,347.00,32.47,71.52,1,-1,-1,-1
624,747,1135.44,349.62,28.12,67.04,1,-1,-1,-1
624,748,699.88,356.77,24.69,50.26,1,-1,-1,-1
624,750,1166.70,351.90,31.00,70.70,1,-1,-1,-1
624,751,720.90,354.20,23.80,49.50,1,-1,-1,-1
625,526,880.03,341.56,61.88,166.19,1,-1,-1,-1
625,527,802.12,329.64,64.16,180.50,1,-1,-1,-1
625,581,1194.22,336.99,59.35,144.77,1,-1,-1,-1
625,638,1026.63,383.92,61.40,107.30,1,-1,-1,-1
625,653,1395.12,323.19,81.66,180.39,1,-1,-1,-1
625,662,977.21,373.62,62.42,113.40,1,-1,-1,-1
625,700,46.33,356.72,48.48,118.66,1,-1,-1,-1
625,708,-0.83,365.31,47.82,112.64,1,-1,-1,-1
625,728,776.86,357.10,33.49,63.75,1,-1,-1,-1
625,742,663.65,358.42,27.01,59.08,1,-1,-1,-1
625,746,1103.80,347.77,32.12,71.33,1,-1,-1,-1
625,747,1135.76,351.19,28.22,66.10,1,-1,-1,-1
625,748,704.02,357.44,24.46,50.37,1,-1,-1,-1
625,750,1169.20,351.67,31.55,72.15,1,-1,-1,-1
625,751,717.93,355.61,23.80,50.05,1,-1,-1,-1
625,752,691.70,361.20,22.90,50.40,1,-1,-1,-1
626,526,882.41,341.71,62.03,166.38,1,-1,-1,-1
626,527,805.71,329.78,64.14,180.67,1,-1,-1,-1
626,581,1197.02,336.74,59.37,144.70,1,-1,-1,-1
626,638,1029.54,383.35,61.66,107.72,1,-1,-1,-1
626,653,1402.46,321.40,81.31,182.23,1,-1,-1,-1
626,662,979.63,373.13,62.44,113.81,1,-1,-1,-1
626,700,46.23,356.89,48.32,118.92,1,-1,-1,-1
626,708,-0.77,365.62,47.37,112.96,1,-1,-1,-1
626,728,779.93,357.32,33.40,63.39,1,-1,-1,-1
626,742,666.75,358.62,26.89,58.87,1,-1,-1,-1
626,746,1106.15,348.56,32.07,71.91,1,-1,-1,-1
626,747,1134.79,351.99,28.54,65.87,1,-1,-1,-1
626,748,703.15,357.80,24.42,50.51,1,-1,-1,-1
626,750,1169.33,352.23,31.24,70.64,1,-1,-1,-1
626,751,718.89,356.38,23.75,49.88,1,-1,-1,-1
627,526,885.10,342.13,61.82,166.30,1,-1,-1,-1
627,527,808.94,329.76,64.27,181.01,1,-1,-1,-1
627,581,1199.57,336.69,59.21,144.53,1,-1,-1,-1
627,638,1032.36,382.99,61.64,108.12,1,-1,-1,-1
627,653,1409.56,320.56,81.20,183.64,1,-1,-1,-1
627,662,981.89,372.86,62.48,114.48,1,-1,-1,-1
627,700,46.20,357.31,48.23,119.17,1,-1,-1,-1
627,708,-0.84,365.93,47.00,113.10,1,-1,-1,-1
627,728,782.50,357.78,33.43,63.07,1,-1,-1,-1
627,742,669.30,359.15,26.89,58.81,1,-1,-1,-1
627,746,1109.04,349.29,32.01,72.15,1,-1,-1,-1
627,748,702.71,358.54,24.44,50.67,1,-1,-1,-1
627,750,1175.58,352.62,31.22,70.70,1,-1,-1,-1
627,751,718.12,357.32,24.00,50.28,1,-1,-1,-1
628,526,887.22,342.48,61.51,166.27,1,-1,-1,-1
628,527,811.76,329.83,64.33,181.44,1,-1,-1,-1
628,581,1201.52,336.90,59.05,144.45,1,-1,-1,-1
628,638,1034.82,382.66,62.00,108.54,1,-1,-1,-1
628,653,1416.79,320.65,81.21,184.87,1,-1,-1,-1
628,662,983.78,372.72,62.61,115.07,1,-1,-1,-1
628,700,45.52,358.01,48.21,119.68,1,-1,-1,-1
628,708,-1.08,366.71,46.48,113.36,1,-1,-1,-1
628,728,784.75,358.02,33.29,62.79,1,-1,-1,-1
628,742,671.42,359.78,26.93,58.89,1,-1,-1,-1
628,746,1110.87,350.26,32.25,72.56,1,-1,-1,-1
628,748,702.71,359.22,24.36,50.96,1,-1,-1,-1
628,750,1173.97,352.93,30.81,69.23,1,-1,-1,-1
628,751,716.84,358.23,24.02,50.59,1,-1,-1,-1
628,752,688.77,362.26,24.17,53.58,1,-1,-1,-1
629,526,889.32,343.04,61.30,166.62,1,-1,-1,-1
629,527,814.39,330.14,64.46,181.71,1,-1,-1,-1
629,581,1203.58,337.57,59.14,144.36,1,-1,-1,-1
629,638,1037.68,382.36,62.07,109.20,1,-1,-1,-1
629,653,1425.28,321.68,81.19,186.62,1,-1,-1,-1
629,662,986.35,372.92,62.97,115.73,1,-1,-1,-1
629,700,44.30,358.51,48.54,120.68,1,-1,-1,-1
629,708,-1.36,366.87,45.85,114.34,1,-1,-1,-1
629,728,786.72,359.20,33.29,62.63,1,-1,-1,-1
629,742,674.08,360.74,27.05,59.00,1,-1,-1,-1
629,746,1112.75,351.67,32.46,72.86,1,-1,-1,-1
629,748,702.75,361.12,24.41,51.35,1,-1,-1,-1
629,750,1172.81,354.85,31.14,68.87,1,-1,-1,-1
629,751,717.23,360.87,23.91,51.11,1,-1,-1,-1
630,526,891.31,344.12,61.05,166.81,1,-1,-1,-1
630,527,816.75,331.07,64.32,181.86,1,-1,-1,-1
630,581,1205.44,338.67,59.13,144.35,1,-1,-1,-1
630,638,1039.80,382.79,62.15,109.35,1,-1,-1,-1
630,653,1432.49,322.83,80.90,188.32,1,-1,-1,-1
630,662,988.74,373.56,63.29,115.89,1,-1,-1,-1
630,700,43.21,360.40,48.97,121.14,1,-1,-1,-1
630,708,-1.84,367.00,44.88,116.12,1,-1,-1,-1
630,728,788.33,360.42,33.35,62.82,1,-1,-1,-1
630,742,676.53,362.22,27.27,58.97,1,-1,-1,-1
630,746,1114.49,353.36,32.75,73.32,1,-1,-1,-1
630,751,716.95,364.19,23.80,51.36,1,-1,-1,-1
630,753,1163.50,356.30,30.90,68.30,1,-1,-1,-1
630,754,694.80,365.90,24.40,55.00,1,-1,-1,-1
631,526,892.80,345.36,60.74,167.04,1,-1,-1,-1
631,527,818.70,332.05,64.39,182.15,1,-1,-1,-1
631,581,1207.14,339.77,59.07,144.56,1,-1,-1,-1
631,638,1042.37,384.02,61.95,109.43,1,-1,-1,-1
631,653,1439.39,324.88,80.74,190.05,1,-1,-1,-1
631,662,991.05,375.16,63.41,116.21,1,-1,-1,-1
631,700,42.19,362.12,49.10,121.65,1,-1,-1,-1
631,708,-2.32,367.03,43.83,117.44,1,-1,-1,-1
631,728,790.08,361.68,33.15,62.56,1,-1,-1,-1
631,742,677.84,363.66,27.34,59.07,1,-1,-1,-1
631,746,1116.17,355.58,33.01,73.69,1,-1,-1,-1
631,748,702.97,365.20,24.50,51.33,1,-1,-1,-1
631,751,718.04,365.52,23.64,51.41,1,-1,-1,-1
631,753,1159.50,358.42,29.99,69.12,1,-1,-1,-1
632,526,894.21,346.19,60.40,166.92,1,-1,-1,-1
632,527,820.25,332.83,64.41,182.29,1,-1,-1,-1
632,581,1209.09,340.93,58.92,144.71,1,-1,-1,-1
632,638,1044.62,385.06,62.01,109.65,1,-1,-1,-1
632,653,1445.64,327.10,80.68,191.04,1,-1,-1,-1
632,662,993.16,376.41,63.71,116.44,1,-1,-1,-1
632,700,40.71,363.85,49.28,121.88,1,-1,-1,-1
632,708,-2.67,367.31,42.86,117.75,1,-1,-1,-1
632,728,791.61,362.74,33.15,62.64,1,-1,-1,-1
632,742,679.45,364.72,27.32,58.98,1,-1,-1,-1
632,746,1118.50,356.68,32.97,73.44,1,-1,-1,-1
632,751,718.20,366.79,23.49,51.35,1,-1,-1,-1
632,753,1159.52,358.70,29.28,69.59,1,-1,-1,-1
632,754,697.62,368.30,25.04,53.09,1,-1,-1,-1
633,526,895.22,347.02,60.10,166.62,1,-1,-1,-1
633,527,821.42,333.36,64.28,182.12,1,-1,-1,-1
633,581,1210.52,341.99,58.88,144.75,1,-1,-1,-1
633,638,1046.12,385.57,62.07,109.65,1,-1,-1,-1
633,653,1450.30,328.37,80.76,192.52,1,-1,-1,-1
633,662,995.10,377.09,63.98,116.38,1,-1,-1,-1
633,700,38.69,365.34,49.51,122.10,1,-1,-1,-1
633,708,-2.53,366.51,41.71,118.13,1,-1,-1,-1
633,728,793.16,363.39,33.27,63.31,1,-1,-1,-1
633,742,680.36,365.30,27.44,59.00,1,-1,-1,-1
633,746,1120.47,357.31,32.96,73.34,1,-1,-1,-1
633,751,720.14,367.32,23.43,51.35,1,-1,-1,-1
633,753,1157.23,358.46,28.79,68.48,1,-1,-1,-1
633,755,1177.50,359.50,35.00,70.60,1,-1,-1,-1
634,526,895.95,347.19,60.04,166.53,1,-1,-1,-1
634,527,822.05,333.16,64.30,182.32,1,-1,-1,-1
634,581,1211.24,342.43,58.77,144.65,1,-1,-1,-1
634,638,1047.40,385.61,62.09,109.73,1,-1,-1,-1
634,653,1453.71,328.33,81.41,194.05,1,-1,-1,-1
634,662,996.58,377.08,64.46,117.08,1,-1,-1,-1
634,700,34.63,364.79,49.90,122.60,1,-1,-1,-1
634,728,794.84,362.98,33.18,63.53,1,-1,-1,-1
634,742,681.58,365.08,27.53,59.02,1,-1,-1,-1
634,746,1122.86,356.98,32.81,73.18,1,-1,-1,-1
634,751,720.90,366.89,23.22,51.17,1,-1,-1,-1
634,753,1157.67,356.05,28.90,69.16,1,-1,-1,-1
634,755,1174.18,358.41,34.00,70.69,1,-1,-1,-1
635,526,896.15,346.98,60.07,166.51,1,-1,-1,-1
635,527,822.10,332.53,64.31,182.52,1,-1,-1,-1
635,581,1211.29,342.25,58.67,144.52,1,-1,-1,-1
635,638,1047.70,384.76,62.34,110.48,1,-1,-1,-1
635,653,1455.42,327.07,82.84,195.91,1,-1,-1,-1
635,662,997.61,375.90,64.78,117.80,1,-1,-1,-1
635,746,1124.43,356.38,32.73,72.98,1,-1,-1,-1
635,751,720.52,365.32,23.36,51.35,1,-1,-1,-1
635,753,1160.44,352.56,29.27,69.90,1,-1,-1,-1
635,754,701.25,360.26,24.68,52.71,1,-1,-1,-1
635,756,14.60,353.20,57.00,132.70,1,-1,-1,-1
635,757,786.10,357.00,33.40,65.80,1,-1,-1,-1
635,758,673.60,360.20,28.40,59.80,1,-1,-1,-1
636,526,895.70,346.18,59.95,166.19,1,-1,-1,-1
636,527,821.56,331.44,64.60,182.64,1,-1,-1,-1
636,581,1210.42,341.58,58.65,144.33,1,-1,-1,-1
636,638,1047.96,384.43,62.10,110.60,1,-1,-1,-1
636,653,1457.22,324.94,83.96,197.85,1,-1,-1,-1
636,662,997.27,375.55,65.06,118.46,1,-1,-1,-1
636,751,720.48,363.06,23.28,51.55,1,-1,-1,-1
636,754,702.92,357.31,24.69,52.18,1,-1,-1,-1
636,755,1165.59,352.61,34.48,69.78,1,-1,-1,-1
636,756,11.71,353.87,52.27,127.70,1,-1,-1,-1
636,757,785.26,357.27,32.31,62.98,1,-1,-1,-1
636,758,672.08,358.66,27.67,58.53,1,-1,-1,-1
636,759,1117.10,350.60,32.00,70.70,1,-1,-1,-1
637,526,895.60,344.55,59.99,166.06,1,-1,-1,-1
637,527,820.83,329.87,64.61,182.45,1,-1,-1,-1
637,581,1209.76,340.28,58.59,144.31,1,-1,-1,-1
637,638,1047.60,383.26,62.40,110.99,1,-1,-1,-1
637,653,1458.62,322.73,84.99,199.72,1,-1,-1,-1
637,662,997.29,373.88,65.32,118.49,1,-1,-1,-1
637,754,701.86,354.57,24.87,52.77,1,-1,-1,-1
637,755,1162.98,348.29,33.89,70.54,1,-1,-1,-1
637,756,7.72,351.88,51.04,126.22,1,-1,-1,-1
637,757,785.25,353.62,33.60,63.61,1,-1,-1,-1
637,758,671.22,353.82,27.45,58.51,1,-1,-1,-1
637,759,1116.92,348.50,32.36,67.97,1,-1,-1,-1
637,760,723.60,351.10,24.30,52.80,1,-1,-1,-1
638,526,895.12,342.38,59.91,165.84,1,-1,-1,-1
638,527,820.07,328.25,64.56,182.12,1,-1,-1,-1
638,581,1208.89,338.53,58.63,144.50,1,-1,-1,-1
638,638,1048.27,382.16,62.61,111.14,1,-1,-1,-1
638,653,1460.71,320.29,86.28,201.25,1,-1,-1,-1
638,662,997.41,372.75,65.44,118.34,1,-1,-1,-1
638,753,1161.53,346.24,29.18,69.42,1,-1,-1,-1
638,756,2.67,346.06,50.44,127.59,1,-1,-1,-1
638,757,787.36,351.77,34.06,63.67,1,-1,-1,-1
638,758,672.34,350.03,27.23,59.07,1,-1,-1,-1
638,759,1116.16,347.30,32.57,68.08,1,-1,-1,-1
638,760,720.29,350.07,23.39,51.89,1,-1,-1,-1
638,761,689.00,350.30,25.00,55.50,1,-1,-1,-1
639,526,894.72,340.02,59.79,165.55,1,-1,-1,-1
639,527,818.74,326.48,64.36,181.75,1,-1,-1,-1
639,581,1206.91,336.76,58.54,144.32,1,-1,-1,-1
639,638,1047.89,380.58,62.64,111.44,1,-1,-1,-1
639,653,1463.27,318.10,87.37,202.96,1,-1,-1,-1
639,662,996.67,370.80,65.49,118.42,1,-1,-1,-1
639,753,1165.58,345.64,29.55,69.23,1,-1,-1,-1
639,756,-1.19,346.23,48.48,126.78,1,-1,-1,-1
639,757,784.91,350.98,33.94,63.68,1,-1,-1,-1
639,758,669.91,346.97,27.25,58.72,1,-1,-1,-1
639,759,1113.99,344.49,32.55,68.68,1,-1,-1,-1
639,760,720.91,347.68,23.06,50.70,1,-1,-1,-1
639,761,691.56,349.09,24.73,52.77,1,-1,-1,-1
640,526,894.62,337.63,59.50,165.31,1,-1,-1,-1
640,527,817.52,324.90,64.25,181.29,1,-1,-1,-1
640,581,1204.98,334.95,58.50,144.35,1,-1,-1,-1
640,638,1047.95,379.11,62.68,111.77,1,-1,-1,-1
640,653,1466.19,315.69,88.84,205.09,1,-1,-1,-1
640,662,996.32,368.96,65.49,118.68,1,-1,-1,-1
640,753,1168.82,344.32,30.14,69.51,1,-1,-1,-1
640,756,-3.21,346.97,46.96,125.89,1,-1,-1,-1
640,757,784.55,349.99,33.95,63.87,1,-1,-1,-1
640,758,668.78,345.55,27.22,58.53,1,-1,-1,-1
640,759,1114.18,342.76,32.51,69.01,1,-1,-1,-1
640,760,720.09,347.01,22.84,49.84,1,-1,-1,-1
640,761,690.99,348.75,24.67,52.59,1,-1,-1,-1
641,526,894.42,335.00,59.33,165.30,1,-1,-1,-1
641,527,816.57,323.42,64.15,180.69,1,-1,-1,-1
641,581,1203.43,333.10,58.53,144.13,1,-1,-1,-1
641,638,1048.18,377.76,62.71,112.02,1,-1,-1,-1
641,653,1469.24,313.47,90.40,206.66,1,-1,-1,-1
641,662,995.97,367.31,65.57,119.11,1,-1,-1,-1
641,753,1170.85,344.34,30.64,70.19,1,-1,-1,-1
641,756,-4.92,349.26,45.02,124.66,1,-1,-1,-1
641,757,784.44,348.92,34.03,64.13,1,-1,-1,-1
641,758,668.34,344.76,27.09,58.40,1,-1,-1,-1
641,759,1113.86,341.81,32.51,69.09,1,-1,-1,-1
641,760,718.90,346.04,22.86,49.56,1,-1,-1,-1
641,761,691.51,347.85,24.55,52.60,1,-1,-1,-1
642,526,894.34,332.87,59.16,165.29,1,-1,-1,-1
642,527,815.46,322.13,64.16,180.27,1,-1,-1,-1
642,581,1201.66,331.52,58.60,143.91,1,-1,-1,-1
642,638,1048.31,376.84,62.73,112.16,1,-1,-1,-1
642,653,1471.88,311.29,91.98,208.32,1,-1,-1,-1
642,662,995.35,366.26,65.68,119.30,1,-1,-1,-1
642,756,-6.14,352.48,42.98,121.77,1,-1,-1,-1
642,757,783.72,349.05,34.08,64.14,1,-1,-1,-1
642,758,667.87,344.76,27.06,58.27,1,-1,-1,-1
642,759,1113.62,341.87,32.45,69.18,1,-1,-1,-1
642,760,719.42,346.40,22.76,49.44,1,-1,-1,-1
642,761,692.41,348.57,24.58,52.75,1,-1,-1,-1
643,526,894.40,331.41,58.82,164.80,1,-1,-1,-1
643,527,815.05,320.70,64.09,179.81,1,-1,-1,-1
643,581,1200.48,330.01,58.48,144.25,1,-1,-1,-1
643,638,1048.77,375.64,63.30,112.46,1,-1,-1,-1
643,653,1475.67,310.11,94.17,209.79,1,-1,-1,-1
643,662,995.48,365.16,65.74,119.35,1,-1,-1,-1
643,756,-6.78,353.43,41.28,120.07,1,-1,-1,-1
643,757,784.44,349.04,34.50,65.15,1,-1,-1,-1
643,758,666.89,345.26,27.02,58.29,1,-1,-1,-1
643,759,1113.83,342.68,32.89,69.38,1,-1,-1,-1
643,761,697.34,348.45,24.75,52.74,1,-1,-1,-1
643,762,726.80,345.80,22.80,50.60,1,-1,-1,-1
644,526,894.22,330.37,58.82,165.15,1,-1,-1,-1
644,527,814.99,319.92,64.07,179.61,1,-1,-1,-1
644,581,1200.10,329.47,58.43,144.48,1,-1,-1,-1
644,638,1048.97,375.39,63.91,112.65,1,-1,-1,-1
644,653,1481.13,309.58,95.89,211.58,1,-1,-1,-1
644,662,996.39,364.66,65.74,119.29,1,-1,-1,-1
644,757,784.88,349.26,34.78,65.31,1,-1,-1,-1
644,758,667.07,345.93,26.98,58.43,1,-1,-1,-1
644,759,1115.36,343.28,33.04,69.92,1,-1,-1,-1
644,761,700.57,348.53,25.07,53.36,1,-1,-1,-1
644,762,724.26,346.67,23.53,52.42,1,-1,-1,-1
644,763,1163.10,345.10,30.50,69.10,1,-1,-1,-1
645,526,895.04,330.43,59.05,165.24,1,-1,-1,-1
645,527,815.81,319.95,64.18,179.56,1,-1,-1,-1
645,581,1200.55,329.76,58.28,144.49,1,-1,-1,-1
645,638,1049.79,375.71,64.27,113.04,1,-1,-1,-1
645,653,1489.21,309.18,97.38,213.96,1,-1,-1,-1
645,662,998.28,365.05,65.75,119.66,1,-1,-1,-1
645,757,786.27,350.07,34.93,65.46,1,-1,-1,-1
645,759,1118.67,344.14,32.95,70.27,1,-1,-1,-1
645,760,718.25,348.81,22.90,49.55,1,-1,-1,-1
645,763,1168.79,346.47,31.50,68.65,1,-1,-1,-1
645,764,673.30,349.80,28.20,60.50,1,-1,-1,-1
645,765,690.50,350.60,25.20,56.50,1,-1,-1,-1
646,526,896.13,330.53,59.27,164.98,1,-1,-1,-1
646,527,817.29,319.78,64.33,179.32,1,-1,-1,-1
646,581,1201.81,329.89,58.14,144.66,1,-1,-1,-1
646,638,1050.63,375.70,64.80,113.69,1,-1,-1,-1
646,653,1499.35,308.16,98.02,216.94,1,-1,-1,-1
646,662,1000.45,364.65,65.95,120.36,1,-1,-1,-1
646,757,788.00,350.84,35.12,65.23,1,-1,-1,-1
646,759,1122.75,344.22,32.68,70.22,1,-1,-1,-1
646,760,717.41,350.02,23.19,50.13,1,-1,-1,-1
646,763,1171.98,345.02,32.46,71.07,1,-1,-1,-1
646,764,674.88,351.28,28.11,58.05,1,-1,-1,-1
646,765,692.22,350.44,25.93,55.23,1,-1,-1,-1
646,766,1157.50,342.30,28.30,71.00,1,-1,-1,-1
647,526,898.25,331.01,59.38,164.95,1,-1,-1,-1
647,527,819.89,319.67,64.49,179.24,1,-1,-1,-1
647,581,1203.07,330.35,58.11,144.73,1,-1,-1,-1
647,638,1051.96,376.16,65.42,114.06,1,-1,-1,-1
647,653,1509.98,308.08,98.35,219.48,1,-1,-1,-1
647,662,1002.92,365.20,65.79,120.39,1,-1,-1,-1
647,757,790.66,351.23,35.15,65.48,1,-1,-1,-1
647,759,1126.10,344.62,32.68,70.46,1,-1,-1,-1
647,762,721.24,349.46,23.66,52.12,1,-1,-1,-1
647,764,678.15,349.83,28.10,58.84,1,-1,-1,-1
647,765,695.46,348.97,26.25,55.45,1,-1,-1,-1
647,766,1165.17,345.77,29.21,68.73,1,-1,-1,-1
648,526,901.02,331.57,59.60,165.11,1,-1,-1,-1
648,527,823.58,319.78,64.66,179.30,1,-1,-1,-1
648,581,1205.30,331.02,58.16,144.77,1,-1,-1,-1
648,638,1053.37,376.68,65.89,114.34,1,-1,-1,-1
648,653,1521.68,308.36,98.51,221.26,1,-1,-1,-1
648,662,1005.40,365.81,65.68,120.56,1,-1,-1,-1
648,757,793.40,351.28,35.14,65.88,1,-1,-1,-1
648,759,1129.11,344.75,32.73,70.90,1,-1,-1,-1
648,762,721.38,350.51,23.67,51.68,1,-1,-1,-1
648,764,682.89,349.82,28.04,58.66,1,-1,-1,-1
648,766,1172.15,347.82,29.44,67.76,1,-1,-1,-1
649,526,903.79,332.05,59.92,165.21,1,-1,-1,-1
649,527,827.26,319.00,64.92,179.81,1,-1,-1,-1
649,581,1208.34,331.16,58.04,144.79,1,-1,-1,-1
649,638,1055.56,376.49,66.64,114.86,1,-1,-1,-1
649,662,1008.54,365.68,65.78,120.60,1,-1,-1,-1
649,757,795.55,350.41,35.37,66.03,1,-1,-1,-1
649,759,1132.99,344.29,32.93,71.31,1,-1,-1,-1
649,762,722.71,350.00,23.78,51.84,1,-1,-1,-1
649,764,687.72,348.90,27.83,58.72,1,-1,-1,-1
649,767,1555.50,300.60,100.00,246.70,1,-1,-1,-1
649,768,1166.70,345.90,30.20,70.70,1,-1,-1,-1
650,526,906.72,332.84,60.24,165.37,1,-1,-1,-1
650,527,830.48,318.75,65.02,180.14,1,-1,-1,-1
650,581,1211.64,331.20,57.97,144.92,1,-1,-1,-1
650,638,1059.10,376.59,66.72,115.24,1,-1,-1,-1
650,662,1011.77,365.75,65.66,120.90,1,-1,-1,-1
650,757,798.52,349.93,35.23,65.85,1,-1,-1,-1
650,759,1137.03,343.93,32.95,71.16,1,-1,-1,-1
650,762,722.99,349.34,23.76,51.66,1,-1,-1,-1
650,764,691.46,347.62,27.76,58.82,1,-1,-1,-1
650,767,1562.81,303.08,101.64,249.06,1,-1,-1,-1
650,768,1173.22,340.75,32.02,72.97,1,-1,-1,-1
651,526,910.39,333.02,60.34,165.19,1,-1,-1,-1
651,527,834.21,318.36,65.03,180.36,1,-1,-1,-1
651,581,1215.70,330.96,57.72,144.93,1,-1,-1,-1
651,638,1062.99,376.22,66.85,115.51,1,-1,-1,-1
651,662,1015.47,365.40,65.95,121.20,1,-1,-1,-1
651,759,1141.34,343.08,32.94,71.13,1,-1,-1,-1
651,762,724.62,348.61,23.95,51.72,1,-1,-1,-1
651,764,695.45,346.79,27.46,58.53,1,-1,-1,-1
651,766,1200.12,347.46,30.47,69.09,1,-1,-1,-1
651,767,1575.83,301.73,102.77,250.18,1,-1,-1,-1
651,769,1.00,357.70,26.90,115.60,1,-1,-1,-1
651,770,812.00,348.10,33.30,63.90,1,-1,-1,-1
651,771,757.70,344.50,22.00,48.60,1,-1,-1,-1
652,526,913.88,332.95,60.48,165.35,1,-1,-1,-1
652,527,838.13,318.21,65.37,180.38,1,-1,-1,-1
652,581,1219.86,330.69,57.40,144.66,1,-1,-1,-1
652,638,1067.58,375.76,67.26,115.67,1,-1,-1,-1
652,662,1019.43,364.85,66.38,121.77,1,-1,-1,-1
652,759,1145.95,342.22,33.00,71.32,1,-1,-1,-1
652,764,699.07,345.83,27.32,58.64,1,-1,-1,-1
652,767,1585.82,302.05,102.81,249.60,1,-1,-1,-1
652,769,1.08,349.05,28.72,123.78,1,-1,-1,-1
652,770,814.56,347.41,35.12,64.08,1,-1,-1,-1
652,771,755.51,342.18,24.00,52.15,1,-1,-1,-1
652,772,732.20,345.00,26.20,52.20,1,-1,-1,-1
652,773,1196.80,343.90,29.30,70.30,1,-1,-1,-1
653,526,917.33,332.79,60.54,165.59,1,-1,-1,-1
653,527,842.10,318.19,65.72,180.35,1,-1,-1,-1
653,581,1224.36,330.29,57.17,144.46,1,-1,-1,-1
653,638,1072.72,375.91,67.49,115.92,1,-1,-1,-1
653,662,1023.67,364.83,66.44,122.36,1,-1,-1,-1
653,759,1150.41,341.47,33.05,71.60,1,-1,-1,-1
653,764,702.47,344.66,27.39,58.96,1,-1,-1,-1
653,767,1597.42,302.36,103.87,250.43,1,-1,-1,-1
653,769,1.36,351.95,29.33,120.63,1,-1,-1,-1
653,770,815.14,346.31,35.40,65.00,1,-1,-1,-1
653,771,754.25,343.53,23.28,51.50,1,-1,-1,-1
653,772,729.42,344.59,26.11,54.11,1,-1,-1,-1
653,773,1200.77,341.72,31.57,72.48,1,-1,-1,-1
654,526,921.92,332.12,60.68,165.14,1,-1,-1,-1
654,527,848.13,317.99,65.86,179.93,1,-1,-1,-1
654,581,1229.74,330.20,56.92,144.33,1,-1,-1,-1
654,638,1078.18,376.22,67.71,115.77,1,-1,-1,-1
654,662,1028.96,364.67,66.52,122.86,1,-1,-1,-1
654,762,722.87,345.68,24.36,52.14,1,-1,-1,-1
654,764,705.74,343.83,27.46,58.98,1,-1,-1,-1
654,767,1612.01,306.31,104.40,250.95,1,-1,-1,-1
654,769,2.76,344.76,31.52,122.06,1,-1,-1,-1
654,770,819.61,345.29,34.81,64.77,1,-1,-1,-1
654,771,753.89,343.49,23.94,50.91,1,-1,-1,-1
654,773,1198.97,343.23,31.30,70.96,1,-1,-1,-1
654,774,1166.60,341.90,32.60,70.10,1,-1,-1,-1
654,775,737.70,340.50,26.50,55.80,1,-1,-1,-1
