1,1,876.70,153.60,237.00,619.60,1,-1,-1,-1
1,2,401.90,286.40,113.10,310.90,1,-1,-1,-1
1,3,548.80,270.30,101.90,317.60,1,-1,-1,-1
1,4,695.60,336.10,45.00,125.10,1,-1,-1,-1
1,5,739.50,323.10,49.40,133.90,1,-1,-1,-1
1,6,5.80,14.40,344.30,1066.60,1,-1,-1,-1
1,7,793.70,333.80,42.00,114.40,1,-1,-1,-1
2,1,872.42,148.33,236.24,621.24,1,-1,-1,-1
2,2,396.92,282.02,113.41,312.23,1,-1,-1,-1
2,3,543.82,266.32,101.94,318.83,1,-1,-1,-1
2,4,694.11,334.91,45.02,125.33,1,-1,-1,-1
2,5,737.51,322.70,49.45,133.34,1,-1,-1,-1
2,6,11.97,6.14,341.76,1068.10,1,-1,-1,-1
2,7,793.70,332.51,42.04,114.49,1,-1,-1,-1
3,1,873.20,142.85,233.70,622.80,1,-1,-1,-1
3,2,388.44,276.96,113.96,314.25,1,-1,-1,-1
3,3,538.08,266.11,101.63,320.22,1,-1,-1,-1
3,4,692.12,335.40,44.55,126.20,1,-1,-1,-1
3,5,735.02,320.60,49.46,133.99,1,-1,-1,-1
3,6,9.13,15.84,342.87,1066.90,1,-1,-1,-1
3,7,791.92,332.90,41.80,115.03,1,-1,-1,-1
4,1,875.43,145.03,230.09,624.11,1,-1,-1,-1
4,2,381.01,271.88,114.07,317.04,1,-1,-1,-1
4,3,530.78,267.01,102.00,321.79,1,-1,-1,-1
4,4,688.67,335.23,44.26,126.64,1,-1,-1,-1
4,5,732.92,319.83,49.70,134.27,1,-1,-1,-1
4,6,4.64,22.88,338.90,1065.04,1,-1,-1,-1
4,7,789.61,332.56,41.66,115.45,1,-1,-1,-1
5,1,875.75,147.25,226.87,624.97,1,-1,-1,-1
5,2,373.49,268.30,114.97,318.97,1,-1,-1,-1
5,3,523.81,264.85,102.77,322.79,1,-1,-1,-1
5,4,687.20,332.41,44.02,128.05,1,-1,-1,-1
5,5,730.15,317.43,50.11,134.49,1,-1,-1,-1
5,6,3.81,12.08,333.13,1067.29,1,-1,-1,-1
5,7,788.41,331.74,41.56,115.58,1,-1,-1,-1
6,1,877.38,147.87,222.94,625.86,1,-1,-1,-1
6,2,364.85,263.31,115.98,322.05,1,-1,-1,-1
6,3,517.40,263.38,103.46,324.60,1,-1,-1,-1
6,4,685.29,330.11,43.79,129.51,1,-1,-1,-1
6,5,726.78,316.76,50.39,133.90,1,-1,-1,-1
6,6,2.07,12.84,327.13,1067.21,1,-1,-1,-1
6,7,786.59,330.73,41.68,116.25,1,-1,-1,-1
7,1,879.90,149.71,218.48,625.72,1,-1,-1,-1
7,2,357.03,261.37,116.66,324.47,1,-1,-1,-1
7,3,512.59,261.99,103.47,326.95,1,-1,-1,-1
7,4,683.38,328.83,43.55,130.47,1,-1,-1,-1
7,5,723.94,316.74,50.64,133.62,1,-1,-1,-1
7,6,1.07,7.55,316.72,1069.03,1,-1,-1,-1
7,7,784.29,330.20,42.15,116.67,1,-1,-1,-1
7,8,840.40,320.10,61.30,147.60,1,-1,-1,-1
8,1,880.81,150.04,214.81,626.42,1,-1,-1,-1
8,2,349.75,260.64,117.72,326.91,1,-1,-1,-1
8,3,508.60,260.98,103.58,329.75,1,-1,-1,-1
8,4,680.86,329.37,43.53,130.81,1,-1,-1,-1
8,5,720.52,316.99,51.14,133.88,1,-1,-1,-1
8,6,0.11,6.30,316.72,1069.03,1,-1,-1,-1
8,7,781.86,330.42,42.73,117.40,1,-1,-1,-1
8,8,836.32,326.27,59.50,144.82,1,-1,-1,-1
9,1,881.68,149.29,210.86,627.10,1,-1,-1,-1
9,2,343.34,261.21,118.46,328.72,1,-1,-1,-1
9,3,504.11,260.37,103.87,332.22,1,-1,-1,-1
9,4,678.47,331.23,43.44,130.68,1,-1,-1,-1
9,5,717.17,317.85,51.58,133.88,1,-1,-1,-1
9,6,-0.86,5.04,316.72,1069.03,1,-1,-1,-1
9,7,779.17,330.72,43.40,117.84,1,-1,-1,-1
9,8,831.40,328.28,58.20,142.50,1,-1,-1,-1
10,1,879.78,149.51,207.96,628.89,1,-1,-1,-1
10,2,336.82,261.99,119.42,329.69,1,-1,-1,-1
10,3,499.05,261.11,104.75,334.86,1,-1,-1,-1
10,4,675.98,331.64,43.69,130.93,1,-1,-1,-1
10,5,714.58,318.71,51.71,134.00,1,-1,-1,-1
10,6,-1.82,3.79,316.72,1069.03,1,-1,-1,-1
10,7,776.92,331.07,44.05,118.19,1,-1,-1,-1
10,8,829.34,330.17,56.98,139.87,1,-1,-1,-1
11,1,877.19,150.27,206.21,630.89,1,-1,-1,-1
11,2,329.71,261.58,121.37,331.55,1,-1,-1,-1
11,3,494.03,260.87,105.62,337.73,1,-1,-1,-1
11,4,673.94,332.67,43.99,130.78,1,-1,-1,-1
11,5,711.80,319.40,52.05,134.02,1,-1,-1,-1
11,6,-2.78,2.53,316.72,1069.03,1,-1,-1,-1
11,7,775.05,332.14,44.63,118.26,1,-1,-1,-1
11,8,827.94,332.12,56.13,138.01,1,-1,-1,-1
12,1,872.87,152.18,205.04,632.31,1,-1,-1,-1
12,2,323.34,260.70,123.52,335.38,1,-1,-1,-1
12,3,489.96,261.33,106.50,339.86,1,-1,-1,-1
12,4,672.03,334.49,44.14,130.69,1,-1,-1,-1
12,5,709.49,319.74,52.15,134.26,1,-1,-1,-1
12,6,-3.75,1.28,316.72,1069.03,1,-1,-1,-1
12,7,773.55,333.14,44.85,117.93,1,-1,-1,-1
12,8,826.61,334.12,55.20,135.86,1,-1,-1,-1
13,1,868.07,150.78,205.12,634.69,1,-1,-1,-1
13,2,317.95,260.16,125.23,338.99,1,-1,-1,-1
13,3,485.64,261.45,107.59,341.88,1,-1,-1,-1
13,4,669.89,335.98,44.12,130.55,1,-1,-1,-1
13,5,707.76,320.17,52.20,134.57,1,-1,-1,-1
13,6,-4.71,0.02,316.72,1069.03,1,-1,-1,-1
13,7,772.95,333.90,44.94,117.82,1,-1,-1,-1
13,8,825.54,337.28,54.11,133.11,1,-1,-1,-1
14,1,863.55,150.21,204.78,636.58,1,-1,-1,-1
14,2,312.60,260.61,127.29,342.06,1,-1,-1,-1
14,3,481.75,261.86,108.76,343.17,1,-1,-1,-1
14,4,667.83,337.62,43.95,130.27,1,-1,-1,-1
14,5,706.14,320.41,52.28,135.16,1,-1,-1,-1
14,6,-5.67,-1.24,316.72,1069.03,1,-1,-1,-1
14,7,772.07,334.18,45.39,118.13,1,-1,-1,-1
14,8,825.47,340.58,52.52,129.99,1,-1,-1,-1
15,1,858.26,151.46,205.18,636.57,1,-1,-1,-1
15,2,308.20,261.35,129.15,345.81,1,-1,-1,-1
15,3,478.39,261.33,109.23,344.85,1,-1,-1,-1
15,4,665.84,338.82,43.90,130.14,1,-1,-1,-1
15,5,704.79,320.79,52.36,135.87,1,-1,-1,-1
15,6,-6.63,-2.49,316.72,1069.03,1,-1,-1,-1
15,7,771.32,334.30,45.95,118.73,1,-1,-1,-1
15,8,824.75,343.75,50.63,126.97,1,-1,-1,-1
16,1,852.35,151.90,206.38,637.66,1,-1,-1,-1
16,2,304.50,262.36,130.39,349.47,1,-1,-1,-1
16,3,474.79,261.55,109.99,346.53,1,-1,-1,-1
16,4,664.08,339.83,43.82,130.21,1,-1,-1,-1
16,5,703.60,321.55,52.58,136.45,1,-1,-1,-1
16,6,-7.60,-3.75,316.72,1069.03,1,-1,-1,-1
16,7,770.62,334.83,46.59,118.59,1,-1,-1,-1
16,8,823.88,345.11,48.73,124.67,1,-1,-1,-1
16,9,1004.50,236.10,96.60,417.10,1,-1,-1,-1
17,1,847.54,153.21,206.82,639.08,1,-1,-1,-1
17,2,301.16,263.55,132.19,353.34,1,-1,-1,-1
17,3,472.06,262.38,110.87,348.31,1,-1,-1,-1
17,4,662.49,340.36,44.08,131.02,1,-1,-1,-1
17,5,702.78,322.55,52.73,137.25,1,-1,-1,-1
17,6,-8.56,-5.00,316.72,1069.03,1,-1,-1,-1
17,7,770.75,335.97,47.03,118.10,1,-1,-1,-1
17,8,823.48,347.47,46.71,121.72,1,-1,-1,-1
17,9,1004.60,234.11,97.81,419.73,1,-1,-1,-1
18,1,842.81,154.24,206.83,641.03,1,-1,-1,-1
18,2,298.06,265.14,134.20,357.18,1,-1,-1,-1
18,3,469.56,263.72,112.16,350.28,1,-1,-1,-1
18,4,661.10,341.21,44.49,132.02,1,-1,-1,-1
18,5,702.07,324.55,52.79,137.44,1,-1,-1,-1
18,6,-9.52,-6.26,316.72,1069.03,1,-1,-1,-1
18,7,771.27,338.13,47.34,117.52,1,-1,-1,-1
18,8,825.14,351.26,45.83,119.83,1,-1,-1,-1
18,9,999.77,246.09,99.58,415.64,1,-1,-1,-1
19,1,839.58,157.31,207.01,642.39,1,-1,-1,-1
19,2,294.90,267.60,136.34,360.75,1,-1,-1,-1
19,3,467.59,263.62,114.09,355.32,1,-1,-1,-1
19,4,660.33,342.77,44.85,132.69,1,-1,-1,-1
19,5,701.82,327.19,52.79,137.55,1,-1,-1,-1
19,6,-10.49,-7.51,316.72,1069.03,1,-1,-1,-1
19,7,771.92,340.58,47.77,117.58,1,-1,-1,-1
19,8,826.85,353.17,45.78,119.15,1,-1,-1,-1
19,9,997.89,251.34,100.32,413.71,1,-1,-1,-1
20,1,837.66,160.26,207.80,643.83,1,-1,-1,-1
20,2,292.52,271.20,137.72,363.37,1,-1,-1,-1
20,3,466.20,264.95,115.93,359.99,1,-1,-1,-1
20,4,660.42,344.96,45.40,133.74,1,-1,-1,-1
20,5,703.06,330.98,52.74,137.27,1,-1,-1,-1
20,6,-11.45,-8.77,316.72,1069.03,1,-1,-1,-1
20,7,773.06,343.48,47.87,117.49,1,-1,-1,-1
20,8,825.99,355.87,45.78,119.15,1,-1,-1,-1
20,9,998.02,252.31,101.93,415.70,1,-1,-1,-1
21,1,838.40,163.36,207.63,644.18,1,-1,-1,-1
21,2,292.27,273.68,138.88,367.70,1,-1,-1,-1
21,3,466.85,267.03,117.93,365.26,1,-1,-1,-1
21,4,662.10,348.33,45.99,134.38,1,-1,-1,-1
21,5,706.67,334.47,52.21,136.94,1,-1,-1,-1
21,6,-12.41,-10.02,316.72,1069.03,1,-1,-1,-1
21,7,774.76,346.38,47.99,117.76,1,-1,-1,-1
21,8,825.13,358.56,45.78,119.15,1,-1,-1,-1
21,9,1002.92,247.21,102.68,419.36,1,-1,-1,-1
22,1,838.09,164.27,210.25,648.42,1,-1,-1,-1
22,2,294.64,276.22,140.80,371.16,1,-1,-1,-1
22,3,470.65,268.82,119.59,370.42,1,-1,-1,-1
22,4,660.59,349.20,45.99,134.38,1,-1,-1,-1
22,5,702.05,340.33,51.64,136.88,1,-1,-1,-1
22,6,-13.37,-11.28,316.72,1069.03,1,-1,-1,-1
22,7,774.04,347.27,47.99,117.76,1,-1,-1,-1
22,8,816.50,358.77,46.24,119.79,1,-1,-1,-1
22,9,1010.74,248.80,104.98,420.57,1,-1,-1,-1
23,1,838.05,166.60,212.29,650.20,1,-1,-1,-1
23,2,299.09,279.20,142.34,374.18,1,-1,-1,-1
23,3,475.57,271.70,121.34,375.14,1,-1,-1,-1
23,4,659.08,350.07,45.99,134.38,1,-1,-1,-1
23,5,701.41,345.91,50.93,136.93,1,-1,-1,-1
23,6,-14.34,-12.53,316.72,1069.03,1,-1,-1,-1
23,7,768.25,348.52,48.49,120.42,1,-1,-1,-1
23,8,814.46,360.31,46.67,120.25,1,-1,-1,-1
23,9,1022.85,254.94,106.14,419.96,1,-1,-1,-1
24,1,840.44,168.17,213.70,651.96,1,-1,-1,-1
24,2,305.33,281.51,143.26,377.26,1,-1,-1,-1
24,3,481.27,274.83,123.41,378.94,1,-1,-1,-1
24,4,657.58,350.94,45.99,134.38,1,-1,-1,-1
24,5,702.87,350.76,50.19,136.94,1,-1,-1,-1
24,6,-15.30,-13.79,316.72,1069.03,1,-1,-1,-1
24,7,765.90,349.16,49.06,123.35,1,-1,-1,-1
24,8,817.01,360.88,46.40,120.57,1,-1,-1,-1
24,9,1031.62,258.13,108.62,419.13,1,-1,-1,-1
25,1,843.46,168.43,214.48,653.30,1,-1,-1,-1
25,2,313.63,283.81,143.86,380.78,1,-1,-1,-1
25,3,489.31,278.18,124.92,382.14,1,-1,-1,-1
25,4,656.07,351.80,45.99,134.38,1,-1,-1,-1
25,5,706.88,355.13,49.65,136.73,1,-1,-1,-1
25,6,-16.26,-15.05,316.72,1069.03,1,-1,-1,-1
25,7,766.25,349.58,49.71,126.41,1,-1,-1,-1
25,8,823.69,362.06,46.12,121.14,1,-1,-1,-1
25,9,1039.14,259.74,112.23,420.16,1,-1,-1,-1
26,1,846.67,171.28,216.50,654.24,1,-1,-1,-1
26,2,323.12,285.38,144.11,384.89,1,-1,-1,-1
26,3,498.42,282.20,126.48,384.54,1,-1,-1,-1
26,4,654.57,352.67,45.99,134.38,1,-1,-1,-1
26,5,705.96,357.09,49.65,136.73,1,-1,-1,-1
26,6,-17.22,-16.30,316.72,1069.03,1,-1,-1,-1
26,7,770.12,350.65,50.02,128.21,1,-1,-1,-1
26,8,823.04,364.24,46.12,121.14,1,-1,-1,-1
26,9,1048.68,263.15,115.83,420.67,1,-1,-1,-1
27,1,850.10,173.75,218.70,655.51,1,-1,-1,-1
27,2,333.71,287.58,144.44,388.25,1,-1,-1,-1
27,3,508.48,285.54,128.07,387.26,1,-1,-1,-1
27,4,653.06,353.54,45.99,134.38,1,-1,-1,-1
27,5,705.03,359.04,49.65,136.73,1,-1,-1,-1
27,6,-18.19,-17.56,316.72,1069.03,1,-1,-1,-1
27,7,766.32,356.04,48.96,128.79,1,-1,-1,-1
27,8,815.42,362.53,47.42,124.64,1,-1,-1,-1
27,9,1058.20,266.58,120.07,421.89,1,-1,-1,-1
28,1,855.41,176.93,219.65,655.94,1,-1,-1,-1
28,2,343.77,291.24,144.87,391.67,1,-1,-1,-1
28,3,518.22,289.01,129.49,390.89,1,-1,-1,-1
28,4,651.55,354.41,45.99,134.38,1,-1,-1,-1
28,5,704.11,361.00,49.65,136.73,1,-1,-1,-1
28,6,-19.15,-18.81,316.72,1069.03,1,-1,-1,-1
28,7,765.16,361.49,48.20,129.38,1,-1,-1,-1
28,8,812.44,362.87,48.31,127.73,1,-1,-1,-1
28,9,1066.50,271.69,124.80,423.16,1,-1,-1,-1
28,10,1745.40,363.40,42.00,107.20,1,-1,-1,-1
29,1,859.36,180.54,221.43,657.15,1,-1,-1,-1
29,2,352.14,295.36,145.20,395.63,1,-1,-1,-1
29,3,527.64,292.30,130.90,394.70,1,-1,-1,-1
29,4,650.05,355.28,45.99,134.38,1,-1,-1,-1
29,5,703.18,362.95,49.65,136.73,1,-1,-1,-1
29,6,-20.11,-20.07,316.72,1069.03,1,-1,-1,-1
29,7,766.15,366.60,46.91,129.75,1,-1,-1,-1
29,8,811.85,364.39,48.93,130.05,1,-1,-1,-1
29,9,1074.29,277.08,129.25,423.17,1,-1,-1,-1
29,10,1762.91,366.68,39.39,106.55,1,-1,-1,-1
30,1,864.39,183.73,222.54,659.00,1,-1,-1,-1
30,2,360.74,299.89,145.80,399.18,1,-1,-1,-1
30,3,537.24,295.85,131.90,397.72,1,-1,-1,-1
30,4,648.54,356.15,45.99,134.38,1,-1,-1,-1
30,5,702.26,364.91,49.65,136.73,1,-1,-1,-1
30,6,-21.08,-21.32,316.72,1069.03,1,-1,-1,-1
30,7,768.09,372.27,46.24,130.44,1,-1,-1,-1
30,8,813.33,366.16,49.61,133.30,1,-1,-1,-1
30,9,1081.79,279.19,133.27,424.31,1,-1,-1,-1
30,10,1792.04,369.35,37.69,107.64,1,-1,-1,-1
31,1,868.90,186.28,224.13,661.83,1,-1,-1,-1
31,2,368.98,304.85,145.93,401.89,1,-1,-1,-1
31,3,546.24,300.00,133.07,400.55,1,-1,-1,-1
31,4,647.04,357.01,45.99,134.38,1,-1,-1,-1
31,5,701.33,366.86,49.65,136.73,1,-1,-1,-1
31,6,-22.04,-22.58,316.72,1069.03,1,-1,-1,-1
31,7,770.67,377.40,46.05,130.33,1,-1,-1,-1
31,8,816.09,368.66,49.72,135.73,1,-1,-1,-1
31,9,1087.57,283.79,138.60,425.32,1,-1,-1,-1
31,10,1807.34,373.82,36.52,108.75,1,-1,-1,-1
32,1,873.70,189.34,225.05,665.32,1,-1,-1,-1
32,2,374.92,309.35,146.62,405.50,1,-1,-1,-1
32,3,554.37,304.18,134.11,403.52,1,-1,-1,-1
32,4,645.53,357.88,45.99,134.38,1,-1,-1,-1
32,5,700.41,368.82,49.65,136.73,1,-1,-1,-1
32,6,-23.00,-23.83,316.72,1069.03,1,-1,-1,-1
32,7,774.27,382.54,45.97,130.93,1,-1,-1,-1
32,8,820.00,372.27,49.92,137.72,1,-1,-1,-1
32,9,1093.58,288.21,142.31,426.65,1,-1,-1,-1
32,10,1827.94,377.33,36.52,108.75,1,-1,-1,-1
33,1,877.69,193.33,225.80,668.34,1,-1,-1,-1
33,2,381.01,314.11,146.71,409.04,1,-1,-1,-1
33,3,561.63,308.23,135.46,406.64,1,-1,-1,-1
33,4,644.02,358.75,45.99,134.38,1,-1,-1,-1
33,5,699.48,370.78,49.65,136.73,1,-1,-1,-1
33,6,-23.96,-25.09,316.72,1069.03,1,-1,-1,-1
33,7,778.48,387.86,45.83,131.02,1,-1,-1,-1
33,8,823.93,375.89,50.04,139.30,1,-1,-1,-1
33,9,1098.87,294.11,146.21,426.40,1,-1,-1,-1
33,10,1848.55,380.83,36.52,108.75,1,-1,-1,-1
34,1,882.16,197.72,226.69,670.85,1,-1,-1,-1
34,2,386.49,318.65,146.62,412.77,1,-1,-1,-1
34,3,568.23,310.21,135.73,411.72,1,-1,-1,-1
34,4,642.52,359.62,45.99,134.38,1,-1,-1,-1
34,5,698.56,372.73,49.65,136.73,1,-1,-1,-1
34,6,-24.93,-26.35,316.72,1069.03,1,-1,-1,-1
34,7,783.45,393.15,45.22,131.36,1,-1,-1,-1
34,8,828.04,379.90,50.26,140.54,1,-1,-1,-1
34,9,1103.17,298.15,150.12,427.20,1,-1,-1,-1
34,10,1869.16,384.33,36.52,108.75,1,-1,-1,-1
35,1,887.67,205.77,227.43,670.17,1,-1,-1,-1
35,2,390.35,323.58,146.59,417.33,1,-1,-1,-1
35,3,573.70,313.18,136.75,416.23,1,-1,-1,-1
35,4,641.01,360.49,45.99,134.38,1,-1,-1,-1
35,5,697.63,374.69,49.65,136.73,1,-1,-1,-1
35,6,-25.89,-27.60,316.72,1069.03,1,-1,-1,-1
35,7,788.05,397.88,44.96,132.37,1,-1,-1,-1
35,8,832.43,384.35,50.52,141.50,1,-1,-1,-1
35,9,1108.56,303.76,152.76,426.96,1,-1,-1,-1
35,10,1889.76,387.83,36.52,108.75,1,-1,-1,-1
36,1,892.25,212.41,227.57,672.01,1,-1,-1,-1
36,2,392.40,328.49,147.49,421.39,1,-1,-1,-1
36,3,578.84,316.72,137.23,420.54,1,-1,-1,-1
36,4,639.50,361.36,45.99,134.38,1,-1,-1,-1
36,5,696.71,376.64,49.65,136.73,1,-1,-1,-1
36,6,-26.85,-28.86,316.72,1069.03,1,-1,-1,-1
36,7,792.49,404.37,44.61,132.34,1,-1,-1,-1
36,8,836.33,389.17,50.75,142.40,1,-1,-1,-1
36,9,1114.93,309.40,154.28,426.80,1,-1,-1,-1
36,10,1910.37,391.34,36.52,108.75,1,-1,-1,-1
37,1,896.37,219.12,228.15,673.18,1,-1,-1,-1
37,2,392.38,332.80,149.00,425.63,1,-1,-1,-1
37,3,582.73,320.31,137.97,425.11,1,-1,-1,-1
37,4,638.00,362.22,45.99,134.38,1,-1,-1,-1
37,5,695.78,378.60,49.65,136.73,1,-1,-1,-1
37,7,796.35,410.57,44.45,132.31,1,-1,-1,-1
37,8,839.94,393.99,50.97,143.46,1,-1,-1,-1
37,9,1119.67,313.96,156.33,427.06,1,-1,-1,-1
37,10,1930.97,394.84,36.52,108.75,1,-1,-1,-1
38,1,901.09,225.97,228.00,674.24,1,-1,-1,-1
38,2,391.35,337.69,150.08,429.74,1,-1,-1,-1
38,3,586.28,323.48,138.37,429.88,1,-1,-1,-1
38,4,636.49,363.09,45.99,134.38,1,-1,-1,-1
38,5,694.85,380.55,49.65,136.73,1,-1,-1,-1
38,7,800.13,416.19,44.21,132.62,1,-1,-1,-1
38,8,843.33,399.15,51.24,144.60,1,-1,-1,-1
38,9,1124.38,319.12,157.38,427.03,1,-1,-1,-1
38,10,1951.58,398.34,36.52,108.75,1,-1,-1,-1
39,1,906.24,232.35,227.00,676.12,1,-1,-1,-1
39,2,389.11,341.91,151.21,434.08,1,-1,-1,-1
39,3,588.37,327.47,139.52,435.87,1,-1,-1,-1
39,4,634.99,363.96,45.99,134.38,1,-1,-1,-1
39,5,693.93,382.51,49.65,136.73,1,-1,-1,-1
39,7,803.41,422.54,43.92,133.01,1,-1,-1,-1
39,8,846.18,404.80,51.75,145.31,1,-1,-1,-1
39,9,1127.92,324.85,158.09,427.78,1,-1,-1,-1
39,10,1972.18,401.85,36.52,108.75,1,-1,-1,-1
40,1,910.11,239.24,227.35,677.02,1,-1,-1,-1
40,2,385.79,346.75,152.73,436.94,1,-1,-1,-1
40,3,590.40,331.56,140.33,440.86,1,-1,-1,-1
40,4,633.48,364.83,45.99,134.38,1,-1,-1,-1
40,5,693.00,384.46,49.65,136.73,1,-1,-1,-1
40,7,806.45,429.01,43.58,133.53,1,-1,-1,-1
40,8,848.02,410.26,52.63,146.62,1,-1,-1,-1
40,9,1131.71,328.99,158.28,429.45,1,-1,-1,-1
40,10,1992.79,405.35,36.52,108.75,1,-1,-1,-1
41,1,913.96,245.34,226.00,680.47,1,-1,-1,-1
41,2,382.12,351.11,153.69,440.27,1,-1,-1,-1
41,3,591.97,335.41,140.13,445.78,1,-1,-1,-1
41,4,631.97,365.70,45.99,134.38,1,-1,-1,-1
41,5,692.08,386.42,49.65,136.73,1,-1,-1,-1
41,7,808.37,434.83,43.96,134.21,1,-1,-1,-1
41,8,849.64,415.27,53.44,148.11,1,-1,-1,-1
41,9,1134.82,333.02,158.49,431.11,1,-1,-1,-1
41,10,2013.39,408.85,36.52,108.75,1,-1,-1,-1
42,1,917.67,253.78,223.67,679.63,1,-1,-1,-1
42,2,375.92,355.34,155.75,444.60,1,-1,-1,-1
42,3,592.14,339.57,140.10,451.33,1,-1,-1,-1
42,4,630.47,366.57,45.99,134.38,1,-1,-1,-1
42,5,691.15,388.38,49.65,136.73,1,-1,-1,-1
42,7,809.66,440.58,44.19,134.77,1,-1,-1,-1
42,8,851.22,420.99,53.81,148.76,1,-1,-1,-1
42,9,1136.74,339.67,158.94,431.08,1,-1,-1,-1
42,10,2034.00,412.36,36.52,108.75,1,-1,-1,-1
43,1,920.47,259.37,221.70,681.04,1,-1,-1,-1
43,2,366.77,359.49,159.16,449.49,1,-1,-1,-1
43,3,590.35,345.02,140.76,456.14,1,-1,-1,-1
43,4,628.96,367.43,45.99,134.38,1,-1,-1,-1
43,5,690.23,390.33,49.65,136.73,1,-1,-1,-1
43,7,810.31,446.72,44.00,135.20,1,-1,-1,-1
43,8,851.59,426.46,54.36,149.87,1,-1,-1,-1
43,9,1137.99,347.43,158.83,431.86,1,-1,-1,-1
43,10,2054.60,415.86,36.52,108.75,1,-1,-1,-1
44,1,921.89,266.48,220.05,681.36,1,-1,-1,-1
44,2,357.19,364.29,162.67,453.74,1,-1,-1,-1
44,3,587.32,348.81,141.82,462.01,1,-1,-1,-1
44,4,627.45,368.30,45.99,134.38,1,-1,-1,-1
44,5,689.30,392.29,49.65,136.73,1,-1,-1,-1
44,7,810.50,452.12,43.94,135.77,1,-1,-1,-1
44,8,851.73,431.64,54.75,150.60,1,-1,-1,-1
44,9,1138.05,353.79,159.39,433.00,1,-1,-1,-1
44,10,2075.21,419.36,36.52,108.75,1,-1,-1,-1
45,1,923.14,272.99,218.09,682.13,1,-1,-1,-1
45,2,345.34,367.26,166.86,460.37,1,-1,-1,-1
45,3,583.61,352.03,142.44,468.27,1,-1,-1,-1
45,4,625.95,369.17,45.99,134.38,1,-1,-1,-1
45,5,688.38,394.24,49.65,136.73,1,-1,-1,-1
45,7,809.92,457.83,44.17,136.14,1,-1,-1,-1
45,8,851.41,437.54,54.88,150.89,1,-1,-1,-1
45,9,1137.99,360.00,159.68,433.83,1,-1,-1,-1
45,10,2095.81,422.87,36.52,108.75,1,-1,-1,-1
46,1,923.47,279.85,216.97,682.44,1,-1,-1,-1
46,2,333.24,370.76,171.03,467.62,1,-1,-1,-1
46,3,577.95,355.85,143.99,474.76,1,-1,-1,-1
46,4,624.44,370.04,45.99,134.38,1,-1,-1,-1
46,5,687.45,396.20,49.65,136.73,1,-1,-1,-1
46,7,807.54,463.67,44.69,136.00,1,-1,-1,-1
46,8,850.00,443.57,55.17,151.21,1,-1,-1,-1
46,9,1137.02,367.24,160.31,434.38,1,-1,-1,-1
46,10,2116.42,426.37,36.52,108.75,1,-1,-1,-1
47,1,921.82,286.91,216.40,682.62,1,-1,-1,-1
47,2,318.92,375.06,175.76,475.23,1,-1,-1,-1
47,3,572.25,361.19,144.80,479.62,1,-1,-1,-1
47,4,622.94,370.91,45.99,134.38,1,-1,-1,-1
47,5,686.53,398.15,49.65,136.73,1,-1,-1,-1
47,7,804.28,469.32,45.56,136.28,1,-1,-1,-1
47,8,848.13,449.30,55.26,151.75,1,-1,-1,-1
47,9,1134.68,374.72,161.00,435.05,1,-1,-1,-1
47,10,2137.02,429.87,36.52,108.75,1,-1,-1,-1
48,1,919.91,295.23,215.44,682.72,1,-1,-1,-1
48,2,304.89,380.00,179.86,482.16,1,-1,-1,-1
48,3,565.41,365.84,146.32,484.08,1,-1,-1,-1
48,4,621.43,371.78,45.99,134.38,1,-1,-1,-1
48,5,685.60,400.11,49.65,136.73,1,-1,-1,-1
48,7,800.19,475.59,46.33,136.52,1,-1,-1,-1
48,8,845.37,455.03,55.53,152.49,1,-1,-1,-1
48,9,1130.41,381.50,161.66,436.55,1,-1,-1,-1
48,10,2157.63,433.37,36.52,108.75,1,-1,-1,-1
49,1,917.21,305.05,214.63,682.04,1,-1,-1,-1
49,2,291.07,385.89,183.90,489.40,1,-1,-1,-1
49,3,557.26,370.61,148.27,489.17,1,-1,-1,-1
49,4,619.92,372.64,45.99,134.38,1,-1,-1,-1
49,5,684.68,402.07,49.65,136.73,1,-1,-1,-1
49,7,795.48,481.47,46.90,137.04,1,-1,-1,-1
49,8,841.62,461.24,55.75,153.21,1,-1,-1,-1
49,9,1125.75,390.13,161.42,436.61,1,-1,-1,-1
49,10,2178.23,436.88,36.52,108.75,1,-1,-1,-1
50,1,914.64,314.04,213.41,682.04,1,-1,-1,-1
50,2,275.43,392.02,188.02,496.92,1,-1,-1,-1
50,3,548.94,375.73,150.02,495.53,1,-1,-1,-1
50,4,618.42,373.51,45.99,134.38,1,-1,-1,-1
50,5,683.75,404.02,49.65,136.73,1,-1,-1,-1
50,7,790.88,487.63,47.18,137.51,1,-1,-1,-1
50,8,837.28,468.22,55.97,153.40,1,-1,-1,-1
50,9,1120.34,396.31,162.02,438.07,1,-1,-1,-1
50,10,2198.84,440.38,36.52,108.75,1,-1,-1,-1
51,1,910.50,321.51,212.87,682.18,1,-1,-1,-1
51,2,259.56,400.02,191.85,503.98,1,-1,-1,-1
51,3,540.31,380.65,151.75,501.62,1,-1,-1,-1
51,4,616.91,374.38,45.99,134.38,1,-1,-1,-1
51,5,682.83,405.98,49.65,136.73,1,-1,-1,-1
51,7,785.62,493.52,47.86,137.93,1,-1,-1,-1
51,8,832.44,474.83,56.36,153.32,1,-1,-1,-1
51,9,1115.09,403.38,162.06,438.47,1,-1,-1,-1
51,10,2219.44,443.88,36.52,108.75,1,-1,-1,-1
52,1,905.59,329.83,213.02,681.70,1,-1,-1,-1
52,2,243.79,405.21,195.22,511.73,1,-1,-1,-1
52,3,531.47,385.13,153.64,508.07,1,-1,-1,-1
52,4,615.41,375.25,45.99,134.38,1,-1,-1,-1
52,5,681.90,407.93,49.65,136.73,1,-1,-1,-1
52,7,780.03,499.34,48.61,138.15,1,-1,-1,-1
52,8,827.51,480.50,56.59,153.61,1,-1,-1,-1
52,9,1110.00,408.15,162.60,439.95,1,-1,-1,-1
52,10,2240.05,447.39,36.52,108.75,1,-1,-1,-1
53,1,900.38,337.77,213.29,680.76,1,-1,-1,-1
53,2,227.72,410.61,199.29,518.57,1,-1,-1,-1
53,3,522.19,389.89,156.04,513.95,1,-1,-1,-1
53,4,613.90,376.12,45.99,134.38,1,-1,-1,-1
53,7,774.34,504.88,49.53,138.57,1,-1,-1,-1
53,8,823.12,485.86,56.61,153.87,1,-1,-1,-1
53,9,1104.81,413.14,163.34,440.40,1,-1,-1,-1
53,10,2260.65,450.89,36.52,108.75,1,-1,-1,-1
54,1,895.04,344.43,213.31,681.08,1,-1,-1,-1
54,2,211.94,417.23,203.15,522.72,1,-1,-1,-1
54,3,513.80,393.68,157.65,520.34,1,-1,-1,-1
54,4,612.39,376.99,45.99,134.38,1,-1,-1,-1
54,7,768.89,509.95,50.48,139.16,1,-1,-1,-1
54,8,818.80,490.59,56.69,154.02,1,-1,-1,-1
54,9,1100.40,417.07,163.03,441.84,1,-1,-1,-1
54,10,2281.26,454.39,36.52,108.75,1,-1,-1,-1
55,1,889.46,349.73,213.31,681.14,1,-1,-1,-1
55,2,198.89,421.46,206.06,531.63,1,-1,-1,-1
55,3,505.25,397.90,160.26,526.70,1,-1,-1,-1
55,7,763.86,514.59,51.38,139.41,1,-1,-1,-1
55,8,814.82,494.66,56.76,154.24,1,-1,-1,-1
55,9,1095.84,420.11,163.21,443.23,1,-1,-1,-1
55,10,2301.86,457.90,36.52,108.75,1,-1,-1,-1
56,1,883.50,353.79,213.89,680.33,1,-1,-1,-1
56,2,183.86,427.17,210.27,537.61,1,-1,-1,-1
56,3,496.74,400.14,163.50,535.32,1,-1,-1,-1
56,7,759.42,518.73,51.97,139.64,1,-1,-1,-1
56,8,811.05,498.01,56.87,154.94,1,-1,-1,-1
56,9,1091.65,422.60,163.58,444.16,1,-1,-1,-1
56,10,2322.47,461.40,36.52,108.75,1,-1,-1,-1
57,1,877.39,356.59,213.57,680.46,1,-1,-1,-1
57,2,168.63,427.79,213.95,548.19,1,-1,-1,-1
57,3,488.47,401.10,167.17,544.37,1,-1,-1,-1
57,7,755.29,522.47,52.48,140.01,1,-1,-1,-1
57,8,807.85,501.19,56.93,155.67,1,-1,-1,-1
57,9,1087.84,424.63,163.79,444.80,1,-1,-1,-1
58,1,870.17,359.33,215.56,679.54,1,-1,-1,-1
58,2,154.71,427.41,217.18,559.38,1,-1,-1,-1
58,3,481.15,401.86,170.25,553.56,1,-1,-1,-1
58,7,751.39,525.51,52.80,140.07,1,-1,-1,-1
58,8,805.20,503.70,56.87,156.29,1,-1,-1,-1
58,9,1084.33,426.29,164.37,445.17,1,-1,-1,-1
59,1,863.86,361.23,215.27,678.35,1,-1,-1,-1
59,2,142.23,430.15,220.23,565.96,1,-1,-1,-1
59,3,474.63,404.95,172.60,560.87,1,-1,-1,-1
59,7,748.06,527.97,52.89,140.14,1,-1,-1,-1
59,8,803.00,506.45,56.12,156.29,1,-1,-1,-1
59,9,1081.50,428.41,164.60,445.52,1,-1,-1,-1
60,1,855.64,362.03,216.94,679.20,1,-1,-1,-1
60,2,129.76,431.03,222.51,574.53,1,-1,-1,-1
60,3,467.75,406.59,175.38,568.92,1,-1,-1,-1
60,7,744.56,529.50,53.10,140.78,1,-1,-1,-1
60,8,800.01,511.17,53.63,153.58,1,-1,-1,-1
60,9,1078.57,429.27,166.18,445.72,1,-1,-1,-1
61,1,847.30,362.52,218.88,679.77,1,-1,-1,-1
61,2,118.13,429.35,224.84,584.26,1,-1,-1,-1
61,3,460.94,408.34,178.48,576.58,1,-1,-1,-1
61,7,741.24,530.77,53.52,141.22,1,-1,-1,-1
61,8,798.21,515.47,53.63,153.58,1,-1,-1,-1
61,9,1076.03,429.75,168.02,446.80,1,-1,-1,-1
62,1,840.03,361.95,220.45,681.02,1,-1,-1,-1
62,2,107.23,426.82,226.62,595.02,1,-1,-1,-1
62,3,456.05,408.38,180.38,585.03,1,-1,-1,-1
62,7,738.73,530.91,53.82,141.94,1,-1,-1,-1
62,8,796.41,519.77,53.63,153.58,1,-1,-1,-1
62,9,1074.20,430.16,169.56,447.43,1,-1,-1,-1
63,1,834.14,361.88,221.73,681.55,1,-1,-1,-1
63,2,95.92,424.15,229.10,606.17,1,-1,-1,-1
63,3,451.99,408.58,182.19,590.60,1,-1,-1,-1
63,7,737.19,530.94,53.77,142.12,1,-1,-1,-1
63,8,794.61,524.08,53.63,153.58,1,-1,-1,-1
63,9,1073.97,429.70,170.47,449.18,1,-1,-1,-1
64,1,828.81,360.33,223.49,682.83,1,-1,-1,-1
64,2,84.87,420.05,231.04,616.96,1,-1,-1,-1
64,3,447.15,406.03,185.50,598.56,1,-1,-1,-1
64,7,736.73,530.39,53.78,142.45,1,-1,-1,-1
64,8,792.81,528.38,53.63,153.58,1,-1,-1,-1
64,9,1073.80,428.79,172.39,450.77,1,-1,-1,-1
65,1,824.79,358.29,225.51,684.62,1,-1,-1,-1
65,2,73.71,416.73,234.04,626.13,1,-1,-1,-1
65,3,442.89,404.25,189.57,605.22,1,-1,-1,-1
65,7,736.79,529.31,53.77,142.44,1,-1,-1,-1
65,8,791.02,532.68,53.63,153.58,1,-1,-1,-1
65,9,1073.44,428.40,175.18,451.19,1,-1,-1,-1
66,1,820.90,356.47,227.63,685.01,1,-1,-1,-1
66,2,62.93,412.95,236.93,634.63,1,-1,-1,-1
66,3,440.15,402.07,193.08,612.48,1,-1,-1,-1
66,7,737.26,526.97,53.86,142.86,1,-1,-1,-1
66,8,789.22,536.98,53.63,153.58,1,-1,-1,-1
66,9,1074.24,427.65,177.74,450.89,1,-1,-1,-1
67,1,819.12,355.65,227.94,682.76,1,-1,-1,-1
67,2,53.35,411.17,239.56,640.99,1,-1,-1,-1
67,3,436.72,397.63,197.05,620.99,1,-1,-1,-1
67,7,737.92,524.05,54.11,143.36,1,-1,-1,-1
67,8,787.42,541.29,53.63,153.58,1,-1,-1,-1
67,9,1075.40,425.90,180.03,450.22,1,-1,-1,-1
68,1,818.18,354.83,228.03,680.60,1,-1,-1,-1
68,2,41.66,408.11,242.83,647.49,1,-1,-1,-1
68,3,433.15,391.36,201.40,630.42,1,-1,-1,-1
68,7,738.88,521.17,54.19,143.50,1,-1,-1,-1
68,8,785.62,545.59,53.63,153.58,1,-1,-1,-1
68,9,1077.06,423.48,181.99,449.49,1,-1,-1,-1
69,1,816.99,353.34,228.84,679.88,1,-1,-1,-1
69,2,30.68,404.39,245.35,653.83,1,-1,-1,-1
69,3,430.74,384.28,205.46,640.43,1,-1,-1,-1
69,7,740.23,517.60,54.24,144.00,1,-1,-1,-1
69,8,783.82,549.89,53.63,153.58,1,-1,-1,-1
69,9,1079.15,420.58,183.57,449.65,1,-1,-1,-1
70,1,816.48,351.27,229.42,678.80,1,-1,-1,-1
70,2,19.01,396.04,248.03,662.76,1,-1,-1,-1
70,3,426.89,378.25,210.59,649.47,1,-1,-1,-1
70,7,741.98,513.38,54.26,144.86,1,-1,-1,-1
70,8,782.03,554.19,53.63,153.58,1,-1,-1,-1
70,9,1083.24,416.23,183.89,450.90,1,-1,-1,-1
71,1,816.53,348.31,230.24,678.04,1,-1,-1,-1
71,2,8.16,391.02,249.55,669.08,1,-1,-1,-1
71,3,423.17,371.25,215.14,660.57,1,-1,-1,-1
71,7,743.84,509.07,54.22,145.38,1,-1,-1,-1
71,8,780.23,558.50,53.63,153.58,1,-1,-1,-1
71,9,1087.51,411.32,183.84,452.27,1,-1,-1,-1
72,1,817.40,343.05,230.17,678.23,1,-1,-1,-1
72,2,-1.52,379.53,250.35,679.37,1,-1,-1,-1
72,3,419.68,364.10,219.63,670.24,1,-1,-1,-1
72,7,745.11,504.44,54.37,146.20,1,-1,-1,-1
72,8,778.43,562.80,53.63,153.58,1,-1,-1,-1
72,9,1091.51,406.79,183.98,452.84,1,-1,-1,-1
73,1,818.39,338.89,230.28,675.18,1,-1,-1,-1
73,2,-9.27,372.50,248.71,686.45,1,-1,-1,-1
73,3,414.19,350.13,224.64,685.26,1,-1,-1,-1
73,7,746.36,500.33,54.39,146.79,1,-1,-1,-1
73,8,776.63,567.10,53.63,153.58,1,-1,-1,-1
73,9,1095.16,402.28,183.82,452.50,1,-1,-1,-1
74,1,819.70,333.57,229.67,674.77,1,-1,-1,-1
74,2,-15.35,363.85,245.30,694.41,1,-1,-1,-1
74,3,409.37,340.62,228.22,696.70,1,-1,-1,-1
74,7,747.46,496.68,54.31,146.99,1,-1,-1,-1
74,8,774.83,571.40,53.63,153.58,1,-1,-1,-1
74,9,1098.11,397.60,183.41,452.46,1,-1,-1,-1
75,1,822.24,328.46,228.19,674.75,1,-1,-1,-1
75,2,-20.03,353.16,241.21,703.56,1,-1,-1,-1
75,3,401.34,329.19,233.54,708.90,1,-1,-1,-1
75,7,748.15,493.54,54.44,146.82,1,-1,-1,-1
75,8,773.03,575.71,53.63,153.58,1,-1,-1,-1
75,9,1100.83,393.03,182.24,452.67,1,-1,-1,-1
76,1,823.62,322.33,228.27,675.77,1,-1,-1,-1
76,2,-23.52,340.45,234.79,713.96,1,-1,-1,-1
76,3,394.14,320.55,237.02,718.83,1,-1,-1,-1
76,7,748.22,490.28,54.84,146.91,1,-1,-1,-1
76,8,771.24,580.01,53.63,153.58,1,-1,-1,-1
76,9,1102.50,387.91,181.49,452.47,1,-1,-1,-1
77,1,824.61,316.79,227.92,675.41,1,-1,-1,-1
77,2,-26.01,331.86,227.31,721.56,1,-1,-1,-1
77,3,386.90,310.04,241.14,729.63,1,-1,-1,-1
77,7,747.97,486.74,55.34,147.50,1,-1,-1,-1
77,8,769.44,584.31,53.63,153.58,1,-1,-1,-1
77,9,1104.12,383.94,180.51,453.04,1,-1,-1,-1
78,1,826.59,314.29,226.59,673.84,1,-1,-1,-1
78,2,-27.04,329.87,217.98,724.69,1,-1,-1,-1
78,3,377.37,304.08,245.35,737.10,1,-1,-1,-1
78,7,746.95,483.32,55.77,148.20,1,-1,-1,-1
78,8,767.64,588.61,53.63,153.58,1,-1,-1,-1
78,9,1104.21,380.38,179.53,453.68,1,-1,-1,-1
79,1,828.73,308.81,225.21,676.34,1,-1,-1,-1
79,2,-35.24,326.54,217.98,724.69,1,-1,-1,-1
79,3,365.12,294.63,251.17,746.62,1,-1,-1,-1
79,7,745.43,479.97,56.10,148.65,1,-1,-1,-1
79,8,765.84,592.92,53.63,153.58,1,-1,-1,-1
79,9,1103.74,376.61,178.74,454.63,1,-1,-1,-1
80,1,829.07,305.68,224.55,676.99,1,-1,-1,-1
80,2,-43.45,323.21,217.98,724.69,1,-1,-1,-1
80,3,353.10,289.31,255.03,753.18,1,-1,-1,-1
80,7,743.02,476.00,56.56,149.47,1,-1,-1,-1
80,8,764.04,597.22,53.63,153.58,1,-1,-1,-1
80,9,1102.76,372.22,177.68,456.26,1,-1,-1,-1
81,1,829.05,303.16,223.05,676.06,1,-1,-1,-1
81,2,-51.66,319.88,217.98,724.69,1,-1,-1,-1
81,3,339.29,280.20,258.68,762.07,1,-1,-1,-1
81,7,739.96,472.19,57.28,150.37,1,-1,-1,-1
81,8,762.25,601.52,53.63,153.58,1,-1,-1,-1
81,9,1101.25,368.99,176.44,457.56,1,-1,-1,-1
82,1,827.06,301.19,222.70,675.42,1,-1,-1,-1
82,2,-59.86,316.55,217.98,724.69,1,-1,-1,-1
82,3,323.30,271.24,263.31,770.72,1,-1,-1,-1
82,7,736.70,468.65,57.74,151.13,1,-1,-1,-1
82,8,760.45,605.82,53.63,153.58,1,-1,-1,-1
82,9,1100.26,365.84,175.20,458.11,1,-1,-1,-1
83,1,823.95,298.25,222.29,673.70,1,-1,-1,-1
83,2,-68.07,313.22,217.98,724.69,1,-1,-1,-1
83,3,306.45,259.51,266.97,781.11,1,-1,-1,-1
83,7,732.53,464.83,58.20,151.74,1,-1,-1,-1
83,8,758.65,610.13,53.63,153.58,1,-1,-1,-1
83,9,1098.59,362.16,173.81,458.83,1,-1,-1,-1
84,1,819.28,296.59,221.75,672.29,1,-1,-1,-1
84,2,-76.28,309.89,217.98,724.69,1,-1,-1,-1
84,3,285.15,248.07,274.04,791.24,1,-1,-1,-1
84,7,727.87,461.44,58.45,152.25,1,-1,-1,-1
84,8,756.85,614.43,53.63,153.58,1,-1,-1,-1
84,9,1095.22,359.02,172.93,459.79,1,-1,-1,-1
84,11,1549.70,426.00,46.90,131.80,1,-1,-1,-1
84,12,778.50,440.50,57.40,155.20,1,-1,-1,-1
85,1,813.75,295.21,221.13,670.58,1,-1,-1,-1
85,2,-84.49,306.56,217.98,724.69,1,-1,-1,-1
85,3,263.92,235.53,279.80,802.07,1,-1,-1,-1
85,7,722.13,457.56,58.76,152.67,1,-1,-1,-1
85,8,755.05,618.73,53.63,153.58,1,-1,-1,-1
85,9,1090.63,356.03,172.53,460.86,1,-1,-1,-1
85,11,1532.68,419.93,47.28,132.74,1,-1,-1,-1
85,12,778.50,440.50,57.40,155.20,1,-1,-1,-1
85,13,1308.50,448.80,29.80,120.40,1,-1,-1,-1
86,1,805.95,291.75,222.14,669.69,1,-1,-1,-1
86,2,-92.69,303.24,217.98,724.69,1,-1,-1,-1
86,3,240.63,222.91,286.52,812.94,1,-1,-1,-1
86,7,715.74,454.00,59.11,153.05,1,-1,-1,-1
86,8,753.25,623.03,53.63,153.58,1,-1,-1,-1
86,9,1084.64,353.64,171.92,460.85,1,-1,-1,-1
86,11,1526.21,418.10,47.37,133.15,1,-1,-1,-1
86,12,778.50,440.50,57.40,155.20,1,-1,-1,-1
86,13,1283.92,443.13,31.33,120.62,1,-1,-1,-1
87,1,798.22,288.26,222.41,668.33,1,-1,-1,-1
87,2,-100.90,299.91,217.98,724.69,1,-1,-1,-1
87,3,217.40,212.14,292.79,822.58,1,-1,-1,-1
87,7,708.78,450.68,59.32,153.69,1,-1,-1,-1
87,8,751.46,627.33,53.63,153.58,1,-1,-1,-1
87,9,1077.79,350.56,171.60,461.08,1,-1,-1,-1
87,11,1519.67,415.21,47.54,133.44,1,-1,-1,-1
87,12,778.50,440.50,57.40,155.20,1,-1,-1,-1
87,13,1272.81,442.26,31.84,121.01,1,-1,-1,-1
87,14,1300.80,446.30,29.00,116.60,1,-1,-1,-1
88,1,790.47,285.26,222.79,667.05,1,-1,-1,-1
88,2,-109.11,296.58,217.98,724.69,1,-1,-1,-1
88,3,192.42,202.90,299.66,831.20,1,-1,-1,-1
88,7,701.67,447.01,58.96,153.97,1,-1,-1,-1
88,8,749.66,631.64,53.63,153.58,1,-1,-1,-1
88,9,1069.50,347.56,172.34,460.98,1,-1,-1,-1
88,11,1513.95,411.14,47.64,134.40,1,-1,-1,-1
88,12,778.50,440.50,57.40,155.20,1,-1,-1,-1
88,13,1255.30,439.11,31.84,121.01,1,-1,-1,-1
88,14,1282.29,432.17,29.65,118.17,1,-1,-1,-1
89,1,780.46,281.15,223.40,666.00,1,-1,-1,-1
89,2,-117.31,293.25,217.98,724.69,1,-1,-1,-1
89,3,165.28,190.21,307.66,842.13,1,-1,-1,-1
89,7,693.99,442.73,59.29,154.57,1,-1,-1,-1
89,8,747.86,635.94,53.63,153.58,1,-1,-1,-1
89,9,1062.05,343.94,172.45,461.02,1,-1,-1,-1
89,11,1507.32,406.18,47.80,134.97,1,-1,-1,-1
89,12,778.50,440.50,57.40,155.20,1,-1,-1,-1
89,13,1237.78,435.95,31.84,121.01,1,-1,-1,-1
89,14,1261.38,425.04,31.49,119.44,1,-1,-1,-1
90,1,770.10,276.63,223.93,665.13,1,-1,-1,-1
90,2,-125.52,289.92,217.98,724.69,1,-1,-1,-1
90,3,138.51,178.23,315.03,852.61,1,-1,-1,-1
90,7,685.95,438.15,59.58,155.81,1,-1,-1,-1
90,9,1054.76,340.45,172.91,461.19,1,-1,-1,-1
90,11,1501.38,401.78,47.84,135.40,1,-1,-1,-1
90,12,778.50,440.50,57.40,155.20,1,-1,-1,-1
90,13,1220.27,432.80,31.84,121.01,1,-1,-1,-1
90,14,1249.48,420.68,33.48,119.66,1,-1,-1,-1
91,1,760.85,272.82,223.76,663.99,1,-1,-1,-1
91,2,-133.73,286.59,217.98,724.69,1,-1,-1,-1
91,3,111.59,165.85,322.51,863.40,1,-1,-1,-1
91,7,677.98,433.96,59.81,156.57,1,-1,-1,-1
91,9,1047.28,336.41,174.18,460.47,1,-1,-1,-1
91,11,1496.67,397.69,47.97,135.83,1,-1,-1,-1
91,12,778.50,440.50,57.40,155.20,1,-1,-1,-1
91,13,1202.75,429.65,31.84,121.01,1,-1,-1,-1
91,14,1243.09,418.84,34.93,119.21,1,-1,-1,-1
92,1,750.25,266.56,224.95,664.86,1,-1,-1,-1
92,2,-141.93,283.26,217.98,724.69,1,-1,-1,-1
92,3,82.96,149.41,330.05,876.95,1,-1,-1,-1
92,7,670.50,429.70,60.13,157.31,1,-1,-1,-1
92,9,1039.69,331.03,174.74,460.89,1,-1,-1,-1
92,11,1492.32,393.27,48.01,136.02,1,-1,-1,-1
92,12,778.50,440.50,57.40,155.20,1,-1,-1,-1
92,13,1185.24,426.49,31.84,121.01,1,-1,-1,-1
92,14,1229.07,412.35,34.93,119.21,1,-1,-1,-1
93,1,740.32,259.54,225.46,666.66,1,-1,-1,-1
93,2,-150.14,279.93,217.98,724.69,1,-1,-1,-1
93,3,56.47,132.39,337.96,890.98,1,-1,-1,-1
93,7,663.21,426.09,60.03,157.50,1,-1,-1,-1
93,9,1033.76,326.05,175.18,460.29,1,-1,-1,-1
93,11,1488.02,388.42,48.21,136.75,1,-1,-1,-1
93,12,778.50,440.50,57.40,155.20,1,-1,-1,-1
93,13,1167.72,423.34,31.84,121.01,1,-1,-1,-1
93,14,1215.05,405.85,34.93,119.21,1,-1,-1,-1
93,15,914.00,339.30,94.80,332.10,1,-1,-1,-1
93,16,1795.90,420.40,28.20,99.60,1,-1,-1,-1
94,1,731.37,253.01,225.39,668.19,1,-1,-1,-1
94,2,-158.35,276.60,217.98,724.69,1,-1,-1,-1
94,3,33.19,118.52,343.74,903.00,1,-1,-1,-1
94,7,656.10,422.81,60.22,157.69,1,-1,-1,-1
94,9,1028.15,320.27,175.53,460.96,1,-1,-1,-1
94,11,1484.38,384.99,48.50,137.39,1,-1,-1,-1
94,12,778.50,440.50,57.40,155.20,1,-1,-1,-1
94,13,1150.21,420.19,31.84,121.01,1,-1,-1,-1
94,14,1201.02,399.36,34.93,119.21,1,-1,-1,-1
94,15,910.92,344.67,94.91,330.21,1,-1,-1,-1
94,16,1795.90,420.40,28.20,99.60,1,-1,-1,-1
95,1,721.99,247.53,227.08,671.15,1,-1,-1,-1
95,2,-166.56,273.27,217.98,724.69,1,-1,-1,-1
95,3,13.41,105.87,346.61,914.28,1,-1,-1,-1
95,7,649.13,420.09,60.30,158.04,1,-1,-1,-1
95,9,1022.89,316.16,175.80,460.85,1,-1,-1,-1
95,11,1481.77,382.67,48.56,137.73,1,-1,-1,-1
95,12,778.50,440.50,57.40,155.20,1,-1,-1,-1
95,13,1132.69,417.03,31.84,121.01,1,-1,-1,-1
95,14,1187.00,392.87,34.93,119.21,1,-1,-1,-1
95,15,910.23,346.77,94.79,328.75,1,-1,-1,-1
95,16,1795.90,420.40,28.20,99.60,1,-1,-1,-1
96,1,713.84,242.68,227.65,673.95,1,-1,-1,-1
96,2,-174.76,269.94,217.98,724.69,1,-1,-1,-1
96,3,-2.63,95.70,348.44,923.97,1,-1,-1,-1
96,7,642.81,417.94,60.75,158.52,1,-1,-1,-1
96,9,1017.78,312.94,176.49,461.21,1,-1,-1,-1
96,11,1480.10,380.80,48.48,137.95,1,-1,-1,-1
96,12,778.50,440.50,57.40,155.20,1,-1,-1,-1
96,13,1115.17,413.88,31.84,121.01,1,-1,-1,-1
96,14,1172.98,386.37,34.93,119.21,1,-1,-1,-1
96,15,906.88,344.46,95.42,328.92,1,-1,-1,-1
96,16,1795.90,420.40,28.20,99.60,1,-1,-1,-1
97,1,706.66,239.44,228.35,675.40,1,-1,-1,-1
97,2,-182.97,266.61,217.98,724.69,1,-1,-1,-1
97,3,-15.46,84.35,345.42,934.49,1,-1,-1,-1
97,7,637.32,416.07,61.07,158.70,1,-1,-1,-1
97,9,1012.95,310.03,177.94,461.42,1,-1,-1,-1
97,11,1479.16,379.23,48.34,138.12,1,-1,-1,-1
97,12,778.50,440.50,57.40,155.20,1,-1,-1,-1
97,13,1097.66,410.73,31.84,121.01,1,-1,-1,-1
97,14,1158.96,379.88,34.93,119.21,1,-1,-1,-1
97,15,905.29,345.20,95.61,328.12,1,-1,-1,-1
97,16,1795.90,420.40,28.20,99.60,1,-1,-1,-1
98,1,701.54,236.91,227.15,676.12,1,-1,-1,-1
98,2,-191.18,263.28,217.98,724.69,1,-1,-1,-1
98,3,-25.18,78.13,339.51,941.63,1,-1,-1,-1
98,7,632.79,414.18,61.35,159.29,1,-1,-1,-1
98,9,1010.27,307.89,179.00,461.90,1,-1,-1,-1
98,11,1478.46,378.12,48.23,137.93,1,-1,-1,-1
98,12,778.50,440.50,57.40,155.20,1,-1,-1,-1
98,13,1080.14,407.57,31.84,121.01,1,-1,-1,-1
98,14,1144.93,373.39,34.93,119.21,1,-1,-1,-1
98,15,903.94,345.14,95.66,327.92,1,-1,-1,-1
98,16,1795.90,420.40,28.20,99.60,1,-1,-1,-1
99,1,696.98,236.34,226.27,674.26,1,-1,-1,-1
99,2,-199.38,259.95,217.98,724.69,1,-1,-1,-1
99,3,-31.49,73.49,329.56,947.71,1,-1,-1,-1
99,7,628.85,412.76,61.73,159.95,1,-1,-1,-1
99,9,1008.17,306.75,180.24,462.60,1,-1,-1,-1
99,11,1478.66,377.30,48.16,137.89,1,-1,-1,-1
99,12,778.50,440.50,57.40,155.20,1,-1,-1,-1
99,13,1062.63,404.42,31.84,121.01,1,-1,-1,-1
99,14,1130.91,366.90,34.93,119.21,1,-1,-1,-1
99,15,904.44,346.90,95.14,327.00,1,-1,-1,-1
99,16,1795.90,420.40,28.20,99.60,1,-1,-1,-1
100,1,692.50,235.84,226.60,674.30,1,-1,-1,-1
100,2,-207.59,256.62,217.98,724.69,1,-1,-1,-1
100,3,-37.05,82.05,321.54,944.96,1,-1,-1,-1
100,7,625.60,411.27,62.11,160.75,1,-1,-1,-1
100,9,1007.21,305.79,181.99,462.85,1,-1,-1,-1
100,11,1479.82,376.47,48.04,137.81,1,-1,-1,-1
100,12,778.50,440.50,57.40,155.20,1,-1,-1,-1
100,13,1045.11,401.27,31.84,121.01,1,-1,-1,-1
100,14,1116.89,360.40,34.93,119.21,1,-1,-1,-1
100,15,904.84,345.87,95.02,327.99,1,-1,-1,-1
100,16,1795.90,420.40,28.20,99.60,1,-1,-1,-1
101,1,689.96,235.38,226.25,673.05,1,-1,-1,-1
101,2,-215.80,253.29,217.98,724.69,1,-1,-1,-1
101,3,-39.82,82.53,310.89,947.44,1,-1,-1,-1
101,7,623.41,409.93,62.54,161.51,1,-1,-1,-1
101,9,1007.39,305.87,184.04,463.43,1,-1,-1,-1
101,11,1482.34,375.30,48.24,137.99,1,-1,-1,-1
101,12,778.50,440.50,57.40,155.20,1,-1,-1,-1
101,13,1027.60,398.11,31.84,121.01,1,-1,-1,-1
101,14,1102.87,353.91,34.93,119.21,1,-1,-1,-1
101,15,906.10,343.88,95.62,328.60,1,-1,-1,-1
101,16,1805.40,408.40,28.84,99.97,1,-1,-1,-1
102,1,688.47,234.85,226.24,673.73,1,-1,-1,-1
102,2,-224.00,249.96,217.98,724.69,1,-1,-1,-1
102,3,-53.94,75.05,310.89,947.44,1,-1,-1,-1
102,7,622.72,408.91,62.96,162.29,1,-1,-1,-1
102,9,1009.28,305.70,184.66,464.24,1,-1,-1,-1
102,11,1486.05,374.18,48.31,138.03,1,-1,-1,-1
102,12,778.50,440.50,57.40,155.20,1,-1,-1,-1
102,13,1010.08,394.96,31.84,121.01,1,-1,-1,-1
102,14,1088.84,347.42,34.93,119.21,1,-1,-1,-1
102,15,909.59,346.29,96.33,326.25,1,-1,-1,-1
102,16,1793.86,404.65,31.15,101.48,1,-1,-1,-1
103,1,689.55,234.09,226.05,673.24,1,-1,-1,-1
103,2,-232.21,246.63,217.98,724.69,1,-1,-1,-1
103,3,-68.06,67.57,310.89,947.44,1,-1,-1,-1
103,7,624.01,407.97,62.91,162.66,1,-1,-1,-1
103,9,1012.48,305.67,186.45,464.81,1,-1,-1,-1
103,11,1483.41,371.56,48.31,138.03,1,-1,-1,-1
103,12,778.50,440.50,57.40,155.20,1,-1,-1,-1
103,13,992.57,391.81,31.84,121.01,1,-1,-1,-1
103,14,1074.82,340.92,34.93,119.21,1,-1,-1,-1
103,15,913.35,344.29,97.27,327.65,1,-1,-1,-1
103,16,1793.47,401.21,33.11,103.39,1,-1,-1,-1
104,1,693.61,234.42,224.99,672.20,1,-1,-1,-1
104,2,-240.42,243.30,217.98,724.69,1,-1,-1,-1
104,3,-58.59,81.07,292.71,946.57,1,-1,-1,-1
104,7,627.77,406.33,62.93,163.60,1,-1,-1,-1
104,9,1016.32,306.09,188.74,465.23,1,-1,-1,-1
104,11,1480.76,368.95,48.31,138.03,1,-1,-1,-1
104,12,778.50,440.50,57.40,155.20,1,-1,-1,-1
104,13,975.05,388.65,31.84,121.01,1,-1,-1,-1
104,14,1060.80,334.43,34.93,119.21,1,-1,-1,-1
104,15,917.74,341.39,97.35,328.25,1,-1,-1,-1
104,16,1796.84,397.92,34.15,104.90,1,-1,-1,-1
105,1,699.16,234.06,223.23,670.50,1,-1,-1,-1
105,2,-248.63,239.98,217.98,724.69,1,-1,-1,-1
105,3,-71.24,74.90,292.71,946.57,1,-1,-1,-1
105,7,624.51,404.15,62.93,163.60,1,-1,-1,-1
105,9,1021.39,305.81,190.42,466.32,1,-1,-1,-1
105,11,1478.12,366.33,48.31,138.03,1,-1,-1,-1
105,12,778.50,440.50,57.40,155.20,1,-1,-1,-1
105,13,957.54,385.50,31.84,121.01,1,-1,-1,-1
105,14,1046.78,327.94,34.93,119.21,1,-1,-1,-1
105,15,923.73,338.03,97.17,329.26,1,-1,-1,-1
105,16,1796.93,395.85,34.15,104.90,1,-1,-1,-1
106,1,704.79,233.14,222.51,669.98,1,-1,-1,-1
106,2,-256.83,236.65,217.98,724.69,1,-1,-1,-1
106,3,-83.88,68.72,292.71,946.57,1,-1,-1,-1
106,7,621.24,401.98,62.93,163.60,1,-1,-1,-1
106,9,1027.68,304.68,191.37,467.20,1,-1,-1,-1
106,11,1475.47,363.72,48.31,138.03,1,-1,-1,-1
106,12,778.50,440.50,57.40,155.20,1,-1,-1,-1
106,13,940.02,382.35,31.84,121.01,1,-1,-1,-1
106,14,1032.75,321.44,34.93,119.21,1,-1,-1,-1
106,15,929.86,335.04,97.18,330.40,1,-1,-1,-1
106,16,1797.02,393.78,34.15,104.90,1,-1,-1,-1
107,1,711.60,231.32,221.42,671.02,1,-1,-1,-1
107,2,-265.04,233.32,217.98,724.69,1,-1,-1,-1
107,3,-96.53,62.55,292.71,946.57,1,-1,-1,-1
107,7,617.98,399.80,62.93,163.60,1,-1,-1,-1
107,9,1036.05,302.02,190.81,468.59,1,-1,-1,-1
107,11,1472.83,361.10,48.31,138.03,1,-1,-1,-1
107,12,778.50,440.50,57.40,155.20,1,-1,-1,-1
107,13,922.51,379.19,31.84,121.01,1,-1,-1,-1
107,14,1018.73,314.95,34.93,119.21,1,-1,-1,-1
107,15,935.74,331.70,97.38,331.55,1,-1,-1,-1
107,16,1797.11,391.71,34.15,104.90,1,-1,-1,-1
108,1,718.21,230.49,220.93,669.70,1,-1,-1,-1
108,2,-273.25,229.99,217.98,724.69,1,-1,-1,-1
108,3,-109.17,56.37,292.71,946.57,1,-1,-1,-1
108,7,614.72,397.62,62.93,163.60,1,-1,-1,-1
108,9,1043.82,299.34,190.32,470.12,1,-1,-1,-1
108,11,1470.18,358.49,48.31,138.03,1,-1,-1,-1
108,12,778.50,440.50,57.40,155.20,1,-1,-1,-1
108,13,904.99,376.04,31.84,121.01,1,-1,-1,-1
108,14,1004.71,308.46,34.93,119.21,1,-1,-1,-1
108,15,940.82,329.61,97.63,331.69,1,-1,-1,-1
108,16,1797.21,389.64,34.15,104.90,1,-1,-1,-1
109,1,724.49,230.08,221.08,667.33,1,-1,-1,-1
109,2,-281.45,226.66,217.98,724.69,1,-1,-1,-1
109,3,-121.82,50.20,292.71,946.57,1,-1,-1,-1
109,7,611.46,395.44,62.93,163.60,1,-1,-1,-1
109,9,1051.05,295.51,189.92,471.93,1,-1,-1,-1
109,11,1467.54,355.87,48.31,138.03,1,-1,-1,-1
109,12,778.50,440.50,57.40,155.20,1,-1,-1,-1
109,13,887.48,372.89,31.84,121.01,1,-1,-1,-1
109,14,990.68,301.96,34.93,119.21,1,-1,-1,-1
109,15,946.26,328.00,97.09,331.77,1,-1,-1,-1
109,16,1797.30,387.57,34.15,104.90,1,-1,-1,-1
110,1,732.12,229.67,219.75,666.19,1,-1,-1,-1
110,2,-289.66,223.33,217.98,724.69,1,-1,-1,-1
110,3,-134.46,44.03,292.71,946.57,1,-1,-1,-1
110,7,608.20,393.26,62.93,163.60,1,-1,-1,-1
110,9,1057.26,294.37,190.39,471.22,1,-1,-1,-1
110,11,1464.90,353.26,48.31,138.03,1,-1,-1,-1
110,12,778.50,440.50,57.40,155.20,1,-1,-1,-1
110,13,869.96,369.73,31.84,121.01,1,-1,-1,-1
110,14,976.66,295.47,34.93,119.21,1,-1,-1,-1
110,15,950.92,326.76,97.23,331.93,1,-1,-1,-1
110,16,1797.39,385.50,34.15,104.90,1,-1,-1,-1
111,1,739.24,227.83,218.66,664.60,1,-1,-1,-1
111,2,-297.87,220.00,217.98,724.69,1,-1,-1,-1
111,3,-147.11,37.85,292.71,946.57,1,-1,-1,-1
111,7,604.94,391.08,62.93,163.60,1,-1,-1,-1
111,9,1063.70,294.13,190.72,470.86,1,-1,-1,-1
111,11,1462.25,350.64,48.31,138.03,1,-1,-1,-1
111,12,778.50,440.50,57.40,155.20,1,-1,-1,-1
111,13,852.45,366.58,31.84,121.01,1,-1,-1,-1
111,14,962.64,288.98,34.93,119.21,1,-1,-1,-1
111,15,954.92,325.23,97.64,332.72,1,-1,-1,-1
111,16,1797.48,383.43,34.15,104.90,1,-1,-1,-1
112,1,744.88,226.54,217.97,662.79,1,-1,-1,-1
112,2,-306.07,216.67,217.98,724.69,1,-1,-1,-1
112,3,-159.75,31.68,292.71,946.57,1,-1,-1,-1
112,7,601.67,388.90,62.93,163.60,1,-1,-1,-1
112,9,1070.48,293.47,190.03,470.50,1,-1,-1,-1
112,11,1459.61,348.03,48.31,138.03,1,-1,-1,-1
112,12,778.50,440.50,57.40,155.20,1,-1,-1,-1
112,13,834.93,363.42,31.84,121.01,1,-1,-1,-1
112,14,948.62,282.49,34.93,119.21,1,-1,-1,-1
112,15,959.28,324.13,97.73,332.61,1,-1,-1,-1
112,16,1797.57,381.36,34.15,104.90,1,-1,-1,-1
113,1,750.06,224.76,217.11,661.66,1,-1,-1,-1
113,2,-314.28,213.34,217.98,724.69,1,-1,-1,-1
113,3,-172.40,25.50,292.71,946.57,1,-1,-1,-1
113,7,598.41,386.72,62.93,163.60,1,-1,-1,-1
113,9,1075.62,291.40,190.06,471.04,1,-1,-1,-1
113,11,1456.96,345.41,48.31,138.03,1,-1,-1,-1
113,12,778.50,440.50,57.40,155.20,1,-1,-1,-1
113,13,817.42,360.27,31.84,121.01,1,-1,-1,-1
113,14,934.59,275.99,34.93,119.21,1,-1,-1,-1
113,15,963.29,323.30,97.45,332.20,1,-1,-1,-1
113,16,1797.66,379.29,34.15,104.90,1,-1,-1,-1
114,1,754.44,223.49,216.08,660.28,1,-1,-1,-1
114,2,-322.49,210.01,217.98,724.69,1,-1,-1,-1
114,3,-185.04,19.33,292.71,946.57,1,-1,-1,-1
114,7,595.15,384.55,62.93,163.60,1,-1,-1,-1
114,9,1082.16,289.12,188.52,471.43,1,-1,-1,-1
114,11,1454.32,342.80,48.31,138.03,1,-1,-1,-1
114,12,778.50,440.50,57.40,155.20,1,-1,-1,-1
114,13,799.90,357.12,31.84,121.01,1,-1,-1,-1
114,14,920.57,269.50,34.93,119.21,1,-1,-1,-1
114,15,967.15,322.09,97.27,332.24,1,-1,-1,-1
114,16,1797.75,377.22,34.15,104.90,1,-1,-1,-1
115,1,758.60,224.67,215.35,659.48,1,-1,-1,-1
115,2,-330.70,206.68,217.98,724.69,1,-1,-1,-1
115,3,-197.69,13.16,292.71,946.57,1,-1,-1,-1
115,7,591.89,382.37,62.93,163.60,1,-1,-1,-1
115,9,1088.48,287.12,187.70,471.73,1,-1,-1,-1
115,11,1451.67,340.18,48.31,138.03,1,-1,-1,-1
115,12,778.50,440.50,57.40,155.20,1,-1,-1,-1
115,13,782.38,353.96,31.84,121.01,1,-1,-1,-1
115,14,906.55,263.01,34.93,119.21,1,-1,-1,-1
115,15,971.06,321.86,97.07,331.70,1,-1,-1,-1
115,16,1797.85,375.15,34.15,104.90,1,-1,-1,-1
116,1,762.06,225.29,214.00,658.52,1,-1,-1,-1
116,2,-338.90,203.35,217.98,724.69,1,-1,-1,-1
116,3,-210.33,6.98,292.71,946.57,1,-1,-1,-1
116,7,588.63,380.19,62.93,163.60,1,-1,-1,-1
116,9,1094.20,285.40,186.57,472.21,1,-1,-1,-1
116,11,1449.03,337.57,48.31,138.03,1,-1,-1,-1
116,12,778.50,440.50,57.40,155.20,1,-1,-1,-1
116,13,764.87,350.81,31.84,121.01,1,-1,-1,-1
116,14,892.53,256.51,34.93,119.21,1,-1,-1,-1
116,15,973.95,322.55,97.10,330.67,1,-1,-1,-1
116,16,1797.94,373.08,34.15,104.90,1,-1,-1,-1
117,1,764.53,224.60,212.98,656.28,1,-1,-1,-1
117,2,-347.11,200.02,217.98,724.69,1,-1,-1,-1
117,3,-222.98,0.81,292.71,946.57,1,-1,-1,-1
117,7,585.37,378.01,62.93,163.60,1,-1,-1,-1
117,9,1098.54,283.69,186.25,473.42,1,-1,-1,-1
117,11,1446.38,334.95,48.31,138.03,1,-1,-1,-1
117,12,778.50,440.50,57.40,155.20,1,-1,-1,-1
117,13,747.35,347.66,31.84,121.01,1,-1,-1,-1
117,14,878.50,250.02,34.93,119.21,1,-1,-1,-1
117,15,976.35,322.71,96.97,329.99,1,-1,-1,-1
117,16,1798.03,371.01,34.15,104.90,1,-1,-1,-1
118,1,765.91,223.72,212.44,655.24,1,-1,-1,-1
118,2,-355.32,196.69,217.98,724.69,1,-1,-1,-1
118,3,-235.62,-5.37,292.71,946.57,1,-1,-1,-1
118,7,582.10,375.83,62.93,163.60,1,-1,-1,-1
118,9,1101.65,283.26,186.88,473.85,1,-1,-1,-1
118,11,1443.74,332.34,48.31,138.03,1,-1,-1,-1
118,12,778.50,440.50,57.40,155.20,1,-1,-1,-1
118,13,729.84,344.50,31.84,121.01,1,-1,-1,-1
118,15,978.43,323.68,96.86,328.80,1,-1,-1,-1
118,16,1798.12,368.94,34.15,104.90,1,-1,-1,-1
119,1,766.77,223.94,211.91,653.80,1,-1,-1,-1
119,2,-363.52,193.36,217.98,724.69,1,-1,-1,-1
119,3,-248.27,-11.54,292.71,946.57,1,-1,-1,-1
119,7,578.84,373.65,62.93,163.60,1,-1,-1,-1
119,9,1105.53,282.92,186.67,474.27,1,-1,-1,-1
119,11,1441.09,329.72,48.31,138.03,1,-1,-1,-1
119,12,778.50,440.50,57.40,155.20,1,-1,-1,-1
119,15,980.36,323.20,96.76,328.29,1,-1,-1,-1
119,16,1798.21,366.87,34.15,104.90,1,-1,-1,-1
120,1,767.59,223.93,211.38,653.32,1,-1,-1,-1
120,2,-371.73,190.03,217.98,724.69,1,-1,-1,-1
120,3,-260.91,-17.71,292.71,946.57,1,-1,-1,-1
120,7,575.58,371.47,62.93,163.60,1,-1,-1,-1
120,9,1108.22,283.50,186.94,475.04,1,-1,-1,-1
120,11,1438.45,327.11,48.31,138.03,1,-1,-1,-1
120,12,778.50,440.50,57.40,155.20,1,-1,-1,-1
120,15,981.28,323.28,96.92,328.21,1,-1,-1,-1
120,16,1798.30,364.80,34.15,104.90,1,-1,-1,-1
121,1,766.85,224.16,211.53,653.62,1,-1,-1,-1
121,2,-379.94,186.70,217.98,724.69,1,-1,-1,-1
121,3,-273.56,-23.89,292.71,946.57,1,-1,-1,-1
121,7,572.32,369.29,62.93,163.60,1,-1,-1,-1
121,9,1111.21,283.58,185.96,476.48,1,-1,-1,-1
121,11,1435.81,324.49,48.31,138.03,1,-1,-1,-1
121,12,778.50,440.50,57.40,155.20,1,-1,-1,-1
121,15,981.21,324.49,97.41,327.22,1,-1,-1,-1
121,16,1798.40,362.73,34.15,104.90,1,-1,-1,-1
122,1,764.46,223.10,212.35,653.71,1,-1,-1,-1
122,2,-388.14,183.37,217.98,724.69,1,-1,-1,-1
122,3,-286.20,-30.06,292.71,946.57,1,-1,-1,-1
122,7,569.06,367.12,62.93,163.60,1,-1,-1,-1
122,9,1113.11,283.79,185.11,477.83,1,-1,-1,-1
122,11,1433.16,321.88,48.31,138.03,1,-1,-1,-1
122,15,980.75,324.43,97.72,327.27,1,-1,-1,-1
122,16,1798.49,360.66,34.15,104.90,1,-1,-1,-1
123,1,760.62,223.51,213.68,653.14,1,-1,-1,-1
123,2,-396.35,180.04,217.98,724.69,1,-1,-1,-1
123,3,-298.85,-36.24,292.71,946.57,1,-1,-1,-1
123,7,565.80,364.94,62.93,163.60,1,-1,-1,-1
123,9,1114.29,284.46,183.63,478.30,1,-1,-1,-1
123,11,1430.52,319.26,48.31,138.03,1,-1,-1,-1
123,15,980.02,324.14,98.13,327.89,1,-1,-1,-1
123,16,1798.58,358.59,34.15,104.90,1,-1,-1,-1
124,1,757.76,222.69,213.89,654.58,1,-1,-1,-1
124,2,-404.56,176.72,217.98,724.69,1,-1,-1,-1
124,3,-311.49,-42.41,292.71,946.57,1,-1,-1,-1
124,7,562.53,362.76,62.93,163.60,1,-1,-1,-1
124,9,1113.79,285.34,182.90,478.40,1,-1,-1,-1
124,11,1427.87,316.65,48.31,138.03,1,-1,-1,-1
124,15,978.99,324.31,98.03,328.40,1,-1,-1,-1
124,16,1798.67,356.53,34.15,104.90,1,-1,-1,-1
125,1,752.93,224.57,213.72,653.71,1,-1,-1,-1
125,3,-324.14,-48.58,292.71,946.57,1,-1,-1,-1
125,7,559.27,360.58,62.93,163.60,1,-1,-1,-1
125,9,1112.28,285.61,182.37,478.80,1,-1,-1,-1
125,11,1425.23,314.03,48.31,138.03,1,-1,-1,-1
125,15,976.80,323.80,98.33,329.58,1,-1,-1,-1
125,16,1798.76,354.46,34.15,104.90,1,-1,-1,-1
126,1,746.97,224.39,214.11,654.76,1,-1,-1,-1
126,3,-336.78,-54.76,292.71,946.57,1,-1,-1,-1
126,7,556.01,358.40,62.93,163.60,1,-1,-1,-1
126,9,1110.25,286.52,182.02,479.10,1,-1,-1,-1
126,11,1422.58,311.42,48.31,138.03,1,-1,-1,-1
126,15,973.87,323.33,98.56,330.70,1,-1,-1,-1
126,16,1798.85,352.39,34.15,104.90,1,-1,-1,-1
127,1,742.29,224.37,213.83,655.57,1,-1,-1,-1
127,3,-349.43,-60.93,292.71,946.57,1,-1,-1,-1
127,7,552.75,356.22,62.93,163.60,1,-1,-1,-1
127,9,1106.09,287.72,183.24,479.50,1,-1,-1,-1
127,11,1419.94,308.80,48.31,138.03,1,-1,-1,-1
127,15,969.69,323.10,99.24,332.00,1,-1,-1,-1
127,16,1798.95,350.32,34.15,104.90,1,-1,-1,-1
128,1,737.46,224.83,213.78,656.22,1,-1,-1,-1
128,3,-362.07,-67.10,292.71,946.57,1,-1,-1,-1
128,7,549.49,354.04,62.93,163.60,1,-1,-1,-1
128,9,1102.54,287.70,183.96,479.81,1,-1,-1,-1
128,11,1417.29,306.18,48.31,138.03,1,-1,-1,-1
128,15,965.13,323.32,99.79,332.73,1,-1,-1,-1
128,16,1799.04,348.25,34.15,104.90,1,-1,-1,-1
129,1,732.36,225.25,214.47,657.02,1,-1,-1,-1
129,3,-374.72,-73.28,292.71,946.57,1,-1,-1,-1
129,7,546.23,351.86,62.93,163.60,1,-1,-1,-1
129,9,1098.55,287.86,184.50,480.63,1,-1,-1,-1
129,11,1414.65,303.57,48.31,138.03,1,-1,-1,-1
129,15,961.06,323.70,100.13,333.10,1,-1,-1,-1
129,16,1799.13,346.18,34.15,104.90,1,-1,-1,-1
130,1,727.64,225.92,215.37,657.47,1,-1,-1,-1
130,3,-387.36,-79.45,292.71,946.57,1,-1,-1,-1
130,7,542.96,349.69,62.93,163.60,1,-1,-1,-1
130,9,1095.00,287.23,185.16,481.49,1,-1,-1,-1
130,11,1412.01,300.95,48.31,138.03,1,-1,-1,-1
130,15,956.72,322.30,100.64,334.82,1,-1,-1,-1
130,16,1799.22,344.11,34.15,104.90,1,-1,-1,-1
131,1,724.06,226.53,215.46,656.93,1,-1,-1,-1
131,3,-400.01,-85.63,292.71,946.57,1,-1,-1,-1
131,7,539.70,347.51,62.93,163.60,1,-1,-1,-1
131,9,1091.87,286.83,185.12,482.18,1,-1,-1,-1
131,11,1409.36,298.34,48.31,138.03,1,-1,-1,-1
131,15,952.64,321.02,101.07,336.24,1,-1,-1,-1
132,1,721.23,229.33,215.39,655.04,1,-1,-1,-1
132,3,-412.65,-91.80,292.71,946.57,1,-1,-1,-1
132,7,536.44,345.33,62.93,163.60,1,-1,-1,-1
132,9,1089.35,286.57,184.72,482.91,1,-1,-1,-1
132,11,1406.72,295.72,48.31,138.03,1,-1,-1,-1
132,15,948.38,321.40,101.66,335.87,1,-1,-1,-1
132,17,1013.30,366.40,68.50,232.30,1,-1,-1,-1
133,1,719.41,230.81,215.06,653.52,1,-1,-1,-1
133,3,-425.30,-97.97,292.71,946.57,1,-1,-1,-1
133,7,533.18,343.15,62.93,163.60,1,-1,-1,-1
133,9,1087.40,286.42,184.60,483.64,1,-1,-1,-1
133,11,1404.07,293.11,48.31,138.03,1,-1,-1,-1
133,15,944.46,321.96,102.15,335.19,1,-1,-1,-1
133,17,1012.11,365.80,69.26,232.61,1,-1,-1,-1
134,1,718.84,232.82,214.54,650.66,1,-1,-1,-1
134,3,-437.94,-104.15,292.71,946.57,1,-1,-1,-1
134,7,529.92,340.97,62.93,163.60,1,-1,-1,-1
134,9,1085.69,287.05,184.47,483.61,1,-1,-1,-1
134,11,1401.43,290.49,48.31,138.03,1,-1,-1,-1
134,15,940.30,320.47,102.30,336.56,1,-1,-1,-1
134,17,1017.53,369.24,69.75,231.22,1,-1,-1,-1
135,1,718.34,233.65,213.99,649.47,1,-1,-1,-1
135,3,-450.59,-110.32,292.71,946.57,1,-1,-1,-1
135,7,526.66,338.79,62.93,163.60,1,-1,-1,-1
135,9,1083.96,287.89,184.70,484.07,1,-1,-1,-1
135,11,1398.78,287.88,48.31,138.03,1,-1,-1,-1
135,15,936.27,320.28,102.76,336.51,1,-1,-1,-1
135,17,1018.48,362.05,70.24,233.89,1,-1,-1,-1
136,1,718.92,235.55,213.18,647.89,1,-1,-1,-1
136,3,-463.23,-116.50,292.71,946.57,1,-1,-1,-1
136,7,523.39,336.61,62.93,163.60,1,-1,-1,-1
136,9,1082.79,288.38,185.32,485.30,1,-1,-1,-1
136,11,1396.14,285.26,48.31,138.03,1,-1,-1,-1
136,15,933.35,319.30,102.52,337.91,1,-1,-1,-1
136,17,1019.06,362.99,71.34,232.89,1,-1,-1,-1
137,1,719.56,236.95,212.47,645.57,1,-1,-1,-1
137,3,-475.88,-122.67,292.71,946.57,1,-1,-1,-1
137,7,520.13,334.43,62.93,163.60,1,-1,-1,-1
137,9,1082.43,288.70,185.82,487.07,1,-1,-1,-1
137,11,1393.49,282.65,48.31,138.03,1,-1,-1,-1
137,15,931.07,320.33,102.00,338.28,1,-1,-1,-1
137,17,1018.56,363.79,72.54,232.17,1,-1,-1,-1
138,1,720.58,239.48,212.29,643.68,1,-1,-1,-1
138,3,-488.52,-128.84,292.71,946.57,1,-1,-1,-1
138,7,516.87,332.26,62.93,163.60,1,-1,-1,-1
138,9,1082.90,290.51,186.04,488.39,1,-1,-1,-1
138,11,1390.85,280.03,48.31,138.03,1,-1,-1,-1
138,15,929.48,322.49,101.84,337.80,1,-1,-1,-1
138,17,1019.98,365.18,73.63,231.15,1,-1,-1,-1
139,1,722.90,241.19,211.24,640.70,1,-1,-1,-1
139,3,-501.17,-135.02,292.71,946.57,1,-1,-1,-1
139,7,513.61,330.08,62.93,163.60,1,-1,-1,-1
139,9,1083.41,291.91,186.76,489.51,1,-1,-1,-1
139,11,1388.20,277.42,48.31,138.03,1,-1,-1,-1
139,15,928.05,322.56,101.88,338.48,1,-1,-1,-1
139,17,1021.24,365.13,74.51,231.02,1,-1,-1,-1
140,1,726.28,244.15,209.97,638.58,1,-1,-1,-1
140,3,-513.81,-141.19,292.71,946.57,1,-1,-1,-1
140,7,510.35,327.90,62.93,163.60,1,-1,-1,-1
140,9,1084.90,293.87,186.99,490.51,1,-1,-1,-1
140,11,1385.56,274.80,48.31,138.03,1,-1,-1,-1
140,15,927.67,323.84,102.02,338.32,1,-1,-1,-1
140,17,1019.55,366.50,76.57,231.10,1,-1,-1,-1
141,1,729.69,244.76,208.67,637.71,1,-1,-1,-1
141,3,-526.46,-147.37,292.71,946.57,1,-1,-1,-1
141,7,507.09,325.72,62.93,163.60,1,-1,-1,-1
141,9,1086.66,295.78,188.16,491.30,1,-1,-1,-1
141,11,1382.92,272.19,48.31,138.03,1,-1,-1,-1
141,15,927.31,324.97,102.27,338.52,1,-1,-1,-1
141,17,1021.40,368.37,77.26,230.73,1,-1,-1,-1
142,1,733.07,246.15,207.66,637.09,1,-1,-1,-1
142,3,-539.10,-153.54,292.71,946.57,1,-1,-1,-1
142,7,503.83,323.54,62.93,163.60,1,-1,-1,-1
142,9,1088.68,297.35,189.59,491.80,1,-1,-1,-1
142,11,1380.27,269.57,48.31,138.03,1,-1,-1,-1
142,15,927.85,326.04,102.30,338.58,1,-1,-1,-1
142,17,1024.07,369.31,78.11,230.00,1,-1,-1,-1
143,1,736.46,246.46,207.66,638.08,1,-1,-1,-1
143,3,-551.75,-159.71,292.71,946.57,1,-1,-1,-1
143,7,500.56,321.36,62.93,163.60,1,-1,-1,-1
143,9,1091.64,297.52,189.88,493.38,1,-1,-1,-1
143,15,929.38,326.92,102.14,339.44,1,-1,-1,-1
143,17,1026.54,370.76,78.51,229.68,1,-1,-1,-1
144,1,742.23,249.27,206.26,635.59,1,-1,-1,-1
144,3,-564.39,-165.89,292.71,946.57,1,-1,-1,-1
144,7,497.30,319.18,62.93,163.60,1,-1,-1,-1
144,9,1095.25,298.08,191.08,494.68,1,-1,-1,-1
144,15,931.12,327.41,101.90,340.13,1,-1,-1,-1
144,17,1028.86,372.14,79.11,229.43,1,-1,-1,-1
144,18,263.80,331.40,173.80,511.00,1,-1,-1,-1
145,1,748.29,251.20,204.63,634.79,1,-1,-1,-1
145,3,-577.04,-172.06,292.71,946.57,1,-1,-1,-1
145,7,494.04,317.00,62.93,163.60,1,-1,-1,-1
145,9,1100.20,299.28,191.61,495.54,1,-1,-1,-1
145,15,933.78,328.45,101.33,339.88,1,-1,-1,-1
145,17,1031.43,373.89,80.18,229.38,1,-1,-1,-1
145,18,263.50,329.01,173.75,511.99,1,-1,-1,-1
146,1,754.98,254.03,202.60,633.61,1,-1,-1,-1
146,3,-589.68,-178.23,292.71,946.57,1,-1,-1,-1
146,7,490.78,314.83,62.93,163.60,1,-1,-1,-1
146,9,1105.61,299.74,192.08,495.85,1,-1,-1,-1
146,15,936.19,329.37,101.46,339.81,1,-1,-1,-1
146,17,1034.88,374.83,80.49,229.15,1,-1,-1,-1
146,18,259.56,325.72,173.65,514.96,1,-1,-1,-1
147,1,761.33,256.77,201.28,632.25,1,-1,-1,-1
147,3,-602.33,-184.41,292.71,946.57,1,-1,-1,-1
147,7,487.52,312.65,62.93,163.60,1,-1,-1,-1
147,9,1110.51,300.51,193.00,495.91,1,-1,-1,-1
147,15,938.57,330.49,102.30,339.68,1,-1,-1,-1
147,17,1038.37,376.41,80.62,228.82,1,-1,-1,-1
147,18,255.27,326.85,173.88,517.58,1,-1,-1,-1
148,1,767.57,259.91,199.84,630.41,1,-1,-1,-1
148,3,-614.97,-190.58,292.71,946.57,1,-1,-1,-1
148,7,484.26,310.47,62.93,163.60,1,-1,-1,-1
148,9,1116.94,300.71,192.36,495.63,1,-1,-1,-1
148,15,940.77,331.38,102.93,340.61,1,-1,-1,-1
148,17,1041.61,378.43,80.79,228.20,1,-1,-1,-1
148,18,250.29,325.47,174.89,522.08,1,-1,-1,-1
149,1,770.15,262.28,201.59,630.83,1,-1,-1,-1
149,3,-627.62,-196.76,292.71,946.57,1,-1,-1,-1
149,7,480.99,308.29,62.93,163.60,1,-1,-1,-1
149,9,1121.84,301.20,193.12,496.06,1,-1,-1,-1
149,15,943.20,332.39,103.41,341.42,1,-1,-1,-1
149,17,1044.55,380.37,80.82,227.39,1,-1,-1,-1
149,18,244.16,322.18,176.41,527.43,1,-1,-1,-1
150,1,773.22,263.69,202.20,631.10,1,-1,-1,-1
150,3,-640.26,-202.93,292.71,946.57,1,-1,-1,-1
150,7,477.73,306.11,62.93,163.60,1,-1,-1,-1
150,9,1127.10,302.70,193.75,496.86,1,-1,-1,-1
150,15,945.88,333.31,103.57,342.45,1,-1,-1,-1
150,17,1046.36,381.92,81.54,227.25,1,-1,-1,-1
150,18,238.48,318.34,178.09,533.06,1,-1,-1,-1
151,1,777.16,265.57,201.58,629.42,1,-1,-1,-1
151,3,-652.91,-209.10,292.71,946.57,1,-1,-1,-1
151,7,474.47,303.93,62.93,163.60,1,-1,-1,-1
151,9,1131.01,303.30,194.76,497.42,1,-1,-1,-1
151,15,948.72,333.39,103.61,343.42,1,-1,-1,-1
151,17,1047.92,383.16,82.18,227.24,1,-1,-1,-1
151,18,232.13,315.02,179.32,538.98,1,-1,-1,-1
152,1,778.09,266.86,203.20,628.03,1,-1,-1,-1
152,3,-665.55,-215.28,292.71,946.57,1,-1,-1,-1
152,7,471.21,301.75,62.93,163.60,1,-1,-1,-1
152,9,1134.53,304.18,195.62,497.68,1,-1,-1,-1
152,15,951.21,334.25,103.81,344.40,1,-1,-1,-1
152,17,1049.03,383.70,82.71,227.67,1,-1,-1,-1
152,18,227.01,312.61,180.35,545.57,1,-1,-1,-1
153,1,780.09,267.86,203.27,625.69,1,-1,-1,-1
153,3,-678.20,-221.45,292.71,946.57,1,-1,-1,-1
153,9,1138.92,304.59,194.60,498.68,1,-1,-1,-1
153,15,954.00,334.64,103.98,345.80,1,-1,-1,-1
153,17,1049.85,384.13,83.34,228.23,1,-1,-1,-1
153,18,219.47,310.74,182.07,551.48,1,-1,-1,-1
154,1,781.48,268.71,203.30,623.32,1,-1,-1,-1
154,3,-690.84,-227.63,292.71,946.57,1,-1,-1,-1
154,9,1142.53,305.98,194.83,500.53,1,-1,-1,-1
154,15,956.22,335.31,104.30,346.91,1,-1,-1,-1
154,17,1050.44,385.16,83.66,228.13,1,-1,-1,-1
154,18,210.56,307.97,184.25,557.94,1,-1,-1,-1
155,1,782.42,267.59,202.98,623.90,1,-1,-1,-1
155,9,1145.31,305.79,194.76,501.66,1,-1,-1,-1
155,15,958.41,335.50,104.34,348.04,1,-1,-1,-1
155,17,1050.02,384.93,84.56,229.31,1,-1,-1,-1
155,18,201.78,304.57,186.66,564.62,1,-1,-1,-1
156,1,781.29,266.84,205.45,623.07,1,-1,-1,-1
156,9,1147.42,306.18,194.80,502.56,1,-1,-1,-1
156,15,959.40,335.51,104.65,348.39,1,-1,-1,-1
156,17,1049.94,386.09,84.92,229.55,1,-1,-1,-1
156,18,192.46,300.27,189.10,572.15,1,-1,-1,-1
156,19,670.20,403.70,91.50,230.50,1,-1,-1,-1
157,1,781.21,266.84,206.09,622.53,1,-1,-1,-1
157,9,1147.87,307.74,195.66,502.72,1,-1,-1,-1
157,15,959.74,335.69,104.47,349.88,1,-1,-1,-1
157,17,1049.48,387.14,85.38,228.98,1,-1,-1,-1
157,18,182.82,297.43,191.16,578.22,1,-1,-1,-1
157,19,668.51,405.99,90.92,230.66,1,-1,-1,-1
158,1,778.28,265.67,208.71,623.95,1,-1,-1,-1
158,9,1148.15,308.67,195.73,503.55,1,-1,-1,-1
158,15,959.24,335.62,104.36,350.59,1,-1,-1,-1
158,17,1049.43,387.74,84.87,228.80,1,-1,-1,-1
158,18,171.17,293.96,194.47,585.24,1,-1,-1,-1
158,19,661.71,403.04,91.49,231.49,1,-1,-1,-1
158,20,1716.00,384.50,52.70,131.10,1,-1,-1,-1
159,1,776.18,264.76,210.19,625.08,1,-1,-1,-1
159,9,1147.94,308.59,195.38,504.66,1,-1,-1,-1
159,15,957.32,335.57,104.89,350.65,1,-1,-1,-1
159,17,1048.24,387.31,84.62,229.09,1,-1,-1,-1
159,18,157.88,291.49,198.59,592.33,1,-1,-1,-1
159,19,656.46,400.41,91.71,232.65,1,-1,-1,-1
159,20,1716.00,384.50,52.70,131.10,1,-1,-1,-1
160,1,775.16,264.04,210.04,626.04,1,-1,-1,-1
160,9,1146.86,307.86,194.92,506.07,1,-1,-1,-1
160,15,955.06,336.35,105.46,349.22,1,-1,-1,-1
160,17,1046.98,387.04,84.31,229.44,1,-1,-1,-1
160,18,144.66,289.09,201.78,600.37,1,-1,-1,-1
160,19,650.73,397.96,92.52,234.03,1,-1,-1,-1
160,20,1710.61,382.20,53.42,131.24,1,-1,-1,-1
161,1,774.60,264.32,209.37,625.77,1,-1,-1,-1
161,9,1144.99,307.40,194.08,507.43,1,-1,-1,-1
161,15,952.32,336.14,105.74,349.02,1,-1,-1,-1
161,17,1044.87,387.00,84.43,229.69,1,-1,-1,-1
161,18,131.18,286.01,204.74,610.82,1,-1,-1,-1
161,19,642.95,394.69,93.93,235.94,1,-1,-1,-1
161,20,1704.90,382.90,53.89,131.39,1,-1,-1,-1
162,1,771.46,265.55,211.10,625.66,1,-1,-1,-1
162,9,1140.62,309.28,194.74,507.63,1,-1,-1,-1
162,15,949.41,335.40,105.60,349.61,1,-1,-1,-1
162,17,1042.34,387.11,84.36,229.66,1,-1,-1,-1
162,18,116.07,286.32,208.36,618.92,1,-1,-1,-1
162,19,636.55,393.63,94.98,237.28,1,-1,-1,-1
162,20,1700.55,383.31,54.55,131.70,1,-1,-1,-1
163,1,768.25,266.00,213.07,625.81,1,-1,-1,-1
163,9,1135.36,308.96,195.54,508.70,1,-1,-1,-1
163,15,945.77,333.95,105.25,351.40,1,-1,-1,-1
163,17,1038.67,388.11,84.47,228.69,1,-1,-1,-1
163,18,102.25,284.19,211.00,628.79,1,-1,-1,-1
163,19,628.96,391.71,96.02,238.58,1,-1,-1,-1
163,20,1697.21,383.37,54.71,131.86,1,-1,-1,-1
164,1,766.53,266.98,212.93,625.04,1,-1,-1,-1
164,9,1130.53,308.63,195.94,509.48,1,-1,-1,-1
164,15,941.99,332.75,103.84,353.11,1,-1,-1,-1
164,17,1035.14,388.42,84.44,227.97,1,-1,-1,-1
164,18,86.52,281.44,214.43,640.70,1,-1,-1,-1
164,19,621.87,390.08,96.45,239.76,1,-1,-1,-1
164,20,1693.11,382.06,54.96,132.21,1,-1,-1,-1
164,21,711.90,365.50,85.70,274.00,1,-1,-1,-1
165,1,765.01,266.97,212.82,625.20,1,-1,-1,-1
165,9,1123.96,307.28,197.53,510.39,1,-1,-1,-1
165,15,938.88,332.91,101.40,352.60,1,-1,-1,-1
165,17,1030.66,388.16,84.83,227.95,1,-1,-1,-1
165,18,69.73,280.85,218.45,650.75,1,-1,-1,-1
165,19,613.88,390.52,97.52,240.17,1,-1,-1,-1
165,20,1689.32,380.12,55.29,133.06,1,-1,-1,-1
165,21,702.45,358.34,87.07,276.63,1,-1,-1,-1
166,1,764.05,265.53,212.38,625.93,1,-1,-1,-1
166,9,1118.27,304.69,198.65,511.07,1,-1,-1,-1
166,15,936.49,332.48,98.80,351.54,1,-1,-1,-1
166,17,1026.72,387.71,85.34,227.86,1,-1,-1,-1
166,18,52.09,281.01,223.62,660.08,1,-1,-1,-1
166,19,606.24,391.07,98.07,240.50,1,-1,-1,-1
166,20,1684.92,378.01,55.66,133.55,1,-1,-1,-1
166,21,692.84,359.68,89.28,278.10,1,-1,-1,-1
167,1,763.64,264.55,211.58,626.05,1,-1,-1,-1
167,9,1113.31,302.04,199.22,511.64,1,-1,-1,-1
167,15,935.77,332.52,98.80,351.54,1,-1,-1,-1
167,17,1022.91,386.90,85.69,227.68,1,-1,-1,-1
167,18,36.47,277.39,227.70,670.21,1,-1,-1,-1
167,19,600.31,391.37,98.06,241.18,1,-1,-1,-1
167,20,1680.54,376.26,55.84,134.12,1,-1,-1,-1
167,21,682.64,358.84,92.07,280.32,1,-1,-1,-1
168,1,763.86,263.06,210.16,625.21,1,-1,-1,-1
168,9,1108.50,299.25,199.67,512.42,1,-1,-1,-1
168,15,935.06,332.55,98.80,351.54,1,-1,-1,-1
168,17,1019.23,385.72,86.26,227.37,1,-1,-1,-1
168,18,21.72,272.95,231.27,683.63,1,-1,-1,-1
168,19,593.99,390.02,98.34,242.66,1,-1,-1,-1
168,20,1676.82,374.82,55.78,134.78,1,-1,-1,-1
168,21,677.75,359.32,94.08,281.04,1,-1,-1,-1
169,1,762.35,260.00,210.43,626.04,1,-1,-1,-1
169,9,1102.96,297.79,200.45,512.85,1,-1,-1,-1
169,15,934.34,332.58,98.80,351.54,1,-1,-1,-1
169,17,1015.49,384.24,86.35,227.48,1,-1,-1,-1
169,18,8.38,267.20,233.78,698.42,1,-1,-1,-1
169,19,587.82,389.48,98.58,243.61,1,-1,-1,-1
169,20,1673.67,373.22,55.80,134.62,1,-1,-1,-1
169,21,671.02,353.56,96.71,283.92,1,-1,-1,-1
170,1,761.85,256.79,209.40,625.23,1,-1,-1,-1
170,9,1097.84,296.26,201.40,513.47,1,-1,-1,-1
170,15,933.62,332.61,98.80,351.54,1,-1,-1,-1
170,17,1011.95,382.92,86.64,227.77,1,-1,-1,-1
170,18,-2.33,262.92,234.39,710.17,1,-1,-1,-1
170,19,581.11,389.44,99.29,245.07,1,-1,-1,-1
170,20,1671.07,371.78,55.88,134.59,1,-1,-1,-1
170,21,666.53,347.76,98.95,287.54,1,-1,-1,-1
171,1,762.96,253.88,208.00,625.61,1,-1,-1,-1
171,9,1093.73,294.60,201.89,514.45,1,-1,-1,-1
171,15,932.90,332.65,98.80,351.54,1,-1,-1,-1
171,17,1008.74,381.87,87.00,227.26,1,-1,-1,-1
171,18,-10.81,257.55,233.76,721.77,1,-1,-1,-1
171,19,574.79,389.41,99.98,246.33,1,-1,-1,-1
171,20,1669.17,370.44,55.99,134.52,1,-1,-1,-1
171,21,662.81,344.86,101.09,290.61,1,-1,-1,-1
172,1,763.65,251.70,206.38,625.45,1,-1,-1,-1
172,9,1090.49,292.51,201.96,515.71,1,-1,-1,-1
172,15,932.19,332.68,98.80,351.54,1,-1,-1,-1
172,17,1006.29,381.12,86.96,226.91,1,-1,-1,-1
172,18,-17.00,250.87,230.35,734.23,1,-1,-1,-1
172,19,568.55,388.45,100.99,247.73,1,-1,-1,-1
172,20,1665.62,369.28,55.99,134.52,1,-1,-1,-1
172,21,659.57,343.60,103.17,292.89,1,-1,-1,-1
173,1,763.34,250.06,205.88,625.59,1,-1,-1,-1
173,9,1087.90,293.09,202.13,515.34,1,-1,-1,-1
173,15,931.47,332.71,98.80,351.54,1,-1,-1,-1
173,17,1004.27,380.10,86.73,226.74,1,-1,-1,-1
173,18,-21.21,243.42,224.70,749.09,1,-1,-1,-1
173,19,563.26,388.00,101.43,249.54,1,-1,-1,-1
173,20,1662.07,368.12,55.99,134.52,1,-1,-1,-1
173,21,658.46,342.97,104.80,293.75,1,-1,-1,-1
174,1,763.41,249.76,205.52,625.26,1,-1,-1,-1
174,9,1085.44,291.46,202.70,516.10,1,-1,-1,-1
174,15,930.75,332.74,98.80,351.54,1,-1,-1,-1
174,17,1002.79,378.87,86.57,226.90,1,-1,-1,-1
174,18,-24.97,235.92,219.58,761.38,1,-1,-1,-1
174,19,557.72,385.48,101.83,252.31,1,-1,-1,-1
174,20,1658.52,366.96,55.99,134.52,1,-1,-1,-1
174,21,654.82,341.63,107.26,294.73,1,-1,-1,-1
175,1,764.60,249.31,204.14,624.78,1,-1,-1,-1
175,9,1083.59,292.94,203.24,515.92,1,-1,-1,-1
175,15,930.03,332.78,98.80,351.54,1,-1,-1,-1
175,17,1001.65,376.79,86.55,227.87,1,-1,-1,-1
175,18,-27.84,228.30,214.73,775.34,1,-1,-1,-1
175,19,552.64,385.26,102.25,254.15,1,-1,-1,-1
175,20,1654.98,365.80,55.99,134.52,1,-1,-1,-1
175,21,651.86,342.21,109.80,295.26,1,-1,-1,-1
176,1,765.59,250.66,203.86,623.90,1,-1,-1,-1
176,9,1082.84,294.74,203.85,515.95,1,-1,-1,-1
176,15,929.32,332.81,98.80,351.54,1,-1,-1,-1
176,17,1000.80,375.78,87.07,228.09,1,-1,-1,-1
176,18,-29.79,225.25,208.43,785.44,1,-1,-1,-1
176,19,548.24,384.14,103.14,257.29,1,-1,-1,-1
176,20,1651.43,364.65,55.99,134.52,1,-1,-1,-1
176,21,649.54,342.82,112.73,296.72,1,-1,-1,-1
177,1,766.20,252.58,203.87,623.15,1,-1,-1,-1
177,9,1084.41,293.04,203.05,517.42,1,-1,-1,-1
177,15,928.60,332.84,98.80,351.54,1,-1,-1,-1
177,17,1000.66,374.96,87.29,228.00,1,-1,-1,-1
177,18,-30.96,213.63,203.90,800.32,1,-1,-1,-1
177,19,544.82,383.05,103.55,259.94,1,-1,-1,-1
177,20,1647.88,363.49,55.99,134.52,1,-1,-1,-1
177,21,647.98,343.27,115.29,298.19,1,-1,-1,-1
178,1,767.40,254.75,203.61,622.81,1,-1,-1,-1
178,9,1085.87,291.29,203.44,518.95,1,-1,-1,-1
178,15,927.88,332.87,98.80,351.54,1,-1,-1,-1
178,17,1000.71,374.19,87.62,228.16,1,-1,-1,-1
178,18,-30.24,212.82,197.31,807.35,1,-1,-1,-1
178,19,541.81,381.32,103.79,262.85,1,-1,-1,-1
178,20,1644.33,362.33,55.99,134.52,1,-1,-1,-1
178,21,647.05,343.76,118.48,300.14,1,-1,-1,-1
179,1,769.37,255.93,202.60,621.40,1,-1,-1,-1
179,9,1087.06,289.93,204.03,520.09,1,-1,-1,-1
179,15,927.17,332.91,98.80,351.54,1,-1,-1,-1
179,17,1000.98,374.06,88.31,227.48,1,-1,-1,-1
179,18,-38.23,208.64,197.31,807.35,1,-1,-1,-1
179,19,539.56,381.05,103.98,265.20,1,-1,-1,-1
179,20,1640.79,361.17,55.99,134.52,1,-1,-1,-1
179,21,645.88,342.99,121.98,303.83,1,-1,-1,-1
180,1,770.46,256.69,203.34,622.41,1,-1,-1,-1
180,9,1089.35,288.37,204.25,520.77,1,-1,-1,-1
180,15,926.45,332.94,98.80,351.54,1,-1,-1,-1
180,17,1001.85,374.17,88.85,227.75,1,-1,-1,-1
180,18,-46.23,204.45,197.31,807.35,1,-1,-1,-1
180,19,538.28,381.08,104.15,267.41,1,-1,-1,-1
180,20,1637.24,360.01,55.99,134.52,1,-1,-1,-1
180,21,644.96,342.52,125.32,307.50,1,-1,-1,-1
181,1,773.31,258.27,202.52,622.11,1,-1,-1,-1
181,9,1091.88,288.22,204.99,521.27,1,-1,-1,-1
181,15,925.73,332.97,98.80,351.54,1,-1,-1,-1
181,17,1003.40,374.48,89.37,227.89,1,-1,-1,-1
181,18,-54.23,200.27,197.31,807.35,1,-1,-1,-1
181,19,537.85,382.05,103.99,269.05,1,-1,-1,-1
181,20,1633.69,358.85,55.99,134.52,1,-1,-1,-1
181,21,644.93,341.67,127.91,311.20,1,-1,-1,-1
182,1,775.04,258.52,201.95,619.60,1,-1,-1,-1
182,9,1096.06,287.22,205.11,522.06,1,-1,-1,-1
182,15,925.01,333.00,98.80,351.54,1,-1,-1,-1
182,17,1005.37,374.83,89.77,227.66,1,-1,-1,-1
182,18,-62.23,196.09,197.31,807.35,1,-1,-1,-1
182,19,537.91,382.79,104.22,270.93,1,-1,-1,-1
182,20,1630.14,357.69,55.99,134.52,1,-1,-1,-1
182,21,645.78,342.60,129.93,312.39,1,-1,-1,-1
183,1,775.95,258.21,202.81,618.87,1,-1,-1,-1
183,9,1102.22,286.61,204.11,522.20,1,-1,-1,-1
183,15,924.30,333.04,98.80,351.54,1,-1,-1,-1
183,17,1007.53,375.25,89.90,227.25,1,-1,-1,-1
183,18,-70.23,191.90,197.31,807.35,1,-1,-1,-1
183,19,538.05,383.75,104.84,272.67,1,-1,-1,-1
183,20,1626.59,356.53,55.99,134.52,1,-1,-1,-1
183,21,646.43,342.96,131.71,314.17,1,-1,-1,-1
184,1,778.31,260.23,203.14,617.20,1,-1,-1,-1
184,9,1107.24,285.98,204.85,522.13,1,-1,-1,-1
184,15,923.58,333.07,98.80,351.54,1,-1,-1,-1
184,17,1010.38,375.29,89.94,227.20,1,-1,-1,-1
184,18,-78.22,187.72,197.31,807.35,1,-1,-1,-1
184,19,538.50,385.08,105.61,274.23,1,-1,-1,-1
184,20,1623.05,355.37,55.99,134.52,1,-1,-1,-1
184,21,647.85,342.60,133.12,315.59,1,-1,-1,-1
185,1,781.54,257.26,202.99,618.36,1,-1,-1,-1
185,9,1112.50,284.00,204.85,524.55,1,-1,-1,-1
185,15,922.86,333.10,98.80,351.54,1,-1,-1,-1
185,17,1013.13,375.44,90.16,226.75,1,-1,-1,-1
185,18,-86.22,183.53,197.31,807.35,1,-1,-1,-1
185,19,538.96,386.33,106.44,275.41,1,-1,-1,-1
185,20,1619.50,354.21,55.99,134.52,1,-1,-1,-1
185,21,649.87,340.64,134.21,319.15,1,-1,-1,-1
186,1,784.81,257.59,202.65,618.60,1,-1,-1,-1
186,9,1117.71,282.73,205.16,525.68,1,-1,-1,-1
186,15,922.15,333.13,98.80,351.54,1,-1,-1,-1
186,17,1015.90,375.21,90.24,226.67,1,-1,-1,-1
186,18,-94.22,179.35,197.31,807.35,1,-1,-1,-1
186,19,539.53,386.77,107.99,277.11,1,-1,-1,-1
186,20,1615.95,353.05,55.99,134.52,1,-1,-1,-1
186,21,651.98,338.48,135.21,322.80,1,-1,-1,-1
187,1,787.15,257.24,202.63,616.53,1,-1,-1,-1
187,9,1123.38,280.68,204.98,526.20,1,-1,-1,-1
187,15,921.43,333.17,98.80,351.54,1,-1,-1,-1
187,17,1019.03,375.35,90.30,226.39,1,-1,-1,-1
187,18,-102.22,175.17,197.31,807.35,1,-1,-1,-1
187,19,540.73,386.06,108.84,280.31,1,-1,-1,-1
187,20,1612.40,351.89,55.99,134.52,1,-1,-1,-1
187,21,652.52,337.98,136.91,326.38,1,-1,-1,-1
188,1,789.17,256.84,203.28,614.62,1,-1,-1,-1
188,9,1128.58,282.00,204.92,525.91,1,-1,-1,-1
188,15,920.71,333.20,98.80,351.54,1,-1,-1,-1
188,17,1021.76,375.41,90.67,226.37,1,-1,-1,-1
188,18,-110.21,170.98,197.31,807.35,1,-1,-1,-1
188,19,541.59,385.34,109.86,281.81,1,-1,-1,-1
188,20,1608.85,350.73,55.99,134.52,1,-1,-1,-1
188,21,653.31,335.38,138.43,330.08,1,-1,-1,-1
189,1,791.44,256.46,203.76,612.48,1,-1,-1,-1
189,9,1133.13,283.23,204.72,525.77,1,-1,-1,-1
189,15,919.99,333.23,98.80,351.54,1,-1,-1,-1
189,17,1024.24,375.38,91.01,226.43,1,-1,-1,-1
189,18,-118.21,166.80,197.31,807.35,1,-1,-1,-1
189,19,541.30,383.64,111.89,285.60,1,-1,-1,-1
189,20,1605.31,349.57,55.99,134.52,1,-1,-1,-1
189,21,653.21,332.63,140.12,333.71,1,-1,-1,-1
190,1,794.27,256.19,203.38,610.58,1,-1,-1,-1
190,9,1137.05,284.07,204.59,526.03,1,-1,-1,-1
190,15,919.28,333.26,98.80,351.54,1,-1,-1,-1
190,17,1026.21,375.20,91.24,226.41,1,-1,-1,-1
190,18,-126.21,162.61,197.31,807.35,1,-1,-1,-1
190,19,541.42,381.31,113.36,288.58,1,-1,-1,-1
190,20,1601.76,348.41,55.99,134.52,1,-1,-1,-1
190,21,652.29,329.42,141.87,338.19,1,-1,-1,-1
191,1,796.15,255.33,203.73,610.24,1,-1,-1,-1
191,9,1141.60,284.49,204.46,527.22,1,-1,-1,-1
191,15,918.56,333.30,98.80,351.54,1,-1,-1,-1
191,17,1027.97,375.29,91.40,226.36,1,-1,-1,-1
191,18,-134.21,158.43,197.31,807.35,1,-1,-1,-1
191,19,540.14,379.63,115.27,291.83,1,-1,-1,-1
191,20,1598.21,347.26,55.99,134.52,1,-1,-1,-1
191,21,651.56,328.36,143.06,342.00,1,-1,-1,-1
192,1,797.74,255.63,204.33,610.33,1,-1,-1,-1
192,9,1145.34,285.54,204.43,528.43,1,-1,-1,-1
192,17,1029.28,375.72,91.75,226.64,1,-1,-1,-1
192,18,-142.20,154.25,197.31,807.35,1,-1,-1,-1
192,19,538.19,379.10,117.58,294.56,1,-1,-1,-1
192,20,1594.66,346.10,55.99,134.52,1,-1,-1,-1
192,21,651.68,328.19,143.63,344.12,1,-1,-1,-1
193,1,798.54,257.19,205.47,609.35,1,-1,-1,-1
193,9,1148.12,287.10,204.14,529.39,1,-1,-1,-1
193,17,1030.40,376.44,91.72,226.50,1,-1,-1,-1
193,18,-150.20,150.06,197.31,807.35,1,-1,-1,-1
193,19,534.52,378.10,121.01,298.32,1,-1,-1,-1
193,20,1591.12,344.94,55.99,134.52,1,-1,-1,-1
193,21,651.40,325.80,144.22,348.80,1,-1,-1,-1
194,1,798.87,259.53,206.29,608.24,1,-1,-1,-1
194,9,1149.47,286.45,203.73,531.34,1,-1,-1,-1
194,17,1030.90,377.47,91.73,226.90,1,-1,-1,-1
194,18,-158.20,145.88,197.31,807.35,1,-1,-1,-1
194,19,530.47,377.45,124.30,302.09,1,-1,-1,-1
194,20,1587.57,343.78,55.99,134.52,1,-1,-1,-1
194,21,648.01,324.29,146.65,353.08,1,-1,-1,-1
195,1,798.76,262.11,207.24,607.64,1,-1,-1,-1
195,9,1150.26,287.73,202.21,531.85,1,-1,-1,-1
195,17,1030.32,378.51,92.09,227.69,1,-1,-1,-1
195,18,-166.20,141.69,197.31,807.35,1,-1,-1,-1
195,19,525.53,378.71,126.98,304.13,1,-1,-1,-1
195,20,1584.02,342.62,55.99,134.52,1,-1,-1,-1
195,21,645.38,324.98,148.39,356.55,1,-1,-1,-1
196,1,799.73,265.11,206.91,607.63,1,-1,-1,-1
196,9,1150.18,288.95,200.90,532.23,1,-1,-1,-1
196,17,1029.63,379.71,91.99,227.91,1,-1,-1,-1
196,18,-174.20,137.51,197.31,807.35,1,-1,-1,-1
196,19,520.62,379.90,128.67,306.57,1,-1,-1,-1
196,20,1580.47,341.46,55.99,134.52,1,-1,-1,-1
196,21,640.95,326.82,150.73,358.93,1,-1,-1,-1
197,1,799.84,266.97,207.03,608.26,1,-1,-1,-1
197,9,1148.66,290.48,200.31,532.31,1,-1,-1,-1
197,17,1028.29,380.71,91.71,228.21,1,-1,-1,-1
197,18,-182.19,133.33,197.31,807.35,1,-1,-1,-1
197,19,513.85,378.71,130.52,310.51,1,-1,-1,-1
197,21,636.37,328.19,152.34,360.81,1,-1,-1,-1
198,1,799.91,269.09,207.44,606.69,1,-1,-1,-1
198,9,1146.24,290.63,200.45,533.59,1,-1,-1,-1
198,17,1025.99,382.43,91.41,228.00,1,-1,-1,-1
198,18,-190.19,129.14,197.31,807.35,1,-1,-1,-1
198,19,506.29,380.56,132.95,312.99,1,-1,-1,-1
198,21,631.13,329.26,153.73,363.93,1,-1,-1,-1
199,1,799.33,271.70,207.56,604.33,1,-1,-1,-1
199,9,1143.32,291.50,200.25,534.79,1,-1,-1,-1
199,17,1023.37,384.41,91.54,227.92,1,-1,-1,-1
199,18,-198.19,124.96,197.31,807.35,1,-1,-1,-1
199,19,497.98,380.78,135.07,316.10,1,-1,-1,-1
199,21,625.12,330.98,155.18,367.01,1,-1,-1,-1
200,1,799.50,274.45,206.84,602.82,1,-1,-1,-1
200,9,1138.86,294.20,200.94,535.45,1,-1,-1,-1
200,17,1020.31,386.55,91.39,227.87,1,-1,-1,-1
200,18,-206.19,120.77,197.31,807.35,1,-1,-1,-1
200,19,489.15,382.72,136.89,318.96,1,-1,-1,-1
200,21,618.24,331.81,156.96,371.46,1,-1,-1,-1
201,1,799.13,276.62,206.28,602.41,1,-1,-1,-1
201,9,1133.78,296.81,201.29,536.41,1,-1,-1,-1
201,17,1017.26,389.32,91.30,227.53,1,-1,-1,-1
201,18,-214.18,116.59,197.31,807.35,1,-1,-1,-1
201,19,480.41,384.94,138.28,321.39,1,-1,-1,-1
201,21,610.29,333.20,158.51,375.35,1,-1,-1,-1
202,1,799.31,278.18,204.96,602.20,1,-1,-1,-1
202,9,1128.66,298.60,200.76,536.56,1,-1,-1,-1
202,17,1014.06,392.58,91.38,227.18,1,-1,-1,-1
202,18,-222.18,112.41,197.31,807.35,1,-1,-1,-1
202,19,470.80,386.37,140.10,324.61,1,-1,-1,-1
202,21,602.10,334.27,160.35,379.06,1,-1,-1,-1
203,1,799.80,279.31,202.72,602.41,1,-1,-1,-1
203,9,1122.43,300.49,201.57,537.03,1,-1,-1,-1
203,17,1010.95,395.31,91.54,227.20,1,-1,-1,-1
203,18,-230.18,108.22,197.31,807.35,1,-1,-1,-1
203,19,460.82,388.85,140.91,326.38,1,-1,-1,-1
203,21,592.98,335.78,161.54,382.17,1,-1,-1,-1
204,1,799.76,281.12,200.93,602.45,1,-1,-1,-1
204,9,1117.26,301.93,202.18,537.45,1,-1,-1,-1
204,17,1008.26,398.00,91.52,227.04,1,-1,-1,-1
204,19,451.57,389.88,141.72,330.02,1,-1,-1,-1
204,21,584.30,336.40,162.43,385.62,1,-1,-1,-1
205,1,799.62,283.11,199.44,602.20,1,-1,-1,-1
205,9,1112.29,304.09,202.88,537.06,1,-1,-1,-1
205,17,1005.97,400.32,91.36,226.68,1,-1,-1,-1
205,19,442.32,390.91,142.06,333.51,1,-1,-1,-1
205,21,575.42,334.84,164.08,390.23,1,-1,-1,-1
206,1,800.36,285.41,197.83,601.80,1,-1,-1,-1
206,9,1107.39,306.22,203.82,537.39,1,-1,-1,-1
206,17,1004.00,402.39,91.19,226.30,1,-1,-1,-1
206,19,433.24,390.53,142.14,337.40,1,-1,-1,-1
206,21,566.69,333.72,166.04,394.80,1,-1,-1,-1
207,1,799.48,287.13,197.03,601.95,1,-1,-1,-1
207,9,1103.23,307.94,204.75,538.00,1,-1,-1,-1
207,17,1002.53,403.78,90.83,226.52,1,-1,-1,-1
207,19,424.13,390.50,142.24,341.39,1,-1,-1,-1
207,21,558.32,332.64,168.37,399.29,1,-1,-1,-1
208,1,800.49,289.23,195.16,601.67,1,-1,-1,-1
208,9,1099.17,309.15,206.55,538.78,1,-1,-1,-1
208,17,1000.95,404.48,90.72,226.27,1,-1,-1,-1
208,19,415.36,389.76,142.30,345.15,1,-1,-1,-1
208,21,549.70,331.61,170.94,403.26,1,-1,-1,-1
208,22,752.70,406.90,89.90,235.10,1,-1,-1,-1
209,1,800.44,291.66,194.19,601.48,1,-1,-1,-1
209,9,1095.65,310.98,208.36,538.97,1,-1,-1,-1
209,17,999.56,404.77,90.53,226.05,1,-1,-1,-1
209,19,406.58,388.75,142.80,349.04,1,-1,-1,-1
209,21,541.42,330.35,173.73,407.57,1,-1,-1,-1
209,22,749.52,404.51,89.95,235.37,1,-1,-1,-1
210,1,800.20,293.60,193.40,600.54,1,-1,-1,-1
210,9,1092.92,313.23,209.77,538.57,1,-1,-1,-1
210,17,998.10,405.13,90.51,225.85,1,-1,-1,-1
210,19,398.47,388.15,143.47,352.73,1,-1,-1,-1
210,21,532.32,328.57,177.52,412.51,1,-1,-1,-1
210,22,743.64,403.72,90.76,236.89,1,-1,-1,-1
211,1,799.72,295.04,192.45,599.17,1,-1,-1,-1
211,9,1091.82,312.97,210.86,539.94,1,-1,-1,-1
211,17,997.01,405.56,90.46,225.85,1,-1,-1,-1
211,19,391.29,387.05,144.08,356.17,1,-1,-1,-1
211,21,522.91,328.01,181.70,417.45,1,-1,-1,-1
211,22,742.32,402.85,90.60,238.31,1,-1,-1,-1
212,1,797.82,294.41,192.63,600.53,1,-1,-1,-1
212,9,1090.96,312.91,211.55,541.12,1,-1,-1,-1
212,17,995.78,405.76,90.28,225.94,1,-1,-1,-1
212,19,383.15,385.74,144.98,361.46,1,-1,-1,-1
212,21,515.62,327.46,184.97,422.44,1,-1,-1,-1
212,22,738.91,401.55,90.60,238.31,1,-1,-1,-1
213,1,794.95,293.26,193.16,603.17,1,-1,-1,-1
213,9,1089.79,315.40,212.90,542.12,1,-1,-1,-1
213,17,995.35,405.83,89.74,226.41,1,-1,-1,-1
213,19,373.52,385.28,147.42,366.01,1,-1,-1,-1
213,21,507.51,327.89,188.01,426.40,1,-1,-1,-1
213,22,735.50,400.24,90.60,238.31,1,-1,-1,-1
214,1,792.29,293.00,194.12,605.69,1,-1,-1,-1
214,9,1088.78,317.87,214.34,542.23,1,-1,-1,-1
214,17,995.16,406.53,89.30,226.47,1,-1,-1,-1
214,19,364.87,386.55,149.24,370.31,1,-1,-1,-1
214,21,500.46,329.13,190.50,429.10,1,-1,-1,-1
214,22,732.08,398.93,90.60,238.31,1,-1,-1,-1
215,1,789.20,293.09,195.41,606.21,1,-1,-1,-1
215,9,1089.19,320.16,215.13,542.40,1,-1,-1,-1
215,17,995.55,407.54,88.70,226.33,1,-1,-1,-1
215,19,358.17,386.42,150.18,375.80,1,-1,-1,-1
215,21,494.35,330.01,192.78,431.92,1,-1,-1,-1
215,22,728.67,397.63,90.60,238.31,1,-1,-1,-1
216,1,786.35,292.52,196.49,606.92,1,-1,-1,-1
216,9,1091.15,321.85,215.08,543.48,1,-1,-1,-1
216,17,995.53,408.60,88.87,226.18,1,-1,-1,-1
216,19,351.04,387.12,152.13,380.58,1,-1,-1,-1
216,21,489.04,329.44,194.89,437.03,1,-1,-1,-1
216,22,725.25,396.32,90.60,238.31,1,-1,-1,-1
217,1,784.50,291.60,197.41,607.92,1,-1,-1,-1
217,9,1094.25,322.91,215.23,544.67,1,-1,-1,-1
217,17,996.10,409.65,88.86,226.20,1,-1,-1,-1
217,19,347.14,387.52,152.51,385.58,1,-1,-1,-1
217,21,484.33,329.23,197.49,441.87,1,-1,-1,-1
217,22,721.84,395.02,90.60,238.31,1,-1,-1,-1
218,1,783.34,290.38,198.37,609.17,1,-1,-1,-1
218,9,1098.95,320.99,214.94,546.56,1,-1,-1,-1
218,17,997.35,410.27,88.69,225.78,1,-1,-1,-1
218,19,343.93,387.86,153.20,390.25,1,-1,-1,-1
218,21,481.65,327.22,198.58,448.86,1,-1,-1,-1
218,22,718.42,393.71,90.60,238.31,1,-1,-1,-1
219,1,783.87,290.78,198.93,608.04,1,-1,-1,-1
219,9,1104.34,319.28,214.75,548.49,1,-1,-1,-1
219,17,999.17,411.60,88.32,224.99,1,-1,-1,-1
219,19,341.42,387.75,153.79,395.37,1,-1,-1,-1
219,21,479.41,324.87,199.65,455.75,1,-1,-1,-1
219,22,715.01,392.41,90.60,238.31,1,-1,-1,-1
220,1,786.19,289.40,199.39,608.48,1,-1,-1,-1
220,9,1110.35,318.68,213.87,548.73,1,-1,-1,-1
220,17,1001.41,412.40,87.94,224.74,1,-1,-1,-1
220,19,337.08,388.70,156.65,399.30,1,-1,-1,-1
220,21,478.03,324.39,200.58,461.02,1,-1,-1,-1
220,22,711.60,391.10,90.60,238.31,1,-1,-1,-1
221,1,788.71,291.26,199.51,606.56,1,-1,-1,-1
221,9,1116.76,318.27,213.31,548.75,1,-1,-1,-1
221,17,1003.98,413.37,87.80,224.23,1,-1,-1,-1
221,19,333.55,389.33,159.38,403.02,1,-1,-1,-1
221,21,477.23,324.61,201.23,464.91,1,-1,-1,-1
221,22,708.18,389.79,90.60,238.31,1,-1,-1,-1
222,1,791.46,292.51,200.49,606.87,1,-1,-1,-1
222,9,1123.99,317.77,212.03,549.31,1,-1,-1,-1
222,17,1007.35,414.52,87.30,223.90,1,-1,-1,-1
222,19,331.59,389.84,161.81,405.44,1,-1,-1,-1
222,21,476.09,324.27,201.81,468.43,1,-1,-1,-1
222,22,754.20,402.78,89.56,247.63,1,-1,-1,-1
223,1,795.05,294.86,200.90,605.54,1,-1,-1,-1
223,9,1130.96,316.43,212.01,550.90,1,-1,-1,-1
223,17,1011.38,415.56,86.77,223.93,1,-1,-1,-1
223,19,329.90,389.42,164.09,408.94,1,-1,-1,-1
223,21,475.62,319.26,201.88,475.16,1,-1,-1,-1
223,22,755.08,403.26,89.70,252.19,1,-1,-1,-1
224,1,799.77,296.14,200.60,604.40,1,-1,-1,-1
224,9,1138.46,315.02,210.26,553.43,1,-1,-1,-1
224,17,1014.98,416.10,86.80,224.49,1,-1,-1,-1
224,19,328.00,387.42,165.49,413.95,1,-1,-1,-1
224,21,475.02,315.35,203.07,481.82,1,-1,-1,-1
224,22,752.13,398.68,92.32,258.71,1,-1,-1,-1
225,1,804.92,298.90,200.44,601.11,1,-1,-1,-1
225,9,1145.90,313.97,208.47,555.29,1,-1,-1,-1
225,17,1018.92,416.37,86.57,224.89,1,-1,-1,-1
225,19,325.40,385.25,167.44,417.91,1,-1,-1,-1
225,21,475.04,311.14,204.04,489.06,1,-1,-1,-1
225,22,751.15,396.48,94.80,263.38,1,-1,-1,-1
226,1,810.45,300.31,200.30,599.25,1,-1,-1,-1
226,9,1151.96,315.76,208.49,555.71,1,-1,-1,-1
226,17,1022.94,416.08,86.11,225.20,1,-1,-1,-1
226,19,321.71,382.23,170.00,423.01,1,-1,-1,-1
226,21,474.21,308.13,205.59,494.97,1,-1,-1,-1
226,22,749.97,395.75,97.64,267.21,1,-1,-1,-1
227,1,815.78,301.14,200.21,598.35,1,-1,-1,-1
227,9,1158.12,317.04,207.69,556.66,1,-1,-1,-1
227,17,1026.54,416.01,86.16,225.89,1,-1,-1,-1
227,19,318.22,378.14,171.80,429.44,1,-1,-1,-1
227,21,474.03,303.92,206.34,502.12,1,-1,-1,-1
227,22,748.88,395.36,100.16,270.48,1,-1,-1,-1
228,1,820.60,301.13,200.43,598.14,1,-1,-1,-1
228,9,1163.12,318.94,207.44,557.32,1,-1,-1,-1
228,17,1029.80,416.24,86.05,225.81,1,-1,-1,-1
228,19,314.42,375.15,172.97,436.06,1,-1,-1,-1
228,21,471.22,301.57,208.52,507.17,1,-1,-1,-1
228,22,747.33,394.91,102.44,273.75,1,-1,-1,-1
228,23,1628.50,945.20,27.80,62.50,1,-1,-1,-1
229,1,825.90,301.09,200.17,598.24,1,-1,-1,-1
229,9,1168.59,317.60,205.51,559.07,1,-1,-1,-1
229,17,1032.58,416.47,86.15,225.77,1,-1,-1,-1
229,19,310.09,372.71,173.74,442.80,1,-1,-1,-1
229,21,468.31,301.36,210.48,511.82,1,-1,-1,-1
229,22,745.53,394.66,104.92,277.16,1,-1,-1,-1
229,23,1631.58,946.99,27.84,62.09,1,-1,-1,-1
230,1,830.93,301.23,199.85,597.45,1,-1,-1,-1
230,9,1172.20,319.67,205.71,559.93,1,-1,-1,-1
230,17,1035.79,417.35,85.73,225.14,1,-1,-1,-1
230,19,304.08,371.90,174.98,448.10,1,-1,-1,-1
230,21,464.58,298.18,212.44,518.82,1,-1,-1,-1
230,22,743.31,395.70,107.27,279.59,1,-1,-1,-1
230,23,1632.59,947.58,28.01,62.79,1,-1,-1,-1
231,1,836.14,302.21,199.37,595.38,1,-1,-1,-1
231,9,1174.95,321.32,205.73,561.19,1,-1,-1,-1
231,17,1038.02,417.70,85.70,225.36,1,-1,-1,-1
231,19,297.18,371.98,175.75,453.33,1,-1,-1,-1
231,21,459.69,294.59,215.41,526.48,1,-1,-1,-1
231,22,740.23,394.91,109.55,283.90,1,-1,-1,-1
231,23,1632.88,951.82,28.18,63.78,1,-1,-1,-1
232,1,840.98,301.87,197.99,596.76,1,-1,-1,-1
232,9,1177.01,322.68,205.48,562.71,1,-1,-1,-1
232,17,1039.50,418.31,85.56,225.22,1,-1,-1,-1
232,19,289.23,372.27,177.25,458.76,1,-1,-1,-1
232,21,451.75,291.88,220.27,534.32,1,-1,-1,-1
232,22,736.74,393.84,111.61,288.21,1,-1,-1,-1
232,23,1630.20,955.22,28.17,64.06,1,-1,-1,-1
233,1,843.97,301.83,197.56,597.32,1,-1,-1,-1
233,9,1178.39,321.25,204.68,565.24,1,-1,-1,-1
233,17,1040.87,419.28,85.18,225.22,1,-1,-1,-1
233,19,280.07,372.76,178.41,463.95,1,-1,-1,-1
233,21,442.35,288.31,224.50,544.81,1,-1,-1,-1
233,22,733.81,394.06,113.12,290.55,1,-1,-1,-1
233,23,1628.39,959.11,28.06,64.18,1,-1,-1,-1
234,1,846.50,302.34,196.54,597.31,1,-1,-1,-1
234,9,1178.20,320.20,204.44,566.95,1,-1,-1,-1
234,17,1041.19,419.72,84.96,225.62,1,-1,-1,-1
234,19,268.36,371.46,180.81,471.15,1,-1,-1,-1
234,21,430.75,284.85,229.26,554.19,1,-1,-1,-1
234,22,730.02,393.06,114.27,293.60,1,-1,-1,-1
234,23,1626.38,960.91,27.91,64.85,1,-1,-1,-1
235,1,848.55,304.41,195.89,596.79,1,-1,-1,-1
235,9,1177.18,318.42,204.84,569.26,1,-1,-1,-1
235,17,1040.87,420.34,84.92,225.45,1,-1,-1,-1
235,19,256.26,369.53,182.23,479.00,1,-1,-1,-1
235,21,418.82,281.61,233.75,564.24,1,-1,-1,-1
235,22,725.87,393.08,115.22,295.48,1,-1,-1,-1
235,23,1624.37,962.57,27.84,65.51,1,-1,-1,-1
235,24,618.90,391.70,94.30,340.70,1,-1,-1,-1
236,1,850.41,307.07,194.69,594.09,1,-1,-1,-1
236,9,1175.19,318.76,205.66,568.95,1,-1,-1,-1
236,17,1040.42,421.07,84.75,225.98,1,-1,-1,-1
236,19,242.81,367.34,184.24,487.79,1,-1,-1,-1
236,21,406.59,278.87,238.42,573.03,1,-1,-1,-1
236,22,721.81,392.75,115.76,298.25,1,-1,-1,-1
236,23,1622.62,964.55,27.64,65.72,1,-1,-1,-1
236,24,604.87,401.95,97.42,335.36,1,-1,-1,-1
237,1,851.84,310.20,193.20,591.16,1,-1,-1,-1
237,9,1172.16,316.92,207.15,570.80,1,-1,-1,-1
237,17,1039.51,423.18,84.32,225.04,1,-1,-1,-1
237,19,227.63,364.45,187.90,495.21,1,-1,-1,-1
237,21,393.77,275.32,241.87,583.07,1,-1,-1,-1
237,22,717.60,392.27,116.19,300.75,1,-1,-1,-1
237,23,1620.30,965.66,27.68,66.31,1,-1,-1,-1
237,24,600.19,407.75,98.82,329.76,1,-1,-1,-1
238,1,852.71,313.30,192.11,589.39,1,-1,-1,-1
238,9,1169.45,317.75,207.80,570.63,1,-1,-1,-1
238,17,1037.98,425.38,83.75,224.16,1,-1,-1,-1
238,19,213.35,361.25,190.38,504.33,1,-1,-1,-1
238,21,380.07,271.25,244.92,593.11,1,-1,-1,-1
238,22,713.31,391.34,116.17,304.31,1,-1,-1,-1
238,23,1616.99,966.63,27.87,67.16,1,-1,-1,-1
238,24,596.77,410.00,98.93,326.60,1,-1,-1,-1
238,25,1598.60,964.30,26.70,65.20,1,-1,-1,-1
239,1,852.21,314.34,191.26,591.26,1,-1,-1,-1
239,9,1165.36,319.37,209.44,570.52,1,-1,-1,-1
239,17,1036.27,426.86,83.19,223.47,1,-1,-1,-1
239,19,197.74,359.97,193.02,512.01,1,-1,-1,-1
239,21,366.28,266.00,248.09,601.62,1,-1,-1,-1
239,22,708.72,390.32,116.20,307.78,1,-1,-1,-1
239,23,1613.59,967.90,28.05,67.68,1,-1,-1,-1
239,24,590.48,410.58,99.36,325.74,1,-1,-1,-1
239,25,1598.60,964.30,26.70,65.20,1,-1,-1,-1
240,1,850.17,317.02,191.08,589.45,1,-1,-1,-1
240,9,1161.15,320.10,210.84,571.93,1,-1,-1,-1
240,17,1033.73,428.30,82.53,223.47,1,-1,-1,-1
240,19,180.14,354.61,195.40,522.96,1,-1,-1,-1
240,21,350.07,261.96,252.37,612.31,1,-1,-1,-1
240,22,703.62,388.99,116.30,311.73,1,-1,-1,-1
240,23,1610.32,969.30,28.39,68.35,1,-1,-1,-1
240,24,581.86,410.18,100.25,324.41,1,-1,-1,-1
240,25,1598.60,964.30,26.70,65.20,1,-1,-1,-1
241,1,847.57,320.24,190.37,589.15,1,-1,-1,-1
241,9,1156.02,320.81,212.21,573.70,1,-1,-1,-1
241,17,1030.98,429.71,82.23,224.37,1,-1,-1,-1
241,19,162.73,350.43,197.28,532.41,1,-1,-1,-1
241,21,333.08,259.45,256.84,621.96,1,-1,-1,-1
241,22,698.20,388.33,116.95,314.52,1,-1,-1,-1
241,23,1606.86,970.75,28.50,69.32,1,-1,-1,-1
241,24,572.83,408.71,101.57,324.52,1,-1,-1,-1
241,25,1598.60,964.30,26.70,65.20,1,-1,-1,-1
242,1,844.84,322.63,189.20,587.17,1,-1,-1,-1
242,9,1150.63,322.01,213.64,574.37,1,-1,-1,-1
242,17,1027.98,431.19,81.35,224.73,1,-1,-1,-1
242,19,143.32,346.77,200.49,542.66,1,-1,-1,-1
242,21,313.33,255.37,263.80,633.49,1,-1,-1,-1
242,22,692.52,387.92,117.46,318.42,1,-1,-1,-1
242,23,1604.92,972.65,28.50,69.32,1,-1,-1,-1
242,24,563.82,406.00,102.68,326.39,1,-1,-1,-1
242,25,1598.00,972.50,27.29,67.10,1,-1,-1,-1
243,1,840.11,323.04,189.67,585.37,1,-1,-1,-1
243,9,1144.51,324.93,215.59,574.11,1,-1,-1,-1
243,17,1024.81,432.35,80.82,224.96,1,-1,-1,-1
243,19,123.54,343.39,204.35,553.13,1,-1,-1,-1
243,21,293.67,248.88,270.48,644.08,1,-1,-1,-1
243,22,685.96,388.13,118.22,321.91,1,-1,-1,-1
243,23,1602.98,974.54,28.50,69.32,1,-1,-1,-1
243,24,553.17,403.93,104.46,329.68,1,-1,-1,-1
243,25,1595.60,973.04,27.77,68.32,1,-1,-1,-1
244,1,834.57,321.11,189.87,588.85,1,-1,-1,-1
244,9,1138.60,325.38,216.46,576.48,1,-1,-1,-1
244,17,1021.36,434.02,80.30,224.73,1,-1,-1,-1
244,19,102.51,340.77,207.68,564.09,1,-1,-1,-1
244,21,274.90,242.50,276.27,660.82,1,-1,-1,-1
244,22,679.17,389.22,118.94,324.86,1,-1,-1,-1
244,23,1601.04,976.44,28.50,69.32,1,-1,-1,-1
244,24,542.53,403.72,106.72,330.70,1,-1,-1,-1
244,25,1592.49,973.30,27.88,69.03,1,-1,-1,-1
245,1,827.99,321.01,190.35,588.24,1,-1,-1,-1
245,9,1132.97,325.91,217.00,578.88,1,-1,-1,-1
245,17,1017.04,434.70,80.14,224.94,1,-1,-1,-1
245,19,81.53,339.15,211.23,573.88,1,-1,-1,-1
245,21,253.90,239.28,284.52,671.68,1,-1,-1,-1
245,22,671.89,390.37,120.14,327.07,1,-1,-1,-1
245,23,1601.61,976.75,28.02,69.86,1,-1,-1,-1
245,24,531.93,402.48,108.91,331.69,1,-1,-1,-1
245,25,1590.52,973.71,28.02,69.81,1,-1,-1,-1
246,1,820.60,321.20,191.30,587.89,1,-1,-1,-1
246,9,1127.16,326.79,217.65,579.15,1,-1,-1,-1
246,17,1012.87,434.64,79.94,224.47,1,-1,-1,-1
246,19,60.95,338.01,214.82,583.85,1,-1,-1,-1
246,21,232.09,236.75,292.96,684.05,1,-1,-1,-1
246,22,664.86,391.22,121.09,329.61,1,-1,-1,-1
246,23,1599.86,978.53,28.02,69.86,1,-1,-1,-1
246,24,521.36,401.14,110.54,334.42,1,-1,-1,-1
246,25,1587.51,974.02,28.08,69.98,1,-1,-1,-1
247,1,812.93,321.72,192.45,586.97,1,-1,-1,-1
247,9,1121.78,328.28,218.39,579.45,1,-1,-1,-1
247,17,1009.34,434.93,78.09,223.75,1,-1,-1,-1
247,19,40.51,337.30,217.16,593.30,1,-1,-1,-1
247,21,210.37,235.07,300.19,696.21,1,-1,-1,-1
247,22,657.84,392.59,121.71,332.60,1,-1,-1,-1
247,23,1598.11,980.30,28.02,69.86,1,-1,-1,-1
247,24,511.68,399.42,111.91,338.60,1,-1,-1,-1
247,25,1584.42,975.23,27.92,70.42,1,-1,-1,-1
248,1,804.62,323.45,194.02,585.75,1,-1,-1,-1
248,9,1116.64,330.42,219.07,579.37,1,-1,-1,-1
248,17,1005.18,435.50,76.59,224.05,1,-1,-1,-1
248,19,23.53,333.38,216.30,611.01,1,-1,-1,-1
248,21,187.72,232.61,308.01,709.71,1,-1,-1,-1
248,22,650.81,394.52,122.24,334.98,1,-1,-1,-1
248,23,1596.36,982.08,28.02,69.86,1,-1,-1,-1
248,24,503.22,398.83,113.63,342.75,1,-1,-1,-1
248,25,1580.92,977.08,28.06,70.57,1,-1,-1,-1
249,1,797.69,324.45,194.77,584.70,1,-1,-1,-1
249,9,1112.37,332.78,219.04,579.68,1,-1,-1,-1
249,17,1004.00,436.39,76.59,224.05,1,-1,-1,-1
249,19,11.10,333.52,213.11,622.78,1,-1,-1,-1
249,21,164.40,223.81,316.12,730.35,1,-1,-1,-1
249,22,643.60,395.59,122.81,338.12,1,-1,-1,-1
249,23,1594.62,983.85,28.02,69.86,1,-1,-1,-1
249,24,495.04,398.28,115.11,348.19,1,-1,-1,-1
249,25,1578.23,979.56,28.09,70.19,1,-1,-1,-1
250,1,791.63,324.57,195.12,584.28,1,-1,-1,-1
250,9,1109.03,334.96,218.60,580.08,1,-1,-1,-1
250,17,1002.82,437.28,76.59,224.05,1,-1,-1,-1
250,19,-0.70,331.28,207.55,639.52,1,-1,-1,-1
250,21,143.22,218.53,320.77,747.49,1,-1,-1,-1
250,22,636.28,396.73,123.60,340.06,1,-1,-1,-1
250,23,1592.87,985.62,28.02,69.86,1,-1,-1,-1
250,24,487.44,399.21,116.33,353.16,1,-1,-1,-1
250,25,1575.79,980.60,28.30,70.49,1,-1,-1,-1
251,1,786.60,325.63,195.42,584.44,1,-1,-1,-1
251,9,1105.59,335.28,218.37,584.11,1,-1,-1,-1
251,17,1001.65,438.18,76.59,224.05,1,-1,-1,-1
251,19,-13.80,329.50,207.55,639.52,1,-1,-1,-1
251,21,119.43,213.22,329.33,764.32,1,-1,-1,-1
251,22,629.48,397.76,124.74,342.01,1,-1,-1,-1
251,23,1591.12,987.40,28.02,69.86,1,-1,-1,-1
251,24,479.57,400.57,117.94,358.99,1,-1,-1,-1
251,25,1573.85,981.86,28.47,70.67,1,-1,-1,-1
252,1,782.19,327.69,195.89,584.25,1,-1,-1,-1
252,9,1103.31,338.86,218.78,584.72,1,-1,-1,-1
252,17,1000.47,439.07,76.59,224.05,1,-1,-1,-1
252,19,-26.90,327.72,207.55,639.52,1,-1,-1,-1
252,21,97.86,207.64,335.52,779.74,1,-1,-1,-1
252,22,623.07,397.39,125.77,346.60,1,-1,-1,-1
252,23,1589.38,989.17,28.02,69.86,1,-1,-1,-1
252,24,472.00,402.93,119.76,363.64,1,-1,-1,-1
252,25,1572.59,982.40,28.54,70.89,1,-1,-1,-1
253,1,778.93,329.29,196.45,585.48,1,-1,-1,-1
253,9,1101.52,341.50,219.20,585.76,1,-1,-1,-1
253,17,999.29,439.96,76.59,224.05,1,-1,-1,-1
253,19,-40.00,325.94,207.55,639.52,1,-1,-1,-1
253,21,78.39,202.96,339.10,793.21,1,-1,-1,-1
253,22,617.09,398.41,126.94,350.47,1,-1,-1,-1
253,23,1587.63,990.95,28.02,69.86,1,-1,-1,-1
253,24,465.11,404.66,121.89,368.45,1,-1,-1,-1
253,25,1572.19,983.56,28.60,70.94,1,-1,-1,-1
254,1,775.91,331.36,197.30,584.65,1,-1,-1,-1
254,9,1100.90,342.30,219.22,586.97,1,-1,-1,-1
254,17,985.61,430.75,78.88,245.86,1,-1,-1,-1
254,19,-53.11,324.16,207.55,639.52,1,-1,-1,-1
254,21,60.88,198.86,343.16,805.09,1,-1,-1,-1
254,22,610.82,398.78,129.01,354.89,1,-1,-1,-1
254,23,1585.88,992.72,28.02,69.86,1,-1,-1,-1
254,24,459.65,406.39,123.91,373.13,1,-1,-1,-1
254,25,1572.04,984.38,28.75,71.18,1,-1,-1,-1
255,1,773.83,334.20,198.63,584.81,1,-1,-1,-1
255,9,1102.36,342.53,219.31,587.65,1,-1,-1,-1
255,17,977.67,423.21,81.98,263.23,1,-1,-1,-1
255,19,-66.21,322.38,207.55,639.52,1,-1,-1,-1
255,21,41.85,190.82,348.08,818.57,1,-1,-1,-1
255,22,605.09,398.86,131.17,359.60,1,-1,-1,-1
255,23,1584.68,988.27,28.29,69.65,1,-1,-1,-1
255,24,455.26,407.64,125.62,377.52,1,-1,-1,-1
255,25,1569.21,984.45,28.27,70.38,1,-1,-1,-1
256,1,772.78,335.98,199.20,586.35,1,-1,-1,-1
256,9,1104.64,344.01,218.99,586.37,1,-1,-1,-1
256,17,975.42,423.06,81.98,263.23,1,-1,-1,-1
256,19,-79.31,320.60,207.55,639.52,1,-1,-1,-1
256,21,26.43,186.61,351.85,828.63,1,-1,-1,-1
256,22,600.17,399.12,133.26,364.51,1,-1,-1,-1
256,23,1584.24,988.84,28.02,68.80,1,-1,-1,-1
256,24,450.73,408.86,127.64,381.24,1,-1,-1,-1
256,25,1565.01,984.97,27.95,69.29,1,-1,-1,-1
257,1,773.79,339.32,199.53,585.75,1,-1,-1,-1
257,9,1107.60,344.89,218.40,585.51,1,-1,-1,-1
257,17,973.17,422.92,81.98,263.23,1,-1,-1,-1
257,19,-92.42,318.82,207.55,639.52,1,-1,-1,-1
257,21,10.52,183.64,355.78,837.09,1,-1,-1,-1
257,22,595.20,399.35,135.73,369.30,1,-1,-1,-1
257,23,1584.06,988.60,28.09,68.27,1,-1,-1,-1
257,24,446.48,410.15,130.33,385.17,1,-1,-1,-1
257,25,1563.75,985.23,26.94,67.69,1,-1,-1,-1
258,1,775.49,341.62,200.81,586.20,1,-1,-1,-1
258,9,1110.49,343.98,218.60,586.79,1,-1,-1,-1
258,17,970.92,422.78,81.98,263.23,1,-1,-1,-1
258,19,-105.52,317.04,207.55,639.52,1,-1,-1,-1
258,21,-4.01,181.02,360.11,844.63,1,-1,-1,-1
258,22,590.16,399.93,138.54,374.00,1,-1,-1,-1
258,23,1585.89,988.26,28.13,68.40,1,-1,-1,-1
258,24,442.92,410.79,132.79,389.44,1,-1,-1,-1
258,25,1560.76,985.05,26.36,66.25,1,-1,-1,-1
259,1,777.49,344.16,201.58,585.35,1,-1,-1,-1
259,9,1114.11,345.85,218.94,587.02,1,-1,-1,-1
259,17,973.72,422.62,87.83,281.28,1,-1,-1,-1
259,19,-118.62,315.26,207.55,639.52,1,-1,-1,-1
259,21,-15.62,176.70,361.53,852.70,1,-1,-1,-1
259,22,585.38,401.78,141.40,377.58,1,-1,-1,-1
259,23,1587.06,988.14,28.16,68.75,1,-1,-1,-1
259,24,439.16,411.24,134.70,393.55,1,-1,-1,-1
259,25,1558.77,985.98,26.36,66.25,1,-1,-1,-1
260,1,780.73,345.18,200.90,584.86,1,-1,-1,-1
260,9,1118.92,347.62,217.85,588.42,1,-1,-1,-1
260,17,975.95,422.63,91.45,293.81,1,-1,-1,-1
260,19,-131.72,313.48,207.55,639.52,1,-1,-1,-1
260,21,-24.72,175.56,361.67,858.14,1,-1,-1,-1
260,22,580.32,402.33,144.73,382.42,1,-1,-1,-1
260,23,1588.25,988.53,28.26,69.27,1,-1,-1,-1
260,24,435.48,410.80,136.29,397.95,1,-1,-1,-1
260,25,1556.79,986.90,26.36,66.25,1,-1,-1,-1
261,1,785.62,346.53,199.57,583.56,1,-1,-1,-1
261,9,1123.60,347.34,216.38,587.76,1,-1,-1,-1
261,17,976.82,421.74,95.76,303.71,1,-1,-1,-1
261,19,-144.83,311.70,207.55,639.52,1,-1,-1,-1
261,21,-31.70,166.36,360.16,868.49,1,-1,-1,-1
261,22,575.32,403.70,148.13,386.15,1,-1,-1,-1
261,23,1589.46,988.17,28.28,69.86,1,-1,-1,-1
261,24,430.98,410.19,138.44,403.12,1,-1,-1,-1
261,25,1554.80,987.83,26.36,66.25,1,-1,-1,-1
262,1,789.49,346.17,198.40,581.30,1,-1,-1,-1
262,9,1127.89,346.66,215.41,587.57,1,-1,-1,-1
262,17,978.34,421.74,99.60,310.34,1,-1,-1,-1
262,19,-157.93,309.92,207.55,639.52,1,-1,-1,-1
262,21,-36.66,159.29,356.09,877.09,1,-1,-1,-1
262,22,571.30,404.08,151.39,390.27,1,-1,-1,-1
262,23,1590.61,987.62,28.44,70.41,1,-1,-1,-1
262,24,426.70,409.00,139.89,408.78,1,-1,-1,-1
262,25,1552.82,988.76,26.36,66.25,1,-1,-1,-1
263,1,792.88,345.87,197.81,581.76,1,-1,-1,-1
263,9,1132.04,345.27,214.90,588.68,1,-1,-1,-1
263,17,979.66,419.87,103.27,316.52,1,-1,-1,-1
263,19,-171.03,308.13,207.55,639.52,1,-1,-1,-1
263,21,-39.49,150.57,348.23,886.48,1,-1,-1,-1
263,22,565.55,404.24,155.18,394.80,1,-1,-1,-1
263,23,1591.88,987.02,28.64,70.99,1,-1,-1,-1
263,24,422.12,406.41,141.21,415.23,1,-1,-1,-1
263,25,1550.83,989.69,26.36,66.25,1,-1,-1,-1
264,1,797.53,345.24,195.62,578.96,1,-1,-1,-1
264,9,1135.91,344.97,214.26,589.86,1,-1,-1,-1
264,17,982.51,419.36,105.53,320.33,1,-1,-1,-1
264,19,-184.14,306.35,207.55,639.52,1,-1,-1,-1
264,21,-42.09,142.94,338.06,894.91,1,-1,-1,-1
264,22,560.31,403.91,158.49,400.15,1,-1,-1,-1
264,23,1593.23,986.75,28.78,70.96,1,-1,-1,-1
264,24,416.93,403.11,143.25,421.86,1,-1,-1,-1
264,25,1548.85,990.62,26.36,66.25,1,-1,-1,-1
265,1,802.64,343.69,193.03,577.37,1,-1,-1,-1
265,9,1140.03,342.90,213.57,591.13,1,-1,-1,-1
265,17,985.14,416.77,107.94,325.43,1,-1,-1,-1
265,19,-197.24,304.57,207.55,639.52,1,-1,-1,-1
265,21,-43.62,136.70,328.54,902.19,1,-1,-1,-1
265,22,555.95,400.50,160.79,405.95,1,-1,-1,-1
265,23,1594.55,986.51,28.98,71.01,1,-1,-1,-1
265,24,411.90,399.09,144.95,428.33,1,-1,-1,-1
265,25,1546.86,991.55,26.36,66.25,1,-1,-1,-1
266,1,806.97,342.07,192.01,577.19,1,-1,-1,-1
266,9,1143.78,340.94,213.18,591.60,1,-1,-1,-1
266,17,988.17,414.95,109.58,329.59,1,-1,-1,-1
266,19,-210.34,302.79,207.55,639.52,1,-1,-1,-1
266,21,-44.29,122.98,316.57,914.29,1,-1,-1,-1
266,22,549.45,396.02,164.25,412.55,1,-1,-1,-1
266,23,1595.84,986.21,29.13,70.80,1,-1,-1,-1
266,24,406.57,396.70,147.08,433.27,1,-1,-1,-1
266,25,1544.88,992.47,26.36,66.25,1,-1,-1,-1
266,26,791.30,446.80,62.00,206.80,1,-1,-1,-1
267,1,811.13,340.60,190.06,576.49,1,-1,-1,-1
267,9,1147.44,338.59,212.60,592.36,1,-1,-1,-1
267,17,990.52,411.36,112.38,335.27,1,-1,-1,-1
267,19,-223.44,301.01,207.55,639.52,1,-1,-1,-1
267,21,-55.37,117.53,316.57,914.29,1,-1,-1,-1
267,22,545.10,389.77,166.45,418.64,1,-1,-1,-1
267,23,1597.31,985.86,29.17,70.75,1,-1,-1,-1
267,24,401.07,392.91,148.66,439.94,1,-1,-1,-1
267,25,1542.89,993.40,26.36,66.25,1,-1,-1,-1
267,26,786.13,444.11,64.43,208.40,1,-1,-1,-1
268,1,815.34,338.11,188.10,576.59,1,-1,-1,-1
268,9,1150.38,336.52,212.63,593.21,1,-1,-1,-1
268,17,992.43,408.08,115.38,340.52,1,-1,-1,-1
268,19,-236.55,299.23,207.55,639.52,1,-1,-1,-1
268,21,-66.45,112.08,316.57,914.29,1,-1,-1,-1
268,22,538.80,384.45,169.52,425.03,1,-1,-1,-1
268,23,1598.56,985.42,29.21,70.73,1,-1,-1,-1
268,24,394.72,390.93,150.68,444.72,1,-1,-1,-1
268,25,1540.91,994.33,26.36,66.25,1,-1,-1,-1
268,26,785.03,442.94,66.26,209.42,1,-1,-1,-1
269,1,819.73,336.75,185.63,576.80,1,-1,-1,-1
269,9,1152.94,333.74,212.58,594.04,1,-1,-1,-1
269,17,994.01,404.69,118.47,345.44,1,-1,-1,-1
269,19,-249.65,297.45,207.55,639.52,1,-1,-1,-1
269,21,-77.53,106.63,316.57,914.29,1,-1,-1,-1
269,22,533.14,379.61,172.59,430.54,1,-1,-1,-1
269,23,1599.47,985.00,29.08,70.59,1,-1,-1,-1
269,24,386.59,388.07,153.65,449.18,1,-1,-1,-1
269,25,1538.92,995.26,26.36,66.25,1,-1,-1,-1
269,26,781.47,437.91,68.65,211.12,1,-1,-1,-1
270,1,822.91,333.76,183.79,578.24,1,-1,-1,-1
270,9,1154.56,329.99,213.31,596.21,1,-1,-1,-1
270,17,995.59,401.88,121.54,350.41,1,-1,-1,-1
270,19,-262.75,295.67,207.55,639.52,1,-1,-1,-1
270,21,-88.61,101.18,316.57,914.29,1,-1,-1,-1
270,22,526.65,375.17,176.01,435.57,1,-1,-1,-1
270,23,1598.98,984.61,29.17,70.35,1,-1,-1,-1
270,24,378.44,382.54,155.66,454.81,1,-1,-1,-1
270,25,1536.94,996.19,26.36,66.25,1,-1,-1,-1
270,26,778.72,434.00,70.81,212.47,1,-1,-1,-1
271,1,824.92,332.17,182.16,577.70,1,-1,-1,-1
271,9,1155.48,326.30,213.80,596.73,1,-1,-1,-1
271,17,996.27,399.24,124.94,355.64,1,-1,-1,-1
271,19,-275.86,293.89,207.55,639.52,1,-1,-1,-1
271,21,-99.69,95.73,316.57,914.29,1,-1,-1,-1
271,22,522.84,367.95,177.59,442.45,1,-1,-1,-1
271,23,1598.30,983.49,29.43,70.21,1,-1,-1,-1
271,24,369.54,377.52,158.37,460.19,1,-1,-1,-1
271,25,1534.95,997.11,26.36,66.25,1,-1,-1,-1
271,26,776.59,430.23,72.60,213.86,1,-1,-1,-1
272,1,825.87,329.00,181.33,578.32,1,-1,-1,-1
272,9,1155.89,322.53,213.86,597.45,1,-1,-1,-1
272,17,996.73,396.71,127.40,359.95,1,-1,-1,-1
272,19,-288.96,292.11,207.55,639.52,1,-1,-1,-1
272,21,-110.77,90.28,316.57,914.29,1,-1,-1,-1
272,22,518.62,361.11,178.77,448.65,1,-1,-1,-1
272,23,1597.08,981.26,29.54,70.29,1,-1,-1,-1
272,24,360.98,371.86,161.03,463.80,1,-1,-1,-1
272,25,1532.96,998.04,26.36,66.25,1,-1,-1,-1
272,26,774.01,426.79,73.81,215.16,1,-1,-1,-1
273,1,825.34,325.52,180.25,578.36,1,-1,-1,-1
273,9,1155.61,318.99,213.83,596.78,1,-1,-1,-1
273,17,997.55,392.93,129.13,364.65,1,-1,-1,-1
273,19,-302.06,290.33,207.55,639.52,1,-1,-1,-1
273,21,-121.85,84.83,316.57,914.29,1,-1,-1,-1
273,22,514.03,352.95,180.26,456.69,1,-1,-1,-1
273,23,1595.28,978.55,29.37,70.34,1,-1,-1,-1
273,24,352.12,363.50,162.40,471.40,1,-1,-1,-1
273,25,1530.98,998.97,26.36,66.25,1,-1,-1,-1
273,26,769.12,421.17,75.68,216.63,1,-1,-1,-1
274,1,822.00,320.40,180.87,579.62,1,-1,-1,-1
274,9,1154.16,315.09,214.26,597.23,1,-1,-1,-1
274,17,996.95,389.71,130.96,368.17,1,-1,-1,-1
274,19,-315.16,288.55,207.55,639.52,1,-1,-1,-1
274,21,-132.93,79.38,316.57,914.29,1,-1,-1,-1
274,22,509.27,343.92,182.64,464.48,1,-1,-1,-1
274,23,1592.53,975.02,29.11,70.59,1,-1,-1,-1
274,24,340.93,356.60,164.95,478.07,1,-1,-1,-1
274,25,1528.99,999.90,26.36,66.25,1,-1,-1,-1
274,26,764.47,417.23,76.63,217.62,1,-1,-1,-1
275,1,818.70,316.03,180.80,579.54,1,-1,-1,-1
275,9,1151.59,310.59,214.90,598.29,1,-1,-1,-1
275,17,995.74,385.65,132.75,371.92,1,-1,-1,-1
275,19,-328.27,286.77,207.55,639.52,1,-1,-1,-1
275,21,-144.01,73.93,316.57,914.29,1,-1,-1,-1
275,22,502.08,338.30,185.73,469.43,1,-1,-1,-1
275,23,1589.28,971.02,28.87,70.29,1,-1,-1,-1
275,24,330.09,348.43,166.57,485.57,1,-1,-1,-1
275,25,1527.01,1000.83,26.36,66.25,1,-1,-1,-1
275,26,760.53,413.20,76.81,218.31,1,-1,-1,-1
276,1,813.92,311.27,180.94,576.53,1,-1,-1,-1
276,9,1148.38,305.36,215.89,598.23,1,-1,-1,-1
276,17,994.06,383.18,134.37,373.94,1,-1,-1,-1
276,19,-341.37,284.99,207.55,639.52,1,-1,-1,-1
276,21,-155.08,68.48,316.57,914.29,1,-1,-1,-1
276,22,495.40,329.57,188.72,477.20,1,-1,-1,-1
276,23,1587.40,965.36,28.91,70.59,1,-1,-1,-1
276,24,316.95,339.40,169.38,493.51,1,-1,-1,-1
276,25,1525.02,1001.76,26.36,66.25,1,-1,-1,-1
276,26,757.07,409.38,76.81,218.31,1,-1,-1,-1
277,1,806.85,304.06,182.03,576.63,1,-1,-1,-1
277,9,1142.96,299.89,217.43,599.00,1,-1,-1,-1
277,17,992.42,379.65,135.38,376.42,1,-1,-1,-1
277,19,-354.47,283.21,207.55,639.52,1,-1,-1,-1
277,21,-166.16,63.03,316.57,914.29,1,-1,-1,-1
277,22,488.33,322.24,191.52,483.59,1,-1,-1,-1
277,23,1586.66,964.51,28.91,70.59,1,-1,-1,-1
277,24,303.43,330.58,172.87,500.52,1,-1,-1,-1
277,25,1523.04,1002.68,26.36,66.25,1,-1,-1,-1
277,26,753.62,405.56,76.81,218.31,1,-1,-1,-1
278,1,799.56,296.02,182.44,579.06,1,-1,-1,-1
278,9,1137.60,294.85,219.34,598.82,1,-1,-1,-1
278,17,991.16,373.97,136.58,380.02,1,-1,-1,-1
278,19,-367.57,281.43,207.55,639.52,1,-1,-1,-1
278,21,-177.24,57.58,316.57,914.29,1,-1,-1,-1
278,22,481.80,315.16,193.36,489.20,1,-1,-1,-1
278,23,1585.91,963.66,28.91,70.59,1,-1,-1,-1
278,24,291.29,318.07,174.31,510.35,1,-1,-1,-1
278,25,1521.05,1003.61,26.36,66.25,1,-1,-1,-1
278,26,750.16,401.74,76.81,218.31,1,-1,-1,-1
279,1,792.41,288.74,183.10,578.41,1,-1,-1,-1
279,9,1132.49,288.83,221.45,599.02,1,-1,-1,-1
279,17,988.97,366.56,137.68,383.84,1,-1,-1,-1
279,19,-380.68,279.65,207.55,639.52,1,-1,-1,-1
279,21,-188.32,52.13,316.57,914.29,1,-1,-1,-1
279,22,474.73,308.12,195.03,494.33,1,-1,-1,-1
279,23,1585.17,962.82,28.91,70.59,1,-1,-1,-1
279,24,278.82,305.98,176.05,520.17,1,-1,-1,-1
279,25,1519.07,1004.54,26.36,66.25,1,-1,-1,-1
279,26,746.71,397.92,76.81,218.31,1,-1,-1,-1
280,1,785.35,280.79,184.05,577.48,1,-1,-1,-1
280,9,1128.23,282.33,223.16,598.82,1,-1,-1,-1
280,17,986.11,357.43,139.45,388.32,1,-1,-1,-1
280,19,-393.78,277.87,207.55,639.52,1,-1,-1,-1
280,21,-199.40,46.68,316.57,914.29,1,-1,-1,-1
280,22,468.01,299.14,197.26,500.76,1,-1,-1,-1
280,23,1584.42,961.97,28.91,70.59,1,-1,-1,-1
280,24,265.62,295.06,179.64,529.74,1,-1,-1,-1
280,25,1517.08,1005.47,26.36,66.25,1,-1,-1,-1
280,26,743.25,394.10,76.81,218.31,1,-1,-1,-1
281,1,777.95,272.55,186.34,576.70,1,-1,-1,-1
281,9,1124.95,276.17,224.51,598.03,1,-1,-1,-1
281,17,983.83,348.39,140.95,392.23,1,-1,-1,-1
281,19,-406.88,276.09,207.55,639.52,1,-1,-1,-1
281,21,-210.48,41.23,316.57,914.29,1,-1,-1,-1
281,22,462.07,289.31,199.55,507.02,1,-1,-1,-1
281,23,1583.68,961.12,28.91,70.59,1,-1,-1,-1
281,24,253.11,285.70,182.92,537.76,1,-1,-1,-1
281,25,1515.10,1006.40,26.36,66.25,1,-1,-1,-1
281,26,739.80,390.28,76.81,218.31,1,-1,-1,-1
282,1,772.86,263.94,186.04,575.48,1,-1,-1,-1
282,9,1122.09,268.42,225.39,598.67,1,-1,-1,-1
282,17,982.05,338.12,142.37,396.70,1,-1,-1,-1
282,19,-419.99,274.31,207.55,639.52,1,-1,-1,-1
282,21,-221.56,35.78,316.57,914.29,1,-1,-1,-1
282,22,455.77,277.16,201.95,514.74,1,-1,-1,-1
282,23,1582.93,960.28,28.91,70.59,1,-1,-1,-1
282,24,240.85,276.18,185.64,544.75,1,-1,-1,-1
282,25,1513.11,1007.32,26.36,66.25,1,-1,-1,-1
282,26,736.34,386.46,76.81,218.31,1,-1,-1,-1
283,1,768.06,254.52,186.72,575.50,1,-1,-1,-1
283,9,1120.16,260.48,226.14,597.91,1,-1,-1,-1
283,17,980.34,327.49,144.72,401.46,1,-1,-1,-1
283,19,-433.09,272.53,207.55,639.52,1,-1,-1,-1
283,21,-232.64,30.33,316.57,914.29,1,-1,-1,-1
283,22,450.01,263.57,204.65,523.21,1,-1,-1,-1
283,23,1582.19,959.43,28.91,70.59,1,-1,-1,-1
283,24,229.53,263.00,188.58,553.92,1,-1,-1,-1
283,25,1511.13,1008.25,26.36,66.25,1,-1,-1,-1
283,26,732.89,382.64,76.81,218.31,1,-1,-1,-1
284,1,764.00,244.75,187.46,575.83,1,-1,-1,-1
284,9,1119.24,249.98,226.31,600.12,1,-1,-1,-1
284,17,979.44,315.68,146.82,407.50,1,-1,-1,-1
284,19,-446.19,270.75,207.55,639.52,1,-1,-1,-1
284,21,-243.72,24.87,316.57,914.29,1,-1,-1,-1
284,22,445.54,249.94,206.61,532.05,1,-1,-1,-1
284,23,1581.45,958.59,28.91,70.59,1,-1,-1,-1
284,24,217.08,250.33,192.70,563.99,1,-1,-1,-1
284,25,1509.14,1009.18,26.36,66.25,1,-1,-1,-1
284,26,729.43,378.82,76.81,218.31,1,-1,-1,-1
285,1,761.08,235.21,187.78,575.35,1,-1,-1,-1
285,9,1119.98,239.57,226.32,603.03,1,-1,-1,-1
285,17,979.66,303.70,148.38,413.76,1,-1,-1,-1
285,19,-459.29,268.97,207.55,639.52,1,-1,-1,-1
285,21,-254.80,19.42,316.57,914.29,1,-1,-1,-1
285,22,439.29,237.17,210.41,540.37,1,-1,-1,-1
285,23,1580.70,957.74,28.91,70.59,1,-1,-1,-1
285,24,205.53,237.35,196.34,575.45,1,-1,-1,-1
285,25,1507.15,1010.11,26.36,66.25,1,-1,-1,-1
285,26,725.98,375.00,76.81,218.31,1,-1,-1,-1
286,1,759.25,226.44,187.74,574.53,1,-1,-1,-1
286,9,1121.46,229.94,226.04,605.32,1,-1,-1,-1
286,17,980.66,292.06,150.51,420.30,1,-1,-1,-1
286,19,-472.40,267.19,207.55,639.52,1,-1,-1,-1
286,21,-265.88,13.97,316.57,914.29,1,-1,-1,-1
286,22,432.69,222.12,214.22,550.81,1,-1,-1,-1
286,23,1579.96,956.89,28.91,70.59,1,-1,-1,-1
286,24,193.01,226.45,200.60,584.48,1,-1,-1,-1
286,25,1505.17,1011.04,26.36,66.25,1,-1,-1,-1
286,26,722.52,371.18,76.81,218.31,1,-1,-1,-1
287,1,758.94,218.78,187.58,572.35,1,-1,-1,-1
287,9,1123.94,220.65,225.88,607.00,1,-1,-1,-1
287,17,981.97,280.98,153.20,426.76,1,-1,-1,-1
287,19,-485.50,265.41,207.55,639.52,1,-1,-1,-1
287,21,-276.96,8.52,316.57,914.29,1,-1,-1,-1
287,22,427.79,206.05,216.46,561.79,1,-1,-1,-1
287,23,1579.21,956.05,28.91,70.59,1,-1,-1,-1
287,24,181.06,212.87,204.14,594.48,1,-1,-1,-1
287,25,1503.18,1011.97,26.36,66.25,1,-1,-1,-1
287,26,719.06,367.36,76.81,218.31,1,-1,-1,-1
288,1,758.97,209.35,188.14,573.81,1,-1,-1,-1
288,9,1127.65,210.68,225.79,608.78,1,-1,-1,-1
288,17,984.32,270.43,155.26,432.53,1,-1,-1,-1
288,19,-498.60,263.63,207.55,639.52,1,-1,-1,-1
288,21,-288.04,3.07,316.57,914.29,1,-1,-1,-1
288,22,422.30,190.24,218.74,572.16,1,-1,-1,-1
288,23,1578.47,955.20,28.91,70.59,1,-1,-1,-1
288,24,167.49,201.98,209.16,603.30,1,-1,-1,-1
288,26,715.61,363.54,76.81,218.31,1,-1,-1,-1
289,1,759.52,201.64,189.65,574.57,1,-1,-1,-1
289,9,1131.42,201.41,226.29,612.53,1,-1,-1,-1
289,17,988.22,262.26,157.45,438.26,1,-1,-1,-1
289,19,-511.71,261.84,207.55,639.52,1,-1,-1,-1
289,21,-299.12,-2.38,316.57,914.29,1,-1,-1,-1
289,22,417.62,176.15,221.83,583.93,1,-1,-1,-1
289,23,1577.72,954.36,28.91,70.59,1,-1,-1,-1
289,24,155.14,188.11,213.93,614.73,1,-1,-1,-1
289,26,728.30,315.95,76.48,226.27,1,-1,-1,-1
290,1,761.42,197.66,190.80,573.19,1,-1,-1,-1
290,9,1137.13,193.39,226.69,613.21,1,-1,-1,-1
290,17,993.66,253.22,158.85,444.97,1,-1,-1,-1
290,19,-524.81,260.06,207.55,639.52,1,-1,-1,-1
290,21,-310.20,-7.83,316.57,914.29,1,-1,-1,-1
290,22,413.00,163.87,224.25,595.02,1,-1,-1,-1
290,23,1576.98,953.51,28.91,70.59,1,-1,-1,-1
290,24,142.68,177.47,218.75,623.82,1,-1,-1,-1
290,26,731.40,302.94,76.70,233.61,1,-1,-1,-1
291,1,764.90,190.06,190.88,572.98,1,-1,-1,-1
291,9,1144.11,185.89,226.49,615.22,1,-1,-1,-1
291,17,999.41,244.44,159.86,452.83,1,-1,-1,-1
291,19,-537.91,258.28,207.55,639.52,1,-1,-1,-1
291,21,-321.28,-13.28,316.57,914.29,1,-1,-1,-1
291,22,407.16,153.10,227.74,605.72,1,-1,-1,-1
291,23,1576.23,952.66,28.91,70.59,1,-1,-1,-1
291,24,130.95,164.29,224.02,635.11,1,-1,-1,-1
291,26,732.19,294.01,78.00,238.46,1,-1,-1,-1
292,1,769.27,184.16,190.41,571.65,1,-1,-1,-1
292,9,1151.25,179.39,226.52,615.30,1,-1,-1,-1
292,17,1004.88,237.08,161.22,459.49,1,-1,-1,-1
292,19,-551.01,256.50,207.55,639.52,1,-1,-1,-1
292,21,-332.36,-18.73,316.57,914.29,1,-1,-1,-1
292,22,401.28,145.06,232.03,613.60,1,-1,-1,-1
292,23,1575.49,951.82,28.91,70.59,1,-1,-1,-1
292,24,116.98,154.56,229.52,645.36,1,-1,-1,-1
292,26,732.11,286.86,81.13,242.80,1,-1,-1,-1
293,1,775.32,178.27,189.68,571.62,1,-1,-1,-1
293,9,1160.42,172.95,225.26,615.50,1,-1,-1,-1
293,17,1011.11,228.47,163.78,467.60,1,-1,-1,-1
293,19,-564.12,254.72,207.55,639.52,1,-1,-1,-1
293,21,-343.44,-24.18,316.57,914.29,1,-1,-1,-1
293,22,394.35,140.42,237.77,621.27,1,-1,-1,-1
293,23,1574.75,950.97,28.91,70.59,1,-1,-1,-1
293,24,103.40,144.55,235.65,657.47,1,-1,-1,-1
293,26,731.70,281.42,83.90,243.98,1,-1,-1,-1
294,1,781.23,172.56,189.42,572.72,1,-1,-1,-1
294,9,1171.20,167.91,223.49,616.42,1,-1,-1,-1
294,17,1018.27,220.36,166.47,475.97,1,-1,-1,-1
294,19,-577.22,252.94,207.55,639.52,1,-1,-1,-1
294,21,-354.51,-29.63,316.57,914.29,1,-1,-1,-1
294,22,388.10,133.58,242.60,632.97,1,-1,-1,-1
294,23,1574.00,950.12,28.91,70.59,1,-1,-1,-1
294,24,88.22,133.65,243.01,671.09,1,-1,-1,-1
294,26,733.03,277.07,86.08,247.04,1,-1,-1,-1
295,1,788.97,170.29,188.48,570.89,1,-1,-1,-1
295,9,1182.68,164.42,221.82,617.95,1,-1,-1,-1
295,17,1025.44,213.55,168.75,483.84,1,-1,-1,-1
295,19,-590.32,251.16,207.55,639.52,1,-1,-1,-1
295,21,-365.59,-35.08,316.57,914.29,1,-1,-1,-1
295,22,383.08,126.86,246.63,645.48,1,-1,-1,-1
295,23,1573.26,949.28,28.91,70.59,1,-1,-1,-1
295,24,71.97,127.35,250.27,682.84,1,-1,-1,-1
295,26,734.97,273.51,87.77,250.89,1,-1,-1,-1
296,1,797.20,167.97,187.68,568.27,1,-1,-1,-1
296,9,1194.74,160.56,219.69,620.21,1,-1,-1,-1
296,17,1033.15,207.46,171.39,490.80,1,-1,-1,-1
296,21,-376.67,-40.53,316.57,914.29,1,-1,-1,-1
296,22,378.43,119.79,250.87,659.16,1,-1,-1,-1
296,23,1572.51,948.43,28.91,70.59,1,-1,-1,-1
296,24,56.87,120.49,257.77,696.29,1,-1,-1,-1
296,26,737.42,270.15,89.64,253.66,1,-1,-1,-1
297,1,805.93,166.01,186.76,567.69,1,-1,-1,-1
297,9,1206.58,157.98,218.18,622.18,1,-1,-1,-1
297,17,1041.14,201.52,173.57,499.16,1,-1,-1,-1
297,21,-387.75,-45.98,316.57,914.29,1,-1,-1,-1
297,22,374.08,113.73,253.97,673.16,1,-1,-1,-1
297,23,1571.77,947.59,28.91,70.59,1,-1,-1,-1
297,24,42.82,112.33,264.05,712.84,1,-1,-1,-1
297,26,741.25,267.79,90.81,255.48,1,-1,-1,-1
298,1,813.85,165.81,186.48,567.64,1,-1,-1,-1
298,9,1217.52,156.13,216.86,623.85,1,-1,-1,-1
298,17,1048.72,196.67,175.39,506.98,1,-1,-1,-1
298,21,-398.83,-51.43,316.57,914.29,1,-1,-1,-1
298,22,369.74,108.42,257.87,685.95,1,-1,-1,-1
298,23,1571.02,946.74,28.91,70.59,1,-1,-1,-1
298,24,29.18,106.10,270.63,730.56,1,-1,-1,-1
298,26,745.05,265.30,92.40,258.04,1,-1,-1,-1
299,1,821.24,164.48,186.14,567.89,1,-1,-1,-1
299,9,1227.35,155.79,216.17,625.14,1,-1,-1,-1
299,17,1055.12,192.12,178.07,515.19,1,-1,-1,-1
299,21,-409.91,-56.88,316.57,914.29,1,-1,-1,-1
299,22,364.21,102.19,261.78,700.11,1,-1,-1,-1
299,23,1570.28,945.89,28.91,70.59,1,-1,-1,-1
299,24,15.14,99.11,276.32,750.52,1,-1,-1,-1
299,26,748.93,263.97,94.16,259.15,1,-1,-1,-1
300,1,828.48,164.73,185.76,566.75,1,-1,-1,-1
300,9,1237.17,154.43,215.69,629.12,1,-1,-1,-1
300,17,1061.39,187.86,180.55,525.10,1,-1,-1,-1
300,21,-420.99,-62.33,316.57,914.29,1,-1,-1,-1
300,22,356.86,94.56,268.52,715.39,1,-1,-1,-1
300,23,1569.53,945.05,28.91,70.59,1,-1,-1,-1
300,24,3.30,92.17,281.18,767.41,1,-1,-1,-1
300,26,753.34,262.98,95.02,261.50,1,-1,-1,-1
300,27,1754.10,914.70,30.90,70.00,1,-1,-1,-1
300,28,1783.30,912.70,29.30,69.30,1,-1,-1,-1
301,1,834.33,164.07,185.64,567.17,1,-1,-1,-1
301,9,1245.58,154.74,215.14,631.53,1,-1,-1,-1
301,17,1067.32,184.61,183.48,534.14,1,-1,-1,-1
301,21,-432.07,-67.78,316.57,914.29,1,-1,-1,-1
301,22,349.00,88.56,275.01,729.31,1,-1,-1,-1
301,23,1568.79,944.20,28.91,70.59,1,-1,-1,-1
301,24,-6.94,85.67,284.69,782.90,1,-1,-1,-1
301,26,757.70,262.65,95.79,263.45,1,-1,-1,-1
301,27,1759.37,914.40,31.12,70.74,1,-1,-1,-1
301,28,1783.30,918.37,29.44,68.76,1,-1,-1,-1
302,1,839.54,163.83,185.66,567.88,1,-1,-1,-1
302,9,1254.09,154.39,214.12,634.84,1,-1,-1,-1
302,17,1073.06,182.99,185.57,541.91,1,-1,-1,-1
302,21,-443.15,-73.23,316.57,914.29,1,-1,-1,-1
302,22,339.38,82.75,282.03,743.86,1,-1,-1,-1
302,23,1568.05,943.36,28.91,70.59,1,-1,-1,-1
302,24,-15.05,74.31,285.24,803.57,1,-1,-1,-1
302,26,761.83,262.68,96.41,264.57,1,-1,-1,-1
302,27,1764.64,914.10,31.12,70.74,1,-1,-1,-1
302,28,1790.33,918.75,29.55,69.32,1,-1,-1,-1
302,29,1853.00,919.40,34.80,89.30,1,-1,-1,-1
303,1,844.55,165.56,185.68,567.39,1,-1,-1,-1
303,9,1261.25,154.55,213.65,637.47,1,-1,-1,-1
303,17,1079.42,180.17,188.15,550.32,1,-1,-1,-1
303,21,-454.23,-78.68,316.57,914.29,1,-1,-1,-1
303,22,330.86,73.70,286.86,762.23,1,-1,-1,-1
303,23,1567.30,942.51,28.91,70.59,1,-1,-1,-1
303,24,-21.37,66.82,282.22,824.42,1,-1,-1,-1
303,26,765.58,263.07,97.05,265.25,1,-1,-1,-1
303,27,1769.91,913.81,31.12,70.74,1,-1,-1,-1
303,28,1794.93,921.95,29.62,69.79,1,-1,-1,-1
303,29,1832.90,912.43,35.79,88.94,1,-1,-1,-1
304,1,847.45,165.67,186.06,567.78,1,-1,-1,-1
304,9,1267.97,155.89,213.38,639.72,1,-1,-1,-1
304,17,1085.65,179.07,190.72,557.39,1,-1,-1,-1
304,21,-465.31,-84.13,316.57,914.29,1,-1,-1,-1
304,22,320.74,64.43,292.43,781.58,1,-1,-1,-1
304,23,1566.56,941.66,28.91,70.59,1,-1,-1,-1
304,24,-26.15,58.78,276.80,843.29,1,-1,-1,-1
304,26,768.35,263.77,98.00,265.69,1,-1,-1,-1
304,27,1775.18,913.51,31.12,70.74,1,-1,-1,-1
304,28,1798.94,924.95,29.62,69.79,1,-1,-1,-1
304,29,1811.75,920.45,38.78,87.48,1,-1,-1,-1
305,1,851.01,165.34,185.72,569.01,1,-1,-1,-1
305,9,1273.59,157.48,213.02,641.85,1,-1,-1,-1
305,17,1090.75,178.15,193.84,565.15,1,-1,-1,-1
305,21,-476.39,-89.58,316.57,914.29,1,-1,-1,-1
305,22,308.14,57.29,299.96,800.69,1,-1,-1,-1
305,23,1565.81,940.82,28.91,70.59,1,-1,-1,-1
305,24,-28.19,49.31,268.34,864.77,1,-1,-1,-1
305,26,770.64,264.81,98.87,266.30,1,-1,-1,-1
305,27,1780.45,913.21,31.12,70.74,1,-1,-1,-1
305,28,1802.95,927.96,29.62,69.79,1,-1,-1,-1
305,29,1791.12,921.33,38.78,87.48,1,-1,-1,-1
306,1,852.59,166.62,185.96,569.63,1,-1,-1,-1
306,9,1278.76,158.40,211.88,644.23,1,-1,-1,-1
306,17,1094.58,177.46,197.65,573.57,1,-1,-1,-1
306,21,-487.47,-95.03,316.57,914.29,1,-1,-1,-1
306,22,294.36,48.44,307.95,822.46,1,-1,-1,-1
306,23,1565.07,939.97,28.91,70.59,1,-1,-1,-1
306,24,-29.06,46.67,257.60,876.59,1,-1,-1,-1
306,26,772.00,266.21,100.01,266.60,1,-1,-1,-1
306,27,1785.71,912.91,31.12,70.74,1,-1,-1,-1
306,28,1806.96,930.97,29.62,69.79,1,-1,-1,-1
306,29,1770.48,922.21,38.78,87.48,1,-1,-1,-1
307,1,852.78,170.08,186.44,567.00,1,-1,-1,-1
307,9,1282.72,158.19,211.03,646.62,1,-1,-1,-1
307,17,1099.05,175.62,200.37,584.20,1,-1,-1,-1
307,21,-498.55,-100.48,316.57,914.29,1,-1,-1,-1
307,22,278.78,43.78,315.95,842.17,1,-1,-1,-1
307,24,-38.90,38.67,257.60,876.59,1,-1,-1,-1
307,26,773.11,267.99,100.05,266.69,1,-1,-1,-1
307,27,1790.98,912.61,31.12,70.74,1,-1,-1,-1
307,28,1810.97,933.97,29.62,69.79,1,-1,-1,-1
307,29,1749.84,923.09,38.78,87.48,1,-1,-1,-1
308,1,851.45,173.26,187.42,565.20,1,-1,-1,-1
308,9,1285.95,158.14,210.59,648.72,1,-1,-1,-1
308,17,1101.58,172.80,203.80,596.85,1,-1,-1,-1
308,21,-509.63,-105.93,316.57,914.29,1,-1,-1,-1
308,22,263.66,36.06,322.78,868.82,1,-1,-1,-1
308,24,-48.73,30.67,257.60,876.59,1,-1,-1,-1
308,26,774.75,269.64,99.88,267.22,1,-1,-1,-1
308,27,1796.25,912.31,31.12,70.74,1,-1,-1,-1
308,28,1828.61,929.46,31.28,70.42,1,-1,-1,-1
308,29,1729.20,923.97,38.78,87.48,1,-1,-1,-1
309,1,848.93,175.16,188.60,564.74,1,-1,-1,-1
309,9,1287.57,158.00,209.93,651.94,1,-1,-1,-1
309,17,1103.07,170.04,207.53,609.22,1,-1,-1,-1
309,21,-520.71,-111.38,316.57,914.29,1,-1,-1,-1
309,22,245.30,29.61,331.69,892.23,1,-1,-1,-1
309,24,-58.57,22.66,257.60,876.59,1,-1,-1,-1
309,26,777.29,270.02,99.24,268.50,1,-1,-1,-1
309,27,1801.52,912.02,31.12,70.74,1,-1,-1,-1
309,28,1833.21,929.04,32.22,71.12,1,-1,-1,-1
309,29,1708.57,924.85,38.78,87.48,1,-1,-1,-1
310,1,845.79,174.88,189.95,565.77,1,-1,-1,-1
310,9,1288.35,158.14,210.39,653.21,1,-1,-1,-1
310,17,1105.76,165.62,211.51,620.96,1,-1,-1,-1
310,21,-531.79,-116.83,316.57,914.29,1,-1,-1,-1
310,22,225.22,23.34,341.42,913.32,1,-1,-1,-1
310,24,-68.40,14.66,257.60,876.59,1,-1,-1,-1
310,26,778.36,267.64,99.24,268.50,1,-1,-1,-1
310,27,1806.78,911.72,31.12,70.74,1,-1,-1,-1
310,28,1843.19,925.62,31.83,72.74,1,-1,-1,-1
310,29,1687.93,925.72,38.78,87.48,1,-1,-1,-1
311,1,843.06,174.90,190.22,565.54,1,-1,-1,-1
311,9,1288.55,158.51,210.61,653.38,1,-1,-1,-1
311,17,1108.32,163.32,214.29,632.18,1,-1,-1,-1
311,21,-542.87,-122.28,316.57,914.29,1,-1,-1,-1
311,22,204.80,16.18,351.34,933.11,1,-1,-1,-1
311,24,-78.23,6.66,257.60,876.59,1,-1,-1,-1
311,26,779.42,265.26,99.24,268.50,1,-1,-1,-1
311,27,1825.51,924.01,32.82,72.11,1,-1,-1,-1
311,28,1849.36,926.75,31.83,72.74,1,-1,-1,-1
311,29,1667.29,926.60,38.78,87.48,1,-1,-1,-1
312,1,839.72,174.12,191.57,566.67,1,-1,-1,-1
312,9,1288.84,158.38,210.14,653.89,1,-1,-1,-1
312,17,1109.98,160.85,218.18,643.98,1,-1,-1,-1
312,21,-553.94,-127.73,316.57,914.29,1,-1,-1,-1
312,22,185.17,7.18,359.84,952.47,1,-1,-1,-1
312,24,-88.07,-1.34,257.60,876.59,1,-1,-1,-1
312,26,780.48,262.87,99.24,268.50,1,-1,-1,-1
312,27,1827.19,923.63,33.91,72.90,1,-1,-1,-1
312,28,1855.53,927.89,31.83,72.74,1,-1,-1,-1
312,29,1646.66,927.48,38.78,87.48,1,-1,-1,-1
313,1,839.00,173.76,190.39,566.04,1,-1,-1,-1
313,9,1291.04,158.85,207.58,652.76,1,-1,-1,-1
313,17,1111.70,156.71,222.66,657.47,1,-1,-1,-1
313,21,-565.02,-133.18,316.57,914.29,1,-1,-1,-1
313,22,162.36,-0.11,370.45,969.28,1,-1,-1,-1
313,24,-97.90,-9.34,257.60,876.59,1,-1,-1,-1
313,26,779.43,265.89,97.78,271.02,1,-1,-1,-1
313,27,1828.16,924.47,34.74,73.38,1,-1,-1,-1
313,28,1861.70,929.02,31.83,72.74,1,-1,-1,-1
313,29,1626.02,928.36,38.78,87.48,1,-1,-1,-1
314,1,835.76,173.98,190.88,564.93,1,-1,-1,-1
314,9,1293.73,158.98,203.35,653.17,1,-1,-1,-1
314,17,1114.76,148.36,227.01,672.75,1,-1,-1,-1
314,21,-576.10,-138.63,316.57,914.29,1,-1,-1,-1
314,22,138.49,-5.96,381.18,983.87,1,-1,-1,-1
314,24,-107.73,-17.34,257.60,876.59,1,-1,-1,-1
314,26,777.65,268.00,97.07,272.40,1,-1,-1,-1
314,27,1828.54,925.55,35.40,73.85,1,-1,-1,-1
314,28,1867.87,930.16,31.83,72.74,1,-1,-1,-1
314,29,1605.38,929.24,38.78,87.48,1,-1,-1,-1
315,1,831.96,173.83,192.77,564.50,1,-1,-1,-1
315,9,1292.81,158.10,202.13,653.66,1,-1,-1,-1
315,17,1117.36,140.24,231.51,687.80,1,-1,-1,-1
315,21,-587.18,-144.08,316.57,914.29,1,-1,-1,-1
315,22,115.42,-10.56,392.51,996.53,1,-1,-1,-1
315,24,-117.57,-25.35,257.60,876.59,1,-1,-1,-1
315,26,776.46,266.49,95.88,276.60,1,-1,-1,-1
315,27,1828.75,925.95,35.77,74.67,1,-1,-1,-1
315,28,1874.04,931.29,31.83,72.74,1,-1,-1,-1
315,29,1584.74,930.12,38.78,87.48,1,-1,-1,-1
316,1,829.27,172.48,192.90,565.87,1,-1,-1,-1
316,9,1296.56,156.50,202.13,653.66,1,-1,-1,-1
316,17,1119.24,134.02,236.75,704.50,1,-1,-1,-1
316,22,87.44,-14.11,408.81,1007.53,1,-1,-1,-1
316,24,-127.40,-33.35,257.60,876.59,1,-1,-1,-1
316,26,772.39,265.74,97.24,280.21,1,-1,-1,-1
316,27,1828.40,926.15,36.29,75.26,1,-1,-1,-1
316,28,1880.21,932.43,31.83,72.74,1,-1,-1,-1
316,29,1564.11,931.00,38.78,87.48,1,-1,-1,-1
317,1,828.22,171.76,192.60,566.23,1,-1,-1,-1
317,9,1300.31,154.90,202.13,653.66,1,-1,-1,-1
317,17,1121.14,126.80,241.25,722.66,1,-1,-1,-1
317,22,61.35,-16.77,423.52,1017.08,1,-1,-1,-1
317,24,-137.24,-41.35,257.60,876.59,1,-1,-1,-1
317,26,768.54,264.28,98.11,282.81,1,-1,-1,-1
317,27,1827.80,926.60,36.34,75.36,1,-1,-1,-1
317,28,1886.38,933.56,31.83,72.74,1,-1,-1,-1
317,29,1543.47,931.88,38.78,87.48,1,-1,-1,-1
318,1,826.89,172.92,192.74,565.34,1,-1,-1,-1
318,9,1304.06,153.30,202.13,653.66,1,-1,-1,-1
318,17,1123.53,117.96,245.47,742.77,1,-1,-1,-1
318,22,37.52,-18.68,432.82,1025.37,1,-1,-1,-1
318,24,-147.07,-49.35,257.60,876.59,1,-1,-1,-1
318,26,764.42,263.03,99.39,283.74,1,-1,-1,-1
318,27,1827.05,926.73,36.27,75.49,1,-1,-1,-1
318,28,1892.55,934.69,31.83,72.74,1,-1,-1,-1
318,29,1522.83,932.76,38.78,87.48,1,-1,-1,-1
319,1,824.21,172.62,193.50,565.15,1,-1,-1,-1
319,9,1307.81,151.70,202.13,653.66,1,-1,-1,-1
319,17,1125.60,110.76,251.23,761.26,1,-1,-1,-1
319,22,17.93,-19.96,438.64,1032.57,1,-1,-1,-1
319,24,-156.90,-57.35,257.60,876.59,1,-1,-1,-1
319,26,760.08,261.18,101.26,287.46,1,-1,-1,-1
319,27,1826.42,925.34,35.81,76.13,1,-1,-1,-1
319,28,1898.72,935.83,31.83,72.74,1,-1,-1,-1
319,29,1502.20,933.64,38.78,87.48,1,-1,-1,-1
320,1,822.30,172.29,194.15,564.08,1,-1,-1,-1
320,9,1311.56,150.11,202.13,653.66,1,-1,-1,-1
320,17,1127.73,105.46,256.57,781.40,1,-1,-1,-1
320,22,2.44,-20.72,444.55,1038.82,1,-1,-1,-1
320,24,-166.74,-65.36,257.60,876.59,1,-1,-1,-1
320,26,756.43,259.68,102.22,289.59,1,-1,-1,-1
320,27,1826.08,923.95,35.14,76.49,1,-1,-1,-1
320,28,1904.89,936.96,31.83,72.74,1,-1,-1,-1
320,29,1481.56,934.52,38.78,87.48,1,-1,-1,-1
321,1,818.56,170.80,196.61,564.17,1,-1,-1,-1
321,9,1315.31,148.51,202.13,653.66,1,-1,-1,-1
321,17,1130.86,98.61,261.68,802.14,1,-1,-1,-1
321,22,-10.44,-21.06,443.23,1044.25,1,-1,-1,-1
321,24,-176.57,-73.36,257.60,876.59,1,-1,-1,-1
321,26,751.69,256.79,103.97,292.10,1,-1,-1,-1
321,27,1829.22,924.32,35.14,76.49,1,-1,-1,-1
321,28,1911.06,938.10,31.83,72.74,1,-1,-1,-1
321,29,1460.92,935.40,38.78,87.48,1,-1,-1,-1
322,1,816.62,169.37,197.21,564.49,1,-1,-1,-1
322,9,1319.07,146.91,202.13,653.66,1,-1,-1,-1
322,17,1134.58,89.34,268.49,825.23,1,-1,-1,-1
322,22,-17.69,-21.05,435.94,1048.96,1,-1,-1,-1
322,24,-186.41,-81.36,257.60,876.59,1,-1,-1,-1
322,26,746.83,255.91,105.36,294.73,1,-1,-1,-1
322,27,1832.37,924.69,35.14,76.49,1,-1,-1,-1
322,28,1917.23,939.23,31.83,72.74,1,-1,-1,-1
322,29,1440.28,936.28,38.78,87.48,1,-1,-1,-1
323,1,815.53,167.02,196.85,565.31,1,-1,-1,-1
323,9,1322.82,145.31,202.13,653.66,1,-1,-1,-1
323,17,1139.55,79.82,274.10,847.95,1,-1,-1,-1
323,22,-20.77,-20.77,422.61,1053.05,1,-1,-1,-1
323,24,-196.24,-89.36,257.60,876.59,1,-1,-1,-1
323,26,741.65,254.14,107.12,297.62,1,-1,-1,-1
323,27,1835.51,925.06,35.14,76.49,1,-1,-1,-1
323,28,1923.40,940.37,31.83,72.74,1,-1,-1,-1
323,29,1419.65,937.16,38.78,87.48,1,-1,-1,-1
324,1,813.55,165.97,197.84,563.91,1,-1,-1,-1
324,9,1326.57,143.71,202.13,653.66,1,-1,-1,-1
324,17,1144.55,65.50,281.93,874.55,1,-1,-1,-1
324,22,-26.48,-20.26,411.29,1056.60,1,-1,-1,-1
324,24,-206.07,-97.36,257.60,876.59,1,-1,-1,-1
324,26,736.95,253.84,107.80,299.43,1,-1,-1,-1
324,27,1838.65,925.43,35.14,76.49,1,-1,-1,-1
324,28,1929.57,941.50,31.83,72.74,1,-1,-1,-1
324,29,1399.01,938.03,38.78,87.48,1,-1,-1,-1
325,1,811.52,165.23,198.86,561.01,1,-1,-1,-1
325,9,1330.32,142.12,202.13,653.66,1,-1,-1,-1
325,17,1150.10,53.96,287.93,897.38,1,-1,-1,-1
325,22,-27.18,-16.41,394.81,1057.56,1,-1,-1,-1
325,24,-215.91,-105.36,257.60,876.59,1,-1,-1,-1
325,26,731.76,252.34,109.33,301.49,1,-1,-1,-1
325,27,1841.80,925.80,35.14,76.49,1,-1,-1,-1
325,28,1935.74,942.63,31.83,72.74,1,-1,-1,-1
325,29,1378.37,938.91,38.78,87.48,1,-1,-1,-1
326,1,811.59,164.61,198.31,560.81,1,-1,-1,-1
326,9,1334.07,140.52,202.13,653.66,1,-1,-1,-1
326,17,1155.36,41.47,296.27,919.18,1,-1,-1,-1
326,22,-40.01,-20.26,394.81,1057.56,1,-1,-1,-1
326,24,-225.74,-113.37,257.60,876.59,1,-1,-1,-1
326,26,727.52,250.63,110.53,304.40,1,-1,-1,-1
326,27,1844.94,926.17,35.14,76.49,1,-1,-1,-1
326,28,1941.91,943.77,31.83,72.74,1,-1,-1,-1
326,29,1357.73,939.79,38.78,87.48,1,-1,-1,-1
327,1,811.26,164.30,198.88,560.11,1,-1,-1,-1
327,9,1337.82,138.92,202.13,653.66,1,-1,-1,-1
327,17,1162.63,29.06,304.52,939.50,1,-1,-1,-1
327,22,-52.85,-24.12,394.81,1057.56,1,-1,-1,-1
327,24,-235.57,-121.37,257.60,876.59,1,-1,-1,-1
327,26,723.66,249.75,112.13,306.65,1,-1,-1,-1
327,27,1848.09,926.53,35.14,76.49,1,-1,-1,-1
327,28,1948.08,944.90,31.83,72.74,1,-1,-1,-1
327,29,1337.10,940.67,38.78,87.48,1,-1,-1,-1
328,1,810.70,164.24,199.45,559.91,1,-1,-1,-1
328,9,1341.57,137.32,202.13,653.66,1,-1,-1,-1
328,17,1170.21,17.53,313.15,958.02,1,-1,-1,-1
328,22,-65.68,-27.97,394.81,1057.56,1,-1,-1,-1
328,24,-245.41,-129.37,257.60,876.59,1,-1,-1,-1
328,26,720.23,247.73,113.00,310.44,1,-1,-1,-1
328,27,1851.23,926.90,35.14,76.49,1,-1,-1,-1
328,28,1954.25,946.04,31.83,72.74,1,-1,-1,-1
328,29,1316.46,941.55,38.78,87.48,1,-1,-1,-1
329,1,812.06,164.93,198.75,560.06,1,-1,-1,-1
329,9,1345.32,135.72,202.13,653.66,1,-1,-1,-1
329,17,1181.08,8.06,320.60,974.09,1,-1,-1,-1
329,22,-78.51,-31.83,394.81,1057.56,1,-1,-1,-1
329,24,-255.24,-137.37,257.60,876.59,1,-1,-1,-1
329,26,717.18,246.63,113.98,313.46,1,-1,-1,-1
329,27,1854.37,927.27,35.14,76.49,1,-1,-1,-1
329,28,1960.42,947.17,31.83,72.74,1,-1,-1,-1
329,29,1295.82,942.43,38.78,87.48,1,-1,-1,-1
330,1,813.38,165.74,197.93,561.25,1,-1,-1,-1
330,9,1349.07,134.13,202.13,653.66,1,-1,-1,-1
330,17,1193.50,0.37,328.51,988.05,1,-1,-1,-1
330,22,-91.35,-35.68,394.81,1057.56,1,-1,-1,-1
330,24,-265.08,-145.37,257.60,876.59,1,-1,-1,-1
330,26,714.74,245.62,114.72,316.65,1,-1,-1,-1
330,27,1857.52,927.64,35.14,76.49,1,-1,-1,-1
330,28,1966.59,948.31,31.83,72.74,1,-1,-1,-1
331,1,816.26,165.69,195.92,562.01,1,-1,-1,-1
331,9,1352.82,132.53,202.13,653.66,1,-1,-1,-1
331,17,1210.80,-5.80,333.71,1000.16,1,-1,-1,-1
331,22,-104.18,-39.53,394.81,1057.56,1,-1,-1,-1
331,24,-274.91,-153.37,257.60,876.59,1,-1,-1,-1
331,26,711.26,245.70,115.83,318.78,1,-1,-1,-1
331,27,1860.66,928.01,35.14,76.49,1,-1,-1,-1
331,28,1972.76,949.44,31.83,72.74,1,-1,-1,-1
332,1,818.06,168.57,195.26,562.15,1,-1,-1,-1
332,9,1356.58,130.93,202.13,653.66,1,-1,-1,-1
332,17,1228.35,-10.66,339.71,1010.68,1,-1,-1,-1
332,22,-117.01,-43.39,394.81,1057.56,1,-1,-1,-1
332,24,-284.74,-161.38,257.60,876.59,1,-1,-1,-1
332,26,708.33,246.25,116.93,320.41,1,-1,-1,-1
332,27,1863.81,928.38,35.14,76.49,1,-1,-1,-1
332,28,1978.93,950.57,31.83,72.74,1,-1,-1,-1
333,1,820.83,171.41,194.29,561.00,1,-1,-1,-1
333,9,1360.33,129.33,202.13,653.66,1,-1,-1,-1
333,17,1243.39,-14.42,350.41,1019.82,1,-1,-1,-1
333,22,-129.85,-47.24,394.81,1057.56,1,-1,-1,-1
333,24,-294.58,-169.38,257.60,876.59,1,-1,-1,-1
333,26,705.42,247.12,118.22,322.52,1,-1,-1,-1
333,27,1866.95,928.75,35.14,76.49,1,-1,-1,-1
333,28,1985.10,951.71,31.83,72.74,1,-1,-1,-1
334,1,824.22,174.64,191.95,559.26,1,-1,-1,-1
334,9,1364.08,127.73,202.13,653.66,1,-1,-1,-1
334,17,1259.60,-14.66,362.08,1026.02,1,-1,-1,-1
334,22,-142.68,-51.09,394.81,1057.56,1,-1,-1,-1
334,24,-304.41,-177.38,257.60,876.59,1,-1,-1,-1
334,26,703.03,248.10,119.33,324.88,1,-1,-1,-1
334,27,1870.09,929.12,35.14,76.49,1,-1,-1,-1
334,28,1991.27,952.84,31.83,72.74,1,-1,-1,-1
335,1,824.59,179.47,192.67,557.62,1,-1,-1,-1
335,9,1367.83,126.14,202.13,653.66,1,-1,-1,-1
335,17,1279.47,-17.07,372.80,1033.14,1,-1,-1,-1
335,22,-155.52,-54.95,394.81,1057.56,1,-1,-1,-1
335,24,-314.24,-185.38,257.60,876.59,1,-1,-1,-1
335,26,700.66,249.81,120.77,326.45,1,-1,-1,-1
335,27,1873.24,929.49,35.14,76.49,1,-1,-1,-1
335,28,1997.44,953.98,31.83,72.74,1,-1,-1,-1
336,1,826.79,182.36,191.29,556.84,1,-1,-1,-1
336,9,1278.40,152.33,231.42,700.54,1,-1,-1,-1
336,17,1299.44,-18.77,383.97,1039.31,1,-1,-1,-1
336,22,-168.35,-58.80,394.81,1057.56,1,-1,-1,-1
336,24,-324.08,-193.38,257.60,876.59,1,-1,-1,-1
336,26,697.95,251.76,122.09,328.99,1,-1,-1,-1
336,27,1876.38,929.85,35.14,76.49,1,-1,-1,-1
337,1,826.36,185.74,191.16,557.15,1,-1,-1,-1
337,9,1262.24,162.52,241.90,694.74,1,-1,-1,-1
337,17,1317.35,-19.89,400.29,1044.67,1,-1,-1,-1
337,22,-181.18,-62.65,394.81,1057.56,1,-1,-1,-1
337,24,-333.91,-201.39,257.60,876.59,1,-1,-1,-1
337,26,695.42,253.90,122.95,331.91,1,-1,-1,-1
337,27,1879.53,930.22,35.14,76.49,1,-1,-1,-1
338,1,826.18,190.20,190.53,556.60,1,-1,-1,-1
338,9,1253.02,165.34,241.99,695.23,1,-1,-1,-1
338,17,1335.90,-20.37,416.00,1049.22,1,-1,-1,-1
338,22,-194.02,-66.51,394.81,1057.56,1,-1,-1,-1
338,24,-343.75,-209.39,257.60,876.59,1,-1,-1,-1
338,26,692.23,256.69,124.22,333.16,1,-1,-1,-1
338,27,1882.67,930.59,35.14,76.49,1,-1,-1,-1
339,1,825.72,193.55,190.51,555.78,1,-1,-1,-1
339,9,1247.52,174.86,243.04,687.27,1,-1,-1,-1
339,17,1355.07,-20.63,427.19,1053.28,1,-1,-1,-1
339,22,-206.85,-70.36,394.81,1057.56,1,-1,-1,-1
339,24,-353.58,-217.39,257.60,876.59,1,-1,-1,-1
339,26,688.22,258.64,125.86,335.82,1,-1,-1,-1
339,27,1885.81,930.96,35.14,76.49,1,-1,-1,-1
340,1,823.03,195.15,191.66,555.15,1,-1,-1,-1
340,9,1242.59,179.44,243.96,683.84,1,-1,-1,-1
340,17,1376.27,-19.14,437.15,1055.85,1,-1,-1,-1
340,22,-219.68,-74.22,394.81,1057.56,1,-1,-1,-1
340,24,-363.41,-225.39,257.60,876.59,1,-1,-1,-1
340,26,684.43,260.55,127.11,338.37,1,-1,-1,-1
340,27,1888.96,931.33,35.14,76.49,1,-1,-1,-1
341,1,820.24,195.11,191.95,556.86,1,-1,-1,-1
341,9,1238.64,182.78,244.90,680.53,1,-1,-1,-1
341,17,1397.05,-19.02,443.64,1059.03,1,-1,-1,-1
341,22,-232.52,-78.07,394.81,1057.56,1,-1,-1,-1
341,24,-373.25,-233.39,257.60,876.59,1,-1,-1,-1
341,26,679.67,260.18,128.36,342.22,1,-1,-1,-1
341,27,1892.10,931.70,35.14,76.49,1,-1,-1,-1
342,1,818.25,195.35,191.42,555.59,1,-1,-1,-1
342,9,1234.63,182.11,245.18,680.72,1,-1,-1,-1
342,17,1411.15,-17.76,451.32,1061.19,1,-1,-1,-1
342,22,-245.35,-81.92,394.81,1057.56,1,-1,-1,-1
342,26,674.32,259.64,129.65,345.82,1,-1,-1,-1
342,27,1895.25,932.07,35.14,76.49,1,-1,-1,-1
343,1,814.85,195.29,192.29,555.25,1,-1,-1,-1
343,9,1229.87,179.21,248.80,681.39,1,-1,-1,-1
343,17,1423.42,-21.88,451.32,1061.19,1,-1,-1,-1
343,22,-258.18,-85.78,394.81,1057.56,1,-1,-1,-1
343,26,668.77,259.29,130.84,349.12,1,-1,-1,-1
343,27,1898.39,932.44,35.14,76.49,1,-1,-1,-1
344,1,812.90,194.70,192.20,555.19,1,-1,-1,-1
344,9,1225.33,174.36,250.14,685.38,1,-1,-1,-1
344,17,1463.35,-2.49,437.20,1053.00,1,-1,-1,-1
344,22,-271.02,-89.63,394.81,1057.56,1,-1,-1,-1
344,26,663.74,258.88,131.60,351.95,1,-1,-1,-1
344,27,1901.53,932.81,35.14,76.49,1,-1,-1,-1
345,1,810.28,194.95,192.80,554.16,1,-1,-1,-1
345,9,1221.20,169.25,250.15,688.13,1,-1,-1,-1
345,17,1505.01,-3.76,417.31,1056.85,1,-1,-1,-1
345,22,-283.85,-93.48,394.81,1057.56,1,-1,-1,-1
345,26,658.35,258.67,133.04,352.94,1,-1,-1,-1
345,27,1904.68,933.17,35.14,76.49,1,-1,-1,-1
346,1,807.15,193.57,193.83,554.83,1,-1,-1,-1
346,9,1216.52,165.53,250.62,689.75,1,-1,-1,-1
346,17,1520.79,-6.29,417.31,1056.85,1,-1,-1,-1
346,22,-296.68,-97.34,394.81,1057.56,1,-1,-1,-1
346,26,652.86,258.65,134.27,352.90,1,-1,-1,-1
346,27,1907.82,933.54,35.14,76.49,1,-1,-1,-1
347,1,804.39,193.47,193.81,555.35,1,-1,-1,-1
347,9,1210.96,161.82,251.37,690.01,1,-1,-1,-1
347,17,1536.56,-8.83,417.31,1056.85,1,-1,-1,-1
347,22,-309.52,-101.19,394.81,1057.56,1,-1,-1,-1
347,26,646.45,256.87,135.64,356.00,1,-1,-1,-1
348,1,801.43,193.79,193.69,554.30,1,-1,-1,-1
348,9,1205.25,156.99,252.75,691.82,1,-1,-1,-1
348,17,1552.34,-11.37,417.31,1056.85,1,-1,-1,-1
348,22,-322.35,-105.04,394.81,1057.56,1,-1,-1,-1
348,26,639.98,254.28,136.69,359.07,1,-1,-1,-1
349,1,799.55,194.36,193.00,553.70,1,-1,-1,-1
349,9,1198.03,154.04,255.79,691.14,1,-1,-1,-1
349,17,1568.11,-13.90,417.31,1056.85,1,-1,-1,-1
349,22,-335.18,-108.90,394.81,1057.56,1,-1,-1,-1
349,26,631.92,251.65,138.96,361.89,1,-1,-1,-1
350,1,797.98,194.43,192.94,552.71,1,-1,-1,-1
350,9,1189.74,151.38,258.68,692.95,1,-1,-1,-1
350,17,1583.88,-16.44,417.31,1056.85,1,-1,-1,-1
350,22,-348.02,-112.75,394.81,1057.56,1,-1,-1,-1
350,26,624.30,248.39,139.97,365.72,1,-1,-1,-1
351,1,794.63,195.31,194.15,551.56,1,-1,-1,-1
351,9,1181.38,148.87,261.63,695.78,1,-1,-1,-1
351,17,1599.66,-18.97,417.31,1056.85,1,-1,-1,-1
351,22,-360.85,-116.61,394.81,1057.56,1,-1,-1,-1
351,26,615.60,245.38,141.51,369.36,1,-1,-1,-1
352,1,791.90,194.55,194.75,551.71,1,-1,-1,-1
352,9,1173.52,144.40,264.37,700.16,1,-1,-1,-1
352,17,1615.43,-21.51,417.31,1056.85,1,-1,-1,-1
352,22,-373.68,-120.46,394.81,1057.56,1,-1,-1,-1
352,26,607.11,242.71,143.08,373.40,1,-1,-1,-1
353,1,790.05,194.35,194.26,549.90,1,-1,-1,-1
353,9,1166.46,143.58,268.27,700.26,1,-1,-1,-1
353,17,1631.21,-24.04,417.31,1056.85,1,-1,-1,-1
353,22,-386.52,-124.31,394.81,1057.56,1,-1,-1,-1
353,26,599.20,239.95,143.83,377.70,1,-1,-1,-1
354,1,788.27,193.25,193.52,549.01,1,-1,-1,-1
354,9,1159.68,143.71,270.27,702.08,1,-1,-1,-1
354,17,1646.98,-26.58,417.31,1056.85,1,-1,-1,-1
354,22,-399.35,-128.17,394.81,1057.56,1,-1,-1,-1
354,26,590.57,237.51,144.67,382.18,1,-1,-1,-1
354,30,726.60,220.10,134.90,441.20,1,-1,-1,-1
355,1,786.09,192.16,193.27,547.70,1,-1,-1,-1
355,9,1152.60,144.19,272.54,704.29,1,-1,-1,-1
355,17,1662.75,-29.11,417.31,1056.85,1,-1,-1,-1
355,22,-412.18,-132.02,394.81,1057.56,1,-1,-1,-1
355,26,581.26,236.48,145.43,385.88,1,-1,-1,-1
355,30,731.38,219.70,132.16,439.65,1,-1,-1,-1
356,1,784.14,191.67,191.76,546.62,1,-1,-1,-1
356,9,1147.06,146.82,273.05,703.29,1,-1,-1,-1
356,17,1678.53,-31.65,417.31,1056.85,1,-1,-1,-1
356,22,-425.02,-135.87,394.81,1057.56,1,-1,-1,-1
356,26,571.56,234.79,145.62,389.81,1,-1,-1,-1
356,30,716.63,216.96,131.18,438.86,1,-1,-1,-1
357,1,782.31,189.74,190.80,547.29,1,-1,-1,-1
357,9,1139.70,144.51,275.29,707.31,1,-1,-1,-1
357,17,1694.30,-34.18,417.31,1056.85,1,-1,-1,-1
357,22,-437.85,-139.73,394.81,1057.56,1,-1,-1,-1
357,26,562.19,233.93,145.88,392.78,1,-1,-1,-1
357,30,698.89,208.30,132.77,441.46,1,-1,-1,-1
358,1,781.22,187.49,189.21,547.33,1,-1,-1,-1
358,9,1133.60,144.31,276.20,708.37,1,-1,-1,-1
358,17,1710.08,-36.72,417.31,1056.85,1,-1,-1,-1
358,22,-450.68,-143.58,394.81,1057.56,1,-1,-1,-1
358,26,552.25,232.71,146.44,396.42,1,-1,-1,-1
358,30,687.45,204.23,135.57,444.06,1,-1,-1,-1
359,1,778.85,185.06,188.06,548.88,1,-1,-1,-1
359,9,1127.23,144.54,276.82,709.75,1,-1,-1,-1
359,17,1725.85,-39.25,417.31,1056.85,1,-1,-1,-1
359,22,-463.52,-147.43,394.81,1057.56,1,-1,-1,-1
359,26,542.52,231.15,146.63,400.49,1,-1,-1,-1
359,30,673.96,200.15,138.43,447.32,1,-1,-1,-1
360,1,777.34,184.10,186.17,549.00,1,-1,-1,-1
360,9,1120.45,144.52,277.31,711.22,1,-1,-1,-1
360,17,1741.62,-41.79,417.31,1056.85,1,-1,-1,-1
360,22,-476.35,-151.29,394.81,1057.56,1,-1,-1,-1
360,26,532.91,229.49,146.82,404.77,1,-1,-1,-1
360,30,664.61,196.02,141.00,449.66,1,-1,-1,-1
361,1,775.97,182.39,184.74,549.81,1,-1,-1,-1
361,9,1114.32,143.88,278.53,711.06,1,-1,-1,-1
361,17,1757.40,-44.33,417.31,1056.85,1,-1,-1,-1
361,22,-489.18,-155.14,394.81,1057.56,1,-1,-1,-1
361,26,521.80,227.65,147.80,408.82,1,-1,-1,-1
361,30,652.42,195.06,143.57,454.12,1,-1,-1,-1
362,1,773.61,181.22,183.57,550.70,1,-1,-1,-1
362,9,1107.67,142.99,279.15,714.12,1,-1,-1,-1
362,17,1773.17,-46.86,417.31,1056.85,1,-1,-1,-1
362,22,-502.02,-159.00,394.81,1057.56,1,-1,-1,-1
362,26,511.60,226.31,147.81,413.30,1,-1,-1,-1
362,30,642.27,193.48,145.16,458.81,1,-1,-1,-1
363,1,771.07,181.15,181.91,550.78,1,-1,-1,-1
363,9,1101.95,141.82,279.26,713.70,1,-1,-1,-1
363,17,1788.95,-49.40,417.31,1056.85,1,-1,-1,-1
363,22,-514.85,-162.85,394.81,1057.56,1,-1,-1,-1
363,26,501.50,224.92,148.22,418.13,1,-1,-1,-1
363,30,631.30,191.94,147.64,463.28,1,-1,-1,-1
364,1,768.25,180.89,181.20,552.64,1,-1,-1,-1
364,9,1096.88,143.29,278.92,712.78,1,-1,-1,-1
364,17,1804.72,-51.93,417.31,1056.85,1,-1,-1,-1
364,22,-527.68,-166.70,394.81,1057.56,1,-1,-1,-1
364,26,490.88,222.89,149.23,423.14,1,-1,-1,-1
364,30,620.71,190.06,150.21,466.52,1,-1,-1,-1
365,1,765.75,180.61,180.66,554.01,1,-1,-1,-1
365,9,1092.21,144.06,280.54,710.58,1,-1,-1,-1
365,17,1820.50,-54.47,417.31,1056.85,1,-1,-1,-1
365,22,-540.52,-170.56,394.81,1057.56,1,-1,-1,-1
365,26,480.68,222.77,150.06,427.97,1,-1,-1,-1
365,30,612.21,188.29,152.19,469.85,1,-1,-1,-1
366,1,763.35,182.29,179.40,553.40,1,-1,-1,-1
366,9,1087.64,145.06,282.25,708.27,1,-1,-1,-1
366,17,1836.27,-57.00,417.31,1056.85,1,-1,-1,-1
366,22,-553.35,-174.41,394.81,1057.56,1,-1,-1,-1
366,26,470.61,222.16,151.16,433.78,1,-1,-1,-1
366,30,602.38,187.22,154.11,473.34,1,-1,-1,-1
367,1,760.77,183.84,178.76,551.71,1,-1,-1,-1
367,9,1084.42,145.42,283.19,706.20,1,-1,-1,-1
367,17,1852.04,-59.54,417.31,1056.85,1,-1,-1,-1
367,22,-566.19,-178.26,394.81,1057.56,1,-1,-1,-1
367,26,460.22,221.49,154.10,438.61,1,-1,-1,-1
367,30,593.25,187.07,156.33,476.04,1,-1,-1,-1
368,1,758.35,185.65,177.96,549.66,1,-1,-1,-1
368,9,1082.95,146.81,281.27,705.51,1,-1,-1,-1
368,17,1867.82,-62.07,417.31,1056.85,1,-1,-1,-1
368,26,450.65,220.38,156.02,444.72,1,-1,-1,-1
368,30,585.35,186.81,158.11,479.37,1,-1,-1,-1
369,1,755.69,186.22,177.67,552.20,1,-1,-1,-1
369,9,1082.07,146.01,279.05,707.21,1,-1,-1,-1
369,17,1883.59,-64.61,417.31,1056.85,1,-1,-1,-1
369,26,440.51,219.35,159.68,450.45,1,-1,-1,-1
369,30,578.29,185.06,161.37,485.46,1,-1,-1,-1
370,1,753.26,187.93,177.76,553.53,1,-1,-1,-1
370,9,1081.59,146.66,277.88,707.41,1,-1,-1,-1
370,17,1899.37,-67.14,417.31,1056.85,1,-1,-1,-1
370,26,431.77,218.71,161.70,455.47,1,-1,-1,-1
370,30,572.13,185.30,163.39,488.14,1,-1,-1,-1
371,1,752.31,189.71,177.23,553.15,1,-1,-1,-1
371,9,1081.15,147.17,277.05,708.33,1,-1,-1,-1
371,17,1915.14,-69.68,417.31,1056.85,1,-1,-1,-1
371,26,424.77,217.53,162.78,460.90,1,-1,-1,-1
371,30,566.67,183.01,165.60,494.00,1,-1,-1,-1
372,1,751.87,190.94,176.77,553.64,1,-1,-1,-1
372,9,1080.21,143.21,277.56,713.85,1,-1,-1,-1
372,17,1930.91,-72.21,417.31,1056.85,1,-1,-1,-1
372,26,417.88,217.50,163.92,465.17,1,-1,-1,-1
372,30,561.34,181.41,167.37,498.86,1,-1,-1,-1
373,1,752.35,192.22,176.27,554.45,1,-1,-1,-1
373,9,1080.58,144.71,276.10,714.76,1,-1,-1,-1
373,17,1946.69,-74.75,417.31,1056.85,1,-1,-1,-1
373,26,409.95,216.50,166.26,469.85,1,-1,-1,-1
373,30,555.59,182.59,170.10,504.08,1,-1,-1,-1
374,1,752.77,194.38,176.58,554.17,1,-1,-1,-1
374,9,1081.77,145.49,274.63,717.19,1,-1,-1,-1
374,17,1962.46,-77.29,417.31,1056.85,1,-1,-1,-1
374,26,401.51,216.11,169.96,473.61,1,-1,-1,-1
374,30,550.50,181.99,172.07,507.89,1,-1,-1,-1
375,1,752.02,195.74,178.33,553.30,1,-1,-1,-1
375,9,1082.86,144.66,274.16,721.17,1,-1,-1,-1
375,17,1978.24,-79.82,417.31,1056.85,1,-1,-1,-1
375,26,393.73,215.90,173.20,478.10,1,-1,-1,-1
375,30,545.50,182.41,175.03,514.22,1,-1,-1,-1
376,1,754.00,197.74,177.62,552.63,1,-1,-1,-1
376,9,1085.59,146.83,271.83,723.55,1,-1,-1,-1
376,17,1994.01,-82.36,417.31,1056.85,1,-1,-1,-1
376,26,387.39,215.53,175.52,482.64,1,-1,-1,-1
376,30,540.98,180.75,177.81,520.22,1,-1,-1,-1
377,1,754.95,199.56,177.96,552.40,1,-1,-1,-1
377,9,1089.77,151.06,269.15,724.46,1,-1,-1,-1
377,17,2009.78,-84.89,417.31,1056.85,1,-1,-1,-1
377,26,380.97,215.45,177.21,487.36,1,-1,-1,-1
377,30,536.09,181.40,181.08,526.10,1,-1,-1,-1
378,1,756.64,201.37,178.91,552.86,1,-1,-1,-1
378,9,1093.59,152.91,265.98,726.17,1,-1,-1,-1
378,17,2025.56,-87.43,417.31,1056.85,1,-1,-1,-1
378,26,375.70,216.34,178.06,492.92,1,-1,-1,-1
378,30,530.06,180.77,184.65,532.40,1,-1,-1,-1
379,1,759.25,204.01,178.78,552.09,1,-1,-1,-1
379,9,1096.61,155.59,263.38,729.86,1,-1,-1,-1
379,17,2041.33,-89.96,417.31,1056.85,1,-1,-1,-1
379,26,370.13,217.07,179.63,497.53,1,-1,-1,-1
379,30,526.52,181.70,187.22,538.17,1,-1,-1,-1
380,1,761.71,206.96,178.70,550.67,1,-1,-1,-1
380,9,1099.54,155.30,261.43,734.04,1,-1,-1,-1
380,17,2057.11,-92.50,417.31,1056.85,1,-1,-1,-1
380,26,364.94,216.17,181.15,503.99,1,-1,-1,-1
380,30,523.57,179.94,189.77,545.35,1,-1,-1,-1
381,1,763.70,209.86,178.53,548.97,1,-1,-1,-1
381,9,1101.82,154.26,260.75,738.91,1,-1,-1,-1
381,17,2072.88,-95.03,417.31,1056.85,1,-1,-1,-1
381,26,359.46,214.32,183.12,511.15,1,-1,-1,-1
381,30,519.11,177.97,193.15,552.55,1,-1,-1,-1
382,1,764.82,212.81,180.12,548.86,1,-1,-1,-1
382,9,1102.81,154.87,259.52,741.32,1,-1,-1,-1
382,17,2088.66,-97.57,417.31,1056.85,1,-1,-1,-1
382,26,353.88,214.05,184.12,517.81,1,-1,-1,-1
382,30,515.20,177.33,195.98,557.74,1,-1,-1,-1
382,31,735.70,322.10,66.00,215.80,1,-1,-1,-1
383,1,766.51,214.02,180.53,549.73,1,-1,-1,-1
383,9,1103.03,156.02,258.89,743.48,1,-1,-1,-1
383,17,2104.43,-100.10,417.31,1056.85,1,-1,-1,-1
383,26,347.98,212.71,186.29,521.64,1,-1,-1,-1
383,30,510.92,174.77,199.64,565.74,1,-1,-1,-1
383,31,733.71,321.20,66.25,215.51,1,-1,-1,-1
384,1,766.74,214.67,181.29,551.02,1,-1,-1,-1
384,9,1102.75,155.24,258.33,745.00,1,-1,-1,-1
384,17,2120.20,-102.64,417.31,1056.85,1,-1,-1,-1
384,26,341.33,210.64,188.44,526.80,1,-1,-1,-1
384,30,506.43,172.82,202.13,572.45,1,-1,-1,-1
384,31,730.33,318.28,67.20,215.94,1,-1,-1,-1
385,1,767.31,216.62,181.90,551.54,1,-1,-1,-1
385,9,1100.50,156.32,258.90,747.38,1,-1,-1,-1
385,17,2135.98,-105.17,417.31,1056.85,1,-1,-1,-1
385,26,334.26,208.20,190.74,534.21,1,-1,-1,-1
385,30,501.58,171.55,205.81,580.18,1,-1,-1,-1
385,31,729.52,318.49,67.86,216.87,1,-1,-1,-1
386,1,767.32,219.29,182.90,549.73,1,-1,-1,-1
386,9,1097.97,157.18,260.50,746.48,1,-1,-1,-1
386,17,2151.75,-107.71,417.31,1056.85,1,-1,-1,-1
386,26,328.59,207.20,191.64,538.50,1,-1,-1,-1
386,30,496.21,169.46,209.53,587.23,1,-1,-1,-1
386,31,727.16,319.43,69.52,216.80,1,-1,-1,-1
387,1,767.37,220.84,183.79,548.17,1,-1,-1,-1
387,9,1095.14,158.06,261.98,749.71,1,-1,-1,-1
387,17,2167.53,-110.25,417.31,1056.85,1,-1,-1,-1
387,26,322.30,201.61,193.26,546.03,1,-1,-1,-1
387,30,491.07,167.92,212.21,597.10,1,-1,-1,-1
387,31,724.14,317.65,70.93,216.66,1,-1,-1,-1
388,1,768.14,221.66,183.53,546.94,1,-1,-1,-1
388,9,1090.83,158.23,264.58,749.09,1,-1,-1,-1
388,17,2183.30,-112.78,417.31,1056.85,1,-1,-1,-1
388,26,314.23,197.31,195.98,552.85,1,-1,-1,-1
388,30,486.66,167.50,214.36,604.11,1,-1,-1,-1
388,31,720.99,315.07,72.29,216.95,1,-1,-1,-1
389,1,768.07,222.93,183.82,546.18,1,-1,-1,-1
389,9,1086.68,161.82,266.81,748.04,1,-1,-1,-1
389,17,2199.07,-115.32,417.31,1056.85,1,-1,-1,-1
389,26,306.09,192.29,198.47,560.10,1,-1,-1,-1
389,30,481.94,166.57,216.64,610.21,1,-1,-1,-1
389,31,718.82,314.36,73.36,216.90,1,-1,-1,-1
390,1,768.51,223.07,183.02,545.18,1,-1,-1,-1
390,9,1080.87,160.80,271.08,750.03,1,-1,-1,-1
390,17,2214.85,-117.85,417.31,1056.85,1,-1,-1,-1
390,26,295.54,187.71,202.02,566.51,1,-1,-1,-1
390,30,477.50,162.98,218.65,616.86,1,-1,-1,-1
390,31,715.82,314.37,74.21,217.48,1,-1,-1,-1
391,1,768.04,223.14,182.48,544.43,1,-1,-1,-1
391,9,1075.39,160.16,274.43,752.35,1,-1,-1,-1
391,17,2230.62,-120.39,417.31,1056.85,1,-1,-1,-1
391,26,284.27,182.55,206.19,574.07,1,-1,-1,-1
391,30,472.32,160.53,221.20,624.15,1,-1,-1,-1
391,31,712.24,314.55,75.38,217.93,1,-1,-1,-1
392,1,767.00,222.64,182.88,545.95,1,-1,-1,-1
392,9,1069.58,160.04,277.56,755.85,1,-1,-1,-1
392,17,2246.40,-122.92,417.31,1056.85,1,-1,-1,-1
392,26,271.25,179.18,210.15,582.18,1,-1,-1,-1
392,30,467.66,157.26,223.04,632.12,1,-1,-1,-1
392,31,709.34,314.32,76.68,218.56,1,-1,-1,-1
393,1,764.95,223.05,182.88,546.26,1,-1,-1,-1
393,9,1064.08,159.94,280.57,757.48,1,-1,-1,-1
393,17,2262.17,-125.46,417.31,1056.85,1,-1,-1,-1
393,26,256.69,176.98,216.15,589.24,1,-1,-1,-1
393,30,462.51,151.99,226.17,640.73,1,-1,-1,-1
393,31,706.67,313.92,77.50,219.48,1,-1,-1,-1
394,1,762.79,222.57,182.78,547.05,1,-1,-1,-1
394,9,1058.85,159.42,283.45,761.23,1,-1,-1,-1
394,17,2277.94,-127.99,417.31,1056.85,1,-1,-1,-1
394,26,241.98,173.57,222.01,597.59,1,-1,-1,-1
394,30,457.77,146.13,228.56,650.96,1,-1,-1,-1
394,31,703.99,313.19,78.27,220.30,1,-1,-1,-1
395,1,761.44,222.02,181.63,546.57,1,-1,-1,-1
395,9,1053.98,158.21,286.09,766.41,1,-1,-1,-1
395,17,2293.72,-130.53,417.31,1056.85,1,-1,-1,-1
395,26,225.92,170.74,229.08,606.21,1,-1,-1,-1
395,30,452.82,140.55,231.43,660.38,1,-1,-1,-1
395,31,702.13,312.50,78.71,220.70,1,-1,-1,-1
396,1,758.02,221.27,182.71,546.35,1,-1,-1,-1
396,9,1051.33,156.15,288.25,770.56,1,-1,-1,-1
396,26,210.42,167.28,234.79,614.92,1,-1,-1,-1
396,30,447.53,134.58,233.82,669.06,1,-1,-1,-1
396,31,699.21,310.65,79.93,221.82,1,-1,-1,-1
397,1,754.39,221.78,183.46,544.83,1,-1,-1,-1
397,9,1048.38,156.91,290.92,772.08,1,-1,-1,-1
397,26,194.83,165.16,240.78,624.18,1,-1,-1,-1
397,30,441.37,129.51,236.84,676.51,1,-1,-1,-1
397,31,696.09,309.15,80.96,223.52,1,-1,-1,-1
397,32,968.80,340.90,94.70,212.90,1,-1,-1,-1
398,1,750.43,221.16,184.69,544.15,1,-1,-1,-1
398,9,1045.11,155.46,292.97,775.55,1,-1,-1,-1
398,26,179.23,164.26,246.33,634.00,1,-1,-1,-1
398,30,434.01,124.24,240.58,684.14,1,-1,-1,-1
398,31,693.18,307.22,82.36,224.51,1,-1,-1,-1
398,32,968.50,339.61,94.27,214.05,1,-1,-1,-1
399,1,747.92,220.71,184.11,543.71,1,-1,-1,-1
399,9,1042.01,153.63,295.61,778.55,1,-1,-1,-1
399,26,163.54,162.19,252.09,642.05,1,-1,-1,-1
399,30,427.60,116.66,243.38,694.36,1,-1,-1,-1
399,31,690.35,305.76,82.61,224.84,1,-1,-1,-1
399,32,967.55,339.03,94.14,213.74,1,-1,-1,-1
399,33,876.90,243.50,103.60,424.80,1,-1,-1,-1
400,1,743.85,219.68,183.45,541.23,1,-1,-1,-1
400,9,1041.03,153.01,296.47,780.82,1,-1,-1,-1
400,26,148.16,158.86,258.22,652.47,1,-1,-1,-1
400,30,421.13,108.18,246.17,706.30,1,-1,-1,-1
400,31,689.31,303.62,80.52,226.25,1,-1,-1,-1
400,32,965.45,337.24,93.87,214.43,1,-1,-1,-1
400,33,867.65,240.42,105.42,426.77,1,-1,-1,-1
401,1,739.72,219.23,182.94,538.08,1,-1,-1,-1
401,9,1039.25,152.88,297.78,782.94,1,-1,-1,-1
401,26,132.25,152.52,264.03,663.57,1,-1,-1,-1
401,30,413.95,101.59,250.21,717.45,1,-1,-1,-1
401,31,686.74,302.54,80.52,226.25,1,-1,-1,-1
401,32,963.57,336.73,93.48,215.06,1,-1,-1,-1
401,33,858.97,238.52,108.37,429.73,1,-1,-1,-1
402,1,734.58,218.50,183.28,537.26,1,-1,-1,-1
402,9,1038.42,150.79,299.52,784.01,1,-1,-1,-1
402,26,117.24,145.01,268.70,677.03,1,-1,-1,-1
402,30,406.88,94.75,254.70,728.84,1,-1,-1,-1
402,31,684.16,301.46,80.52,226.25,1,-1,-1,-1
402,32,962.93,336.24,93.10,215.71,1,-1,-1,-1
402,33,852.39,237.08,111.81,432.81,1,-1,-1,-1
403,1,730.07,217.50,183.69,537.70,1,-1,-1,-1
403,9,1040.07,150.00,298.98,785.11,1,-1,-1,-1
403,26,103.65,142.48,272.34,688.69,1,-1,-1,-1
403,30,399.54,87.80,259.59,741.54,1,-1,-1,-1
403,31,681.58,300.38,80.52,226.25,1,-1,-1,-1
403,32,963.27,334.71,93.19,216.70,1,-1,-1,-1
403,33,848.83,236.11,115.02,435.59,1,-1,-1,-1
404,1,727.07,216.95,183.38,536.53,1,-1,-1,-1
404,9,1042.19,151.21,298.43,783.41,1,-1,-1,-1
404,26,89.38,137.88,275.89,703.33,1,-1,-1,-1
404,30,391.11,84.13,266.21,752.92,1,-1,-1,-1
404,31,679.01,299.31,80.52,226.25,1,-1,-1,-1
404,32,963.98,336.11,94.28,217.64,1,-1,-1,-1
404,33,847.39,237.52,117.28,436.67,1,-1,-1,-1
405,1,723.26,216.47,183.84,536.67,1,-1,-1,-1
405,9,1043.25,152.20,299.66,782.52,1,-1,-1,-1
405,26,75.94,134.08,279.91,716.00,1,-1,-1,-1
405,30,382.81,80.95,272.43,763.92,1,-1,-1,-1
405,31,676.43,298.23,80.52,226.25,1,-1,-1,-1
405,32,964.79,336.92,94.68,218.37,1,-1,-1,-1
405,33,846.44,238.90,119.53,436.66,1,-1,-1,-1
406,1,719.08,216.57,184.65,536.79,1,-1,-1,-1
406,9,1045.40,150.02,299.74,784.56,1,-1,-1,-1
406,26,63.01,128.09,282.69,727.35,1,-1,-1,-1
406,30,371.47,72.33,281.74,778.93,1,-1,-1,-1
406,31,673.86,297.15,80.52,226.25,1,-1,-1,-1
406,32,966.80,337.43,94.75,218.75,1,-1,-1,-1
406,33,846.94,238.73,121.03,436.84,1,-1,-1,-1
407,1,717.65,216.12,184.09,536.81,1,-1,-1,-1
407,9,1047.99,149.96,299.63,785.23,1,-1,-1,-1
407,26,51.56,124.46,285.63,737.72,1,-1,-1,-1
407,30,362.83,65.24,289.63,795.25,1,-1,-1,-1
407,31,671.28,296.07,80.52,226.25,1,-1,-1,-1
407,32,968.59,338.09,95.00,219.05,1,-1,-1,-1
407,33,848.37,237.27,122.46,439.28,1,-1,-1,-1
408,1,716.98,216.21,183.32,536.65,1,-1,-1,-1
408,9,1050.12,149.45,298.98,787.66,1,-1,-1,-1
408,26,40.46,119.80,289.83,750.20,1,-1,-1,-1
408,30,354.49,57.84,295.32,812.19,1,-1,-1,-1
408,31,668.70,294.99,80.52,226.25,1,-1,-1,-1
408,32,970.76,338.46,95.82,219.70,1,-1,-1,-1
408,33,848.64,236.17,123.87,441.54,1,-1,-1,-1
409,1,716.16,217.95,182.96,536.81,1,-1,-1,-1
409,9,1054.91,152.69,297.93,784.71,1,-1,-1,-1
409,26,30.74,115.11,294.43,762.64,1,-1,-1,-1
409,30,346.72,56.51,300.29,824.56,1,-1,-1,-1
409,31,666.13,293.91,80.52,226.25,1,-1,-1,-1
409,32,973.58,340.36,96.53,220.05,1,-1,-1,-1
409,33,849.47,235.78,124.69,442.96,1,-1,-1,-1
410,1,715.56,219.83,183.03,537.06,1,-1,-1,-1
410,9,1060.37,152.44,296.86,786.81,1,-1,-1,-1
410,26,19.08,111.24,300.34,774.68,1,-1,-1,-1
410,30,339.82,53.72,304.87,838.72,1,-1,-1,-1
410,31,663.55,292.83,80.52,226.25,1,-1,-1,-1
410,32,977.99,341.63,96.68,220.26,1,-1,-1,-1
410,33,852.55,236.76,125.23,442.48,1,-1,-1,-1
411,1,716.56,220.51,183.75,536.99,1,-1,-1,-1
411,9,1065.55,153.55,295.77,788.52,1,-1,-1,-1
411,26,8.99,105.13,304.87,787.23,1,-1,-1,-1
411,30,333.84,52.34,310.06,852.07,1,-1,-1,-1
411,31,660.98,291.75,80.52,226.25,1,-1,-1,-1
411,32,982.75,342.59,97.60,220.27,1,-1,-1,-1
411,33,856.52,236.66,125.70,442.11,1,-1,-1,-1
412,1,719.67,220.27,182.35,538.97,1,-1,-1,-1
412,9,1072.11,153.08,294.58,790.10,1,-1,-1,-1
412,26,0.33,98.98,309.09,799.95,1,-1,-1,-1
412,30,326.92,50.04,315.58,865.96,1,-1,-1,-1
412,31,650.01,322.30,76.10,223.25,1,-1,-1,-1
412,32,987.92,343.22,97.88,220.57,1,-1,-1,-1
412,33,861.29,237.85,126.34,441.49,1,-1,-1,-1
413,1,721.97,222.63,181.56,536.35,1,-1,-1,-1
413,9,1078.83,152.72,293.59,792.59,1,-1,-1,-1
413,26,-8.06,96.44,310.88,808.84,1,-1,-1,-1
413,30,320.84,45.71,320.09,881.87,1,-1,-1,-1
413,31,648.03,331.27,76.46,219.38,1,-1,-1,-1
413,32,992.73,342.61,98.33,221.58,1,-1,-1,-1
413,33,864.55,237.34,127.10,441.61,1,-1,-1,-1
414,1,724.40,224.69,181.45,536.18,1,-1,-1,-1
414,9,1085.59,151.70,292.46,796.46,1,-1,-1,-1
414,26,-15.13,89.72,312.43,821.49,1,-1,-1,-1
414,30,315.08,39.71,323.53,897.27,1,-1,-1,-1
414,31,645.64,335.70,76.68,217.40,1,-1,-1,-1
414,32,996.99,343.07,99.02,222.45,1,-1,-1,-1
414,33,868.56,238.17,127.99,442.06,1,-1,-1,-1
415,1,727.32,226.12,180.78,534.10,1,-1,-1,-1
415,9,1092.19,151.68,291.29,799.14,1,-1,-1,-1
415,26,-20.61,83.90,312.26,836.10,1,-1,-1,-1
415,30,308.39,30.60,326.99,915.38,1,-1,-1,-1
415,31,644.44,338.60,77.31,216.33,1,-1,-1,-1
415,32,1002.34,344.19,99.59,222.45,1,-1,-1,-1
415,33,871.55,237.87,129.26,442.57,1,-1,-1,-1
416,1,729.83,225.69,180.13,533.21,1,-1,-1,-1
416,9,1098.14,150.54,290.26,803.24,1,-1,-1,-1
416,26,-24.90,77.24,310.52,848.80,1,-1,-1,-1
416,30,300.91,21.24,330.60,933.17,1,-1,-1,-1
416,31,644.35,340.11,77.26,215.05,1,-1,-1,-1
416,32,1007.87,344.82,100.18,222.41,1,-1,-1,-1
416,33,874.71,237.80,130.36,442.93,1,-1,-1,-1
417,1,732.52,225.54,179.28,531.98,1,-1,-1,-1
417,9,1103.71,150.11,289.14,806.06,1,-1,-1,-1
417,26,-28.02,70.30,307.21,864.05,1,-1,-1,-1
417,30,289.07,13.51,337.43,952.10,1,-1,-1,-1
417,31,643.50,341.45,77.61,213.91,1,-1,-1,-1
417,32,1013.88,344.21,100.87,223.17,1,-1,-1,-1
417,33,877.46,237.23,131.49,443.79,1,-1,-1,-1
418,1,734.74,224.96,178.82,531.93,1,-1,-1,-1
418,9,1108.87,149.63,287.92,808.49,1,-1,-1,-1
418,26,-30.15,59.24,301.71,884.55,1,-1,-1,-1
418,30,275.90,7.02,345.20,967.70,1,-1,-1,-1
418,31,642.36,342.74,78.63,212.05,1,-1,-1,-1
418,32,1019.06,342.82,100.83,224.03,1,-1,-1,-1
418,33,880.93,237.99,133.01,442.60,1,-1,-1,-1
419,1,737.19,223.89,178.69,531.95,1,-1,-1,-1
419,9,1113.99,151.02,285.72,808.88,1,-1,-1,-1
419,26,-31.47,45.40,294.45,909.30,1,-1,-1,-1
419,30,259.80,1.73,354.78,982.50,1,-1,-1,-1
419,31,640.51,342.15,79.95,212.55,1,-1,-1,-1
419,32,1023.60,341.64,100.68,224.43,1,-1,-1,-1
419,33,883.45,238.06,134.24,443.00,1,-1,-1,-1
420,1,737.88,223.01,179.45,531.95,1,-1,-1,-1
420,9,1117.44,152.20,284.63,809.08,1,-1,-1,-1
420,26,-32.12,36.67,284.15,927.22,1,-1,-1,-1
420,30,244.23,-2.52,364.66,995.35,1,-1,-1,-1
420,31,638.27,342.90,81.70,211.55,1,-1,-1,-1
420,32,1027.32,340.09,100.53,225.01,1,-1,-1,-1
420,33,885.89,238.56,135.04,443.43,1,-1,-1,-1
421,1,739.30,220.72,179.09,532.63,1,-1,-1,-1
421,9,1118.93,154.08,285.42,806.99,1,-1,-1,-1
421,26,-32.22,25.14,273.39,944.11,1,-1,-1,-1
421,30,226.71,-5.89,375.07,1006.50,1,-1,-1,-1
421,31,636.20,342.49,83.33,211.59,1,-1,-1,-1
421,32,1030.61,337.93,100.11,225.92,1,-1,-1,-1
421,33,888.06,238.31,135.55,444.09,1,-1,-1,-1
422,1,740.04,219.14,178.54,533.27,1,-1,-1,-1
422,9,1121.82,150.43,284.14,811.07,1,-1,-1,-1
422,26,-31.88,19.39,262.77,950.95,1,-1,-1,-1
422,30,210.98,-8.51,384.85,1016.19,1,-1,-1,-1
422,31,634.11,341.86,84.88,211.56,1,-1,-1,-1
422,32,1033.51,336.14,99.95,226.57,1,-1,-1,-1
422,33,889.93,239.50,136.37,442.81,1,-1,-1,-1
423,1,740.34,217.03,178.18,533.68,1,-1,-1,-1
423,9,1120.36,146.88,285.39,813.45,1,-1,-1,-1
423,26,-30.58,16.31,251.44,957.66,1,-1,-1,-1
423,30,190.22,-10.49,397.35,1024.60,1,-1,-1,-1
423,31,632.68,340.96,86.00,212.89,1,-1,-1,-1
423,32,1035.89,334.26,99.41,227.28,1,-1,-1,-1
423,33,890.95,240.15,137.40,442.06,1,-1,-1,-1
424,1,740.15,215.95,177.36,532.18,1,-1,-1,-1
424,9,1118.10,147.71,288.55,810.65,1,-1,-1,-1
424,26,-27.22,24.00,238.65,921.54,1,-1,-1,-1
424,30,171.81,-11.94,406.82,1031.90,1,-1,-1,-1
424,31,629.91,338.82,87.29,214.94,1,-1,-1,-1
424,32,1038.26,334.97,98.40,227.36,1,-1,-1,-1
424,33,891.96,241.46,137.89,440.47,1,-1,-1,-1
425,1,739.02,214.66,177.46,533.01,1,-1,-1,-1
425,9,1114.22,147.46,292.63,810.65,1,-1,-1,-1
425,26,-33.24,19.09,238.65,921.54,1,-1,-1,-1
425,30,148.72,-12.93,420.06,1038.23,1,-1,-1,-1
425,31,626.69,336.79,89.05,216.17,1,-1,-1,-1
425,32,1039.73,333.06,97.11,228.00,1,-1,-1,-1
425,33,892.52,242.14,138.17,439.35,1,-1,-1,-1
426,1,735.85,213.22,178.59,534.54,1,-1,-1,-1
426,9,1109.44,143.28,296.63,813.38,1,-1,-1,-1
426,26,-39.27,14.18,238.65,921.54,1,-1,-1,-1
426,30,130.86,-13.56,428.76,1043.74,1,-1,-1,-1
426,31,623.97,335.57,89.28,216.12,1,-1,-1,-1
426,32,1040.49,331.93,95.99,229.05,1,-1,-1,-1
426,33,892.10,241.60,138.49,440.14,1,-1,-1,-1
427,1,732.52,212.08,179.34,536.35,1,-1,-1,-1
427,9,1104.92,143.00,300.65,814.60,1,-1,-1,-1
427,26,-45.30,9.27,238.65,921.54,1,-1,-1,-1
427,30,107.49,-13.87,439.95,1048.52,1,-1,-1,-1
427,31,621.72,334.98,89.51,216.88,1,-1,-1,-1
427,32,1040.51,330.77,94.59,229.80,1,-1,-1,-1
427,33,891.93,240.47,138.85,441.53,1,-1,-1,-1
428,1,728.80,211.99,180.06,536.31,1,-1,-1,-1
428,9,1098.02,141.61,305.77,815.82,1,-1,-1,-1
428,26,-51.32,4.36,238.65,921.54,1,-1,-1,-1
428,30,82.55,-13.94,453.02,1052.67,1,-1,-1,-1
428,31,618.20,334.07,90.36,217.68,1,-1,-1,-1
428,32,1043.13,330.25,94.59,229.80,1,-1,-1,-1
428,33,891.61,239.41,139.04,442.28,1,-1,-1,-1
429,1,725.08,210.50,179.77,538.05,1,-1,-1,-1
429,9,1093.03,138.64,309.38,818.42,1,-1,-1,-1
429,26,-57.35,-0.55,238.65,921.54,1,-1,-1,-1
429,30,57.05,-13.80,465.90,1056.27,1,-1,-1,-1
429,31,614.47,333.39,91.32,218.20,1,-1,-1,-1
429,32,1045.75,329.72,94.59,229.80,1,-1,-1,-1
429,33,891.75,239.61,138.97,440.46,1,-1,-1,-1
430,1,720.53,208.25,180.54,539.90,1,-1,-1,-1
430,9,1087.84,136.68,312.37,820.75,1,-1,-1,-1
430,26,-63.37,-5.46,238.65,921.54,1,-1,-1,-1
430,30,34.53,-13.50,475.72,1059.39,1,-1,-1,-1
430,31,610.53,332.89,92.24,218.63,1,-1,-1,-1
430,32,1048.37,329.19,94.59,229.80,1,-1,-1,-1
430,33,891.22,239.26,138.93,440.16,1,-1,-1,-1
431,1,715.20,208.87,180.58,537.58,1,-1,-1,-1
431,9,1082.98,135.47,315.62,822.95,1,-1,-1,-1
431,26,-69.40,-10.37,238.65,921.54,1,-1,-1,-1
431,30,16.03,-13.08,483.73,1062.11,1,-1,-1,-1
431,31,606.40,330.84,93.16,221.15,1,-1,-1,-1
431,32,1050.99,328.66,94.59,229.80,1,-1,-1,-1
431,33,891.09,237.81,138.35,440.80,1,-1,-1,-1
432,1,709.70,208.22,180.28,538.23,1,-1,-1,-1
432,9,1078.29,134.22,318.65,825.88,1,-1,-1,-1
432,26,-75.43,-15.28,238.65,921.54,1,-1,-1,-1
432,30,0.99,-12.56,486.66,1064.47,1,-1,-1,-1
432,31,601.73,329.47,94.37,222.78,1,-1,-1,-1
432,32,1053.61,328.13,94.59,229.80,1,-1,-1,-1
432,33,890.06,237.37,138.21,440.22,1,-1,-1,-1
433,1,703.66,208.08,179.92,537.37,1,-1,-1,-1
433,9,1074.18,132.80,321.73,829.32,1,-1,-1,-1
433,26,-81.45,-20.19,238.65,921.54,1,-1,-1,-1
433,30,-11.08,-11.97,488.18,1066.51,1,-1,-1,-1
433,31,597.98,328.33,94.90,223.88,1,-1,-1,-1
433,32,1056.23,327.61,94.59,229.80,1,-1,-1,-1
433,33,889.50,236.69,137.69,439.72,1,-1,-1,-1
434,1,698.18,207.44,179.37,535.92,1,-1,-1,-1
434,9,1071.08,130.84,324.12,832.23,1,-1,-1,-1
434,26,-87.48,-25.10,238.65,921.54,1,-1,-1,-1
434,30,-20.62,-11.34,486.51,1068.29,1,-1,-1,-1
434,31,594.83,327.17,94.88,224.39,1,-1,-1,-1
434,32,1058.85,327.08,94.59,229.80,1,-1,-1,-1
434,33,889.11,234.73,137.19,439.95,1,-1,-1,-1
435,1,692.88,205.77,178.94,536.30,1,-1,-1,-1
435,9,1067.49,129.65,328.47,832.20,1,-1,-1,-1
435,26,-93.50,-30.01,238.65,921.54,1,-1,-1,-1
435,30,-28.01,-10.67,484.75,1069.83,1,-1,-1,-1
435,31,592.35,326.41,94.80,225.73,1,-1,-1,-1
435,32,1061.47,326.55,94.59,229.80,1,-1,-1,-1
435,33,888.87,232.58,136.94,440.00,1,-1,-1,-1
436,1,687.64,203.19,178.33,535.51,1,-1,-1,-1
436,9,1065.53,128.93,331.25,833.50,1,-1,-1,-1
436,26,-99.53,-34.92,238.65,921.54,1,-1,-1,-1
436,30,-33.57,-9.99,478.55,1071.17,1,-1,-1,-1
436,31,590.17,324.21,94.97,227.07,1,-1,-1,-1
436,32,1064.09,326.02,94.59,229.80,1,-1,-1,-1
436,33,888.11,230.49,136.79,440.72,1,-1,-1,-1
437,1,681.70,200.03,178.45,536.54,1,-1,-1,-1
437,9,1063.32,127.73,334.43,833.13,1,-1,-1,-1
437,26,-105.56,-39.83,238.65,921.54,1,-1,-1,-1
437,30,-37.59,-9.30,471.81,1072.34,1,-1,-1,-1
437,31,587.79,321.95,95.23,228.95,1,-1,-1,-1
437,32,1066.71,325.49,94.59,229.80,1,-1,-1,-1
437,33,887.85,228.44,136.73,441.05,1,-1,-1,-1
438,1,677.61,198.98,177.45,534.98,1,-1,-1,-1
438,9,1062.41,125.87,337.57,832.12,1,-1,-1,-1
438,26,-111.58,-44.74,238.65,921.54,1,-1,-1,-1
438,30,-40.33,-8.62,461.38,1073.35,1,-1,-1,-1
438,31,585.27,319.71,95.89,231.00,1,-1,-1,-1
438,32,1069.33,324.97,94.59,229.80,1,-1,-1,-1
438,33,887.51,226.38,136.42,441.17,1,-1,-1,-1
439,1,672.31,198.50,178.08,534.19,1,-1,-1,-1
439,9,1063.92,123.57,340.03,833.50,1,-1,-1,-1
439,26,-117.61,-49.65,238.65,921.54,1,-1,-1,-1
439,30,-40.89,-7.95,446.84,1074.22,1,-1,-1,-1
439,31,582.28,317.05,96.62,233.49,1,-1,-1,-1
439,32,1071.95,324.44,94.59,229.80,1,-1,-1,-1
439,33,886.41,225.27,136.14,441.16,1,-1,-1,-1
440,1,668.79,197.59,177.49,533.03,1,-1,-1,-1
440,9,1068.97,125.09,338.59,831.72,1,-1,-1,-1
440,26,-123.63,-54.56,238.65,921.54,1,-1,-1,-1
440,30,-41.85,-7.30,431.22,1074.98,1,-1,-1,-1
440,31,579.85,313.83,97.40,235.38,1,-1,-1,-1
440,32,1074.57,323.91,94.59,229.80,1,-1,-1,-1
440,33,885.28,223.87,136.45,441.46,1,-1,-1,-1
441,1,665.90,196.24,176.91,532.16,1,-1,-1,-1
441,9,1073.58,121.99,337.80,833.85,1,-1,-1,-1
441,26,-129.66,-59.47,238.65,921.54,1,-1,-1,-1
441,30,-41.67,-6.67,412.37,1075.65,1,-1,-1,-1
441,31,576.42,312.36,98.79,236.57,1,-1,-1,-1
441,32,1077.19,323.38,94.59,229.80,1,-1,-1,-1
441,33,886.05,223.26,135.87,441.54,1,-1,-1,-1
442,1,663.93,196.02,176.44,531.14,1,-1,-1,-1
442,9,1077.59,119.74,338.24,834.16,1,-1,-1,-1
442,26,-135.69,-64.38,238.65,921.54,1,-1,-1,-1
442,30,-41.37,-6.07,394.70,1076.22,1,-1,-1,-1
442,31,575.13,310.50,99.28,238.27,1,-1,-1,-1
442,32,1079.81,322.85,94.59,229.80,1,-1,-1,-1
442,33,886.67,221.71,135.96,442.75,1,-1,-1,-1
443,1,663.19,197.25,176.04,528.84,1,-1,-1,-1
443,9,1079.93,121.13,339.05,832.18,1,-1,-1,-1
443,26,-141.71,-69.29,238.65,921.54,1,-1,-1,-1
443,30,-50.82,-7.09,394.70,1076.22,1,-1,-1,-1
443,31,573.32,309.14,100.39,240.33,1,-1,-1,-1
443,32,1082.43,322.33,94.59,229.80,1,-1,-1,-1
443,33,888.92,221.77,135.94,442.23,1,-1,-1,-1
444,1,662.18,198.75,177.10,528.41,1,-1,-1,-1
444,9,1085.85,118.73,338.65,832.60,1,-1,-1,-1
444,26,-147.74,-74.20,238.65,921.54,1,-1,-1,-1
444,30,-60.26,-8.12,394.70,1076.22,1,-1,-1,-1
444,31,572.58,306.99,101.37,242.82,1,-1,-1,-1
444,32,1085.05,321.80,94.59,229.80,1,-1,-1,-1
444,33,891.40,221.26,136.20,442.85,1,-1,-1,-1
445,1,661.85,198.48,178.21,527.67,1,-1,-1,-1
445,9,1091.52,118.23,336.59,830.94,1,-1,-1,-1
445,26,-153.76,-79.11,238.65,921.54,1,-1,-1,-1
445,30,-69.70,-9.14,394.70,1076.22,1,-1,-1,-1
445,31,571.99,304.83,102.25,245.53,1,-1,-1,-1
445,32,1073.41,306.87,89.88,235.20,1,-1,-1,-1
445,33,894.23,220.54,136.24,443.99,1,-1,-1,-1
446,1,662.56,199.53,178.94,527.27,1,-1,-1,-1
446,9,1097.55,116.87,335.06,831.12,1,-1,-1,-1
446,26,-159.79,-84.02,238.65,921.54,1,-1,-1,-1
446,30,-79.14,-10.16,394.70,1076.22,1,-1,-1,-1
446,31,571.40,302.67,103.34,248.35,1,-1,-1,-1
446,32,1074.89,303.87,86.60,237.95,1,-1,-1,-1
446,33,896.96,218.96,136.54,445.65,1,-1,-1,-1
447,1,664.10,199.98,179.76,527.43,1,-1,-1,-1
447,9,1103.20,118.94,334.37,831.24,1,-1,-1,-1
447,26,-165.82,-88.93,238.65,921.54,1,-1,-1,-1
447,30,-88.59,-11.19,394.70,1076.22,1,-1,-1,-1
447,31,571.51,301.39,104.38,250.26,1,-1,-1,-1
447,32,1078.97,305.61,84.90,238.05,1,-1,-1,-1
447,33,900.29,218.76,136.69,443.98,1,-1,-1,-1
448,1,667.58,200.34,179.56,526.78,1,-1,-1,-1
448,9,1109.92,122.64,333.83,830.57,1,-1,-1,-1
448,26,-171.84,-93.84,238.65,921.54,1,-1,-1,-1
448,30,-98.03,-12.21,394.70,1076.22,1,-1,-1,-1
448,31,573.11,301.57,105.04,251.49,1,-1,-1,-1
448,32,1084.81,306.87,82.66,238.79,1,-1,-1,-1
448,33,904.22,218.62,136.99,443.40,1,-1,-1,-1
448,34,846.20,286.80,79.40,247.00,1,-1,-1,-1
449,1,671.43,200.79,180.06,526.69,1,-1,-1,-1
449,9,1118.14,124.58,332.17,830.42,1,-1,-1,-1
449,26,-177.87,-98.75,238.65,921.54,1,-1,-1,-1
449,30,-107.47,-13.23,394.70,1076.22,1,-1,-1,-1
449,31,575.28,301.83,106.04,252.67,1,-1,-1,-1
449,32,1090.44,306.84,81.87,239.30,1,-1,-1,-1
449,33,909.36,219.18,137.05,443.23,1,-1,-1,-1
449,34,852.37,287.80,78.90,247.81,1,-1,-1,-1
450,1,676.82,200.11,179.57,527.77,1,-1,-1,-1
450,9,1127.94,125.57,330.13,832.48,1,-1,-1,-1
450,26,-183.89,-103.66,238.65,921.54,1,-1,-1,-1
450,30,-116.91,-14.26,394.70,1076.22,1,-1,-1,-1
450,31,578.16,301.96,106.44,253.88,1,-1,-1,-1
450,32,1095.68,306.80,82.18,240.20,1,-1,-1,-1
450,33,914.39,218.94,137.44,443.25,1,-1,-1,-1
450,34,858.53,288.79,78.90,247.81,1,-1,-1,-1
451,1,682.26,200.04,179.39,528.07,1,-1,-1,-1
451,9,1135.02,129.50,329.81,830.67,1,-1,-1,-1
451,26,-189.92,-108.57,238.65,921.54,1,-1,-1,-1
451,30,-126.36,-15.28,394.70,1076.22,1,-1,-1,-1
451,31,581.09,302.61,107.22,254.76,1,-1,-1,-1
451,32,1102.57,307.14,81.91,241.48,1,-1,-1,-1
451,33,919.52,219.38,138.47,442.06,1,-1,-1,-1
451,34,864.69,289.78,78.90,247.81,1,-1,-1,-1
452,1,688.50,200.62,178.68,527.36,1,-1,-1,-1
452,9,1143.02,132.94,328.40,829.04,1,-1,-1,-1
452,26,-195.95,-113.48,238.65,921.54,1,-1,-1,-1
452,30,-135.80,-16.31,394.70,1076.22,1,-1,-1,-1
452,31,583.85,302.98,108.03,255.87,1,-1,-1,-1
452,32,1109.69,309.15,81.50,241.92,1,-1,-1,-1
452,33,924.83,219.58,138.63,441.22,1,-1,-1,-1
452,34,870.86,290.78,78.90,247.81,1,-1,-1,-1
453,1,696.10,201.25,177.24,526.49,1,-1,-1,-1
453,9,1150.86,136.33,328.07,829.23,1,-1,-1,-1
453,26,-201.97,-118.39,238.65,921.54,1,-1,-1,-1
453,30,-145.24,-17.33,394.70,1076.22,1,-1,-1,-1
453,31,586.46,302.16,108.77,258.06,1,-1,-1,-1
453,32,1116.24,311.02,82.38,241.89,1,-1,-1,-1
453,33,930.79,219.35,138.54,440.90,1,-1,-1,-1
453,34,877.02,291.77,78.90,247.81,1,-1,-1,-1
454,1,703.41,200.19,176.89,526.94,1,-1,-1,-1
454,9,1159.34,138.13,327.15,827.62,1,-1,-1,-1
454,26,-208.00,-123.30,238.65,921.54,1,-1,-1,-1
454,30,-154.68,-18.35,394.70,1076.22,1,-1,-1,-1
454,31,589.90,301.44,109.09,260.04,1,-1,-1,-1
454,32,1124.07,312.81,81.67,242.07,1,-1,-1,-1
454,33,937.35,219.68,138.59,441.00,1,-1,-1,-1
454,34,883.18,292.76,78.90,247.81,1,-1,-1,-1
455,1,711.89,200.80,175.78,527.87,1,-1,-1,-1
455,9,1169.15,139.17,325.86,829.94,1,-1,-1,-1
455,26,-214.03,-128.21,238.65,921.54,1,-1,-1,-1
455,30,-164.13,-19.38,394.70,1076.22,1,-1,-1,-1
455,31,593.46,300.69,109.58,261.80,1,-1,-1,-1
455,32,1127.62,312.45,81.67,242.07,1,-1,-1,-1
455,33,944.04,219.52,139.13,440.85,1,-1,-1,-1
455,34,889.34,293.76,78.90,247.81,1,-1,-1,-1
456,1,720.03,201.74,174.86,526.70,1,-1,-1,-1
456,9,1176.58,140.44,325.25,830.59,1,-1,-1,-1
456,26,-220.05,-133.12,238.65,921.54,1,-1,-1,-1
456,30,-173.57,-20.40,394.70,1076.22,1,-1,-1,-1
456,31,597.84,299.13,109.70,263.91,1,-1,-1,-1
456,32,1119.14,310.30,81.79,244.06,1,-1,-1,-1
456,33,950.93,218.53,138.85,441.27,1,-1,-1,-1
456,34,895.51,294.75,78.90,247.81,1,-1,-1,-1
457,1,728.11,202.49,174.71,526.70,1,-1,-1,-1
457,9,1183.60,141.39,324.91,830.41,1,-1,-1,-1
457,26,-226.08,-138.03,238.65,921.54,1,-1,-1,-1
457,30,-183.01,-21.42,394.70,1076.22,1,-1,-1,-1
457,31,602.32,298.09,110.07,265.62,1,-1,-1,-1
457,32,1113.15,307.80,82.89,245.78,1,-1,-1,-1
457,33,957.79,217.35,138.70,442.46,1,-1,-1,-1
457,34,901.67,295.75,78.90,247.81,1,-1,-1,-1
458,1,736.72,202.68,173.94,526.74,1,-1,-1,-1
458,9,1190.27,141.57,324.99,829.34,1,-1,-1,-1
458,26,-232.10,-142.94,238.65,921.54,1,-1,-1,-1
458,30,-192.45,-22.45,394.70,1076.22,1,-1,-1,-1
458,31,607.18,296.08,110.35,267.91,1,-1,-1,-1
458,32,1109.37,306.78,85.25,246.18,1,-1,-1,-1
458,33,965.84,216.57,138.02,443.91,1,-1,-1,-1
458,34,918.91,291.64,75.19,245.61,1,-1,-1,-1
459,1,744.41,201.96,174.23,527.13,1,-1,-1,-1
459,9,1196.04,140.76,325.86,828.24,1,-1,-1,-1
459,26,-238.13,-147.85,238.65,921.54,1,-1,-1,-1
459,30,-201.90,-23.47,394.70,1076.22,1,-1,-1,-1
459,31,612.47,294.01,110.05,270.01,1,-1,-1,-1
459,32,1108.30,304.82,86.41,247.69,1,-1,-1,-1
459,33,973.11,215.80,138.21,445.62,1,-1,-1,-1
459,34,926.19,292.12,75.19,245.61,1,-1,-1,-1
460,1,751.76,201.64,174.96,526.72,1,-1,-1,-1
460,9,1201.59,138.84,326.70,828.99,1,-1,-1,-1
460,26,-244.16,-152.76,238.65,921.54,1,-1,-1,-1
460,30,-211.34,-24.50,394.70,1076.22,1,-1,-1,-1
460,31,617.43,291.96,109.43,271.88,1,-1,-1,-1
460,32,1108.73,303.44,87.49,248.49,1,-1,-1,-1
460,33,980.29,214.45,138.35,446.90,1,-1,-1,-1
460,34,930.86,289.66,74.51,244.56,1,-1,-1,-1
461,1,759.12,201.93,174.70,525.37,1,-1,-1,-1
461,9,1203.99,137.57,330.65,829.70,1,-1,-1,-1
461,26,-250.18,-157.67,238.65,921.54,1,-1,-1,-1
461,30,-220.78,-25.52,394.70,1076.22,1,-1,-1,-1
461,31,621.33,290.04,109.39,273.86,1,-1,-1,-1
461,32,1109.43,301.28,88.12,250.22,1,-1,-1,-1
461,33,985.80,212.69,138.87,448.99,1,-1,-1,-1
461,34,937.91,289.88,74.51,244.56,1,-1,-1,-1
462,1,766.35,201.01,173.69,523.66,1,-1,-1,-1
462,9,1208.73,135.54,333.00,831.33,1,-1,-1,-1
462,26,-256.21,-162.58,238.65,921.54,1,-1,-1,-1
462,30,-230.22,-26.54,394.70,1076.22,1,-1,-1,-1
462,31,625.33,288.48,108.79,275.61,1,-1,-1,-1
462,32,1110.14,298.75,89.01,252.44,1,-1,-1,-1
462,33,990.89,212.32,138.97,448.68,1,-1,-1,-1
462,34,944.97,290.10,74.51,244.56,1,-1,-1,-1
463,1,772.22,200.93,172.85,522.85,1,-1,-1,-1
463,9,1211.62,132.04,335.69,834.52,1,-1,-1,-1
463,30,-239.67,-27.57,394.70,1076.22,1,-1,-1,-1
463,31,628.42,286.04,108.33,278.67,1,-1,-1,-1
463,32,1110.65,296.75,89.64,254.14,1,-1,-1,-1
463,33,994.49,210.85,139.85,450.08,1,-1,-1,-1
463,34,950.43,282.89,73.49,246.36,1,-1,-1,-1
464,1,775.47,198.85,172.77,522.42,1,-1,-1,-1
464,9,1214.37,127.13,337.50,837.85,1,-1,-1,-1
464,30,-249.11,-28.59,394.70,1076.22,1,-1,-1,-1
464,31,630.84,284.42,107.78,279.98,1,-1,-1,-1
464,32,1111.02,294.22,90.18,255.54,1,-1,-1,-1
464,33,997.51,208.59,140.60,452.12,1,-1,-1,-1
464,34,957.37,282.56,73.49,246.36,1,-1,-1,-1
465,1,776.91,195.99,173.54,521.92,1,-1,-1,-1
465,9,1215.52,124.62,340.37,838.90,1,-1,-1,-1
465,30,-258.55,-29.61,394.70,1076.22,1,-1,-1,-1
465,31,632.12,282.38,107.30,281.47,1,-1,-1,-1
465,32,1110.72,291.92,91.15,256.72,1,-1,-1,-1
465,33,999.40,206.87,141.89,453.33,1,-1,-1,-1
465,34,964.31,282.23,73.49,246.36,1,-1,-1,-1
466,1,779.36,192.80,172.93,522.15,1,-1,-1,-1
466,9,1213.08,118.62,344.45,843.17,1,-1,-1,-1
466,30,-267.99,-30.64,394.70,1076.22,1,-1,-1,-1
466,31,631.98,280.33,107.38,283.56,1,-1,-1,-1
466,32,1109.39,288.47,92.15,258.21,1,-1,-1,-1
466,33,1000.93,205.67,143.78,455.17,1,-1,-1,-1
466,34,971.25,281.90,73.49,246.36,1,-1,-1,-1
467,1,780.11,189.40,172.68,522.13,1,-1,-1,-1
467,9,1210.11,115.31,348.87,846.81,1,-1,-1,-1
467,30,-277.44,-31.66,394.70,1076.22,1,-1,-1,-1
467,31,630.57,277.99,107.95,285.59,1,-1,-1,-1
467,32,1109.05,285.50,92.36,259.19,1,-1,-1,-1
467,33,1003.05,204.22,144.64,455.32,1,-1,-1,-1
467,34,978.19,281.57,73.49,246.36,1,-1,-1,-1
468,1,780.97,186.51,171.98,521.81,1,-1,-1,-1
468,9,1206.90,113.03,352.93,850.80,1,-1,-1,-1
468,30,-286.88,-32.69,394.70,1076.22,1,-1,-1,-1
468,31,627.97,275.49,108.67,288.02,1,-1,-1,-1
468,32,1106.78,283.23,93.26,260.05,1,-1,-1,-1
468,33,1003.77,203.05,145.94,456.73,1,-1,-1,-1
468,34,985.13,281.24,73.49,246.36,1,-1,-1,-1
469,1,780.17,184.08,172.00,521.01,1,-1,-1,-1
469,9,1203.64,108.02,356.42,858.97,1,-1,-1,-1
469,30,-296.32,-33.71,394.70,1076.22,1,-1,-1,-1
469,31,624.46,274.35,109.13,289.25,1,-1,-1,-1
469,32,1107.55,281.73,93.26,260.05,1,-1,-1,-1
469,33,1003.78,202.85,147.43,457.07,1,-1,-1,-1
469,34,992.06,280.91,73.49,246.36,1,-1,-1,-1
470,1,778.25,180.39,172.60,522.27,1,-1,-1,-1
470,9,1200.81,104.40,358.64,865.65,1,-1,-1,-1
470,30,-305.76,-34.73,394.70,1076.22,1,-1,-1,-1
470,31,619.99,272.49,109.91,291.34,1,-1,-1,-1
470,32,1108.32,280.22,93.26,260.05,1,-1,-1,-1
470,33,1003.57,201.10,147.86,458.14,1,-1,-1,-1
470,34,999.00,280.57,73.49,246.36,1,-1,-1,-1
471,1,777.02,177.65,172.58,523.20,1,-1,-1,-1
471,9,1198.85,102.10,359.73,869.39,1,-1,-1,-1
471,30,-315.21,-35.76,394.70,1076.22,1,-1,-1,-1
471,31,614.58,270.78,110.86,292.83,1,-1,-1,-1
471,32,1105.66,276.03,93.43,263.85,1,-1,-1,-1
471,33,1002.75,199.36,148.01,458.99,1,-1,-1,-1
471,34,1005.94,280.24,73.49,246.36,1,-1,-1,-1
472,1,775.68,175.13,172.68,524.40,1,-1,-1,-1
472,9,1195.11,100.18,361.72,874.14,1,-1,-1,-1
472,31,608.72,268.17,112.32,295.56,1,-1,-1,-1
472,32,1102.85,271.75,94.06,267.38,1,-1,-1,-1
472,33,1001.39,199.30,148.35,457.42,1,-1,-1,-1
472,34,1012.88,279.91,73.49,246.36,1,-1,-1,-1
473,1,774.14,172.33,173.19,526.64,1,-1,-1,-1
473,9,1192.64,99.21,362.86,876.05,1,-1,-1,-1
473,31,601.90,265.49,114.19,297.68,1,-1,-1,-1
473,32,1103.19,269.91,94.06,267.38,1,-1,-1,-1
473,33,999.42,199.01,148.66,456.49,1,-1,-1,-1
473,34,1019.82,279.58,73.49,246.36,1,-1,-1,-1
474,1,772.40,170.96,173.83,527.24,1,-1,-1,-1
474,9,1190.91,99.77,362.50,876.03,1,-1,-1,-1
474,31,594.48,263.64,116.25,298.89,1,-1,-1,-1
474,32,1100.37,268.16,93.27,268.86,1,-1,-1,-1
474,33,997.42,196.97,148.71,456.38,1,-1,-1,-1
474,34,1026.76,279.25,73.49,246.36,1,-1,-1,-1
475,1,770.75,169.96,174.44,527.15,1,-1,-1,-1
475,9,1189.18,100.04,362.22,876.29,1,-1,-1,-1
475,31,586.97,261.01,118.42,301.05,1,-1,-1,-1
475,32,1097.17,266.91,93.01,269.65,1,-1,-1,-1
475,33,995.09,195.43,148.28,454.87,1,-1,-1,-1
475,34,1033.70,278.92,73.49,246.36,1,-1,-1,-1
476,1,768.40,169.23,175.99,527.67,1,-1,-1,-1
476,9,1188.32,98.94,361.30,877.43,1,-1,-1,-1
476,31,580.29,258.28,120.44,303.55,1,-1,-1,-1
476,32,1093.41,266.66,94.03,269.61,1,-1,-1,-1
476,33,992.30,193.88,147.79,454.77,1,-1,-1,-1
476,34,1040.64,278.59,73.49,246.36,1,-1,-1,-1
477,1,767.01,168.84,177.42,527.98,1,-1,-1,-1
477,9,1188.20,96.15,360.55,877.05,1,-1,-1,-1
477,31,574.23,255.37,122.05,308.06,1,-1,-1,-1
477,32,1090.51,265.75,95.57,270.16,1,-1,-1,-1
477,33,988.73,192.99,147.85,455.22,1,-1,-1,-1
477,34,1047.58,278.26,73.49,246.36,1,-1,-1,-1
478,1,766.43,169.54,178.48,528.71,1,-1,-1,-1
478,9,1189.17,94.79,358.98,876.26,1,-1,-1,-1
478,31,567.22,254.93,123.67,311.52,1,-1,-1,-1
478,32,1088.34,265.69,96.71,270.63,1,-1,-1,-1
478,33,986.17,192.21,147.25,455.84,1,-1,-1,-1
478,34,1054.52,277.93,73.49,246.36,1,-1,-1,-1
479,1,766.51,170.51,179.14,528.89,1,-1,-1,-1
479,9,1186.93,92.83,361.45,875.06,1,-1,-1,-1
479,31,560.51,256.13,125.14,313.31,1,-1,-1,-1
479,32,1086.78,266.09,97.78,270.86,1,-1,-1,-1
479,33,983.28,192.32,146.71,455.15,1,-1,-1,-1
479,34,1061.46,277.60,73.49,246.36,1,-1,-1,-1
480,1,767.73,171.29,179.57,528.43,1,-1,-1,-1
480,9,1187.77,92.69,361.30,875.13,1,-1,-1,-1
480,31,554.07,256.94,127.64,317.00,1,-1,-1,-1
480,32,1085.30,266.35,98.71,271.69,1,-1,-1,-1
480,33,980.53,192.41,146.01,455.76,1,-1,-1,-1
480,34,1068.40,277.26,73.49,246.36,1,-1,-1,-1
481,1,770.03,171.95,178.90,527.54,1,-1,-1,-1
481,9,1186.57,91.36,363.50,873.52,1,-1,-1,-1
481,31,547.35,255.97,129.82,320.83,1,-1,-1,-1
481,32,1084.79,266.53,99.24,273.56,1,-1,-1,-1
481,33,978.78,193.35,145.69,455.67,1,-1,-1,-1
481,34,1075.34,276.93,73.49,246.36,1,-1,-1,-1
482,1,773.58,173.50,177.98,525.81,1,-1,-1,-1
482,9,1187.24,91.40,364.01,873.97,1,-1,-1,-1
482,31,541.13,258.23,131.58,322.02,1,-1,-1,-1
482,32,1083.90,267.88,100.16,274.64,1,-1,-1,-1
482,33,978.05,194.70,144.85,455.52,1,-1,-1,-1
482,34,1082.27,276.60,73.49,246.36,1,-1,-1,-1
483,1,775.86,175.05,178.31,524.27,1,-1,-1,-1
483,9,1189.27,93.93,364.24,872.96,1,-1,-1,-1
483,31,535.62,259.14,133.29,325.87,1,-1,-1,-1
483,32,1084.20,267.26,100.69,276.06,1,-1,-1,-1
483,33,978.15,194.60,144.38,456.20,1,-1,-1,-1
483,34,1089.21,276.27,73.49,246.36,1,-1,-1,-1
484,1,779.81,177.12,178.86,523.19,1,-1,-1,-1
484,9,1191.52,96.39,363.61,873.67,1,-1,-1,-1
484,31,530.76,260.02,135.07,329.53,1,-1,-1,-1
484,32,1084.84,267.78,101.35,277.29,1,-1,-1,-1
484,33,978.53,195.35,144.08,457.11,1,-1,-1,-1
484,34,1096.15,275.94,73.49,246.36,1,-1,-1,-1
485,1,783.85,178.48,179.71,521.98,1,-1,-1,-1
485,9,1195.23,98.59,362.32,876.48,1,-1,-1,-1
485,31,526.06,260.65,138.37,332.19,1,-1,-1,-1
485,32,1086.29,269.80,101.86,277.53,1,-1,-1,-1
485,33,979.76,197.20,143.79,457.33,1,-1,-1,-1
485,34,1103.09,275.61,73.49,246.36,1,-1,-1,-1
486,1,790.36,180.10,178.46,522.44,1,-1,-1,-1
486,9,1196.87,100.33,361.99,879.07,1,-1,-1,-1
486,31,523.33,261.26,140.02,334.77,1,-1,-1,-1
486,32,1087.74,271.27,102.73,278.85,1,-1,-1,-1
486,33,981.15,198.20,143.45,459.16,1,-1,-1,-1
486,34,1110.03,275.28,73.49,246.36,1,-1,-1,-1
487,1,797.52,184.39,177.57,521.31,1,-1,-1,-1
487,9,1199.37,102.48,362.12,884.28,1,-1,-1,-1
487,31,521.72,261.66,141.70,337.34,1,-1,-1,-1
487,32,1091.22,273.99,103.72,279.27,1,-1,-1,-1
487,33,983.29,200.85,143.43,459.40,1,-1,-1,-1
487,34,1116.97,274.95,73.49,246.36,1,-1,-1,-1
488,1,804.77,187.63,176.86,521.50,1,-1,-1,-1
488,9,1203.30,107.40,362.00,887.10,1,-1,-1,-1
488,31,520.43,261.54,143.40,341.41,1,-1,-1,-1
488,32,1094.65,276.73,104.89,279.61,1,-1,-1,-1
488,33,986.33,204.90,142.93,458.53,1,-1,-1,-1
488,34,1123.91,274.62,73.49,246.36,1,-1,-1,-1
489,1,812.28,190.43,176.11,521.12,1,-1,-1,-1
489,9,1207.07,111.99,361.70,889.33,1,-1,-1,-1
489,31,519.99,262.27,144.51,344.73,1,-1,-1,-1
489,32,1099.03,279.78,105.66,280.13,1,-1,-1,-1
489,33,989.55,209.14,142.17,457.25,1,-1,-1,-1
489,34,1130.85,274.28,73.49,246.36,1,-1,-1,-1
490,1,819.19,194.36,176.76,520.31,1,-1,-1,-1
490,9,1210.46,117.29,362.95,892.55,1,-1,-1,-1
490,31,519.41,263.94,145.97,347.28,1,-1,-1,-1
490,32,1104.40,282.70,106.03,280.78,1,-1,-1,-1
490,33,992.48,213.81,142.32,455.25,1,-1,-1,-1
490,34,1137.79,273.95,73.49,246.36,1,-1,-1,-1
491,1,825.94,199.61,177.63,519.13,1,-1,-1,-1
491,9,1212.29,121.94,363.52,891.93,1,-1,-1,-1
491,31,518.89,265.18,147.71,351.38,1,-1,-1,-1
491,32,1109.18,286.10,106.33,281.51,1,-1,-1,-1
491,33,995.72,217.40,141.90,454.92,1,-1,-1,-1
491,34,1144.73,273.62,73.49,246.36,1,-1,-1,-1
492,1,831.97,204.72,178.29,518.54,1,-1,-1,-1
492,9,1214.22,125.33,364.98,892.99,1,-1,-1,-1
492,31,518.37,265.97,149.03,355.65,1,-1,-1,-1
492,32,1113.99,290.17,106.66,282.84,1,-1,-1,-1
492,33,998.36,221.34,141.82,454.30,1,-1,-1,-1
492,34,1151.67,273.29,73.49,246.36,1,-1,-1,-1
493,1,838.53,210.05,177.96,516.74,1,-1,-1,-1
493,9,1215.65,127.84,365.16,893.64,1,-1,-1,-1
493,31,517.41,266.32,150.88,360.51,1,-1,-1,-1
493,32,1118.45,294.09,106.68,283.87,1,-1,-1,-1
493,33,1000.20,224.92,141.27,453.95,1,-1,-1,-1
493,34,1158.61,272.96,73.49,246.36,1,-1,-1,-1
494,1,843.44,214.21,178.73,514.97,1,-1,-1,-1
494,9,1216.87,129.12,363.82,895.85,1,-1,-1,-1
494,31,514.59,267.77,153.30,364.79,1,-1,-1,-1
494,32,1122.50,298.37,106.47,284.13,1,-1,-1,-1
494,33,1001.63,227.11,140.75,454.13,1,-1,-1,-1
494,34,1165.55,272.63,73.49,246.36,1,-1,-1,-1
495,1,848.53,218.28,179.11,514.40,1,-1,-1,-1
495,9,1217.31,129.68,362.97,897.47,1,-1,-1,-1
495,31,512.43,269.00,154.63,368.60,1,-1,-1,-1
495,32,1126.21,301.86,106.45,285.22,1,-1,-1,-1
495,33,1002.58,229.51,140.55,454.81,1,-1,-1,-1
495,34,1172.49,272.30,73.49,246.36,1,-1,-1,-1
496,1,853.50,222.48,178.25,513.70,1,-1,-1,-1
496,9,1216.34,129.37,363.42,899.61,1,-1,-1,-1
496,31,509.85,270.22,156.55,373.23,1,-1,-1,-1
496,32,1129.48,304.52,106.63,286.81,1,-1,-1,-1
496,33,1003.56,232.59,140.17,453.91,1,-1,-1,-1
496,34,1179.42,271.97,73.49,246.36,1,-1,-1,-1
497,1,856.27,225.92,178.81,512.01,1,-1,-1,-1
497,9,1213.69,126.03,363.67,902.39,1,-1,-1,-1
497,31,507.88,271.31,157.28,375.77,1,-1,-1,-1
497,32,1131.72,306.09,107.55,288.77,1,-1,-1,-1
497,33,1003.35,234.09,140.69,453.97,1,-1,-1,-1
497,34,1186.36,271.64,73.49,246.36,1,-1,-1,-1
498,1,858.28,229.08,179.90,509.72,1,-1,-1,-1
498,9,1211.56,123.36,363.28,904.36,1,-1,-1,-1
498,31,503.88,273.64,158.44,380.00,1,-1,-1,-1
498,32,1133.75,306.83,108.30,291.82,1,-1,-1,-1
498,33,1003.88,235.43,141.20,454.50,1,-1,-1,-1
498,34,1193.30,271.31,73.49,246.36,1,-1,-1,-1
499,1,861.56,232.23,179.41,508.69,1,-1,-1,-1
499,9,1210.25,121.65,362.53,907.97,1,-1,-1,-1
499,31,498.33,274.88,159.95,383.53,1,-1,-1,-1
499,32,1134.67,307.88,109.88,293.90,1,-1,-1,-1
499,33,1003.03,236.98,141.67,454.51,1,-1,-1,-1
499,34,1200.24,270.97,73.49,246.36,1,-1,-1,-1
500,1,862.73,233.25,180.37,508.06,1,-1,-1,-1
500,9,1210.36,120.02,360.56,912.52,1,-1,-1,-1
500,31,493.03,275.27,161.74,387.68,1,-1,-1,-1
500,32,1134.79,308.56,111.44,295.60,1,-1,-1,-1
500,33,1003.17,238.39,142.04,454.25,1,-1,-1,-1
500,34,1207.18,270.64,73.49,246.36,1,-1,-1,-1
501,1,864.81,234.69,180.10,508.37,1,-1,-1,-1
501,9,1211.62,121.92,358.59,912.73,1,-1,-1,-1
501,31,486.54,276.82,162.68,390.54,1,-1,-1,-1
501,32,1135.16,309.86,111.65,296.62,1,-1,-1,-1
501,33,1003.56,239.69,142.31,453.86,1,-1,-1,-1
501,34,1214.12,270.31,73.49,246.36,1,-1,-1,-1
502,1,866.59,236.33,179.48,507.22,1,-1,-1,-1
502,9,1209.07,122.15,361.15,911.71,1,-1,-1,-1
502,31,481.09,277.52,163.26,394.63,1,-1,-1,-1
502,32,1135.28,312.43,112.26,295.41,1,-1,-1,-1
502,33,1002.79,239.24,141.91,454.60,1,-1,-1,-1
502,34,1221.06,269.98,73.49,246.36,1,-1,-1,-1
503,1,867.46,234.88,179.88,508.59,1,-1,-1,-1
503,9,1208.82,120.80,359.47,916.34,1,-1,-1,-1
503,31,473.44,276.79,164.60,399.40,1,-1,-1,-1
503,32,1134.37,313.46,112.74,295.54,1,-1,-1,-1
503,33,1001.62,239.31,141.50,454.67,1,-1,-1,-1
503,34,1228.00,269.65,73.49,246.36,1,-1,-1,-1
504,1,869.23,234.59,178.31,508.93,1,-1,-1,-1
504,9,1208.04,118.57,358.92,921.43,1,-1,-1,-1
504,31,465.83,274.61,166.80,403.54,1,-1,-1,-1
504,32,1133.10,314.18,113.16,295.54,1,-1,-1,-1
504,33,1000.73,239.28,141.42,454.21,1,-1,-1,-1
505,1,870.62,233.29,177.57,509.39,1,-1,-1,-1
505,9,1207.70,117.48,358.92,925.30,1,-1,-1,-1
505,31,457.49,271.58,167.72,409.33,1,-1,-1,-1
505,32,1132.02,312.61,113.57,295.53,1,-1,-1,-1
505,33,998.91,238.46,141.93,453.43,1,-1,-1,-1
505,35,579.00,180.10,186.70,523.70,1,-1,-1,-1
506,1,871.06,232.09,177.08,510.08,1,-1,-1,-1
506,9,1206.66,116.41,359.72,928.48,1,-1,-1,-1
506,31,447.98,268.12,169.71,414.77,1,-1,-1,-1
506,32,1129.76,312.50,114.09,295.53,1,-1,-1,-1
506,33,996.73,236.85,142.56,452.81,1,-1,-1,-1
506,35,574.82,192.84,186.59,521.03,1,-1,-1,-1
507,1,870.66,232.46,177.05,509.08,1,-1,-1,-1
507,9,1205.79,115.84,360.52,929.61,1,-1,-1,-1
507,31,437.88,266.56,170.68,418.53,1,-1,-1,-1
507,32,1128.08,312.42,114.22,294.95,1,-1,-1,-1
507,33,994.34,234.73,142.62,454.60,1,-1,-1,-1
507,35,562.85,190.96,187.16,520.94,1,-1,-1,-1
508,1,870.22,233.03,177.14,507.63,1,-1,-1,-1
508,9,1205.04,115.01,361.48,931.60,1,-1,-1,-1
508,31,428.20,264.19,171.57,422.43,1,-1,-1,-1
508,32,1125.88,310.38,114.52,295.35,1,-1,-1,-1
508,33,991.20,234.13,142.66,455.68,1,-1,-1,-1
508,35,551.95,185.83,188.82,521.72,1,-1,-1,-1
509,1,870.23,233.13,177.53,506.18,1,-1,-1,-1
509,9,1204.92,116.10,361.40,930.51,1,-1,-1,-1
509,31,417.81,261.69,172.89,427.43,1,-1,-1,-1
509,32,1122.82,309.03,115.23,294.60,1,-1,-1,-1
509,33,989.78,234.20,139.05,455.99,1,-1,-1,-1
509,35,544.79,180.67,188.80,523.08,1,-1,-1,-1
510,1,869.67,233.44,177.92,504.17,1,-1,-1,-1
510,9,1204.72,116.57,360.73,928.79,1,-1,-1,-1
510,31,405.72,259.91,175.29,432.04,1,-1,-1,-1
510,32,1119.74,305.32,115.48,295.76,1,-1,-1,-1
510,33,988.04,234.33,135.09,455.70,1,-1,-1,-1
510,35,536.03,176.64,189.52,525.86,1,-1,-1,-1
511,1,868.50,232.71,177.90,503.10,1,-1,-1,-1
511,9,1206.11,114.36,358.97,925.35,1,-1,-1,-1
511,31,395.25,258.15,176.79,436.70,1,-1,-1,-1
511,32,1115.80,302.53,116.32,297.51,1,-1,-1,-1
511,33,987.71,234.87,135.09,455.70,1,-1,-1,-1
511,35,524.70,173.90,190.78,529.38,1,-1,-1,-1
512,1,867.82,230.01,177.07,502.51,1,-1,-1,-1
512,9,1207.82,110.10,357.07,924.27,1,-1,-1,-1
512,31,383.48,253.48,179.47,444.54,1,-1,-1,-1
512,32,1113.09,297.67,116.32,299.69,1,-1,-1,-1
512,33,987.38,235.42,135.09,455.70,1,-1,-1,-1
512,35,512.12,169.70,193.20,534.02,1,-1,-1,-1
513,1,866.18,227.52,177.26,501.82,1,-1,-1,-1
513,9,1207.27,104.71,357.02,923.49,1,-1,-1,-1
513,31,370.94,250.73,182.11,450.05,1,-1,-1,-1
513,32,1110.36,295.04,116.15,299.51,1,-1,-1,-1
513,33,987.05,235.96,135.09,455.70,1,-1,-1,-1
513,35,500.88,165.90,194.78,539.07,1,-1,-1,-1
514,1,865.56,224.23,176.09,501.40,1,-1,-1,-1
514,9,1206.81,97.01,358.14,924.00,1,-1,-1,-1
514,31,359.25,249.04,185.14,455.20,1,-1,-1,-1
514,32,1107.55,291.96,116.10,300.19,1,-1,-1,-1
514,33,986.72,236.51,135.09,455.70,1,-1,-1,-1
514,35,493.93,158.45,194.85,547.16,1,-1,-1,-1
515,1,864.81,219.95,174.86,501.83,1,-1,-1,-1
515,9,1206.67,89.56,358.76,924.00,1,-1,-1,-1
515,31,347.43,245.39,187.81,461.50,1,-1,-1,-1
515,32,1105.28,287.79,116.23,301.04,1,-1,-1,-1
515,33,986.39,237.05,135.09,455.70,1,-1,-1,-1
515,35,486.09,157.41,195.63,551.43,1,-1,-1,-1
516,1,864.38,216.33,173.94,501.60,1,-1,-1,-1
516,9,1206.26,82.59,358.69,924.93,1,-1,-1,-1
516,31,335.42,244.79,189.69,466.18,1,-1,-1,-1
516,32,1103.09,283.75,116.36,302.50,1,-1,-1,-1
516,33,986.06,237.60,135.09,455.70,1,-1,-1,-1
516,35,478.33,152.87,196.94,556.63,1,-1,-1,-1
517,1,863.39,212.18,173.00,502.03,1,-1,-1,-1
517,9,1207.75,76.40,357.50,925.24,1,-1,-1,-1
517,31,322.83,242.73,192.87,470.82,1,-1,-1,-1
517,32,1101.32,280.90,116.39,303.29,1,-1,-1,-1
517,33,985.73,238.14,135.09,455.70,1,-1,-1,-1
517,35,469.08,151.68,199.27,562.11,1,-1,-1,-1
518,1,862.71,208.41,171.96,502.63,1,-1,-1,-1
518,9,1206.68,72.00,358.56,925.34,1,-1,-1,-1
518,31,312.02,241.52,195.78,476.31,1,-1,-1,-1
518,32,1099.15,276.99,117.16,304.18,1,-1,-1,-1
518,33,985.40,238.69,135.09,455.70,1,-1,-1,-1
518,35,461.15,146.82,201.42,568.81,1,-1,-1,-1
519,1,861.29,205.78,171.45,502.12,1,-1,-1,-1
519,9,1208.22,70.62,357.72,926.67,1,-1,-1,-1
519,31,300.68,240.05,198.61,481.29,1,-1,-1,-1
519,32,1097.43,273.81,117.04,305.39,1,-1,-1,-1
519,33,985.07,239.23,135.09,455.70,1,-1,-1,-1
519,35,453.87,143.23,204.39,575.40,1,-1,-1,-1
520,1,860.12,202.47,171.77,501.67,1,-1,-1,-1
520,9,1208.18,66.08,357.84,927.65,1,-1,-1,-1
520,31,289.20,238.46,202.03,486.37,1,-1,-1,-1
520,32,1096.30,270.54,117.12,306.65,1,-1,-1,-1
520,33,984.74,239.78,135.09,455.70,1,-1,-1,-1
520,35,447.42,141.64,207.50,581.99,1,-1,-1,-1
521,1,860.00,200.27,171.31,500.82,1,-1,-1,-1
521,9,1211.06,64.62,356.43,931.03,1,-1,-1,-1
521,31,277.71,236.01,205.59,491.86,1,-1,-1,-1
521,32,1095.79,268.40,116.85,307.53,1,-1,-1,-1
521,33,984.41,240.33,135.09,455.70,1,-1,-1,-1
521,35,440.94,139.97,211.26,588.50,1,-1,-1,-1
522,1,860.27,198.23,170.52,500.17,1,-1,-1,-1
522,9,1215.11,59.89,354.24,932.47,1,-1,-1,-1
522,31,267.78,230.61,208.97,499.96,1,-1,-1,-1
522,32,1095.87,265.12,117.28,308.18,1,-1,-1,-1
522,33,984.08,240.87,135.09,455.70,1,-1,-1,-1
522,35,434.24,137.23,215.41,595.56,1,-1,-1,-1
523,1,861.25,195.92,169.99,499.89,1,-1,-1,-1
523,9,1217.84,58.04,352.58,934.26,1,-1,-1,-1
523,31,257.16,225.30,211.84,509.91,1,-1,-1,-1
523,32,1095.93,262.03,118.09,308.78,1,-1,-1,-1
523,33,983.75,241.42,135.09,455.70,1,-1,-1,-1
523,35,429.34,133.06,218.66,603.94,1,-1,-1,-1
524,1,862.81,194.17,169.07,499.85,1,-1,-1,-1
524,9,1219.86,57.36,350.96,934.93,1,-1,-1,-1
524,31,247.47,221.55,215.13,516.91,1,-1,-1,-1
524,32,1097.07,258.88,118.21,310.23,1,-1,-1,-1
524,33,983.42,241.96,135.09,455.70,1,-1,-1,-1
524,35,424.88,127.48,221.28,614.14,1,-1,-1,-1
525,1,863.77,192.72,168.69,499.97,1,-1,-1,-1
525,9,1221.73,55.69,349.74,936.04,1,-1,-1,-1
525,31,239.11,219.22,217.68,523.22,1,-1,-1,-1
525,32,1099.18,255.57,118.34,312.15,1,-1,-1,-1
525,33,983.09,242.51,135.09,455.70,1,-1,-1,-1
525,35,419.52,122.77,225.61,623.85,1,-1,-1,-1
526,1,864.58,192.07,168.22,500.37,1,-1,-1,-1
526,9,1223.23,52.84,349.72,940.35,1,-1,-1,-1
526,31,230.32,217.55,220.65,528.75,1,-1,-1,-1
526,32,1101.61,251.85,118.83,314.46,1,-1,-1,-1
526,33,982.76,243.05,135.09,455.70,1,-1,-1,-1
526,35,414.63,118.89,230.28,632.70,1,-1,-1,-1
527,1,866.07,191.58,168.35,501.34,1,-1,-1,-1
527,9,1225.25,53.59,349.51,940.03,1,-1,-1,-1
527,31,223.03,214.61,222.80,534.75,1,-1,-1,-1
527,32,1104.35,251.30,119.33,314.18,1,-1,-1,-1
527,33,982.43,243.60,135.09,455.70,1,-1,-1,-1
527,35,407.95,118.27,236.75,638.74,1,-1,-1,-1
528,1,867.64,191.95,168.55,501.71,1,-1,-1,-1
528,9,1227.97,53.08,348.40,940.18,1,-1,-1,-1
528,31,215.35,214.04,225.70,540.62,1,-1,-1,-1
528,32,1107.28,250.66,120.35,314.73,1,-1,-1,-1
528,33,982.10,244.14,135.09,455.70,1,-1,-1,-1
528,35,402.94,114.37,241.70,648.27,1,-1,-1,-1
529,1,869.75,192.47,167.45,502.12,1,-1,-1,-1
529,9,1230.70,52.05,347.36,941.40,1,-1,-1,-1
529,31,207.25,211.56,228.02,548.18,1,-1,-1,-1
529,32,1110.77,250.35,121.11,314.94,1,-1,-1,-1
529,33,981.77,244.69,135.09,455.70,1,-1,-1,-1
529,35,397.47,110.28,247.39,658.09,1,-1,-1,-1
530,1,872.13,193.19,166.44,501.04,1,-1,-1,-1
530,9,1233.96,53.49,346.98,940.66,1,-1,-1,-1
530,31,200.26,207.54,229.86,559.93,1,-1,-1,-1
530,32,1114.35,251.80,121.41,314.33,1,-1,-1,-1
530,33,981.44,245.23,135.09,455.70,1,-1,-1,-1
530,35,391.09,108.48,254.31,667.11,1,-1,-1,-1
531,1,874.55,193.75,165.83,500.28,1,-1,-1,-1
531,9,1237.10,55.17,348.00,940.43,1,-1,-1,-1
531,31,193.20,207.42,232.34,567.55,1,-1,-1,-1
531,32,1118.13,253.72,121.69,313.68,1,-1,-1,-1
531,33,981.11,245.78,135.09,455.70,1,-1,-1,-1
531,35,386.22,102.14,260.02,678.80,1,-1,-1,-1
532,1,876.98,195.85,166.12,498.40,1,-1,-1,-1
532,9,1240.70,57.47,348.68,941.04,1,-1,-1,-1
532,31,185.86,203.80,235.40,580.37,1,-1,-1,-1
532,32,1121.64,255.16,122.49,314.13,1,-1,-1,-1
532,33,980.78,246.32,135.09,455.70,1,-1,-1,-1
532,35,380.54,100.19,265.83,689.00,1,-1,-1,-1
533,1,879.74,197.60,165.83,496.44,1,-1,-1,-1
533,9,1242.26,57.28,351.88,941.46,1,-1,-1,-1
533,31,178.34,201.06,238.80,593.01,1,-1,-1,-1
533,32,1124.89,257.83,123.67,314.77,1,-1,-1,-1
533,33,980.45,246.87,135.09,455.70,1,-1,-1,-1
533,35,374.38,94.99,270.85,703.12,1,-1,-1,-1
534,1,882.70,199.00,165.70,495.52,1,-1,-1,-1
534,9,1244.41,55.47,354.18,946.21,1,-1,-1,-1
534,31,170.50,199.31,241.17,604.74,1,-1,-1,-1
534,32,1128.45,260.28,125.00,315.37,1,-1,-1,-1
534,33,980.12,247.41,135.09,455.70,1,-1,-1,-1
534,35,368.13,88.56,276.03,714.83,1,-1,-1,-1
535,1,884.81,200.09,166.41,495.61,1,-1,-1,-1
535,9,1247.49,53.42,358.11,950.83,1,-1,-1,-1
535,31,162.30,196.38,244.48,616.00,1,-1,-1,-1
535,32,1132.32,261.36,125.90,316.10,1,-1,-1,-1
535,33,979.79,247.96,135.09,455.70,1,-1,-1,-1
535,35,361.31,84.47,280.18,725.72,1,-1,-1,-1
536,1,886.90,200.62,166.91,496.47,1,-1,-1,-1
536,9,1247.85,49.74,362.28,958.29,1,-1,-1,-1
536,31,152.57,197.36,248.73,625.53,1,-1,-1,-1
536,32,1135.92,261.91,126.89,317.56,1,-1,-1,-1
536,35,350.34,78.01,286.60,737.96,1,-1,-1,-1
537,1,889.68,202.57,166.13,495.61,1,-1,-1,-1
537,9,1252.49,49.30,362.21,964.52,1,-1,-1,-1
537,31,141.13,197.31,252.62,634.80,1,-1,-1,-1
537,32,1138.58,263.78,128.05,317.91,1,-1,-1,-1
537,35,341.06,74.13,291.60,749.58,1,-1,-1,-1
538,1,892.06,204.52,165.72,494.35,1,-1,-1,-1
538,9,1256.25,48.38,364.27,972.24,1,-1,-1,-1
538,31,127.07,194.78,258.13,645.08,1,-1,-1,-1
538,32,1140.71,264.51,128.67,318.42,1,-1,-1,-1
538,35,332.75,67.61,294.61,763.97,1,-1,-1,-1
539,1,893.50,207.09,165.71,491.89,1,-1,-1,-1
539,9,1258.46,43.64,367.21,979.76,1,-1,-1,-1
539,31,114.01,188.57,261.88,657.36,1,-1,-1,-1
539,32,1141.54,264.27,129.72,319.29,1,-1,-1,-1
539,35,323.56,60.86,298.28,779.09,1,-1,-1,-1
540,1,893.96,208.01,166.11,491.71,1,-1,-1,-1
540,9,1259.47,44.25,370.83,980.38,1,-1,-1,-1
540,31,98.56,186.38,266.24,666.47,1,-1,-1,-1
540,32,1141.52,264.70,129.85,320.65,1,-1,-1,-1
540,35,312.93,53.87,302.53,790.56,1,-1,-1,-1
540,36,582.00,295.90,77.90,249.60,1,-1,-1,-1
541,1,894.39,210.12,165.95,490.77,1,-1,-1,-1
541,9,1261.52,42.71,373.50,983.97,1,-1,-1,-1
541,31,83.19,182.77,268.64,677.40,1,-1,-1,-1
541,32,1140.24,265.83,129.85,321.44,1,-1,-1,-1
541,35,300.86,48.52,307.25,804.41,1,-1,-1,-1
541,36,578.82,298.79,78.37,248.59,1,-1,-1,-1
542,1,894.16,209.91,166.25,491.84,1,-1,-1,-1
542,9,1265.07,43.49,374.89,987.64,1,-1,-1,-1
542,31,66.58,177.45,272.55,688.88,1,-1,-1,-1
542,32,1137.77,265.86,130.23,323.02,1,-1,-1,-1
542,35,286.75,40.82,312.18,818.63,1,-1,-1,-1
542,36,578.35,294.42,78.97,249.11,1,-1,-1,-1
543,1,893.36,209.55,166.51,493.38,1,-1,-1,-1
543,9,1267.57,42.13,378.18,992.88,1,-1,-1,-1
543,31,49.97,172.41,275.77,699.75,1,-1,-1,-1
543,32,1135.13,265.87,130.00,323.82,1,-1,-1,-1
543,35,270.10,32.18,319.20,834.90,1,-1,-1,-1
543,36,577.46,294.96,79.25,248.71,1,-1,-1,-1
544,1,892.52,209.41,166.14,494.07,1,-1,-1,-1
544,9,1268.15,45.47,379.61,992.12,1,-1,-1,-1
544,31,32.59,164.68,277.35,715.02,1,-1,-1,-1
544,32,1131.51,264.89,129.87,325.53,1,-1,-1,-1
544,35,251.32,23.98,324.38,852.18,1,-1,-1,-1
544,36,574.89,296.10,79.69,248.88,1,-1,-1,-1
545,1,890.96,209.64,165.30,493.94,1,-1,-1,-1
545,9,1267.88,43.46,381.90,998.53,1,-1,-1,-1
545,31,17.31,156.50,276.87,727.57,1,-1,-1,-1
545,32,1126.72,265.10,130.30,326.27,1,-1,-1,-1
545,35,233.95,17.04,329.19,871.51,1,-1,-1,-1
545,36,573.55,294.56,78.96,249.41,1,-1,-1,-1
546,1,889.24,209.63,164.52,492.89,1,-1,-1,-1
546,9,1269.89,41.88,382.31,1002.31,1,-1,-1,-1
546,31,4.84,141.19,272.26,748.95,1,-1,-1,-1
546,32,1122.22,265.52,130.45,327.11,1,-1,-1,-1
546,35,214.90,9.71,333.27,892.09,1,-1,-1,-1
546,36,569.30,292.71,79.21,250.66,1,-1,-1,-1
547,1,887.05,209.25,164.02,492.38,1,-1,-1,-1
547,9,1272.13,41.17,382.81,1000.60,1,-1,-1,-1
547,31,-5.22,141.11,264.43,752.87,1,-1,-1,-1
547,32,1116.83,266.40,130.92,327.36,1,-1,-1,-1
547,35,195.10,3.71,338.01,909.78,1,-1,-1,-1
547,36,565.25,288.86,79.03,252.53,1,-1,-1,-1
548,1,884.56,208.28,163.99,492.63,1,-1,-1,-1
548,9,1274.09,44.86,380.79,997.84,1,-1,-1,-1
548,31,-12.01,136.22,254.92,761.51,1,-1,-1,-1
548,32,1111.40,266.50,130.63,329.86,1,-1,-1,-1
548,35,172.32,-1.14,345.62,927.61,1,-1,-1,-1
548,36,560.68,285.45,78.73,254.72,1,-1,-1,-1
549,1,880.66,207.58,163.87,493.62,1,-1,-1,-1
549,9,1273.18,47.40,382.57,995.57,1,-1,-1,-1
549,31,-16.95,122.16,248.27,778.87,1,-1,-1,-1
549,32,1104.82,266.28,130.94,332.80,1,-1,-1,-1
549,35,148.58,-5.01,354.24,946.23,1,-1,-1,-1
549,36,555.88,285.01,78.63,255.90,1,-1,-1,-1
550,1,876.52,206.79,163.84,494.10,1,-1,-1,-1
550,9,1275.62,49.38,379.44,997.68,1,-1,-1,-1
550,31,-27.73,117.63,248.27,778.87,1,-1,-1,-1
550,32,1098.68,267.74,131.01,335.20,1,-1,-1,-1
550,35,125.15,-8.03,361.93,963.86,1,-1,-1,-1
550,36,549.78,282.96,78.45,257.80,1,-1,-1,-1
551,1,872.22,206.21,163.48,494.68,1,-1,-1,-1
551,9,1276.43,49.77,378.08,998.79,1,-1,-1,-1
551,31,-38.52,113.10,248.27,778.87,1,-1,-1,-1
551,32,1092.39,269.61,130.31,336.44,1,-1,-1,-1
551,35,98.70,-10.35,372.90,979.16,1,-1,-1,-1
551,36,543.57,282.02,78.50,259.15,1,-1,-1,-1
552,1,867.62,206.69,163.43,494.35,1,-1,-1,-1
552,9,1277.47,49.87,376.63,1000.15,1,-1,-1,-1
552,31,-49.30,108.57,248.27,778.87,1,-1,-1,-1
552,32,1085.18,270.88,129.79,338.09,1,-1,-1,-1
552,35,72.95,-12.06,381.14,992.45,1,-1,-1,-1
552,36,538.03,281.02,78.37,261.28,1,-1,-1,-1
553,1,862.28,207.86,163.98,493.58,1,-1,-1,-1
553,9,1277.90,48.91,374.37,1003.03,1,-1,-1,-1
553,31,-60.09,104.04,248.27,778.87,1,-1,-1,-1
553,32,1072.39,272.69,128.14,339.33,1,-1,-1,-1
553,35,48.51,-13.27,387.99,1003.99,1,-1,-1,-1
553,36,532.68,280.91,78.38,263.41,1,-1,-1,-1
554,1,857.14,209.72,163.78,493.08,1,-1,-1,-1
554,9,1277.35,49.15,373.11,1003.29,1,-1,-1,-1
554,31,-70.87,99.52,248.27,778.87,1,-1,-1,-1
554,32,1063.13,273.54,127.20,341.21,1,-1,-1,-1
554,35,26.66,-14.07,393.93,1014.00,1,-1,-1,-1
554,36,527.65,281.92,78.41,264.69,1,-1,-1,-1
555,1,852.41,210.92,163.56,493.11,1,-1,-1,-1
555,9,1278.80,48.11,369.62,1002.59,1,-1,-1,-1
555,31,-81.66,94.99,248.27,778.87,1,-1,-1,-1
555,32,1053.37,275.76,127.53,343.60,1,-1,-1,-1
555,35,8.80,-14.51,396.86,1022.70,1,-1,-1,-1
555,36,523.53,283.36,78.44,266.13,1,-1,-1,-1
556,1,847.49,212.42,163.42,492.65,1,-1,-1,-1
556,9,1280.45,50.30,365.75,1002.96,1,-1,-1,-1
556,31,-92.44,90.46,248.27,778.87,1,-1,-1,-1
556,32,1045.38,276.10,128.17,347.52,1,-1,-1,-1
556,35,-5.64,-14.67,396.79,1030.25,1,-1,-1,-1
556,36,520.18,285.46,78.63,267.32,1,-1,-1,-1
557,1,842.38,214.56,163.18,490.96,1,-1,-1,-1
557,9,1282.01,52.46,361.49,1001.99,1,-1,-1,-1
557,31,-103.23,85.93,248.27,778.87,1,-1,-1,-1
557,32,1040.04,275.45,128.66,352.66,1,-1,-1,-1
557,35,-17.15,-14.60,395.53,1036.81,1,-1,-1,-1
557,36,517.48,287.23,78.59,268.44,1,-1,-1,-1
558,1,837.35,217.16,163.42,488.68,1,-1,-1,-1
558,9,1284.41,53.16,357.31,1001.53,1,-1,-1,-1
558,31,-114.02,81.40,248.27,778.87,1,-1,-1,-1
558,32,1037.47,274.72,130.02,356.57,1,-1,-1,-1
558,35,-26.15,-14.35,388.78,1042.50,1,-1,-1,-1
558,36,515.69,288.48,78.38,269.56,1,-1,-1,-1
559,1,833.27,218.07,163.46,487.70,1,-1,-1,-1
559,9,1286.17,53.32,353.39,1000.83,1,-1,-1,-1
559,31,-124.80,76.87,248.27,778.87,1,-1,-1,-1
559,32,1037.19,274.84,131.58,358.64,1,-1,-1,-1
559,35,-32.33,-13.95,379.61,1047.44,1,-1,-1,-1
559,36,514.21,289.67,78.74,271.04,1,-1,-1,-1
559,37,945.10,214.70,121.60,477.10,1,-1,-1,-1
560,1,829.50,218.78,163.50,486.64,1,-1,-1,-1
560,9,1287.73,54.90,349.46,1000.14,1,-1,-1,-1
560,31,-135.59,72.34,248.27,778.87,1,-1,-1,-1
560,32,1037.91,275.16,134.83,361.89,1,-1,-1,-1
560,35,-36.92,-13.44,365.51,1051.73,1,-1,-1,-1
560,36,513.71,291.94,79.05,271.91,1,-1,-1,-1
560,37,939.03,207.73,124.54,479.37,1,-1,-1,-1
561,1,825.24,219.45,163.42,487.01,1,-1,-1,-1
561,9,1289.24,55.01,346.73,999.83,1,-1,-1,-1
561,31,-146.37,67.81,248.27,778.87,1,-1,-1,-1
561,32,1040.42,275.40,138.76,363.75,1,-1,-1,-1
561,35,-37.62,-12.85,350.72,1055.46,1,-1,-1,-1
561,36,513.99,293.77,79.31,272.61,1,-1,-1,-1
561,37,940.43,208.80,126.54,477.89,1,-1,-1,-1
562,1,822.05,220.70,163.78,486.12,1,-1,-1,-1
562,9,1291.03,54.18,344.38,1000.43,1,-1,-1,-1
562,31,-157.16,63.28,248.27,778.87,1,-1,-1,-1
562,32,1045.89,275.83,142.14,365.61,1,-1,-1,-1
562,35,-50.78,-15.44,350.72,1055.46,1,-1,-1,-1
562,36,515.07,296.03,79.48,272.82,1,-1,-1,-1
562,37,941.47,208.39,129.41,477.34,1,-1,-1,-1
563,1,820.12,221.87,164.21,484.71,1,-1,-1,-1
563,9,1293.92,53.20,342.64,1001.48,1,-1,-1,-1
563,31,-167.94,58.75,248.27,778.87,1,-1,-1,-1
563,32,1051.16,274.52,145.93,369.09,1,-1,-1,-1
563,35,-63.94,-18.03,350.72,1055.46,1,-1,-1,-1
563,36,516.90,296.52,79.64,273.67,1,-1,-1,-1
563,37,944.28,216.06,132.14,475.89,1,-1,-1,-1
564,1,820.09,223.47,164.25,482.22,1,-1,-1,-1
564,9,1297.19,53.54,341.46,1001.56,1,-1,-1,-1
564,31,-178.73,54.23,248.27,778.87,1,-1,-1,-1
564,32,1058.04,273.56,150.30,372.90,1,-1,-1,-1
564,35,-77.11,-20.63,350.72,1055.46,1,-1,-1,-1
564,36,519.02,296.42,80.02,274.57,1,-1,-1,-1
564,37,947.53,218.98,133.75,475.15,1,-1,-1,-1
565,1,820.62,224.72,165.10,481.78,1,-1,-1,-1
565,9,1300.12,52.45,343.15,1003.64,1,-1,-1,-1
565,31,-189.51,49.70,248.27,778.87,1,-1,-1,-1
565,32,1068.88,274.16,153.29,376.73,1,-1,-1,-1
565,35,-90.27,-23.22,350.72,1055.46,1,-1,-1,-1
565,36,522.19,296.05,80.59,276.06,1,-1,-1,-1
565,37,952.05,221.28,135.73,474.64,1,-1,-1,-1
566,1,821.81,225.85,165.91,481.68,1,-1,-1,-1
566,9,1302.06,49.11,348.48,1009.11,1,-1,-1,-1
566,31,-200.30,45.17,248.27,778.87,1,-1,-1,-1
566,32,1078.44,273.71,158.48,381.32,1,-1,-1,-1
566,35,-103.44,-25.81,350.72,1055.46,1,-1,-1,-1
566,36,526.08,296.34,81.10,277.02,1,-1,-1,-1
566,37,957.31,221.97,136.79,474.36,1,-1,-1,-1
567,1,823.73,228.00,166.31,482.00,1,-1,-1,-1
567,9,1300.04,48.75,358.65,1012.21,1,-1,-1,-1
567,31,-211.09,40.64,248.27,778.87,1,-1,-1,-1
567,32,1090.17,272.92,162.44,385.71,1,-1,-1,-1
567,35,-116.60,-28.40,350.72,1055.46,1,-1,-1,-1
567,36,530.41,296.09,81.69,278.16,1,-1,-1,-1
567,37,963.20,223.21,137.70,473.89,1,-1,-1,-1
568,1,825.64,229.69,166.54,482.25,1,-1,-1,-1
568,9,1299.44,51.24,368.30,1013.04,1,-1,-1,-1
568,31,-221.87,36.11,248.27,778.87,1,-1,-1,-1
568,32,1102.50,272.89,165.98,389.13,1,-1,-1,-1
568,35,-129.76,-31.00,350.72,1055.46,1,-1,-1,-1
568,36,534.99,296.57,82.23,278.77,1,-1,-1,-1
568,37,972.24,224.87,137.43,473.34,1,-1,-1,-1
569,1,829.21,232.31,166.06,480.90,1,-1,-1,-1
569,9,1299.89,49.90,376.05,1016.08,1,-1,-1,-1
569,31,-232.66,31.58,248.27,778.87,1,-1,-1,-1
569,32,1102.95,272.55,161.36,388.11,1,-1,-1,-1
569,35,-142.93,-33.59,350.72,1055.46,1,-1,-1,-1
569,36,540.02,296.50,82.73,280.19,1,-1,-1,-1
569,37,979.67,226.92,137.24,472.59,1,-1,-1,-1
570,1,832.94,233.57,166.02,481.65,1,-1,-1,-1
570,9,1302.69,47.86,386.13,1019.32,1,-1,-1,-1
570,31,-243.44,27.05,248.27,778.87,1,-1,-1,-1
570,32,1104.54,272.61,157.00,386.04,1,-1,-1,-1
570,35,-156.09,-36.18,350.72,1055.46,1,-1,-1,-1
570,36,545.21,297.41,83.01,280.49,1,-1,-1,-1
570,37,986.07,231.29,137.90,470.03,1,-1,-1,-1
571,1,837.40,235.29,165.93,481.48,1,-1,-1,-1
571,9,1302.48,51.83,396.03,1018.33,1,-1,-1,-1
571,31,-254.23,22.52,248.27,778.87,1,-1,-1,-1
571,32,1108.48,271.79,154.10,388.39,1,-1,-1,-1
571,35,-169.25,-38.77,350.72,1055.46,1,-1,-1,-1
571,36,550.62,297.88,83.62,281.89,1,-1,-1,-1
571,37,992.73,236.23,138.61,468.41,1,-1,-1,-1
572,1,842.41,237.72,165.54,482.04,1,-1,-1,-1
572,9,1304.46,51.01,406.87,1020.29,1,-1,-1,-1
572,31,-265.01,17.99,248.27,778.87,1,-1,-1,-1
572,32,1111.62,271.31,151.93,389.82,1,-1,-1,-1
572,35,-182.42,-41.37,350.72,1055.46,1,-1,-1,-1
572,36,556.42,300.30,83.71,281.40,1,-1,-1,-1
572,37,997.86,237.49,138.91,468.11,1,-1,-1,-1
573,1,847.20,239.47,165.97,481.23,1,-1,-1,-1
573,9,1307.56,49.59,416.41,1022.48,1,-1,-1,-1
573,31,-275.80,13.46,248.27,778.87,1,-1,-1,-1
573,32,1114.06,272.75,150.24,387.90,1,-1,-1,-1
573,35,-195.58,-43.96,350.72,1055.46,1,-1,-1,-1
573,36,561.86,301.35,84.02,282.29,1,-1,-1,-1
573,37,1002.00,239.55,139.74,468.10,1,-1,-1,-1
574,1,852.30,240.74,165.32,482.49,1,-1,-1,-1
574,9,1311.85,49.44,425.23,1023.67,1,-1,-1,-1
574,31,-286.58,8.94,248.27,778.87,1,-1,-1,-1
574,32,1116.27,273.72,148.62,386.77,1,-1,-1,-1
574,35,-208.74,-46.55,350.72,1055.46,1,-1,-1,-1
574,36,567.43,302.79,84.05,282.62,1,-1,-1,-1
574,37,1006.84,241.10,140.67,468.89,1,-1,-1,-1
575,1,857.34,242.22,164.60,481.00,1,-1,-1,-1
575,9,1317.35,47.70,431.27,1025.78,1,-1,-1,-1
575,31,-297.37,4.41,248.27,778.87,1,-1,-1,-1
575,32,1119.02,274.10,146.72,385.23,1,-1,-1,-1
575,35,-221.91,-49.14,350.72,1055.46,1,-1,-1,-1
575,36,572.74,303.81,83.94,283.14,1,-1,-1,-1
575,37,1012.39,242.45,140.50,467.73,1,-1,-1,-1
576,1,861.65,243.97,163.48,479.49,1,-1,-1,-1
576,9,1324.71,48.93,436.48,1025.81,1,-1,-1,-1
576,31,-308.16,-0.12,248.27,778.87,1,-1,-1,-1
576,32,1122.08,275.74,145.98,384.21,1,-1,-1,-1
576,35,-235.07,-51.74,350.72,1055.46,1,-1,-1,-1
576,36,577.61,304.52,83.90,283.97,1,-1,-1,-1
576,37,1014.69,244.10,141.67,467.10,1,-1,-1,-1
577,1,865.38,245.33,162.43,477.82,1,-1,-1,-1
577,9,1332.39,52.81,439.50,1023.95,1,-1,-1,-1
577,31,-318.94,-4.65,248.27,778.87,1,-1,-1,-1
577,32,1125.06,277.69,145.27,382.56,1,-1,-1,-1
577,35,-248.24,-54.33,350.72,1055.46,1,-1,-1,-1
577,36,582.20,304.12,83.65,285.49,1,-1,-1,-1
577,37,1016.38,244.98,143.10,466.88,1,-1,-1,-1
578,1,869.44,246.02,161.28,477.73,1,-1,-1,-1
578,9,1342.13,52.60,441.31,1024.69,1,-1,-1,-1
578,31,-329.73,-9.18,248.27,778.87,1,-1,-1,-1
578,32,1127.36,279.00,145.12,382.16,1,-1,-1,-1
578,35,-261.40,-56.92,350.72,1055.46,1,-1,-1,-1
578,36,585.97,303.25,83.36,287.36,1,-1,-1,-1
578,37,1017.88,245.17,144.18,467.53,1,-1,-1,-1
579,1,873.75,247.45,159.89,478.47,1,-1,-1,-1
579,9,1349.79,55.88,444.01,1023.03,1,-1,-1,-1
579,31,-340.51,-13.71,248.27,778.87,1,-1,-1,-1
579,32,1128.67,281.41,144.92,381.03,1,-1,-1,-1
579,35,-274.56,-59.51,350.72,1055.46,1,-1,-1,-1
579,36,588.35,302.56,83.19,289.62,1,-1,-1,-1
579,37,1019.13,245.57,144.41,468.17,1,-1,-1,-1
580,1,876.10,248.62,159.33,478.53,1,-1,-1,-1
580,9,1359.48,56.75,446.42,1022.87,1,-1,-1,-1
580,31,-351.30,-18.24,248.27,778.87,1,-1,-1,-1
580,32,1129.45,283.84,145.39,379.53,1,-1,-1,-1
580,35,-287.73,-62.11,350.72,1055.46,1,-1,-1,-1
580,36,589.42,303.44,83.26,290.75,1,-1,-1,-1
580,37,1019.55,246.12,144.71,468.58,1,-1,-1,-1
581,1,877.99,249.60,158.84,478.26,1,-1,-1,-1
581,9,1370.37,58.32,447.22,1022.18,1,-1,-1,-1
581,31,-362.08,-22.77,248.27,778.87,1,-1,-1,-1
581,32,1130.61,286.39,145.62,377.66,1,-1,-1,-1
581,35,-300.89,-64.70,350.72,1055.46,1,-1,-1,-1
581,36,589.83,304.36,83.61,291.73,1,-1,-1,-1
581,37,1019.58,245.67,144.93,469.42,1,-1,-1,-1
582,1,878.81,250.48,158.73,478.00,1,-1,-1,-1
582,9,1383.20,62.03,445.44,1019.98,1,-1,-1,-1
582,31,-372.87,-27.30,248.27,778.87,1,-1,-1,-1
582,32,1131.84,287.64,145.98,377.30,1,-1,-1,-1
582,35,-314.05,-67.29,350.72,1055.46,1,-1,-1,-1
582,36,589.59,305.15,84.07,292.58,1,-1,-1,-1
582,37,1020.25,245.53,144.90,468.90,1,-1,-1,-1
583,1,878.98,251.34,158.00,477.68,1,-1,-1,-1
583,9,1395.43,65.31,444.39,1017.98,1,-1,-1,-1
583,31,-383.65,-31.82,248.27,778.87,1,-1,-1,-1
583,32,1133.20,288.31,146.16,377.42,1,-1,-1,-1
583,35,-327.22,-69.88,350.72,1055.46,1,-1,-1,-1
583,36,588.96,305.23,84.36,294.11,1,-1,-1,-1
583,37,1019.99,244.88,145.11,469.61,1,-1,-1,-1
584,1,878.01,252.49,157.36,477.24,1,-1,-1,-1
584,9,1407.44,68.97,443.34,1015.65,1,-1,-1,-1
584,31,-394.44,-36.35,248.27,778.87,1,-1,-1,-1
584,32,1135.68,290.41,145.60,376.10,1,-1,-1,-1
584,35,-340.38,-72.48,350.72,1055.46,1,-1,-1,-1
584,36,587.71,304.79,84.31,295.85,1,-1,-1,-1
584,37,1019.20,245.43,144.65,470.09,1,-1,-1,-1
585,1,876.65,253.68,156.78,476.88,1,-1,-1,-1
585,9,1419.41,72.59,441.15,1013.27,1,-1,-1,-1
585,31,-405.22,-40.88,248.27,778.87,1,-1,-1,-1
585,32,1137.82,291.70,144.84,375.65,1,-1,-1,-1
585,35,-353.55,-75.07,350.72,1055.46,1,-1,-1,-1
585,36,585.48,303.87,84.29,297.61,1,-1,-1,-1
585,37,1017.40,244.32,144.78,471.79,1,-1,-1,-1
586,1,874.63,253.77,156.17,477.28,1,-1,-1,-1
586,9,1429.43,74.20,439.70,1012.17,1,-1,-1,-1
586,31,-416.01,-45.41,248.27,778.87,1,-1,-1,-1
586,32,1139.53,292.25,144.21,375.83,1,-1,-1,-1
586,35,-366.71,-77.66,350.72,1055.46,1,-1,-1,-1
586,36,582.32,303.39,84.14,298.53,1,-1,-1,-1
586,37,1015.67,244.34,144.61,472.25,1,-1,-1,-1
587,1,871.69,253.93,155.52,477.08,1,-1,-1,-1
587,9,1436.60,75.82,440.48,1011.00,1,-1,-1,-1
587,32,1141.14,291.72,143.68,377.20,1,-1,-1,-1
587,35,-379.87,-80.25,350.72,1055.46,1,-1,-1,-1
587,36,578.85,302.59,84.11,300.11,1,-1,-1,-1
587,37,1013.31,244.46,144.11,472.80,1,-1,-1,-1
588,1,867.36,255.50,155.09,476.90,1,-1,-1,-1
588,9,1445.04,75.02,438.30,1011.41,1,-1,-1,-1
588,32,1142.42,290.48,143.23,379.19,1,-1,-1,-1
588,35,-393.04,-82.85,350.72,1055.46,1,-1,-1,-1
588,36,574.54,303.37,84.25,300.63,1,-1,-1,-1
588,37,1010.28,243.50,143.58,473.67,1,-1,-1,-1
589,1,863.32,254.56,154.61,477.37,1,-1,-1,-1
589,9,1452.70,74.77,436.17,1011.43,1,-1,-1,-1
589,32,1143.33,290.76,143.20,380.45,1,-1,-1,-1
589,36,569.89,303.91,84.35,301.34,1,-1,-1,-1
589,37,1007.31,244.16,143.37,474.24,1,-1,-1,-1
590,1,858.46,253.66,154.35,477.86,1,-1,-1,-1
590,9,1456.00,73.38,438.75,1012.21,1,-1,-1,-1
590,32,1144.40,289.32,143.03,383.04,1,-1,-1,-1
590,36,565.31,305.13,84.41,301.57,1,-1,-1,-1
590,37,1003.55,243.77,143.37,476.00,1,-1,-1,-1
591,1,853.22,252.99,154.08,477.97,1,-1,-1,-1
591,9,1462.59,71.72,436.96,1013.15,1,-1,-1,-1
591,32,1145.62,287.51,142.75,385.54,1,-1,-1,-1
591,36,560.61,305.20,84.53,302.41,1,-1,-1,-1
591,37,1000.63,244.00,143.39,476.30,1,-1,-1,-1
592,1,846.97,252.46,154.15,477.70,1,-1,-1,-1
592,9,1468.17,71.15,435.39,1013.38,1,-1,-1,-1
592,32,1147.05,285.33,142.48,388.12,1,-1,-1,-1
592,36,555.82,305.65,84.60,302.89,1,-1,-1,-1
592,37,997.37,243.69,143.91,477.05,1,-1,-1,-1
593,1,841.00,251.80,153.89,477.06,1,-1,-1,-1
593,9,1474.56,70.51,433.06,1013.66,1,-1,-1,-1
593,32,1148.91,283.50,142.18,390.72,1,-1,-1,-1
593,36,551.24,305.83,84.48,303.88,1,-1,-1,-1
593,37,995.59,243.33,143.89,478.47,1,-1,-1,-1
594,1,834.98,251.57,154.29,476.64,1,-1,-1,-1
594,9,1476.34,68.89,435.41,1014.60,1,-1,-1,-1
594,32,1151.56,282.74,141.67,392.88,1,-1,-1,-1
594,36,546.94,305.38,84.87,305.74,1,-1,-1,-1
594,37,993.66,243.01,144.30,480.00,1,-1,-1,-1
595,1,829.03,251.09,155.09,476.34,1,-1,-1,-1
595,9,1480.47,67.99,432.43,1015.08,1,-1,-1,-1
595,32,1153.91,282.39,141.58,395.09,1,-1,-1,-1
595,36,543.00,306.45,85.15,306.20,1,-1,-1,-1
595,37,992.95,242.90,144.68,481.91,1,-1,-1,-1
596,1,822.33,248.84,156.65,477.12,1,-1,-1,-1
596,9,1484.20,65.90,429.85,1016.36,1,-1,-1,-1
596,32,1156.39,280.72,142.02,398.10,1,-1,-1,-1
596,36,539.53,308.05,85.58,306.07,1,-1,-1,-1
596,37,992.27,242.10,146.20,484.15,1,-1,-1,-1
597,1,817.55,247.64,157.41,477.21,1,-1,-1,-1
597,9,1485.48,63.98,429.77,1017.55,1,-1,-1,-1
597,32,1159.50,279.97,142.09,400.52,1,-1,-1,-1
597,36,536.40,308.95,86.09,306.52,1,-1,-1,-1
597,37,992.07,244.35,146.71,483.49,1,-1,-1,-1
598,1,812.97,249.72,157.75,476.12,1,-1,-1,-1
598,9,1490.60,62.53,426.00,1018.45,1,-1,-1,-1
598,32,1162.14,278.38,142.39,403.35,1,-1,-1,-1
598,36,534.08,310.37,86.46,307.22,1,-1,-1,-1
598,37,992.56,244.65,147.37,485.74,1,-1,-1,-1
599,1,809.03,252.08,158.22,475.62,1,-1,-1,-1
599,9,1495.34,61.61,424.30,1019.03,1,-1,-1,-1
599,32,1165.55,277.95,142.64,405.53,1,-1,-1,-1
599,36,532.23,311.48,86.84,308.23,1,-1,-1,-1
599,37,992.86,245.08,147.99,486.30,1,-1,-1,-1
600,1,806.66,253.23,158.07,475.67,1,-1,-1,-1
600,9,1497.82,58.63,423.63,1020.99,1,-1,-1,-1
600,32,1169.48,277.33,142.61,407.69,1,-1,-1,-1
600,36,531.37,310.61,87.58,311.40,1,-1,-1,-1
600,37,994.66,247.03,147.57,485.95,1,-1,-1,-1
601,1,805.10,254.24,158.22,476.15,1,-1,-1,-1
601,9,1503.13,57.74,422.84,1021.59,1,-1,-1,-1
601,32,1173.64,277.09,142.72,410.28,1,-1,-1,-1
601,36,530.96,311.83,87.85,312.55,1,-1,-1,-1
601,37,996.58,248.68,147.22,486.32,1,-1,-1,-1
602,1,804.69,256.59,158.43,474.98,1,-1,-1,-1
602,9,1504.58,57.36,424.03,1021.87,1,-1,-1,-1
602,32,1179.02,277.34,142.85,412.76,1,-1,-1,-1
602,36,530.97,311.69,88.48,315.23,1,-1,-1,-1
602,37,997.63,248.86,147.88,487.37,1,-1,-1,-1
603,1,805.24,260.65,158.57,474.18,1,-1,-1,-1
603,9,1507.12,57.30,424.01,1021.95,1,-1,-1,-1
603,32,1185.62,278.06,142.38,415.39,1,-1,-1,-1
603,36,531.85,314.15,89.10,316.12,1,-1,-1,-1
603,37,999.35,250.04,147.95,486.36,1,-1,-1,-1
604,1,807.62,264.79,158.18,472.64,1,-1,-1,-1
604,9,1514.56,59.02,420.31,1020.85,1,-1,-1,-1
604,32,1192.54,279.61,142.23,417.74,1,-1,-1,-1
604,36,533.68,317.77,89.32,316.61,1,-1,-1,-1
604,37,1001.30,252.29,147.72,485.27,1,-1,-1,-1
605,1,810.62,267.62,157.55,471.83,1,-1,-1,-1
605,9,1521.71,59.87,416.39,1020.32,1,-1,-1,-1
605,32,1201.54,281.56,141.29,419.62,1,-1,-1,-1
605,36,536.09,320.67,89.73,317.41,1,-1,-1,-1
605,37,1005.28,254.93,147.15,482.34,1,-1,-1,-1
605,38,1129.10,348.50,62.60,241.10,1,-1,-1,-1
606,1,813.51,269.69,157.91,472.17,1,-1,-1,-1
606,9,1530.06,59.25,411.32,1020.76,1,-1,-1,-1
606,32,1211.08,283.09,140.46,421.59,1,-1,-1,-1
606,36,539.60,321.99,89.79,318.94,1,-1,-1,-1
606,37,1008.22,257.64,146.90,480.57,1,-1,-1,-1
606,38,1135.07,357.75,62.73,239.95,1,-1,-1,-1
607,1,817.86,271.38,157.24,472.24,1,-1,-1,-1
607,9,1538.71,59.18,405.73,1020.85,1,-1,-1,-1
607,32,1221.19,285.01,139.45,423.82,1,-1,-1,-1
607,36,543.72,322.71,90.12,320.82,1,-1,-1,-1
607,37,1011.63,260.42,147.30,477.92,1,-1,-1,-1
607,38,1138.42,356.01,64.91,240.87,1,-1,-1,-1
608,1,823.15,273.62,157.03,471.47,1,-1,-1,-1
608,9,1546.37,58.42,400.51,1021.40,1,-1,-1,-1
608,32,1231.21,286.36,139.13,426.03,1,-1,-1,-1
608,36,548.13,324.82,90.55,321.62,1,-1,-1,-1
608,37,1015.41,262.66,146.89,477.91,1,-1,-1,-1
608,38,1147.57,356.72,66.18,241.10,1,-1,-1,-1
609,1,828.73,276.78,157.16,470.62,1,-1,-1,-1
609,9,1554.70,59.70,394.59,1020.59,1,-1,-1,-1
609,32,1242.24,287.11,138.18,428.94,1,-1,-1,-1
609,36,553.07,326.38,90.74,322.92,1,-1,-1,-1
609,37,1019.04,264.09,146.88,478.41,1,-1,-1,-1
609,38,1154.30,356.35,67.56,241.43,1,-1,-1,-1
610,1,835.97,277.36,156.09,471.67,1,-1,-1,-1
610,9,1562.77,61.54,388.62,1019.39,1,-1,-1,-1
610,32,1252.69,288.68,137.32,431.31,1,-1,-1,-1
610,36,558.09,328.06,90.91,323.71,1,-1,-1,-1
610,37,1023.35,264.88,146.85,479.10,1,-1,-1,-1
610,38,1159.52,356.47,68.83,241.00,1,-1,-1,-1
611,1,842.53,278.17,155.52,473.19,1,-1,-1,-1
611,9,1571.80,62.08,381.81,1019.05,1,-1,-1,-1
611,32,1263.49,289.64,136.33,434.34,1,-1,-1,-1
611,36,562.84,327.88,91.22,326.21,1,-1,-1,-1
611,37,1026.85,266.76,146.29,478.13,1,-1,-1,-1
611,38,1166.05,358.72,70.14,240.13,1,-1,-1,-1
612,1,848.47,278.47,154.91,473.56,1,-1,-1,-1
612,9,1583.37,63.49,373.11,1018.12,1,-1,-1,-1
612,32,1273.54,291.87,136.02,435.89,1,-1,-1,-1
612,36,567.26,329.32,91.66,327.03,1,-1,-1,-1
612,37,1030.20,268.07,145.90,478.09,1,-1,-1,-1
612,38,1170.90,360.85,71.21,239.24,1,-1,-1,-1
613,1,853.83,278.86,154.78,474.54,1,-1,-1,-1
613,9,1594.26,66.80,364.67,1015.91,1,-1,-1,-1
613,32,1283.24,293.17,135.59,437.90,1,-1,-1,-1
613,36,571.56,328.95,91.86,329.43,1,-1,-1,-1
613,37,1032.35,269.36,145.98,478.97,1,-1,-1,-1
613,38,1176.31,361.33,71.56,238.61,1,-1,-1,-1
614,1,859.18,281.22,154.40,475.54,1,-1,-1,-1
614,9,1609.75,69.02,352.99,1014.38,1,-1,-1,-1
614,32,1292.59,294.57,135.30,440.31,1,-1,-1,-1
614,36,575.54,330.83,92.27,329.65,1,-1,-1,-1
614,37,1033.99,271.07,146.22,480.00,1,-1,-1,-1
614,38,1180.87,362.89,72.38,238.28,1,-1,-1,-1
615,1,864.35,282.56,153.82,476.02,1,-1,-1,-1
615,9,1621.82,71.80,343.38,1012.46,1,-1,-1,-1
615,32,1302.55,296.52,134.52,441.84,1,-1,-1,-1
615,36,579.18,332.68,92.59,330.12,1,-1,-1,-1
615,37,1035.06,273.04,146.64,481.48,1,-1,-1,-1
615,38,1184.01,364.43,73.97,237.98,1,-1,-1,-1
616,1,869.49,283.69,152.75,477.51,1,-1,-1,-1
616,9,1634.89,74.60,332.95,1010.49,1,-1,-1,-1
616,32,1311.80,298.09,134.29,444.12,1,-1,-1,-1
616,36,582.16,333.98,92.96,331.61,1,-1,-1,-1
616,37,1036.12,274.84,146.79,482.69,1,-1,-1,-1
616,38,1185.05,365.85,75.65,238.62,1,-1,-1,-1
617,1,873.55,285.26,151.99,478.14,1,-1,-1,-1
617,9,1648.16,78.04,322.22,1008.05,1,-1,-1,-1
617,32,1319.43,300.84,133.66,445.39,1,-1,-1,-1
617,36,584.64,334.77,93.27,332.95,1,-1,-1,-1
617,37,1037.17,277.61,146.42,483.04,1,-1,-1,-1
617,38,1186.78,367.95,76.00,238.74,1,-1,-1,-1
618,1,876.04,288.18,151.36,478.55,1,-1,-1,-1
618,9,1659.35,84.30,312.73,1003.69,1,-1,-1,-1
618,32,1326.57,303.48,132.64,446.62,1,-1,-1,-1
618,36,585.86,337.35,93.30,333.29,1,-1,-1,-1
618,37,1037.94,280.66,145.97,483.37,1,-1,-1,-1
618,38,1188.22,370.34,76.03,239.03,1,-1,-1,-1
619,1,877.47,290.40,151.26,478.05,1,-1,-1,-1
619,9,1669.04,89.10,304.11,1000.24,1,-1,-1,-1
619,32,1332.89,305.54,131.66,447.92,1,-1,-1,-1
619,36,585.65,338.71,94.22,334.05,1,-1,-1,-1
619,37,1037.80,283.04,145.92,483.87,1,-1,-1,-1
619,38,1187.14,371.87,76.12,241.49,1,-1,-1,-1
620,1,877.71,294.38,151.85,476.51,1,-1,-1,-1
620,9,1678.86,93.40,295.30,997.07,1,-1,-1,-1
620,32,1338.36,306.63,130.56,450.04,1,-1,-1,-1
620,36,585.43,341.94,94.21,333.48,1,-1,-1,-1
620,37,1036.44,285.44,146.54,483.59,1,-1,-1,-1
620,38,1187.28,373.48,75.67,242.17,1,-1,-1,-1
620,39,1119.80,343.80,99.90,386.60,1,-1,-1,-1
621,1,877.33,298.06,152.14,474.63,1,-1,-1,-1
621,9,1685.40,100.15,288.59,992.22,1,-1,-1,-1
621,32,1342.49,307.73,129.76,452.29,1,-1,-1,-1
621,36,584.26,342.85,94.50,333.93,1,-1,-1,-1
621,37,1033.80,286.09,147.52,484.78,1,-1,-1,-1
621,38,1190.76,375.09,75.67,242.17,1,-1,-1,-1
621,39,1119.80,343.80,99.90,386.60,1,-1,-1,-1
622,1,876.40,301.16,152.48,471.92,1,-1,-1,-1
622,9,1691.42,105.94,282.18,987.92,1,-1,-1,-1
622,32,1345.24,308.95,129.78,454.36,1,-1,-1,-1
622,36,582.58,343.28,94.59,335.59,1,-1,-1,-1
622,37,1029.99,287.09,148.46,485.27,1,-1,-1,-1
622,38,1194.23,376.70,75.67,242.17,1,-1,-1,-1
622,39,1103.72,342.40,103.98,390.10,1,-1,-1,-1
623,1,874.10,303.87,152.92,469.68,1,-1,-1,-1
623,9,1696.66,107.13,276.25,986.64,1,-1,-1,-1
623,32,1347.06,310.70,129.61,455.81,1,-1,-1,-1
623,36,580.21,343.83,94.84,336.37,1,-1,-1,-1
623,37,1025.80,288.97,148.30,484.02,1,-1,-1,-1
623,38,1197.71,378.31,75.67,242.17,1,-1,-1,-1
623,39,1105.98,341.63,107.79,392.16,1,-1,-1,-1
624,1,869.95,305.76,153.40,469.00,1,-1,-1,-1
624,9,1701.04,111.45,270.88,983.23,1,-1,-1,-1
624,32,1348.65,310.76,128.99,458.38,1,-1,-1,-1
624,36,577.53,344.03,94.52,337.83,1,-1,-1,-1
624,37,1021.02,290.07,147.92,482.36,1,-1,-1,-1
624,38,1201.19,379.92,75.67,242.17,1,-1,-1,-1
624,39,1098.38,343.06,113.69,393.30,1,-1,-1,-1
625,1,865.13,307.05,154.27,468.59,1,-1,-1,-1
625,9,1704.73,115.21,265.97,980.16,1,-1,-1,-1
625,32,1349.74,309.69,128.21,461.76,1,-1,-1,-1
625,36,573.58,343.77,94.93,339.79,1,-1,-1,-1
625,37,1016.12,289.92,147.13,482.39,1,-1,-1,-1
625,38,1204.66,381.53,75.67,242.17,1,-1,-1,-1
625,39,1093.82,340.81,118.09,395.58,1,-1,-1,-1
626,1,859.85,306.53,155.94,469.00,1,-1,-1,-1
626,9,1707.30,119.35,261.82,976.79,1,-1,-1,-1
626,32,1350.41,309.41,127.34,464.28,1,-1,-1,-1
626,36,569.54,343.82,94.74,341.44,1,-1,-1,-1
626,37,1010.43,291.21,147.20,481.71,1,-1,-1,-1
626,38,1208.14,383.14,75.67,242.17,1,-1,-1,-1
626,39,1090.89,337.13,121.31,397.91,1,-1,-1,-1
627,1,854.24,308.01,157.84,466.74,1,-1,-1,-1
627,9,1709.13,121.03,258.19,975.03,1,-1,-1,-1
627,32,1350.34,306.87,126.70,468.49,1,-1,-1,-1
627,36,564.77,343.91,94.60,343.35,1,-1,-1,-1
627,37,1002.80,291.57,148.61,481.82,1,-1,-1,-1
627,38,1211.61,384.75,75.67,242.17,1,-1,-1,-1
627,39,1088.64,334.24,124.38,400.75,1,-1,-1,-1
628,1,848.24,308.09,160.43,465.86,1,-1,-1,-1
628,9,1709.20,122.31,255.80,973.51,1,-1,-1,-1
628,32,1349.73,306.37,126.31,471.57,1,-1,-1,-1
628,36,559.62,344.10,94.51,344.97,1,-1,-1,-1
628,37,997.00,292.20,149.09,481.69,1,-1,-1,-1
628,38,1215.09,386.36,75.67,242.17,1,-1,-1,-1
628,39,1089.87,333.07,126.08,403.51,1,-1,-1,-1
629,1,842.20,307.99,163.05,465.32,1,-1,-1,-1
629,9,1707.69,121.31,254.52,973.51,1,-1,-1,-1
629,32,1348.71,305.50,126.02,474.67,1,-1,-1,-1
629,36,554.07,344.43,94.65,346.32,1,-1,-1,-1
629,37,991.19,292.41,149.42,481.65,1,-1,-1,-1
629,38,1218.56,387.96,75.67,242.17,1,-1,-1,-1
629,39,1090.56,332.49,127.98,405.55,1,-1,-1,-1
630,1,835.42,307.44,165.86,466.16,1,-1,-1,-1
630,9,1706.03,118.85,253.44,974.49,1,-1,-1,-1
630,32,1347.54,304.76,126.20,477.40,1,-1,-1,-1
630,36,549.02,344.42,94.49,348.20,1,-1,-1,-1
630,37,985.91,292.19,148.65,482.30,1,-1,-1,-1
630,38,1222.04,389.57,75.67,242.17,1,-1,-1,-1
630,39,1090.60,331.68,129.43,407.57,1,-1,-1,-1
631,1,829.25,308.85,168.99,465.65,1,-1,-1,-1
631,9,1704.93,117.05,252.07,975.07,1,-1,-1,-1
631,32,1346.64,304.15,126.50,478.98,1,-1,-1,-1
631,36,543.81,344.32,94.73,350.15,1,-1,-1,-1
631,37,980.80,291.17,148.96,483.13,1,-1,-1,-1
631,38,1238.12,349.32,92.54,292.57,1,-1,-1,-1
631,39,1090.86,330.27,130.55,409.67,1,-1,-1,-1
632,1,823.56,308.75,170.75,466.19,1,-1,-1,-1
632,9,1703.05,115.91,251.33,975.25,1,-1,-1,-1
632,32,1346.54,303.47,126.32,480.67,1,-1,-1,-1
632,36,538.72,343.66,95.14,352.25,1,-1,-1,-1
632,37,976.42,290.69,149.14,483.88,1,-1,-1,-1
632,38,1244.21,337.41,102.98,325.07,1,-1,-1,-1
632,39,1091.59,329.30,131.55,411.87,1,-1,-1,-1
633,1,818.79,308.71,172.62,466.50,1,-1,-1,-1
633,9,1701.65,115.05,250.36,975.27,1,-1,-1,-1
633,32,1346.54,303.50,126.57,481.55,1,-1,-1,-1
633,36,534.01,344.43,95.48,353.12,1,-1,-1,-1
633,37,972.03,289.88,149.26,484.83,1,-1,-1,-1
633,38,1245.59,327.14,112.25,352.54,1,-1,-1,-1
633,39,1092.59,328.95,132.40,414.21,1,-1,-1,-1
634,1,815.65,310.28,174.44,466.28,1,-1,-1,-1
634,9,1702.59,111.57,247.94,977.06,1,-1,-1,-1
634,32,1347.29,301.81,126.12,483.61,1,-1,-1,-1
634,36,529.80,345.76,95.64,354.33,1,-1,-1,-1
634,37,968.58,290.10,149.45,484.19,1,-1,-1,-1
634,38,1246.88,323.22,118.63,370.76,1,-1,-1,-1
634,39,1092.95,328.75,134.47,416.86,1,-1,-1,-1
635,1,813.03,312.73,176.61,465.23,1,-1,-1,-1
635,9,1703.58,109.60,245.56,977.91,1,-1,-1,-1
635,32,1347.29,300.77,127.34,485.70,1,-1,-1,-1
635,36,526.35,347.26,95.66,355.01,1,-1,-1,-1
635,37,966.40,289.92,149.56,483.67,1,-1,-1,-1
635,38,1248.54,319.46,124.27,385.23,1,-1,-1,-1
635,39,1095.19,327.66,134.98,419.42,1,-1,-1,-1
636,1,811.04,314.11,178.60,464.59,1,-1,-1,-1
636,9,1704.53,107.19,243.29,979.10,1,-1,-1,-1
636,32,1348.46,299.13,128.60,488.56,1,-1,-1,-1
636,36,523.61,349.63,95.46,355.92,1,-1,-1,-1
636,37,965.27,291.00,149.56,483.53,1,-1,-1,-1
636,38,1250.33,316.33,129.66,396.66,1,-1,-1,-1
636,39,1096.03,326.93,136.51,422.66,1,-1,-1,-1
637,1,810.47,314.85,180.78,464.28,1,-1,-1,-1
637,9,1705.23,105.79,241.26,979.66,1,-1,-1,-1
637,32,1350.80,297.96,129.76,491.68,1,-1,-1,-1
637,36,521.00,352.38,95.65,357.44,1,-1,-1,-1
637,37,963.96,292.92,149.76,484.46,1,-1,-1,-1
637,38,1251.29,313.93,135.72,407.50,1,-1,-1,-1
637,39,1095.87,326.48,138.60,426.20,1,-1,-1,-1
638,1,809.54,316.46,182.22,463.85,1,-1,-1,-1
638,9,1706.18,107.93,239.13,977.90,1,-1,-1,-1
638,32,1352.95,296.58,131.13,495.26,1,-1,-1,-1
638,36,518.64,354.85,95.88,358.78,1,-1,-1,-1
638,37,962.25,294.15,149.94,484.29,1,-1,-1,-1
638,38,1253.15,311.93,139.70,415.67,1,-1,-1,-1
638,39,1095.52,325.19,140.15,430.78,1,-1,-1,-1
639,1,810.40,318.24,182.89,463.30,1,-1,-1,-1
639,9,1707.43,107.05,236.87,978.17,1,-1,-1,-1
639,32,1355.55,295.79,132.02,498.17,1,-1,-1,-1
639,36,517.07,355.51,96.01,361.21,1,-1,-1,-1
639,37,962.54,295.45,150.12,484.45,1,-1,-1,-1
639,38,1256.64,311.51,142.66,421.27,1,-1,-1,-1
639,39,1096.69,325.50,141.28,433.28,1,-1,-1,-1
640,1,811.83,319.05,183.31,462.47,1,-1,-1,-1
640,9,1708.43,106.52,234.85,978.22,1,-1,-1,-1
640,32,1358.74,293.87,132.82,502.05,1,-1,-1,-1
640,36,516.04,357.23,96.12,362.88,1,-1,-1,-1
640,37,961.84,297.11,151.00,485.68,1,-1,-1,-1
640,38,1258.52,311.28,145.86,426.84,1,-1,-1,-1
640,39,1097.91,325.14,143.05,436.49,1,-1,-1,-1
641,1,815.57,319.31,182.36,461.80,1,-1,-1,-1
641,9,1711.47,106.95,234.85,978.22,1,-1,-1,-1
641,32,1361.79,292.31,134.62,505.36,1,-1,-1,-1
641,36,515.80,358.91,96.10,364.43,1,-1,-1,-1
641,37,962.91,299.18,150.60,485.01,1,-1,-1,-1
641,38,1260.82,308.13,149.10,434.61,1,-1,-1,-1
641,39,1100.15,325.26,143.71,438.42,1,-1,-1,-1
642,1,819.92,319.77,182.00,460.65,1,-1,-1,-1
642,9,1714.52,107.37,234.85,978.22,1,-1,-1,-1
642,32,1366.39,291.85,135.87,508.27,1,-1,-1,-1
642,36,516.25,361.11,96.36,365.85,1,-1,-1,-1
642,37,964.45,301.43,152.43,484.58,1,-1,-1,-1
642,38,1264.01,308.78,150.61,438.87,1,-1,-1,-1
642,39,1101.28,325.13,146.32,441.86,1,-1,-1,-1
643,1,825.05,320.37,181.20,460.34,1,-1,-1,-1
643,9,1717.57,107.79,234.85,978.22,1,-1,-1,-1
643,32,1371.82,290.96,136.89,511.64,1,-1,-1,-1
643,36,517.14,360.91,96.82,368.62,1,-1,-1,-1
643,37,965.89,303.24,154.23,484.40,1,-1,-1,-1
643,38,1266.81,309.80,152.37,441.65,1,-1,-1,-1
643,39,1102.90,325.20,149.38,445.57,1,-1,-1,-1
644,1,830.67,322.53,179.84,459.15,1,-1,-1,-1
644,9,1720.61,108.22,234.85,978.22,1,-1,-1,-1
644,32,1377.27,291.55,138.13,513.98,1,-1,-1,-1
644,36,518.85,362.32,97.22,370.37,1,-1,-1,-1
644,37,969.67,305.66,154.45,484.15,1,-1,-1,-1
644,38,1271.08,309.95,153.58,445.24,1,-1,-1,-1
644,39,1105.98,325.35,151.62,448.78,1,-1,-1,-1
645,1,836.66,322.95,177.28,459.45,1,-1,-1,-1
645,9,1723.66,108.64,234.85,978.22,1,-1,-1,-1
645,32,1383.17,291.50,138.82,515.90,1,-1,-1,-1
645,36,520.52,364.04,97.76,371.34,1,-1,-1,-1
645,37,972.92,307.04,154.09,482.88,1,-1,-1,-1
645,38,1275.17,310.82,154.93,449.84,1,-1,-1,-1
645,39,1108.65,325.72,153.85,452.91,1,-1,-1,-1
646,1,841.17,325.22,177.24,459.05,1,-1,-1,-1
646,9,1726.71,109.06,234.85,978.22,1,-1,-1,-1
646,32,1390.14,290.91,139.01,517.83,1,-1,-1,-1
646,36,522.09,365.12,98.16,372.65,1,-1,-1,-1
646,37,977.27,309.03,154.86,482.97,1,-1,-1,-1
646,38,1280.13,311.09,155.81,452.20,1,-1,-1,-1
646,39,1111.49,325.77,156.38,457.45,1,-1,-1,-1
647,1,845.66,327.63,177.39,458.47,1,-1,-1,-1
647,9,1729.75,109.49,234.85,978.22,1,-1,-1,-1
647,32,1396.68,290.12,139.32,520.74,1,-1,-1,-1
647,36,523.72,365.40,98.42,375.09,1,-1,-1,-1
647,37,981.94,310.23,154.60,484.00,1,-1,-1,-1
647,38,1284.67,310.91,156.64,454.86,1,-1,-1,-1
647,39,1113.85,326.60,159.27,461.25,1,-1,-1,-1
648,1,850.92,328.86,175.51,458.95,1,-1,-1,-1
648,9,1732.80,109.91,234.85,978.22,1,-1,-1,-1
648,32,1402.91,289.59,139.81,524.90,1,-1,-1,-1
648,36,525.16,365.55,98.72,378.01,1,-1,-1,-1
648,37,986.69,311.05,154.18,485.16,1,-1,-1,-1
648,38,1289.02,311.11,157.50,459.26,1,-1,-1,-1
648,39,1115.66,327.74,161.65,464.67,1,-1,-1,-1
649,1,855.28,329.80,174.82,460.09,1,-1,-1,-1
649,9,1735.85,110.33,234.85,978.22,1,-1,-1,-1
649,32,1408.16,291.07,141.52,526.90,1,-1,-1,-1
649,36,526.43,365.68,98.95,380.63,1,-1,-1,-1
649,37,991.27,311.71,152.91,486.06,1,-1,-1,-1
649,38,1293.05,309.53,158.79,463.29,1,-1,-1,-1
649,39,1118.12,328.33,164.25,468.06,1,-1,-1,-1
650,1,859.27,330.39,175.70,460.05,1,-1,-1,-1
650,9,1738.89,110.76,234.85,978.22,1,-1,-1,-1
650,32,1414.21,290.51,142.65,528.35,1,-1,-1,-1
650,36,527.40,366.09,99.34,381.97,1,-1,-1,-1
650,37,995.57,312.25,152.11,486.71,1,-1,-1,-1
650,38,1296.75,309.00,159.80,468.68,1,-1,-1,-1
650,39,1120.39,328.95,166.64,472.01,1,-1,-1,-1
651,1,863.64,330.78,174.86,461.18,1,-1,-1,-1
651,9,1741.94,111.18,234.85,978.22,1,-1,-1,-1
651,32,1420.17,289.80,144.00,529.68,1,-1,-1,-1
651,36,528.35,365.90,99.63,384.12,1,-1,-1,-1
651,37,998.09,311.46,153.06,487.63,1,-1,-1,-1
651,38,1300.12,308.03,160.83,474.13,1,-1,-1,-1
651,39,1122.28,328.97,168.69,476.87,1,-1,-1,-1
652,1,866.87,331.76,174.47,461.50,1,-1,-1,-1
652,9,1744.99,111.60,234.85,978.22,1,-1,-1,-1
652,32,1425.65,290.83,145.28,531.72,1,-1,-1,-1
652,36,529.06,366.93,99.90,384.47,1,-1,-1,-1
652,37,1000.51,310.75,154.18,488.35,1,-1,-1,-1
652,38,1303.59,307.20,161.96,479.59,1,-1,-1,-1
652,39,1123.37,328.91,171.36,481.79,1,-1,-1,-1
653,1,869.65,332.74,173.91,461.92,1,-1,-1,-1
653,9,1748.03,112.03,234.85,978.22,1,-1,-1,-1
653,32,1431.59,290.13,146.06,535.34,1,-1,-1,-1
653,36,529.05,367.81,100.72,385.73,1,-1,-1,-1
653,37,1002.60,309.11,155.05,490.68,1,-1,-1,-1
653,38,1306.36,306.10,163.31,485.00,1,-1,-1,-1
653,39,1124.12,329.10,173.75,486.60,1,-1,-1,-1
654,1,871.76,333.39,173.25,462.19,1,-1,-1,-1
654,9,1751.08,112.45,234.85,978.22,1,-1,-1,-1
654,32,1436.17,290.08,147.51,538.79,1,-1,-1,-1
654,36,529.09,368.00,100.89,387.12,1,-1,-1,-1
654,37,1004.47,307.28,155.19,492.07,1,-1,-1,-1
654,38,1309.49,305.56,164.47,489.20,1,-1,-1,-1
654,39,1122.72,328.07,176.00,492.17,1,-1,-1,-1
655,1,872.74,331.98,172.20,462.76,1,-1,-1,-1
655,9,1754.13,112.87,234.85,978.22,1,-1,-1,-1
655,32,1439.26,288.53,149.66,542.24,1,-1,-1,-1
655,36,528.44,367.03,100.99,390.07,1,-1,-1,-1
655,37,1006.36,306.84,154.55,491.54,1,-1,-1,-1
655,38,1312.43,302.45,165.35,494.96,1,-1,-1,-1
655,39,1120.54,327.74,179.16,496.43,1,-1,-1,-1
656,1,871.64,332.32,171.94,462.11,1,-1,-1,-1
656,9,1757.17,113.30,234.85,978.22,1,-1,-1,-1
656,32,1442.78,287.77,150.90,543.07,1,-1,-1,-1
656,36,526.41,366.08,101.44,392.45,1,-1,-1,-1
656,37,1008.12,307.01,154.20,491.66,1,-1,-1,-1
656,38,1314.51,299.64,166.74,501.08,1,-1,-1,-1
656,39,1119.53,325.31,181.94,502.85,1,-1,-1,-1
657,1,869.86,333.40,171.91,460.82,1,-1,-1,-1
657,9,1760.22,113.72,234.85,978.22,1,-1,-1,-1
657,32,1446.02,287.52,151.97,544.75,1,-1,-1,-1
657,36,523.97,366.26,101.44,394.32,1,-1,-1,-1
657,37,1009.13,307.86,153.99,491.52,1,-1,-1,-1
657,38,1315.33,300.34,167.62,505.44,1,-1,-1,-1
657,39,1118.13,323.80,184.03,508.11,1,-1,-1,-1
658,1,868.63,333.31,172.02,459.60,1,-1,-1,-1
658,9,1763.26,114.14,234.85,978.22,1,-1,-1,-1
658,32,1448.76,286.45,153.29,546.41,1,-1,-1,-1
658,36,520.31,365.69,102.30,395.96,1,-1,-1,-1
658,37,1009.56,307.83,153.79,492.21,1,-1,-1,-1
658,38,1315.18,300.64,168.79,509.75,1,-1,-1,-1
658,39,1116.61,319.86,186.84,515.42,1,-1,-1,-1
659,1,866.60,333.13,172.43,458.18,1,-1,-1,-1
659,9,1766.31,114.57,234.85,978.22,1,-1,-1,-1
659,32,1450.91,285.28,154.43,550.43,1,-1,-1,-1
659,36,516.79,366.63,103.03,397.09,1,-1,-1,-1
659,37,1008.68,306.85,154.28,492.55,1,-1,-1,-1
659,38,1314.85,300.72,170.24,514.11,1,-1,-1,-1
659,39,1115.06,317.87,189.55,521.94,1,-1,-1,-1
660,1,864.53,332.54,172.69,457.67,1,-1,-1,-1
660,9,1769.36,114.99,234.85,978.22,1,-1,-1,-1
660,32,1451.99,283.44,156.45,554.20,1,-1,-1,-1
660,36,513.33,366.60,103.72,398.25,1,-1,-1,-1
660,37,1007.52,307.29,154.78,491.68,1,-1,-1,-1
660,38,1313.80,300.71,172.37,518.89,1,-1,-1,-1
660,39,1111.97,314.30,192.53,528.38,1,-1,-1,-1
661,1,862.76,331.12,172.64,458.37,1,-1,-1,-1
661,9,1772.40,115.41,234.85,978.22,1,-1,-1,-1
661,32,1454.49,282.34,157.47,557.96,1,-1,-1,-1
661,36,509.73,366.57,104.02,399.64,1,-1,-1,-1
661,37,1005.14,306.92,155.04,492.59,1,-1,-1,-1
661,38,1312.40,299.52,173.61,524.36,1,-1,-1,-1
661,39,1110.53,311.34,194.98,534.26,1,-1,-1,-1
662,1,860.20,330.63,172.61,458.80,1,-1,-1,-1
662,9,1775.45,115.84,234.85,978.22,1,-1,-1,-1
662,32,1455.64,281.92,159.22,561.12,1,-1,-1,-1
662,36,505.39,365.65,104.22,401.96,1,-1,-1,-1
662,37,1003.23,306.30,154.53,493.67,1,-1,-1,-1
662,38,1310.78,297.16,174.43,530.55,1,-1,-1,-1
662,39,1108.17,307.34,197.38,541.69,1,-1,-1,-1
663,1,857.37,330.57,172.25,458.12,1,-1,-1,-1
663,9,1778.50,116.26,234.85,978.22,1,-1,-1,-1
663,32,1455.77,280.85,161.22,562.93,1,-1,-1,-1
663,36,500.35,364.40,104.42,404.68,1,-1,-1,-1
663,37,1000.10,306.31,154.40,494.08,1,-1,-1,-1
663,38,1308.14,293.74,175.48,537.57,1,-1,-1,-1
663,39,1105.66,303.68,199.24,548.92,1,-1,-1,-1
664,1,854.12,330.53,171.77,457.30,1,-1,-1,-1
664,9,1781.54,116.68,234.85,978.22,1,-1,-1,-1
664,32,1456.02,280.47,163.01,566.38,1,-1,-1,-1
664,36,494.40,362.37,104.87,407.75,1,-1,-1,-1
664,37,996.19,306.46,154.69,494.88,1,-1,-1,-1
664,38,1304.72,290.29,177.40,544.36,1,-1,-1,-1
664,39,1102.25,298.35,201.53,556.58,1,-1,-1,-1
665,1,850.98,330.54,170.88,456.31,1,-1,-1,-1
665,9,1784.59,117.11,234.85,978.22,1,-1,-1,-1
665,32,1455.10,280.32,165.72,569.61,1,-1,-1,-1
665,36,487.98,361.10,105.49,410.05,1,-1,-1,-1
665,37,993.82,305.23,154.13,495.18,1,-1,-1,-1
665,38,1299.75,285.93,179.34,551.65,1,-1,-1,-1
665,39,1097.58,295.03,203.87,563.59,1,-1,-1,-1
666,1,848.21,329.91,170.00,455.72,1,-1,-1,-1
666,9,1787.64,117.53,234.85,978.22,1,-1,-1,-1
666,32,1454.05,279.19,168.14,573.08,1,-1,-1,-1
666,36,481.36,359.62,105.94,412.73,1,-1,-1,-1
666,37,990.72,304.31,153.37,493.93,1,-1,-1,-1
666,38,1296.35,283.51,180.52,557.68,1,-1,-1,-1
666,39,1094.25,293.17,205.71,569.88,1,-1,-1,-1
667,1,843.29,330.10,171.18,455.31,1,-1,-1,-1
667,9,1790.68,117.95,234.85,978.22,1,-1,-1,-1
667,32,1451.26,277.59,171.37,576.35,1,-1,-1,-1
667,36,474.69,358.33,106.37,415.43,1,-1,-1,-1
667,37,987.58,304.04,152.63,492.03,1,-1,-1,-1
667,38,1293.02,281.37,181.53,563.09,1,-1,-1,-1
667,39,1089.33,288.99,208.56,578.47,1,-1,-1,-1
668,1,840.06,329.59,171.33,454.91,1,-1,-1,-1
668,9,1793.73,118.38,234.85,978.22,1,-1,-1,-1
668,32,1448.53,277.10,174.91,578.41,1,-1,-1,-1
668,36,467.19,356.51,107.03,418.31,1,-1,-1,-1
668,37,982.42,303.40,152.93,493.09,1,-1,-1,-1
668,38,1289.47,278.32,182.70,568.70,1,-1,-1,-1
668,39,1084.51,285.31,211.67,587.11,1,-1,-1,-1
669,1,837.07,329.34,171.79,454.04,1,-1,-1,-1
669,9,1796.78,118.80,234.85,978.22,1,-1,-1,-1
669,32,1445.48,275.10,179.21,580.98,1,-1,-1,-1
669,36,459.92,355.11,107.62,420.77,1,-1,-1,-1
669,37,977.15,302.96,153.19,493.98,1,-1,-1,-1
669,38,1285.18,274.86,184.16,574.38,1,-1,-1,-1
669,39,1081.37,282.90,213.63,595.30,1,-1,-1,-1
670,1,834.36,329.35,171.83,452.78,1,-1,-1,-1
670,9,1799.82,119.22,234.85,978.22,1,-1,-1,-1
670,32,1443.01,273.22,182.94,584.17,1,-1,-1,-1
670,36,452.57,353.88,108.32,422.78,1,-1,-1,-1
670,37,972.39,301.88,153.14,494.07,1,-1,-1,-1
670,38,1280.63,270.26,186.12,580.73,1,-1,-1,-1
670,39,1078.46,280.30,216.16,604.01,1,-1,-1,-1
671,1,832.29,329.24,172.01,451.57,1,-1,-1,-1
671,9,1802.87,119.65,234.85,978.22,1,-1,-1,-1
671,32,1440.91,272.37,186.37,587.05,1,-1,-1,-1
671,36,445.81,351.86,108.88,425.31,1,-1,-1,-1
671,37,967.75,301.25,153.44,493.80,1,-1,-1,-1
671,38,1277.26,265.88,188.05,587.89,1,-1,-1,-1
671,39,1074.47,277.02,219.85,612.79,1,-1,-1,-1
672,1,830.76,329.04,172.01,451.12,1,-1,-1,-1
672,9,1805.92,120.07,234.85,978.22,1,-1,-1,-1
672,32,1438.47,270.79,189.66,589.28,1,-1,-1,-1
672,36,439.61,349.86,109.33,428.76,1,-1,-1,-1
672,37,963.25,300.78,154.02,493.38,1,-1,-1,-1
672,38,1275.84,260.18,189.23,594.82,1,-1,-1,-1
672,39,1070.79,272.82,223.47,623.87,1,-1,-1,-1
673,1,829.35,328.68,172.02,450.69,1,-1,-1,-1
673,9,1808.96,120.49,234.85,978.22,1,-1,-1,-1
673,32,1437.26,268.13,191.86,592.63,1,-1,-1,-1
673,36,433.62,348.59,110.17,431.54,1,-1,-1,-1
673,37,958.95,300.20,155.35,493.91,1,-1,-1,-1
673,38,1273.63,255.91,191.07,601.97,1,-1,-1,-1
673,39,1069.68,269.17,225.89,634.46,1,-1,-1,-1
674,1,828.00,328.53,172.04,449.72,1,-1,-1,-1
674,9,1812.01,120.92,234.85,978.22,1,-1,-1,-1
674,32,1436.69,266.13,194.86,595.10,1,-1,-1,-1
674,36,428.33,346.79,110.83,435.63,1,-1,-1,-1
674,37,956.53,299.77,155.77,495.01,1,-1,-1,-1
674,38,1271.80,251.56,192.70,610.29,1,-1,-1,-1
674,39,1065.81,264.14,230.70,646.64,1,-1,-1,-1
675,1,826.94,329.00,171.91,448.29,1,-1,-1,-1
675,9,1815.06,121.34,234.85,978.22,1,-1,-1,-1
675,32,1436.12,265.03,198.17,597.41,1,-1,-1,-1
675,36,422.90,346.56,111.57,438.29,1,-1,-1,-1
675,37,954.11,298.19,156.46,496.41,1,-1,-1,-1
675,38,1272.80,247.82,194.07,618.98,1,-1,-1,-1
675,39,1063.18,258.82,234.62,659.28,1,-1,-1,-1
676,1,826.42,328.60,172.22,448.70,1,-1,-1,-1
676,9,1818.10,121.76,234.85,978.22,1,-1,-1,-1
676,32,1435.58,264.90,201.72,598.49,1,-1,-1,-1
676,36,417.89,346.97,112.15,440.09,1,-1,-1,-1
676,37,951.59,298.51,156.88,495.14,1,-1,-1,-1
676,38,1273.94,241.93,196.96,627.52,1,-1,-1,-1
676,39,1062.26,255.52,237.96,670.83,1,-1,-1,-1
677,1,825.49,328.95,173.26,448.08,1,-1,-1,-1
677,9,1821.15,122.19,234.85,978.22,1,-1,-1,-1
677,32,1435.46,263.57,204.35,600.90,1,-1,-1,-1
677,36,413.49,346.26,112.90,442.37,1,-1,-1,-1
677,37,951.14,297.39,156.69,495.23,1,-1,-1,-1
677,38,1275.85,238.96,198.72,635.65,1,-1,-1,-1
677,39,1061.87,252.59,242.53,680.91,1,-1,-1,-1
678,1,825.22,328.31,173.63,447.56,1,-1,-1,-1
678,9,1824.20,122.61,234.85,978.22,1,-1,-1,-1
678,32,1435.71,262.45,206.90,603.67,1,-1,-1,-1
678,36,409.24,344.73,113.96,445.30,1,-1,-1,-1
678,37,949.69,297.68,157.23,494.14,1,-1,-1,-1
678,38,1280.48,237.33,200.92,642.94,1,-1,-1,-1
678,39,1061.79,249.43,246.94,690.75,1,-1,-1,-1
679,1,824.21,327.80,174.33,447.89,1,-1,-1,-1
679,9,1827.24,123.03,234.85,978.22,1,-1,-1,-1
679,32,1436.94,261.52,209.91,605.23,1,-1,-1,-1
679,36,405.64,343.95,114.93,447.65,1,-1,-1,-1
679,37,950.11,295.94,157.44,495.64,1,-1,-1,-1
679,38,1286.02,234.54,202.48,651.55,1,-1,-1,-1
679,39,1060.87,245.40,252.53,701.03,1,-1,-1,-1
680,1,825.58,326.69,174.26,447.93,1,-1,-1,-1
680,9,1830.29,123.46,234.85,978.22,1,-1,-1,-1
680,32,1442.86,256.41,209.06,613.88,1,-1,-1,-1
680,36,402.62,344.03,116.14,449.55,1,-1,-1,-1
680,37,950.92,295.65,157.08,494.87,1,-1,-1,-1
680,38,1291.33,232.55,205.40,661.98,1,-1,-1,-1
680,39,1061.73,238.15,258.62,714.52,1,-1,-1,-1
681,1,827.23,326.52,174.03,447.49,1,-1,-1,-1
681,9,1833.34,123.88,234.85,978.22,1,-1,-1,-1
681,32,1448.81,251.46,208.14,621.13,1,-1,-1,-1
681,36,400.58,344.66,117.12,451.65,1,-1,-1,-1
681,37,952.42,296.43,157.41,493.07,1,-1,-1,-1
681,38,1297.88,229.83,207.70,672.68,1,-1,-1,-1
681,39,1062.44,229.96,264.92,729.49,1,-1,-1,-1
682,1,827.53,326.90,174.97,448.42,1,-1,-1,-1
682,9,1836.38,124.30,234.85,978.22,1,-1,-1,-1
682,32,1452.12,248.20,206.44,627.85,1,-1,-1,-1
682,36,399.59,343.66,118.05,454.30,1,-1,-1,-1
682,37,954.31,296.48,157.96,491.98,1,-1,-1,-1
682,38,1305.67,224.38,210.06,682.20,1,-1,-1,-1
682,39,1061.03,223.85,271.52,742.58,1,-1,-1,-1
683,1,830.24,328.52,175.95,446.37,1,-1,-1,-1
683,9,1839.43,124.73,234.85,978.22,1,-1,-1,-1
683,32,1453.46,246.58,206.44,627.85,1,-1,-1,-1
683,36,399.24,342.81,119.04,457.51,1,-1,-1,-1
683,37,956.37,297.09,158.30,489.78,1,-1,-1,-1
683,38,1314.95,221.87,213.36,691.43,1,-1,-1,-1
683,39,1061.53,215.72,277.23,760.45,1,-1,-1,-1
684,1,833.32,329.38,177.29,444.81,1,-1,-1,-1
684,9,1842.47,125.15,234.85,978.22,1,-1,-1,-1
684,32,1454.79,244.95,206.44,627.85,1,-1,-1,-1
684,36,399.64,342.57,120.07,460.11,1,-1,-1,-1
684,37,960.49,297.61,158.02,490.35,1,-1,-1,-1
684,38,1323.27,218.48,216.88,702.32,1,-1,-1,-1
684,39,1063.02,208.74,283.09,776.81,1,-1,-1,-1
685,1,836.46,329.73,178.59,444.99,1,-1,-1,-1
685,9,1845.52,125.57,234.85,978.22,1,-1,-1,-1
685,32,1456.13,243.33,206.44,627.85,1,-1,-1,-1
685,36,401.25,341.29,120.96,462.27,1,-1,-1,-1
685,37,964.31,298.10,157.35,492.02,1,-1,-1,-1
685,38,1331.95,213.23,222.88,713.97,1,-1,-1,-1
685,39,1066.32,204.38,289.80,790.08,1,-1,-1,-1
686,1,841.85,330.01,178.66,443.71,1,-1,-1,-1
686,9,1848.57,126.00,234.85,978.22,1,-1,-1,-1
686,32,1457.46,241.70,206.44,627.85,1,-1,-1,-1
686,36,403.25,340.05,121.81,464.91,1,-1,-1,-1
686,37,969.27,298.15,156.63,493.02,1,-1,-1,-1
686,38,1342.49,207.81,227.39,726.79,1,-1,-1,-1
686,39,1068.96,198.92,294.61,802.90,1,-1,-1,-1
687,1,845.52,329.33,180.05,443.98,1,-1,-1,-1
687,9,1851.61,126.42,234.85,978.22,1,-1,-1,-1
687,32,1458.80,240.08,206.44,627.85,1,-1,-1,-1
687,36,406.36,338.52,122.23,467.62,1,-1,-1,-1
687,37,974.93,298.43,156.25,492.49,1,-1,-1,-1
687,38,1352.22,203.42,234.65,736.70,1,-1,-1,-1
687,39,1070.37,192.81,301.05,815.14,1,-1,-1,-1
688,1,851.20,329.33,179.13,441.80,1,-1,-1,-1
688,32,1460.13,238.46,206.44,627.85,1,-1,-1,-1
688,36,409.64,335.78,123.24,470.28,1,-1,-1,-1
688,37,980.85,297.03,155.80,494.82,1,-1,-1,-1
688,38,1362.17,199.09,243.11,747.52,1,-1,-1,-1
688,39,1073.50,187.14,306.29,826.22,1,-1,-1,-1
689,1,857.07,327.31,179.30,441.30,1,-1,-1,-1
689,32,1461.47,236.83,206.44,627.85,1,-1,-1,-1
689,36,412.83,332.52,124.21,472.93,1,-1,-1,-1
689,37,988.46,295.47,154.10,495.77,1,-1,-1,-1
689,38,1370.41,197.19,254.41,755.50,1,-1,-1,-1
689,39,1076.62,180.39,312.06,837.26,1,-1,-1,-1
690,1,863.54,325.27,179.18,440.02,1,-1,-1,-1
690,32,1462.80,235.21,206.44,627.85,1,-1,-1,-1
690,36,416.23,329.59,124.80,475.31,1,-1,-1,-1
690,37,995.37,293.40,152.65,494.70,1,-1,-1,-1
690,38,1379.29,189.81,266.15,766.39,1,-1,-1,-1
690,39,1078.44,174.93,318.66,846.79,1,-1,-1,-1
691,1,870.27,321.02,178.49,440.23,1,-1,-1,-1
691,32,1464.13,233.58,206.44,627.85,1,-1,-1,-1
691,36,419.08,328.31,125.41,475.67,1,-1,-1,-1
691,37,996.90,293.04,152.65,494.70,1,-1,-1,-1
691,38,1389.87,184.06,277.58,775.97,1,-1,-1,-1
691,39,1080.85,169.68,325.62,855.62,1,-1,-1,-1
692,1,876.38,318.62,177.37,439.36,1,-1,-1,-1
692,32,1465.47,231.96,206.44,627.85,1,-1,-1,-1
692,36,421.65,324.60,126.24,478.11,1,-1,-1,-1
692,37,998.43,292.67,152.65,494.70,1,-1,-1,-1
692,38,1398.61,180.64,289.69,786.15,1,-1,-1,-1
692,39,1084.42,161.88,334.01,865.66,1,-1,-1,-1
693,1,881.99,315.35,176.46,439.15,1,-1,-1,-1
693,32,1466.80,230.34,206.44,627.85,1,-1,-1,-1
693,36,423.91,320.30,127.31,479.74,1,-1,-1,-1
693,37,999.96,292.31,152.65,494.70,1,-1,-1,-1
693,38,1407.65,172.07,302.89,798.13,1,-1,-1,-1
693,39,1084.34,153.70,343.79,875.55,1,-1,-1,-1
694,1,887.48,311.92,175.51,438.24,1,-1,-1,-1
694,32,1468.14,228.71,206.44,627.85,1,-1,-1,-1
694,36,424.87,316.35,128.40,482.38,1,-1,-1,-1
694,37,1001.49,291.94,152.65,494.70,1,-1,-1,-1
694,38,1415.13,163.12,318.91,814.59,1,-1,-1,-1
694,39,1084.63,143.97,353.34,886.14,1,-1,-1,-1
695,1,892.42,309.81,175.98,435.81,1,-1,-1,-1
695,32,1469.47,227.09,206.44,627.85,1,-1,-1,-1
695,36,425.73,311.44,129.46,484.92,1,-1,-1,-1
695,37,1003.01,291.57,152.65,494.70,1,-1,-1,-1
695,38,1424.45,153.86,331.28,829.74,1,-1,-1,-1
695,39,1086.31,137.69,362.52,894.14,1,-1,-1,-1
696,1,896.20,307.42,175.74,435.12,1,-1,-1,-1
696,32,1470.81,225.46,206.44,627.85,1,-1,-1,-1
696,36,425.77,307.02,130.72,486.56,1,-1,-1,-1
696,37,1004.54,291.21,152.65,494.70,1,-1,-1,-1
696,38,1433.32,142.29,343.33,847.83,1,-1,-1,-1
696,39,1090.12,127.10,367.78,904.77,1,-1,-1,-1
697,1,900.39,304.00,175.38,434.08,1,-1,-1,-1
697,32,1472.14,223.84,206.44,627.85,1,-1,-1,-1
697,36,425.04,303.44,131.73,488.10,1,-1,-1,-1
697,37,1006.07,290.84,152.65,494.70,1,-1,-1,-1
697,38,1441.82,129.87,355.04,865.39,1,-1,-1,-1
697,39,1089.89,115.16,377.35,916.12,1,-1,-1,-1
698,1,904.12,300.49,175.27,433.11,1,-1,-1,-1
698,32,1473.48,222.22,206.44,627.85,1,-1,-1,-1
698,36,423.82,297.29,132.99,491.55,1,-1,-1,-1
698,37,1007.60,290.48,152.65,494.70,1,-1,-1,-1
698,38,1452.03,122.49,366.54,878.65,1,-1,-1,-1
698,39,1091.75,97.77,385.70,930.98,1,-1,-1,-1
699,1,907.12,297.46,174.56,432.47,1,-1,-1,-1
699,32,1474.81,220.59,206.44,627.85,1,-1,-1,-1
699,36,422.50,291.87,134.49,494.59,1,-1,-1,-1
699,37,1009.13,290.11,152.65,494.70,1,-1,-1,-1
699,38,1461.55,108.03,376.50,895.80,1,-1,-1,-1
699,39,1094.76,80.30,393.48,945.84,1,-1,-1,-1
700,1,910.70,294.17,172.90,432.26,1,-1,-1,-1
700,32,1476.15,218.97,206.44,627.85,1,-1,-1,-1
700,36,420.97,286.49,135.22,497.21,1,-1,-1,-1
700,37,1010.65,289.74,152.65,494.70,1,-1,-1,-1
700,38,1469.04,96.07,386.00,910.62,1,-1,-1,-1
700,39,1099.04,63.98,400.19,959.91,1,-1,-1,-1
701,1,914.02,290.95,171.11,432.08,1,-1,-1,-1
701,32,1477.48,217.34,206.44,627.85,1,-1,-1,-1
701,36,419.10,281.40,136.13,500.02,1,-1,-1,-1
701,37,1012.18,289.38,152.65,494.70,1,-1,-1,-1
701,38,1478.43,88.12,392.02,922.19,1,-1,-1,-1
701,39,1100.67,51.79,410.60,971.21,1,-1,-1,-1
702,1,916.48,287.05,169.88,431.84,1,-1,-1,-1
702,32,1478.82,215.72,206.44,627.85,1,-1,-1,-1
702,36,415.95,275.44,137.35,504.78,1,-1,-1,-1
702,37,1035.28,215.53,159.01,580.24,1,-1,-1,-1
702,38,1484.50,78.10,398.32,934.62,1,-1,-1,-1
702,39,1102.51,37.08,418.92,984.18,1,-1,-1,-1
703,1,918.96,284.23,167.48,430.42,1,-1,-1,-1
703,32,1480.15,214.10,206.44,627.85,1,-1,-1,-1
703,36,412.33,270.12,138.65,507.47,1,-1,-1,-1
703,37,1040.07,198.36,168.99,625.81,1,-1,-1,-1
703,38,1488.65,68.23,404.24,946.52,1,-1,-1,-1
703,39,1107.09,24.46,426.81,995.76,1,-1,-1,-1
703,40,865.80,337.20,66.80,257.70,1,-1,-1,-1
704,1,921.60,278.51,164.45,430.85,1,-1,-1,-1
704,32,1481.49,212.47,206.44,627.85,1,-1,-1,-1
704,36,407.88,265.14,139.58,509.93,1,-1,-1,-1
704,37,1033.93,184.91,177.72,654.36,1,-1,-1,-1
704,38,1496.31,56.14,406.40,959.52,1,-1,-1,-1
704,39,1113.87,12.57,432.87,1006.86,1,-1,-1,-1
704,40,865.00,337.00,66.02,256.60,1,-1,-1,-1
705,1,925.05,271.80,160.30,433.63,1,-1,-1,-1
705,32,1482.82,210.85,206.44,627.85,1,-1,-1,-1
705,36,403.87,259.76,140.38,512.71,1,-1,-1,-1
705,37,1027.21,174.33,189.65,679.30,1,-1,-1,-1
705,38,1503.74,49.28,407.45,968.74,1,-1,-1,-1
705,39,1122.46,2.87,437.08,1016.50,1,-1,-1,-1
705,40,861.86,334.13,65.30,254.80,1,-1,-1,-1
706,1,928.00,269.36,160.30,433.63,1,-1,-1,-1
706,32,1484.16,209.22,206.44,627.85,1,-1,-1,-1
706,36,399.06,253.46,141.76,516.30,1,-1,-1,-1
706,37,1020.80,161.66,198.65,705.02,1,-1,-1,-1
706,38,1511.83,35.76,406.97,982.12,1,-1,-1,-1
706,39,1135.66,-4.93,438.58,1024.87,1,-1,-1,-1
706,40,859.83,332.54,65.30,254.80,1,-1,-1,-1
707,1,930.95,266.92,160.30,433.63,1,-1,-1,-1
707,32,1485.49,207.60,206.44,627.85,1,-1,-1,-1
707,36,394.83,247.86,142.96,518.90,1,-1,-1,-1
707,37,1013.48,150.89,206.98,724.73,1,-1,-1,-1
707,38,1523.48,22.85,403.15,994.90,1,-1,-1,-1
707,39,1145.26,-11.12,446.04,1032.13,1,-1,-1,-1
707,40,857.81,330.94,65.30,254.80,1,-1,-1,-1
708,1,933.90,264.48,160.30,433.63,1,-1,-1,-1
708,32,1486.83,205.98,206.44,627.85,1,-1,-1,-1
708,36,390.58,240.72,143.74,521.92,1,-1,-1,-1
708,37,1004.63,139.71,214.89,744.91,1,-1,-1,-1
708,38,1534.23,12.35,399.08,1005.91,1,-1,-1,-1
708,39,1154.89,-15.94,457.55,1038.44,1,-1,-1,-1
708,40,855.78,329.35,65.30,254.80,1,-1,-1,-1
709,1,936.85,262.04,160.30,433.63,1,-1,-1,-1
709,32,1488.16,204.35,206.44,627.85,1,-1,-1,-1
709,36,386.43,233.24,144.77,525.18,1,-1,-1,-1
709,37,995.32,126.46,224.07,763.66,1,-1,-1,-1
709,38,1553.67,3.49,388.43,1015.67,1,-1,-1,-1
709,39,1166.77,-19.59,469.60,1043.92,1,-1,-1,-1
709,40,853.75,327.75,65.30,254.80,1,-1,-1,-1
710,1,939.79,259.60,160.30,433.63,1,-1,-1,-1
710,32,1489.50,202.73,206.44,627.85,1,-1,-1,-1
710,36,381.96,225.42,146.02,528.60,1,-1,-1,-1
710,37,985.09,113.88,233.58,784.96,1,-1,-1,-1
710,38,1573.48,-2.18,376.79,1023.16,1,-1,-1,-1
710,39,1181.37,-22.26,478.58,1048.67,1,-1,-1,-1
710,40,851.73,326.15,65.30,254.80,1,-1,-1,-1
711,1,942.74,257.16,160.30,433.63,1,-1,-1,-1
711,32,1490.83,201.10,206.44,627.85,1,-1,-1,-1
711,36,377.32,216.86,147.67,533.33,1,-1,-1,-1
711,37,974.72,102.53,242.35,803.45,1,-1,-1,-1
711,38,1582.40,-10.30,376.79,1023.16,1,-1,-1,-1
711,39,1194.25,-24.11,489.98,1052.80,1,-1,-1,-1
711,40,849.70,324.56,65.30,254.80,1,-1,-1,-1
712,1,945.69,254.72,160.30,433.63,1,-1,-1,-1
712,32,1492.17,199.48,206.44,627.85,1,-1,-1,-1
712,36,373.08,209.43,149.17,537.21,1,-1,-1,-1
712,37,963.03,85.18,251.63,832.21,1,-1,-1,-1
712,38,1591.32,-18.42,376.79,1023.16,1,-1,-1,-1
712,39,1203.17,-25.27,511.00,1056.38,1,-1,-1,-1
712,40,847.68,322.96,65.30,254.80,1,-1,-1,-1
713,1,948.64,252.28,160.30,433.63,1,-1,-1,-1
713,32,1493.50,197.86,206.44,627.85,1,-1,-1,-1
713,36,367.49,203.03,151.11,540.50,1,-1,-1,-1
713,37,947.70,76.74,262.07,850.42,1,-1,-1,-1
713,38,1600.23,-26.54,376.79,1023.16,1,-1,-1,-1
713,39,1216.05,-25.88,530.67,1059.50,1,-1,-1,-1
713,40,845.65,321.37,65.30,254.80,1,-1,-1,-1
714,1,951.59,249.84,160.30,433.63,1,-1,-1,-1
714,32,1494.84,196.23,206.44,627.85,1,-1,-1,-1
714,36,362.49,196.84,152.68,544.44,1,-1,-1,-1
714,37,933.28,69.58,270.91,866.66,1,-1,-1,-1
714,38,1609.15,-34.66,376.79,1023.16,1,-1,-1,-1
714,39,1227.91,-26.02,548.99,1062.20,1,-1,-1,-1
714,40,757.65,262.34,82.58,277.57,1,-1,-1,-1
715,1,954.54,247.40,160.30,433.63,1,-1,-1,-1
715,32,1496.17,194.61,206.44,627.85,1,-1,-1,-1
715,36,358.40,191.38,153.87,547.53,1,-1,-1,-1
715,37,919.91,57.61,279.79,888.26,1,-1,-1,-1
715,38,1618.07,-42.78,376.79,1023.16,1,-1,-1,-1
715,39,1243.27,-25.79,561.20,1064.54,1,-1,-1,-1
715,40,750.12,254.18,93.54,293.56,1,-1,-1,-1
716,1,957.49,244.96,160.30,433.63,1,-1,-1,-1
716,36,353.92,186.53,154.68,550.51,1,-1,-1,-1
716,37,905.82,44.29,288.56,910.88,1,-1,-1,-1
716,38,1626.98,-50.90,376.79,1023.16,1,-1,-1,-1
716,39,1256.51,-25.27,567.75,1066.58,1,-1,-1,-1
716,40,743.89,248.96,101.85,303.60,1,-1,-1,-1
717,1,960.44,242.52,160.30,433.63,1,-1,-1,-1
717,36,349.92,181.30,156.25,554.13,1,-1,-1,-1
717,37,889.05,33.54,298.19,930.26,1,-1,-1,-1
717,38,1635.90,-59.03,376.79,1023.16,1,-1,-1,-1
717,39,1272.48,-24.52,573.82,1068.35,1,-1,-1,-1
717,40,739.44,244.22,108.50,312.25,1,-1,-1,-1
718,1,963.39,240.08,160.30,433.63,1,-1,-1,-1
718,36,345.11,177.15,157.78,557.41,1,-1,-1,-1
718,37,872.37,23.18,305.59,948.11,1,-1,-1,-1
718,38,1644.81,-67.15,376.79,1023.16,1,-1,-1,-1
718,39,1283.90,-23.59,580.32,1069.88,1,-1,-1,-1
718,40,734.79,240.24,114.53,318.86,1,-1,-1,-1
719,1,966.34,237.64,160.30,433.63,1,-1,-1,-1
719,36,340.26,174.13,159.59,560.93,1,-1,-1,-1
719,37,852.75,13.72,313.88,964.28,1,-1,-1,-1
719,38,1653.73,-75.27,376.79,1023.16,1,-1,-1,-1
719,39,1298.36,-20.31,582.55,1069.73,1,-1,-1,-1
719,40,732.11,235.09,116.96,325.19,1,-1,-1,-1
720,1,969.29,235.20,160.30,433.63,1,-1,-1,-1
720,36,336.17,169.88,160.91,565.67,1,-1,-1,-1
720,37,831.90,4.13,321.89,979.60,1,-1,-1,-1
720,38,1662.65,-83.39,376.79,1023.16,1,-1,-1,-1
720,39,1325.35,-15.82,574.42,1068.63,1,-1,-1,-1
720,40,723.75,228.64,116.96,325.19,1,-1,-1,-1
721,1,1034.14,202.62,151.25,456.77,1,-1,-1,-1
721,36,332.17,166.69,162.12,568.28,1,-1,-1,-1
721,37,810.42,-3.60,329.43,992.87,1,-1,-1,-1
721,38,1671.56,-91.51,376.79,1023.16,1,-1,-1,-1
721,39,1335.14,-19.47,574.42,1068.63,1,-1,-1,-1
721,40,715.39,222.20,116.96,325.19,1,-1,-1,-1
722,1,1047.24,184.87,152.48,467.08,1,-1,-1,-1
722,36,327.45,163.53,163.74,571.93,1,-1,-1,-1
722,37,786.92,-9.74,337.27,1004.38,1,-1,-1,-1
722,38,1680.48,-99.63,376.79,1023.16,1,-1,-1,-1
722,39,1344.94,-23.13,574.42,1068.63,1,-1,-1,-1
722,40,707.03,215.75,116.96,325.19,1,-1,-1,-1
723,1,1054.40,172.59,154.62,478.44,1,-1,-1,-1
723,36,322.46,159.45,165.05,577.55,1,-1,-1,-1
723,37,760.34,-14.53,347.07,1014.37,1,-1,-1,-1
723,38,1689.40,-107.75,376.79,1023.16,1,-1,-1,-1
723,39,1322.74,13.90,528.37,1050.31,1,-1,-1,-1
723,40,698.67,209.30,116.96,325.19,1,-1,-1,-1
724,1,1058.51,163.72,156.73,485.56,1,-1,-1,-1
724,36,318.27,155.35,166.60,582.20,1,-1,-1,-1
724,37,728.18,-18.17,360.66,1023.03,1,-1,-1,-1
724,38,1698.31,-115.87,376.79,1023.16,1,-1,-1,-1
724,39,1308.00,33.69,488.31,1001.06,1,-1,-1,-1
724,40,690.31,202.85,116.96,325.19,1,-1,-1,-1
725,1,1062.14,158.64,158.45,489.93,1,-1,-1,-1
725,36,313.72,151.17,167.90,588.08,1,-1,-1,-1
725,37,694.81,-20.84,373.84,1030.54,1,-1,-1,-1
725,38,1707.23,-124.00,376.79,1023.16,1,-1,-1,-1
725,39,1294.29,51.03,453.64,962.36,1,-1,-1,-1
725,40,681.95,196.41,116.96,325.19,1,-1,-1,-1
726,1,1064.56,153.63,159.50,493.54,1,-1,-1,-1
726,36,308.21,148.54,169.27,592.34,1,-1,-1,-1
726,37,661.19,-22.70,386.76,1037.06,1,-1,-1,-1
726,38,1716.14,-132.12,376.79,1023.16,1,-1,-1,-1
726,39,1282.62,62.49,426.15,927.26,1,-1,-1,-1
726,40,673.59,189.96,116.96,325.19,1,-1,-1,-1
727,1,1066.43,149.95,159.72,496.94,1,-1,-1,-1
727,36,302.30,144.78,170.45,597.00,1,-1,-1,-1
727,37,628.04,-23.81,398.86,1042.67,1,-1,-1,-1
727,38,1725.06,-140.24,376.79,1023.16,1,-1,-1,-1
727,39,1264.53,72.57,409.20,899.97,1,-1,-1,-1
727,40,665.23,183.51,116.96,325.19,1,-1,-1,-1
728,1,1067.00,145.60,159.32,500.42,1,-1,-1,-1
728,36,294.82,142.49,171.93,600.41,1,-1,-1,-1
728,37,589.68,-24.47,413.98,1047.59,1,-1,-1,-1
728,38,1733.98,-148.36,376.79,1023.16,1,-1,-1,-1
728,39,1247.43,81.77,395.24,876.91,1,-1,-1,-1
728,40,656.87,177.06,116.96,325.19,1,-1,-1,-1
729,1,1066.73,140.57,158.80,506.71,1,-1,-1,-1
729,36,286.20,138.15,173.44,604.65,1,-1,-1,-1
729,37,548.58,-24.66,428.16,1051.87,1,-1,-1,-1
729,38,1742.89,-156.48,376.79,1023.16,1,-1,-1,-1
729,39,1229.18,88.23,385.45,855.95,1,-1,-1,-1
729,40,648.51,170.62,116.96,325.19,1,-1,-1,-1
730,1,1066.16,135.57,159.05,511.31,1,-1,-1,-1
730,36,276.79,134.38,174.94,609.10,1,-1,-1,-1
730,37,504.44,-24.50,443.78,1055.57,1,-1,-1,-1
730,38,1751.81,-164.60,376.79,1023.16,1,-1,-1,-1
730,39,1205.66,92.82,381.16,838.82,1,-1,-1,-1
730,40,640.15,164.17,116.96,325.19,1,-1,-1,-1
731,1,1064.87,130.54,159.13,519.59,1,-1,-1,-1
731,36,266.47,124.03,175.79,616.50,1,-1,-1,-1
731,37,454.49,-24.04,460.64,1058.79,1,-1,-1,-1
731,38,1760.73,-172.72,376.79,1023.16,1,-1,-1,-1
731,39,1185.42,95.69,376.71,823.30,1,-1,-1,-1
731,40,631.79,157.72,116.96,325.19,1,-1,-1,-1
732,1,1063.69,125.26,159.25,525.72,1,-1,-1,-1
732,36,259.03,116.41,176.90,633.13,1,-1,-1,-1
732,37,400.98,-22.92,479.46,1061.30,1,-1,-1,-1
732,38,1769.64,-180.84,376.79,1023.16,1,-1,-1,-1
732,39,1162.36,97.65,373.92,811.07,1,-1,-1,-1
732,40,623.43,151.27,116.96,325.19,1,-1,-1,-1
733,1,1067.50,120.35,159.25,525.72,1,-1,-1,-1
733,36,253.75,111.60,176.90,633.13,1,-1,-1,-1
733,37,339.06,-19.79,503.67,1062.21,1,-1,-1,-1
733,38,1778.56,-188.97,376.79,1023.16,1,-1,-1,-1
733,39,1142.15,96.58,369.01,800.12,1,-1,-1,-1
733,40,615.07,144.83,116.96,325.19,1,-1,-1,-1
734,1,1071.31,115.45,159.25,525.72,1,-1,-1,-1
734,36,248.47,106.79,176.90,633.13,1,-1,-1,-1
734,37,271.37,-14.88,529.79,1061.67,1,-1,-1,-1
734,38,1787.47,-197.09,376.79,1023.16,1,-1,-1,-1
734,39,1121.70,95.53,362.75,792.26,1,-1,-1,-1
734,40,606.71,138.38,116.96,325.19,1,-1,-1,-1
735,1,1075.11,110.54,159.25,525.72,1,-1,-1,-1
735,36,243.20,101.97,176.90,633.13,1,-1,-1,-1
735,37,201.10,-8.60,557.79,1059.96,1,-1,-1,-1
735,38,1796.39,-205.21,376.79,1023.16,1,-1,-1,-1
735,39,1100.72,95.01,354.82,784.78,1,-1,-1,-1
735,40,598.35,131.93,116.96,325.19,1,-1,-1,-1
736,1,1078.92,105.64,159.25,525.72,1,-1,-1,-1
736,36,237.92,97.16,176.90,633.13,1,-1,-1,-1
736,37,136.48,-7.38,584.84,1061.37,1,-1,-1,-1
736,38,1805.31,-213.33,376.79,1023.16,1,-1,-1,-1
736,39,1080.92,93.01,344.60,779.90,1,-1,-1,-1
736,40,589.99,125.48,116.96,325.19,1,-1,-1,-1
737,1,1082.72,100.74,159.25,525.72,1,-1,-1,-1
737,36,232.64,92.35,176.90,633.13,1,-1,-1,-1
737,37,82.15,0.75,604.00,1057.98,1,-1,-1,-1
737,38,1814.22,-221.45,376.79,1023.16,1,-1,-1,-1
737,39,1061.01,90.18,335.34,772.43,1,-1,-1,-1
737,40,581.63,119.03,116.96,325.19,1,-1,-1,-1
738,1,1086.53,95.83,159.25,525.72,1,-1,-1,-1
738,36,227.37,87.54,176.90,633.13,1,-1,-1,-1
738,37,46.51,-1.40,604.00,1057.98,1,-1,-1,-1
738,38,1823.14,-229.57,376.79,1023.16,1,-1,-1,-1
738,39,1041.10,84.29,325.72,768.85,1,-1,-1,-1
738,40,573.27,112.59,116.96,325.19,1,-1,-1,-1
739,1,1090.33,90.93,159.25,525.72,1,-1,-1,-1
739,36,222.09,82.72,176.90,633.13,1,-1,-1,-1
739,37,10.87,-3.55,604.00,1057.98,1,-1,-1,-1
739,39,1020.68,82.03,315.67,768.25,1,-1,-1,-1
739,40,564.91,106.14,116.96,325.19,1,-1,-1,-1
740,1,1094.14,86.02,159.25,525.72,1,-1,-1,-1
740,36,216.81,77.91,176.90,633.13,1,-1,-1,-1
740,37,-24.78,-5.70,604.00,1057.98,1,-1,-1,-1
740,39,1002.16,78.98,304.26,771.03,1,-1,-1,-1
740,40,556.55,99.69,116.96,325.19,1,-1,-1,-1
741,1,1119.29,180.89,140.30,454.19,1,-1,-1,-1
741,36,211.54,73.10,176.90,633.13,1,-1,-1,-1
741,37,-60.42,-7.85,604.00,1057.98,1,-1,-1,-1
741,39,983.07,77.17,293.15,770.26,1,-1,-1,-1
741,40,548.19,93.24,116.96,325.19,1,-1,-1,-1
742,1,1125.23,217.58,128.42,411.49,1,-1,-1,-1
742,36,206.26,68.28,176.90,633.13,1,-1,-1,-1
742,37,-96.06,-10.00,604.00,1057.98,1,-1,-1,-1
742,39,960.34,73.42,285.73,772.54,1,-1,-1,-1
742,40,566.66,149.76,143.85,378.38,1,-1,-1,-1
743,1,1126.70,235.56,119.06,384.18,1,-1,-1,-1
743,36,200.98,63.47,176.90,633.13,1,-1,-1,-1
743,37,-131.71,-12.15,604.00,1057.98,1,-1,-1,-1
743,39,936.02,70.85,281.64,776.05,1,-1,-1,-1
743,40,556.52,152.75,158.88,405.50,1,-1,-1,-1
744,1,1117.99,241.67,117.57,367.15,1,-1,-1,-1
744,36,195.71,58.66,176.90,633.13,1,-1,-1,-1
744,37,-86.27,13.86,510.35,1002.87,1,-1,-1,-1
744,39,908.68,70.81,279.92,777.57,1,-1,-1,-1
744,40,545.43,151.84,167.53,423.76,1,-1,-1,-1
745,1,1108.52,244.17,116.49,356.60,1,-1,-1,-1
745,36,190.43,53.85,176.90,633.13,1,-1,-1,-1
745,37,-75.11,10.40,445.37,972.57,1,-1,-1,-1
745,39,878.42,69.90,281.71,779.61,1,-1,-1,-1
745,40,533.38,151.01,174.50,437.17,1,-1,-1,-1
746,1,1097.33,243.01,117.06,350.33,1,-1,-1,-1
746,36,185.15,49.03,176.90,633.13,1,-1,-1,-1
746,37,-103.82,9.67,445.37,972.57,1,-1,-1,-1
746,39,846.19,68.41,285.94,783.40,1,-1,-1,-1
746,40,521.19,149.90,178.95,448.43,1,-1,-1,-1
747,1,1085.57,241.89,117.18,345.00,1,-1,-1,-1
747,36,179.88,44.22,176.90,633.13,1,-1,-1,-1
747,37,-132.53,8.95,445.37,972.57,1,-1,-1,-1
747,39,813.59,66.93,290.73,787.25,1,-1,-1,-1
747,40,508.34,148.46,182.92,458.50,1,-1,-1,-1
748,1,1075.03,241.82,118.97,340.20,1,-1,-1,-1
748,36,174.60,39.41,176.90,633.13,1,-1,-1,-1
748,37,-161.25,8.23,445.37,972.57,1,-1,-1,-1
748,39,781.72,65.08,297.33,792.13,1,-1,-1,-1
748,40,494.87,146.54,186.90,468.18,1,-1,-1,-1
749,1,1065.44,241.68,119.00,336.65,1,-1,-1,-1
749,36,169.32,34.59,176.90,633.13,1,-1,-1,-1
749,37,-189.96,7.51,445.37,972.57,1,-1,-1,-1
749,39,748.03,62.90,306.43,796.24,1,-1,-1,-1
749,40,481.28,145.70,190.89,474.89,1,-1,-1,-1
750,1,1065.71,244.19,119.00,336.65,1,-1,-1,-1
750,36,164.05,29.78,176.90,633.13,1,-1,-1,-1
750,37,-218.67,6.78,445.37,972.57,1,-1,-1,-1
750,39,715.38,60.71,316.89,799.54,1,-1,-1,-1
750,40,467.05,144.05,194.74,483.05,1,-1,-1,-1
751,1,1058.14,245.39,117.17,332.96,1,-1,-1,-1
751,36,158.77,24.97,176.90,633.13,1,-1,-1,-1
751,37,-247.38,6.06,445.37,972.57,1,-1,-1,-1
751,39,683.63,59.41,324.85,803.10,1,-1,-1,-1
751,40,452.84,142.76,198.97,490.97,1,-1,-1,-1
752,1,1050.47,244.34,118.52,332.54,1,-1,-1,-1
752,36,153.49,20.16,176.90,633.13,1,-1,-1,-1
752,37,-276.09,5.34,445.37,972.57,1,-1,-1,-1
752,39,652.87,57.04,331.85,806.77,1,-1,-1,-1
752,40,439.65,141.30,202.39,499.58,1,-1,-1,-1
753,1,1044.88,241.34,119.59,334.01,1,-1,-1,-1
753,36,148.21,15.34,176.90,633.13,1,-1,-1,-1
753,37,-304.80,4.62,445.37,972.57,1,-1,-1,-1
753,39,622.84,50.05,335.77,819.68,1,-1,-1,-1
753,40,425.71,139.78,206.80,507.60,1,-1,-1,-1
754,1,1040.21,240.06,120.99,335.10,1,-1,-1,-1
754,36,142.94,10.53,176.90,633.13,1,-1,-1,-1
754,37,-333.51,3.89,445.37,972.57,1,-1,-1,-1
754,39,591.89,47.95,340.29,826.47,1,-1,-1,-1
754,40,412.98,138.08,210.40,516.53,1,-1,-1,-1
755,1,1036.50,237.13,122.33,336.84,1,-1,-1,-1
755,36,137.66,5.72,176.90,633.13,1,-1,-1,-1
755,37,-362.23,3.17,445.37,972.57,1,-1,-1,-1
755,39,559.69,44.27,345.79,835.05,1,-1,-1,-1
755,40,401.29,136.53,213.87,525.45,1,-1,-1,-1
756,1,1033.56,234.20,123.49,338.83,1,-1,-1,-1
756,36,132.38,0.90,176.90,633.13,1,-1,-1,-1
756,37,-390.94,2.45,445.37,972.57,1,-1,-1,-1
756,39,525.89,43.51,351.94,838.48,1,-1,-1,-1
756,40,390.89,135.14,215.29,534.68,1,-1,-1,-1
757,1,1032.33,232.44,124.47,340.09,1,-1,-1,-1
757,36,127.11,-3.91,176.90,633.13,1,-1,-1,-1
757,37,-419.65,1.73,445.37,972.57,1,-1,-1,-1
757,39,492.89,42.28,359.13,839.79,1,-1,-1,-1
757,40,380.78,132.90,215.58,545.46,1,-1,-1,-1
758,1,1031.94,232.40,125.21,340.72,1,-1,-1,-1
758,36,121.83,-8.72,176.90,633.13,1,-1,-1,-1
758,37,-448.36,1.00,445.37,972.57,1,-1,-1,-1
758,39,458.64,42.00,366.90,842.68,1,-1,-1,-1
758,40,370.50,130.36,215.58,545.46,1,-1,-1,-1
759,1,1031.88,232.09,125.73,343.13,1,-1,-1,-1
759,36,116.55,-13.53,176.90,633.13,1,-1,-1,-1
759,37,-477.07,0.28,445.37,972.57,1,-1,-1,-1
759,39,431.04,36.86,366.15,848.70,1,-1,-1,-1
759,40,360.23,127.81,215.58,545.46,1,-1,-1,-1
760,1,1032.43,231.42,124.03,345.02,1,-1,-1,-1
760,36,111.28,-18.35,176.90,633.13,1,-1,-1,-1
760,37,-505.78,-0.44,445.37,972.57,1,-1,-1,-1
760,39,401.94,32.14,368.77,856.19,1,-1,-1,-1
760,40,349.95,125.27,215.58,545.46,1,-1,-1,-1
761,1,1035.62,233.29,123.33,345.37,1,-1,-1,-1
761,36,106.00,-23.16,176.90,633.13,1,-1,-1,-1
761,37,-534.49,-1.16,445.37,972.57,1,-1,-1,-1
761,39,371.19,28.77,374.70,859.90,1,-1,-1,-1
761,40,339.68,122.72,215.58,545.46,1,-1,-1,-1
762,1,1021.86,236.40,125.68,349.00,1,-1,-1,-1
762,36,100.72,-27.97,176.90,633.13,1,-1,-1,-1
762,37,-563.21,-1.89,445.37,972.57,1,-1,-1,-1
762,39,345.55,32.34,377.42,866.12,1,-1,-1,-1
762,40,329.40,120.18,215.58,545.46,1,-1,-1,-1
763,1,1028.12,242.08,123.10,346.95,1,-1,-1,-1
763,36,95.45,-32.79,176.90,633.13,1,-1,-1,-1
763,37,-591.92,-2.61,445.37,972.57,1,-1,-1,-1
763,39,321.32,33.40,381.46,870.50,1,-1,-1,-1
763,40,319.13,117.63,215.58,545.46,1,-1,-1,-1
764,1,1014.20,243.29,128.23,351.25,1,-1,-1,-1
764,36,90.17,-37.60,176.90,633.13,1,-1,-1,-1
764,37,-620.63,-3.33,445.37,972.57,1,-1,-1,-1
764,39,299.50,32.74,384.35,877.20,1,-1,-1,-1
764,40,308.85,115.09,215.58,545.46,1,-1,-1,-1
765,1,1003.21,243.32,132.66,356.28,1,-1,-1,-1
765,36,84.89,-42.41,176.90,633.13,1,-1,-1,-1
765,37,-649.34,-4.05,445.37,972.57,1,-1,-1,-1
765,39,280.64,29.85,386.65,886.40,1,-1,-1,-1
765,40,298.58,112.54,215.58,545.46,1,-1,-1,-1
766,1,994.45,242.15,136.76,362.22,1,-1,-1,-1
766,36,79.62,-47.22,176.90,633.13,1,-1,-1,-1
766,37,-678.05,-4.78,445.37,972.57,1,-1,-1,-1
766,39,260.24,24.75,391.86,900.37,1,-1,-1,-1
766,40,288.30,110.00,215.58,545.46,1,-1,-1,-1
767,1,987.24,241.23,141.83,367.88,1,-1,-1,-1
767,36,74.34,-52.04,176.90,633.13,1,-1,-1,-1
767,37,-706.76,-5.50,445.37,972.57,1,-1,-1,-1
767,39,241.07,21.91,396.82,911.11,1,-1,-1,-1
767,40,278.02,107.45,215.58,545.46,1,-1,-1,-1
768,1,981.28,240.17,146.50,373.49,1,-1,-1,-1
768,36,69.06,-56.85,176.90,633.13,1,-1,-1,-1
768,37,-735.47,-6.22,445.37,972.57,1,-1,-1,-1
768,39,220.79,19.32,403.02,919.16,1,-1,-1,-1
768,40,267.75,104.91,215.58,545.46,1,-1,-1,-1
769,1,977.66,240.53,150.65,377.71,1,-1,-1,-1
769,37,-764.19,-6.94,445.37,972.57,1,-1,-1,-1
769,39,203.53,14.56,407.20,932.15,1,-1,-1,-1
769,40,257.47,102.36,215.58,545.46,1,-1,-1,-1
770,1,973.29,241.15,156.04,381.10,1,-1,-1,-1
770,37,-792.90,-7.66,445.37,972.57,1,-1,-1,-1
770,39,188.09,12.44,411.15,940.48,1,-1,-1,-1
770,40,247.20,99.82,215.58,545.46,1,-1,-1,-1
770,41,626.60,269.60,119.50,346.30,1,-1,-1,-1
771,1,970.22,242.77,160.33,383.70,1,-1,-1,-1
771,37,-821.61,-8.39,445.37,972.57,1,-1,-1,-1
771,39,171.84,11.56,416.05,947.93,1,-1,-1,-1
771,40,236.92,97.27,215.58,545.46,1,-1,-1,-1
771,41,627.00,257.86,120.85,348.64,1,-1,-1,-1
772,1,967.28,242.57,163.86,387.11,1,-1,-1,-1
772,37,-850.32,-9.11,445.37,972.57,1,-1,-1,-1
772,39,156.42,9.11,419.52,955.86,1,-1,-1,-1
772,40,226.65,94.73,215.58,545.46,1,-1,-1,-1
772,41,620.12,258.96,120.73,348.85,1,-1,-1,-1
773,1,964.29,242.11,166.83,390.60,1,-1,-1,-1
773,37,-879.03,-9.83,445.37,972.57,1,-1,-1,-1
773,39,138.04,6.95,420.93,961.15,1,-1,-1,-1
773,40,216.37,92.18,215.58,545.46,1,-1,-1,-1
773,41,612.47,257.62,120.58,350.06,1,-1,-1,-1
774,1,960.51,240.91,170.17,394.41,1,-1,-1,-1
774,37,-907.74,-10.55,445.37,972.57,1,-1,-1,-1
774,39,119.14,4.24,420.20,966.72,1,-1,-1,-1
774,40,206.09,89.64,215.58,545.46,1,-1,-1,-1
774,41,600.97,253.97,122.48,351.06,1,-1,-1,-1
775,1,958.18,238.50,171.79,398.55,1,-1,-1,-1
775,37,-936.45,-11.28,445.37,972.57,1,-1,-1,-1
775,39,101.32,2.03,416.63,972.47,1,-1,-1,-1
775,40,195.82,87.09,215.58,545.46,1,-1,-1,-1
775,41,595.43,249.51,123.14,352.67,1,-1,-1,-1
775,42,419.80,64.40,182.00,788.70,1,-1,-1,-1
776,1,956.26,235.57,173.07,402.13,1,-1,-1,-1
776,37,-965.17,-12.00,445.37,972.57,1,-1,-1,-1
776,39,83.08,0.23,412.47,975.63,1,-1,-1,-1
776,40,185.54,84.55,215.58,545.46,1,-1,-1,-1
776,41,589.67,241.92,122.67,355.67,1,-1,-1,-1
776,42,380.60,54.25,190.48,791.66,1,-1,-1,-1
777,1,954.68,231.99,173.81,406.75,1,-1,-1,-1
777,37,-993.88,-12.72,445.37,972.57,1,-1,-1,-1
777,39,65.15,-1.20,406.31,977.81,1,-1,-1,-1
777,40,175.27,82.00,215.58,545.46,1,-1,-1,-1
777,41,581.91,236.47,122.89,357.30,1,-1,-1,-1
777,42,354.66,51.30,200.53,796.40,1,-1,-1,-1
778,1,952.68,227.70,174.76,412.00,1,-1,-1,-1
778,37,-1022.59,-13.44,445.37,972.57,1,-1,-1,-1
778,39,45.82,-2.31,401.63,981.14,1,-1,-1,-1
778,40,164.99,79.46,215.58,545.46,1,-1,-1,-1
778,41,579.47,233.45,120.46,359.64,1,-1,-1,-1
778,42,313.68,34.85,218.16,806.91,1,-1,-1,-1
779,1,949.71,222.42,175.87,418.08,1,-1,-1,-1
779,37,-1051.30,-14.17,445.37,972.57,1,-1,-1,-1
779,39,25.05,-3.17,397.32,986.46,1,-1,-1,-1
779,40,154.72,76.91,215.58,545.46,1,-1,-1,-1
779,41,570.29,233.20,119.02,359.47,1,-1,-1,-1
779,42,282.38,22.03,234.97,820.12,1,-1,-1,-1
779,43,1083.20,198.70,127.20,427.80,1,-1,-1,-1
780,1,947.11,218.20,176.52,424.37,1,-1,-1,-1
780,37,-1080.01,-14.89,445.37,972.57,1,-1,-1,-1
780,39,3.51,-3.81,392.76,993.48,1,-1,-1,-1
780,40,144.44,74.37,215.58,545.46,1,-1,-1,-1
780,41,561.42,232.43,118.26,359.80,1,-1,-1,-1
780,42,263.19,23.29,247.34,829.98,1,-1,-1,-1
780,43,1070.46,182.08,130.68,432.87,1,-1,-1,-1
781,1,943.86,212.14,176.32,431.42,1,-1,-1,-1
781,37,-1108.72,-15.61,445.37,972.57,1,-1,-1,-1
781,39,-13.82,-4.26,385.99,1000.08,1,-1,-1,-1
781,40,134.17,71.82,215.58,545.46,1,-1,-1,-1
781,41,552.17,230.33,117.72,363.61,1,-1,-1,-1
781,42,249.12,18.23,258.10,842.01,1,-1,-1,-1
781,43,1064.66,180.77,135.49,436.94,1,-1,-1,-1
782,1,942.57,208.50,175.35,436.93,1,-1,-1,-1
782,37,-1137.43,-16.33,445.37,972.57,1,-1,-1,-1
782,39,-27.54,-4.55,375.07,1008.06,1,-1,-1,-1
782,40,123.89,69.28,215.58,545.46,1,-1,-1,-1
782,41,545.20,226.96,117.72,363.61,1,-1,-1,-1
782,42,232.75,21.62,270.02,846.58,1,-1,-1,-1
782,43,1060.41,178.67,139.88,441.06,1,-1,-1,-1
783,1,942.01,206.58,173.71,441.11,1,-1,-1,-1
783,37,-1166.15,-17.06,445.37,972.57,1,-1,-1,-1
783,39,-38.19,-4.71,362.31,1014.40,1,-1,-1,-1
783,40,113.61,66.73,215.58,545.46,1,-1,-1,-1
783,41,538.22,223.59,117.72,363.61,1,-1,-1,-1
783,42,219.67,18.17,280.26,856.56,1,-1,-1,-1
783,43,1052.91,176.99,144.30,445.14,1,-1,-1,-1
784,1,941.77,204.44,172.21,446.00,1,-1,-1,-1
784,37,-1194.86,-17.78,445.37,972.57,1,-1,-1,-1
784,39,-45.06,-4.48,348.00,1016.76,1,-1,-1,-1
784,40,103.34,64.19,215.58,545.46,1,-1,-1,-1
784,41,531.25,220.22,117.72,363.61,1,-1,-1,-1
784,42,211.38,14.59,287.06,868.46,1,-1,-1,-1
784,43,1051.25,174.53,147.95,451.90,1,-1,-1,-1
785,1,941.40,202.61,171.13,450.73,1,-1,-1,-1
785,37,-1223.57,-18.50,445.37,972.57,1,-1,-1,-1
785,39,-51.10,-4.50,332.62,1020.32,1,-1,-1,-1
785,40,93.06,61.64,215.58,545.46,1,-1,-1,-1
785,41,524.27,216.85,117.72,363.61,1,-1,-1,-1
785,42,200.37,10.59,296.44,879.71,1,-1,-1,-1
785,43,1049.23,173.60,152.17,455.60,1,-1,-1,-1
786,1,940.44,199.92,170.37,456.99,1,-1,-1,-1
786,37,-1252.28,-19.22,445.37,972.57,1,-1,-1,-1
786,39,-54.52,-0.46,313.36,1020.33,1,-1,-1,-1
786,40,82.79,59.10,215.58,545.46,1,-1,-1,-1
786,41,517.30,213.48,117.72,363.61,1,-1,-1,-1
786,42,189.38,5.63,305.16,894.82,1,-1,-1,-1
786,43,1048.98,171.39,156.16,459.84,1,-1,-1,-1
787,1,939.73,198.72,170.31,461.97,1,-1,-1,-1
787,37,-1280.99,-19.95,445.37,972.57,1,-1,-1,-1
787,39,-56.94,12.21,296.31,1014.61,1,-1,-1,-1
787,40,72.51,56.55,215.58,545.46,1,-1,-1,-1
787,41,510.33,210.11,117.72,363.61,1,-1,-1,-1
787,42,177.56,0.74,315.79,909.80,1,-1,-1,-1
787,43,1049.72,169.53,159.90,463.37,1,-1,-1,-1
788,1,939.96,197.49,170.55,467.18,1,-1,-1,-1
788,37,-1309.70,-20.67,445.37,972.57,1,-1,-1,-1
788,39,-73.08,12.14,296.31,1014.61,1,-1,-1,-1
788,40,62.24,54.01,215.58,545.46,1,-1,-1,-1
788,41,503.35,206.74,117.72,363.61,1,-1,-1,-1
788,42,162.78,-1.49,329.93,924.88,1,-1,-1,-1
788,43,1050.64,165.45,164.69,469.20,1,-1,-1,-1
789,1,940.36,196.71,171.19,472.73,1,-1,-1,-1
789,37,-1338.41,-21.39,445.37,972.57,1,-1,-1,-1
789,39,-89.22,12.08,296.31,1014.61,1,-1,-1,-1
789,40,51.96,51.46,215.58,545.46,1,-1,-1,-1
789,41,496.38,203.37,117.72,363.61,1,-1,-1,-1
789,42,148.73,-4.36,342.27,944.26,1,-1,-1,-1
789,43,1054.25,161.10,166.79,476.90,1,-1,-1,-1
790,1,942.20,195.34,171.29,478.18,1,-1,-1,-1
790,37,-1367.13,-22.11,445.37,972.57,1,-1,-1,-1
790,39,-105.36,12.01,296.31,1014.61,1,-1,-1,-1
790,40,41.68,48.92,215.58,545.46,1,-1,-1,-1
790,41,489.40,200.01,117.72,363.61,1,-1,-1,-1
790,42,134.79,-6.47,354.59,962.25,1,-1,-1,-1
790,43,1055.95,157.28,171.35,483.44,1,-1,-1,-1
791,1,945.68,193.65,173.03,485.19,1,-1,-1,-1
791,39,-121.49,11.94,296.31,1014.61,1,-1,-1,-1
791,40,31.41,46.37,215.58,545.46,1,-1,-1,-1
791,41,482.43,196.64,117.72,363.61,1,-1,-1,-1
791,42,118.69,-7.98,369.76,977.84,1,-1,-1,-1
791,43,1059.13,155.74,176.18,489.58,1,-1,-1,-1
792,1,949.38,191.23,176.24,492.85,1,-1,-1,-1
792,39,-137.63,11.88,296.31,1014.61,1,-1,-1,-1
792,40,21.13,43.83,215.58,545.46,1,-1,-1,-1
792,41,475.45,193.27,117.72,363.61,1,-1,-1,-1
792,42,101.41,-9.04,387.96,991.35,1,-1,-1,-1
792,43,1066.05,156.69,179.02,494.89,1,-1,-1,-1
793,1,953.68,189.19,180.60,500.09,1,-1,-1,-1
793,39,-153.77,11.81,296.31,1014.61,1,-1,-1,-1
793,40,10.86,41.28,215.58,545.46,1,-1,-1,-1
793,41,468.48,189.90,117.72,363.61,1,-1,-1,-1
793,42,89.38,-9.74,402.15,1003.06,1,-1,-1,-1
793,43,1074.96,155.50,179.03,499.92,1,-1,-1,-1
794,1,958.11,186.19,185.49,507.27,1,-1,-1,-1
794,39,-169.91,11.75,296.31,1014.61,1,-1,-1,-1
794,40,0.58,38.74,215.58,545.46,1,-1,-1,-1
794,41,461.50,186.53,117.72,363.61,1,-1,-1,-1
794,42,74.14,-10.16,419.83,1013.22,1,-1,-1,-1
794,43,1088.05,155.03,176.60,504.62,1,-1,-1,-1
795,1,963.67,183.88,191.13,514.16,1,-1,-1,-1
795,39,-186.05,11.68,296.31,1014.61,1,-1,-1,-1
795,40,-9.69,36.19,215.58,545.46,1,-1,-1,-1
795,41,454.53,183.16,117.72,363.61,1,-1,-1,-1
795,42,61.54,-10.36,435.41,1022.03,1,-1,-1,-1
795,43,1089.49,152.47,176.60,504.62,1,-1,-1,-1
796,1,967.82,182.50,198.61,521.73,1,-1,-1,-1
796,39,-202.18,11.61,296.31,1014.61,1,-1,-1,-1
796,40,-19.97,33.65,215.58,545.46,1,-1,-1,-1
796,41,447.55,179.79,117.72,363.61,1,-1,-1,-1
796,42,50.13,-10.38,449.81,1029.68,1,-1,-1,-1
796,43,1090.92,149.92,176.60,504.62,1,-1,-1,-1
797,1,972.59,179.70,204.87,531.18,1,-1,-1,-1
797,39,-218.32,11.55,296.31,1014.61,1,-1,-1,-1
797,40,-30.24,31.10,215.58,545.46,1,-1,-1,-1
797,41,440.58,176.42,117.72,363.61,1,-1,-1,-1
797,42,35.91,-10.27,466.45,1036.32,1,-1,-1,-1
797,43,1092.36,147.37,176.60,504.62,1,-1,-1,-1
798,1,976.58,177.18,212.17,541.36,1,-1,-1,-1
798,39,-234.46,11.48,296.31,1014.61,1,-1,-1,-1
798,40,-40.52,28.56,215.58,545.46,1,-1,-1,-1
798,41,433.60,173.05,117.72,363.61,1,-1,-1,-1
798,42,21.11,-9.46,482.10,1041.71,1,-1,-1,-1
798,43,1093.80,144.82,176.60,504.62,1,-1,-1,-1
799,1,981.31,176.32,219.17,552.06,1,-1,-1,-1
799,39,-250.60,11.42,296.31,1014.61,1,-1,-1,-1
799,41,426.63,169.68,117.72,363.61,1,-1,-1,-1
799,42,6.37,-8.30,499.91,1046.16,1,-1,-1,-1
799,43,1095.24,142.27,176.60,504.62,1,-1,-1,-1
800,1,986.77,175.62,226.37,561.93,1,-1,-1,-1
800,39,-266.73,11.35,296.31,1014.61,1,-1,-1,-1
800,41,419.66,166.31,117.72,363.61,1,-1,-1,-1
800,42,-7.36,-8.05,515.90,1050.56,1,-1,-1,-1
800,43,1096.68,139.71,176.60,504.62,1,-1,-1,-1
801,1,992.19,176.04,234.08,571.34,1,-1,-1,-1
801,39,-282.87,11.28,296.31,1014.61,1,-1,-1,-1
801,41,412.68,162.94,117.72,363.61,1,-1,-1,-1
801,42,-18.19,-7.83,529.17,1054.44,1,-1,-1,-1
801,43,1098.11,137.16,176.60,504.62,1,-1,-1,-1
802,1,995.53,176.91,241.43,581.74,1,-1,-1,-1
802,39,-299.01,11.22,296.31,1014.61,1,-1,-1,-1
802,41,405.71,159.57,117.72,363.61,1,-1,-1,-1
802,42,-26.58,-7.55,538.93,1057.81,1,-1,-1,-1
802,43,1099.55,134.61,176.60,504.62,1,-1,-1,-1
803,1,999.55,176.60,247.66,593.33,1,-1,-1,-1
803,39,-315.15,11.15,296.31,1014.61,1,-1,-1,-1
803,41,398.73,156.20,117.72,363.61,1,-1,-1,-1
803,42,-32.94,-7.22,547.39,1060.73,1,-1,-1,-1
803,43,1100.99,132.06,176.60,504.62,1,-1,-1,-1
804,1,1003.89,178.69,254.82,602.72,1,-1,-1,-1
804,39,-331.29,11.08,296.31,1014.61,1,-1,-1,-1
804,41,391.76,152.83,117.72,363.61,1,-1,-1,-1
804,42,-37.61,-6.86,552.42,1063.27,1,-1,-1,-1
804,43,1102.43,129.50,176.60,504.62,1,-1,-1,-1
805,1,1006.17,180.09,263.06,613.77,1,-1,-1,-1
805,39,-347.42,11.02,296.31,1014.61,1,-1,-1,-1
805,41,384.78,149.46,117.72,363.61,1,-1,-1,-1
805,42,-40.87,-6.47,555.24,1065.48,1,-1,-1,-1
805,43,1103.86,126.95,176.60,504.62,1,-1,-1,-1
806,1,1009.12,176.42,270.00,628.98,1,-1,-1,-1
806,39,-363.56,10.95,296.31,1014.61,1,-1,-1,-1
806,41,377.81,146.09,117.72,363.61,1,-1,-1,-1
806,42,-42.96,-2.77,555.09,1065.22,1,-1,-1,-1
806,43,1105.30,124.40,176.60,504.62,1,-1,-1,-1
806,44,784.70,227.10,165.00,444.30,1,-1,-1,-1
807,1,1012.50,175.65,277.08,641.54,1,-1,-1,-1
807,39,-379.70,10.89,296.31,1014.61,1,-1,-1,-1
807,41,370.83,142.72,117.72,363.61,1,-1,-1,-1
807,42,-44.09,-1.75,549.36,1066.44,1,-1,-1,-1
807,43,1106.74,121.85,176.60,504.62,1,-1,-1,-1
807,44,886.19,184.41,163.68,460.20,1,-1,-1,-1
808,1,1017.85,175.81,282.98,652.00,1,-1,-1,-1
808,39,-395.84,10.82,296.31,1014.61,1,-1,-1,-1
808,41,363.86,139.35,117.72,363.61,1,-1,-1,-1
808,42,-41.84,-1.93,535.15,1068.23,1,-1,-1,-1
808,43,1108.18,119.29,176.60,504.62,1,-1,-1,-1
808,44,987.57,141.77,163.68,460.20,1,-1,-1,-1
809,1,1022.50,168.78,286.90,667.42,1,-1,-1,-1
809,39,-411.97,10.75,296.31,1014.61,1,-1,-1,-1
809,41,356.88,135.98,117.72,363.61,1,-1,-1,-1
809,42,-52.57,-2.79,535.15,1068.23,1,-1,-1,-1
809,43,1109.62,116.74,176.60,504.62,1,-1,-1,-1
809,44,1088.96,99.13,163.68,460.20,1,-1,-1,-1
810,1,1029.78,161.68,289.52,682.82,1,-1,-1,-1
810,39,-428.11,10.69,296.31,1014.61,1,-1,-1,-1
810,41,349.91,132.61,117.72,363.61,1,-1,-1,-1
810,42,-41.87,4.47,505.63,1065.52,1,-1,-1,-1
810,43,1111.05,114.19,176.60,504.62,1,-1,-1,-1
810,44,1190.34,56.49,163.68,460.20,1,-1,-1,-1
811,1,1038.66,156.52,291.32,697.39,1,-1,-1,-1
811,39,-444.25,10.62,296.31,1014.61,1,-1,-1,-1
811,41,342.93,129.24,117.72,363.61,1,-1,-1,-1
811,42,-51.24,4.13,505.63,1065.52,1,-1,-1,-1
811,43,1112.49,111.64,176.60,504.62,1,-1,-1,-1
811,44,1291.72,13.85,163.68,460.20,1,-1,-1,-1
812,1,1047.22,149.30,292.43,714.14,1,-1,-1,-1
812,39,-460.39,10.55,296.31,1014.61,1,-1,-1,-1
812,41,335.96,125.87,117.72,363.61,1,-1,-1,-1
812,42,16.24,21.14,469.49,1031.93,1,-1,-1,-1
812,43,1113.93,109.09,176.60,504.62,1,-1,-1,-1
812,44,1393.10,-28.79,163.68,460.20,1,-1,-1,-1
813,1,1056.75,143.84,293.89,729.00,1,-1,-1,-1
813,39,-476.53,10.49,296.31,1014.61,1,-1,-1,-1
813,41,328.99,122.50,117.72,363.61,1,-1,-1,-1
813,42,70.06,33.92,437.64,999.66,1,-1,-1,-1
813,43,1115.37,106.53,176.60,504.62,1,-1,-1,-1
813,44,1494.48,-71.43,163.68,460.20,1,-1,-1,-1
814,1,1064.68,136.35,295.15,746.49,1,-1,-1,-1
814,39,-492.66,10.42,296.31,1014.61,1,-1,-1,-1
814,41,322.01,119.13,117.72,363.61,1,-1,-1,-1
814,42,104.72,42.36,414.64,975.41,1,-1,-1,-1
814,43,1116.80,103.98,176.60,504.62,1,-1,-1,-1
814,44,1595.86,-114.07,163.68,460.20,1,-1,-1,-1
815,1,1073.08,128.57,296.13,766.06,1,-1,-1,-1
815,39,-508.80,10.36,296.31,1014.61,1,-1,-1,-1
815,41,315.04,115.76,117.72,363.61,1,-1,-1,-1
815,42,132.54,44.46,394.72,958.13,1,-1,-1,-1
815,43,1118.24,101.43,176.60,504.62,1,-1,-1,-1
815,44,1697.25,-156.71,163.68,460.20,1,-1,-1,-1
816,1,1081.20,124.28,298.55,782.90,1,-1,-1,-1
816,39,-524.94,10.29,296.31,1014.61,1,-1,-1,-1
816,41,308.06,112.39,117.72,363.61,1,-1,-1,-1
816,42,149.92,49.25,381.14,942.32,1,-1,-1,-1
816,43,1119.68,98.88,176.60,504.62,1,-1,-1,-1
816,44,1798.63,-199.35,163.68,460.20,1,-1,-1,-1
817,1,1088.52,119.60,300.70,800.97,1,-1,-1,-1
817,39,-541.08,10.22,296.31,1014.61,1,-1,-1,-1
817,41,301.09,109.02,117.72,363.61,1,-1,-1,-1
817,42,163.54,48.57,369.66,934.54,1,-1,-1,-1
817,43,1121.12,96.32,176.60,504.62,1,-1,-1,-1
817,44,1900.01,-241.99,163.68,460.20,1,-1,-1,-1
817,45,765.70,212.50,170.90,457.20,1,-1,-1,-1
818,1,1097.38,114.15,302.38,820.11,1,-1,-1,-1
818,39,-557.21,10.16,296.31,1014.61,1,-1,-1,-1
818,41,294.11,105.65,117.72,363.61,1,-1,-1,-1
818,42,173.11,49.47,358.55,929.19,1,-1,-1,-1
818,43,1122.56,93.77,176.60,504.62,1,-1,-1,-1
818,44,2001.39,-284.63,163.68,460.20,1,-1,-1,-1
818,45,763.61,212.70,170.54,458.26,1,-1,-1,-1
819,1,1105.18,108.76,305.61,838.33,1,-1,-1,-1
819,39,-573.35,10.09,296.31,1014.61,1,-1,-1,-1
819,41,287.14,102.28,117.72,363.61,1,-1,-1,-1
819,42,176.61,46.22,351.10,929.47,1,-1,-1,-1
819,43,1123.99,91.22,176.60,504.62,1,-1,-1,-1
819,44,2102.77,-327.27,163.68,460.20,1,-1,-1,-1
819,45,756.90,213.22,171.02,459.05,1,-1,-1,-1
820,1,1113.30,102.91,308.51,857.96,1,-1,-1,-1
820,39,-589.49,10.03,296.31,1014.61,1,-1,-1,-1
820,41,280.16,98.91,117.72,363.61,1,-1,-1,-1
820,42,178.95,42.42,344.01,934.16,1,-1,-1,-1
820,43,1125.43,88.67,176.60,504.62,1,-1,-1,-1
820,44,2204.15,-369.91,163.68,460.20,1,-1,-1,-1
820,45,759.87,213.46,169.90,459.66,1,-1,-1,-1
821,1,1117.60,93.70,316.90,877.94,1,-1,-1,-1
821,39,-605.63,9.96,296.31,1014.61,1,-1,-1,-1
821,41,273.19,95.54,117.72,363.61,1,-1,-1,-1
821,42,178.77,39.25,338.73,940.03,1,-1,-1,-1
821,43,1126.87,86.12,176.60,504.62,1,-1,-1,-1
821,44,2305.53,-412.55,163.68,460.20,1,-1,-1,-1
821,45,755.17,214.52,170.48,459.83,1,-1,-1,-1
822,1,1124.17,84.11,322.49,896.57,1,-1,-1,-1
822,39,-621.77,9.89,296.31,1014.61,1,-1,-1,-1
822,41,266.21,92.17,117.72,363.61,1,-1,-1,-1
822,42,174.61,35.20,335.88,949.50,1,-1,-1,-1
822,43,1128.31,83.56,176.60,504.62,1,-1,-1,-1
822,44,2406.92,-455.19,163.68,460.20,1,-1,-1,-1
822,45,753.79,219.16,170.63,459.97,1,-1,-1,-1
823,1,1131.61,73.33,329.21,914.61,1,-1,-1,-1
823,39,-637.90,9.83,296.31,1014.61,1,-1,-1,-1
823,41,259.24,88.80,117.72,363.61,1,-1,-1,-1
823,42,167.55,28.93,334.61,961.22,1,-1,-1,-1
823,43,1129.75,81.01,176.60,504.62,1,-1,-1,-1
823,44,2508.30,-497.83,163.68,460.20,1,-1,-1,-1
823,45,751.82,214.90,171.13,460.96,1,-1,-1,-1
824,1,1135.14,66.10,339.94,929.11,1,-1,-1,-1
824,39,-654.04,9.76,296.31,1014.61,1,-1,-1,-1
824,41,252.26,85.43,117.72,363.61,1,-1,-1,-1
824,42,158.90,25.41,335.73,971.39,1,-1,-1,-1
824,43,1131.18,78.46,176.60,504.62,1,-1,-1,-1
824,44,2609.68,-540.47,163.68,460.20,1,-1,-1,-1
824,45,748.91,212.51,171.76,460.91,1,-1,-1,-1
825,1,1136.15,51.49,354.39,947.49,1,-1,-1,-1
825,39,-670.18,9.69,296.31,1014.61,1,-1,-1,-1
825,42,148.13,20.64,337.00,985.70,1,-1,-1,-1
825,43,1132.62,75.91,176.60,504.62,1,-1,-1,-1
825,44,2711.06,-583.11,163.68,460.20,1,-1,-1,-1
825,45,745.99,209.73,173.19,460.99,1,-1,-1,-1
826,1,1137.14,40.54,369.82,962.60,1,-1,-1,-1
826,39,-686.32,9.63,296.31,1014.61,1,-1,-1,-1
826,42,134.92,16.48,340.34,998.17,1,-1,-1,-1
826,43,1134.06,73.35,176.60,504.62,1,-1,-1,-1
826,44,2812.44,-625.74,163.68,460.20,1,-1,-1,-1
826,45,744.15,207.83,174.03,460.43,1,-1,-1,-1
826,46,392.30,198.80,205.90,616.70,1,-1,-1,-1
827,1,1136.78,28.29,388.98,977.85,1,-1,-1,-1
827,39,-702.45,9.56,296.31,1014.61,1,-1,-1,-1
827,42,121.29,12.94,343.60,1008.98,1,-1,-1,-1
827,43,1135.50,70.80,176.60,504.62,1,-1,-1,-1
827,44,2913.82,-668.38,163.68,460.20,1,-1,-1,-1
827,45,742.00,206.09,175.46,459.39,1,-1,-1,-1
827,46,391.21,196.11,205.45,620.23,1,-1,-1,-1
828,1,1136.20,19.50,412.09,990.18,1,-1,-1,-1
828,39,-718.59,9.50,296.31,1014.61,1,-1,-1,-1
828,42,105.97,9.94,348.41,1018.36,1,-1,-1,-1
828,43,1136.93,68.25,176.60,504.62,1,-1,-1,-1
828,44,3015.21,-711.02,163.68,460.20,1,-1,-1,-1
828,45,740.58,205.64,176.81,458.66,1,-1,-1,-1
828,46,387.11,191.55,204.96,624.77,1,-1,-1,-1
829,1,1132.90,10.85,441.60,1001.86,1,-1,-1,-1
829,39,-734.73,9.43,296.31,1014.61,1,-1,-1,-1
829,42,90.17,7.43,353.95,1026.49,1,-1,-1,-1
829,43,1138.37,65.70,176.60,504.62,1,-1,-1,-1
829,44,3116.59,-753.66,163.68,460.20,1,-1,-1,-1
829,45,739.38,203.99,178.82,459.99,1,-1,-1,-1
829,46,379.06,191.99,206.13,630.32,1,-1,-1,-1
830,1,1137.61,7.30,463.88,1009.66,1,-1,-1,-1
830,39,-750.87,9.36,296.31,1014.61,1,-1,-1,-1
830,42,73.09,5.33,361.25,1033.55,1,-1,-1,-1
830,43,1139.81,63.14,176.60,504.62,1,-1,-1,-1
830,44,3217.97,-796.30,163.68,460.20,1,-1,-1,-1
830,45,739.52,204.48,180.55,461.25,1,-1,-1,-1
830,46,369.84,192.32,208.26,635.83,1,-1,-1,-1
831,1,1139.81,0.87,491.66,1018.93,1,-1,-1,-1
831,39,-767.01,9.30,296.31,1014.61,1,-1,-1,-1
831,42,57.61,3.58,368.44,1039.68,1,-1,-1,-1
831,43,1141.25,60.59,176.60,504.62,1,-1,-1,-1
831,44,3319.35,-838.94,163.68,460.20,1,-1,-1,-1
831,45,741.05,203.36,181.20,462.42,1,-1,-1,-1
831,46,364.47,191.93,209.38,642.33,1,-1,-1,-1
832,1,1144.03,-1.58,518.31,1025.17,1,-1,-1,-1
832,39,-783.14,9.23,296.31,1014.61,1,-1,-1,-1
832,42,43.19,2.15,375.26,1044.99,1,-1,-1,-1
832,43,1142.69,58.04,176.60,504.62,1,-1,-1,-1
832,44,3420.73,-881.58,163.68,460.20,1,-1,-1,-1
832,45,743.13,202.94,182.38,463.39,1,-1,-1,-1
832,46,361.38,194.49,210.46,648.00,1,-1,-1,-1
833,1,1139.97,-2.01,554.88,1029.70,1,-1,-1,-1
833,39,-799.28,9.17,296.31,1014.61,1,-1,-1,-1
833,42,31.13,0.99,379.92,1049.61,1,-1,-1,-1
833,43,1144.12,55.49,176.60,504.62,1,-1,-1,-1
833,44,3522.11,-924.22,163.68,460.20,1,-1,-1,-1
833,45,745.59,205.17,183.27,463.48,1,-1,-1,-1
833,46,354.13,194.06,213.71,655.44,1,-1,-1,-1
834,1,1141.32,-2.36,585.52,1033.84,1,-1,-1,-1
834,39,-815.42,9.10,296.31,1014.61,1,-1,-1,-1
834,42,21.02,0.06,384.69,1053.61,1,-1,-1,-1
834,43,1145.56,52.94,176.60,504.62,1,-1,-1,-1
834,44,3623.50,-966.86,163.68,460.20,1,-1,-1,-1
834,45,749.80,205.78,184.04,462.54,1,-1,-1,-1
834,46,349.46,192.28,215.95,665.14,1,-1,-1,-1
835,1,1146.94,-1.24,609.02,1036.68,1,-1,-1,-1
835,39,-831.56,9.03,296.31,1014.61,1,-1,-1,-1
835,42,12.65,-0.68,387.85,1057.09,1,-1,-1,-1
835,43,1147.00,50.38,176.60,504.62,1,-1,-1,-1
835,44,3724.88,-1009.50,163.68,460.20,1,-1,-1,-1
835,45,753.32,207.09,185.71,462.10,1,-1,-1,-1
835,46,346.39,193.88,217.90,673.25,1,-1,-1,-1
836,1,1167.42,-3.59,618.85,1041.54,1,-1,-1,-1
836,39,-847.69,8.97,296.31,1014.61,1,-1,-1,-1
836,42,5.78,-1.25,389.73,1060.11,1,-1,-1,-1
836,43,1148.44,47.83,176.60,504.62,1,-1,-1,-1
836,44,3826.26,-1052.14,163.68,460.20,1,-1,-1,-1
836,45,758.73,209.53,186.91,461.92,1,-1,-1,-1
836,46,343.66,195.66,220.25,680.86,1,-1,-1,-1
837,1,1194.10,-3.78,621.14,1044.73,1,-1,-1,-1
837,39,-863.83,8.90,296.31,1014.61,1,-1,-1,-1
837,42,0.21,-1.68,394.50,1062.73,1,-1,-1,-1
837,43,1149.87,45.28,176.60,504.62,1,-1,-1,-1
837,44,3927.64,-1094.78,163.68,460.20,1,-1,-1,-1
837,45,764.59,211.68,187.90,461.59,1,-1,-1,-1
837,46,341.94,196.70,222.33,688.97,1,-1,-1,-1
838,1,1222.28,-0.62,619.37,1045.43,1,-1,-1,-1
838,42,-4.25,-1.99,400.15,1065.01,1,-1,-1,-1
838,43,1128.69,282.99,142.09,397.09,1,-1,-1,-1
838,44,4029.02,-1137.42,163.68,460.20,1,-1,-1,-1
838,45,770.82,212.92,188.64,461.24,1,-1,-1,-1
838,46,339.29,192.95,225.17,702.15,1,-1,-1,-1
838,47,1272.90,360.90,20.50,83.80,1,-1,-1,-1
838,48,1300.20,357.30,24.40,92.10,1,-1,-1,-1
839,1,1258.31,4.51,609.65,1044.59,1,-1,-1,-1
839,42,-7.77,-2.20,404.03,1066.98,1,-1,-1,-1
839,43,1132.01,290.95,130.55,361.00,1,-1,-1,-1
839,44,4130.40,-1180.06,163.68,460.20,1,-1,-1,-1
839,45,777.16,213.76,189.73,460.64,1,-1,-1,-1
839,46,337.01,192.86,229.01,711.72,1,-1,-1,-1
839,47,1272.90,360.90,20.50,83.80,1,-1,-1,-1
839,48,1312.24,360.58,24.49,90.35,1,-1,-1,-1
839,49,1326.20,361.80,24.90,83.60,1,-1,-1,-1
840,1,1290.27,8.20,600.17,1044.46,1,-1,-1,-1
840,42,-10.48,-2.33,405.42,1068.70,1,-1,-1,-1
840,43,1135.62,293.40,124.57,343.67,1,-1,-1,-1
840,44,4231.78,-1222.70,163.68,460.20,1,-1,-1,-1
840,45,782.05,215.90,193.07,459.87,1,-1,-1,-1
840,46,334.84,191.69,232.36,722.04,1,-1,-1,-1
840,47,1272.90,360.90,20.50,83.80,1,-1,-1,-1
840,48,1315.40,362.52,24.36,88.47,1,-1,-1,-1
840,49,1329.98,359.21,25.08,83.64,1,-1,-1,-1
841,1,1339.29,12.67,577.11,1043.58,1,-1,-1,-1
841,42,-10.52,-2.39,406.00,1070.19,1,-1,-1,-1
841,43,1140.58,295.20,120.21,333.39,1,-1,-1,-1
841,44,4333.17,-1265.34,163.68,460.20,1,-1,-1,-1
841,45,787.91,215.54,193.91,459.89,1,-1,-1,-1
841,46,331.42,183.73,238.22,734.24,1,-1,-1,-1
841,47,1272.90,360.90,20.50,83.80,1,-1,-1,-1
841,48,1316.58,362.98,24.10,86.60,1,-1,-1,-1
841,49,1337.35,358.95,25.28,83.55,1,-1,-1,-1
841,50,1357.40,361.40,34.10,100.00,1,-1,-1,-1
841,51,1368.40,219.50,222.50,692.50,1,-1,-1,-1
842,1,1352.34,10.13,577.11,1043.58,1,-1,-1,-1
842,42,-11.63,-2.28,403.50,1071.40,1,-1,-1,-1
842,43,1145.13,296.20,117.47,326.91,1,-1,-1,-1
842,44,4434.55,-1307.98,163.68,460.20,1,-1,-1,-1
842,45,793.25,217.36,193.97,459.27,1,-1,-1,-1
842,46,325.99,178.31,244.16,743.57,1,-1,-1,-1
842,47,1272.90,360.90,20.50,83.80,1,-1,-1,-1
842,48,1322.78,365.97,23.93,85.34,1,-1,-1,-1
842,49,1343.00,357.58,25.28,83.55,1,-1,-1,-1
842,50,1355.61,360.11,32.64,97.89,1,-1,-1,-1
842,51,1384.62,209.15,225.24,694.54,1,-1,-1,-1
843,1,1365.39,7.58,577.11,1043.58,1,-1,-1,-1
843,42,-12.84,0.32,401.34,1070.81,1,-1,-1,-1
843,43,1149.33,297.17,116.33,321.62,1,-1,-1,-1
843,44,4535.93,-1350.62,163.68,460.20,1,-1,-1,-1
843,45,797.90,218.02,194.41,459.97,1,-1,-1,-1
843,46,322.75,171.69,249.77,752.16,1,-1,-1,-1
843,47,1272.90,360.90,20.50,83.80,1,-1,-1,-1
843,48,1328.22,368.11,23.93,85.34,1,-1,-1,-1
843,49,1349.01,360.76,25.10,82.96,1,-1,-1,-1
843,50,1360.11,357.43,31.70,96.77,1,-1,-1,-1
843,51,1395.15,219.41,230.71,694.15,1,-1,-1,-1
844,1,1378.43,5.04,577.11,1043.58,1,-1,-1,-1
844,42,-11.66,8.02,396.02,1066.67,1,-1,-1,-1
844,43,1153.06,296.78,115.51,318.00,1,-1,-1,-1
844,44,4637.31,-1393.26,163.68,460.20,1,-1,-1,-1
844,45,804.04,218.11,193.78,459.67,1,-1,-1,-1
844,46,314.32,160.90,256.46,763.23,1,-1,-1,-1
844,47,1272.90,360.90,20.50,83.80,1,-1,-1,-1
844,48,1333.66,370.26,23.93,85.34,1,-1,-1,-1
844,49,1352.41,359.36,24.97,82.42,1,-1,-1,-1
844,50,1364.71,354.81,30.85,95.33,1,-1,-1,-1
844,51,1403.96,211.09,239.13,703.90,1,-1,-1,-1
845,1,1391.48,2.50,577.11,1043.58,1,-1,-1,-1
845,42,-10.95,9.64,387.41,1066.40,1,-1,-1,-1
845,43,1158.05,295.93,114.05,315.13,1,-1,-1,-1
845,44,4738.69,-1435.90,163.68,460.20,1,-1,-1,-1
845,45,810.24,214.21,193.15,459.81,1,-1,-1,-1
845,46,309.22,150.98,262.76,775.80,1,-1,-1,-1
845,47,1272.90,360.90,20.50,83.80,1,-1,-1,-1
845,48,1339.10,372.40,23.93,85.34,1,-1,-1,-1
845,49,1353.90,358.97,24.59,81.25,1,-1,-1,-1
845,50,1369.77,350.30,30.22,94.65,1,-1,-1,-1
845,51,1412.75,202.29,248.11,713.02,1,-1,-1,-1
845,52,1386.90,340.90,32.70,96.40,1,-1,-1,-1
845,53,1704.50,348.90,28.20,100.00,1,-1,-1,-1
846,1,1404.52,-0.05,577.11,1043.58,1,-1,-1,-1
846,42,-8.94,10.54,373.31,1066.49,1,-1,-1,-1
846,43,1163.04,292.82,112.71,314.45,1,-1,-1,-1
846,44,4840.07,-1478.54,163.68,460.20,1,-1,-1,-1
846,45,815.14,209.48,193.35,460.88,1,-1,-1,-1
846,46,303.60,139.63,267.63,788.97,1,-1,-1,-1
846,47,1272.90,360.90,20.50,83.80,1,-1,-1,-1
846,48,1344.55,374.54,23.93,85.34,1,-1,-1,-1
846,49,1355.95,358.33,24.09,79.77,1,-1,-1,-1
846,50,1374.59,348.05,29.68,93.31,1,-1,-1,-1
846,51,1426.23,200.53,254.19,720.02,1,-1,-1,-1
846,52,1386.90,340.90,32.70,96.40,1,-1,-1,-1
846,53,1704.50,348.90,28.20,100.00,1,-1,-1,-1
847,1,1417.57,-2.59,577.11,1043.58,1,-1,-1,-1
847,42,-7.99,12.16,361.41,1066.00,1,-1,-1,-1
847,43,1167.61,290.20,111.79,312.81,1,-1,-1,-1
847,44,4941.46,-1521.18,163.68,460.20,1,-1,-1,-1
847,45,819.56,204.79,194.02,461.59,1,-1,-1,-1
847,46,300.11,128.59,271.07,803.95,1,-1,-1,-1
847,47,1272.90,360.90,20.50,83.80,1,-1,-1,-1
847,48,1351.18,356.49,23.42,84.33,1,-1,-1,-1
847,49,1360.09,357.88,24.09,79.77,1,-1,-1,-1
847,50,1376.92,344.10,29.44,93.68,1,-1,-1,-1
847,51,1443.82,189.37,258.51,730.20,1,-1,-1,-1
847,52,1386.90,340.90,32.70,96.40,1,-1,-1,-1
847,53,1704.50,348.90,28.20,100.00,1,-1,-1,-1
848,1,1430.61,-5.14,577.11,1043.58,1,-1,-1,-1
848,42,-6.53,11.18,349.81,1067.15,1,-1,-1,-1
848,43,1172.23,287.03,110.68,312.01,1,-1,-1,-1
848,44,5042.84,-1563.82,163.68,460.20,1,-1,-1,-1
848,45,821.60,199.23,195.17,463.44,1,-1,-1,-1
848,46,294.45,117.42,275.92,817.35,1,-1,-1,-1
848,47,1272.90,360.90,20.50,83.80,1,-1,-1,-1
848,48,1350.49,354.57,23.02,82.26,1,-1,-1,-1
848,49,1364.23,357.42,24.09,79.77,1,-1,-1,-1
848,50,1379.44,340.82,29.11,94.00,1,-1,-1,-1
848,51,1455.17,182.51,262.56,739.24,1,-1,-1,-1
848,52,1386.90,340.90,32.70,96.40,1,-1,-1,-1
848,53,1704.50,348.90,28.20,100.00,1,-1,-1,-1
849,1,1443.66,-7.68,577.11,1043.58,1,-1,-1,-1
849,42,-9.42,11.33,349.81,1067.15,1,-1,-1,-1
849,43,1175.50,283.26,110.34,312.36,1,-1,-1,-1
849,44,5144.22,-1606.46,163.68,460.20,1,-1,-1,-1
849,45,824.45,197.41,195.44,463.91,1,-1,-1,-1
849,46,286.69,106.24,282.16,829.21,1,-1,-1,-1
849,47,1272.90,360.90,20.50,83.80,1,-1,-1,-1
849,48,1353.31,353.14,22.47,79.91,1,-1,-1,-1
849,49,1368.37,356.97,24.09,79.77,1,-1,-1,-1
849,50,1380.30,339.88,28.64,93.10,1,-1,-1,-1
849,51,1468.98,169.83,265.81,755.86,1,-1,-1,-1
849,52,1404.69,332.40,31.83,96.12,1,-1,-1,-1
849,53,1704.50,348.90,28.20,100.00,1,-1,-1,-1
850,1,1456.70,-10.23,577.11,1043.58,1,-1,-1,-1
850,42,-12.31,11.47,349.81,1067.15,1,-1,-1,-1
850,43,1178.30,279.34,109.42,311.77,1,-1,-1,-1
850,44,5245.60,-1649.10,163.68,460.20,1,-1,-1,-1
850,45,825.26,195.66,196.07,463.89,1,-1,-1,-1
850,46,278.11,98.99,288.52,843.87,1,-1,-1,-1
850,47,1272.90,360.90,20.50,83.80,1,-1,-1,-1
850,48,1356.66,348.32,22.35,79.39,1,-1,-1,-1
850,49,1370.87,345.36,24.09,80.44,1,-1,-1,-1
850,50,1384.45,336.09,28.24,91.97,1,-1,-1,-1
850,51,1480.21,168.87,268.28,764.88,1,-1,-1,-1
850,52,1417.42,324.88,32.75,100.14,1,-1,-1,-1
850,53,1704.50,348.90,28.20,100.00,1,-1,-1,-1
851,1,1469.75,-12.77,577.11,1043.58,1,-1,-1,-1
851,42,-15.20,11.62,349.81,1067.15,1,-1,-1,-1
851,43,1180.47,275.95,108.55,310.92,1,-1,-1,-1
851,44,5346.98,-1691.74,163.68,460.20,1,-1,-1,-1
851,45,827.41,190.33,195.59,464.64,1,-1,-1,-1
851,46,269.14,86.10,292.09,864.69,1,-1,-1,-1
851,47,1272.90,360.90,20.50,83.80,1,-1,-1,-1
851,48,1359.27,343.20,22.31,79.20,1,-1,-1,-1
851,49,1371.87,339.44,24.40,80.47,1,-1,-1,-1
851,50,1389.24,331.21,27.91,91.27,1,-1,-1,-1
851,51,1489.18,161.00,276.61,779.81,1,-1,-1,-1
851,52,1421.91,318.68,33.49,103.59,1,-1,-1,-1
851,53,1704.50,348.90,28.20,100.00,1,-1,-1,-1
852,1,1482.79,-15.32,577.11,1043.58,1,-1,-1,-1
852,42,-18.09,11.76,349.81,1067.15,1,-1,-1,-1
852,43,1182.17,271.42,107.64,310.16,1,-1,-1,-1
852,45,828.52,185.46,194.88,464.86,1,-1,-1,-1
852,46,258.57,73.24,297.34,884.70,1,-1,-1,-1
852,47,1272.90,360.90,20.50,83.80,1,-1,-1,-1
852,48,1361.88,339.49,22.21,77.90,1,-1,-1,-1
852,49,1374.47,334.95,24.43,80.67,1,-1,-1,-1
852,50,1393.88,326.18,27.71,91.34,1,-1,-1,-1
852,51,1501.55,156.81,280.44,793.05,1,-1,-1,-1
852,52,1424.24,314.46,33.93,105.75,1,-1,-1,-1
852,53,1704.50,348.90,28.20,100.00,1,-1,-1,-1
853,1,1495.84,-17.86,577.11,1043.58,1,-1,-1,-1
853,42,-20.98,11.91,349.81,1067.15,1,-1,-1,-1
853,43,1182.79,265.99,106.80,310.93,1,-1,-1,-1
853,45,828.98,180.75,194.29,465.43,1,-1,-1,-1
853,46,246.45,58.74,305.09,907.08,1,-1,-1,-1
853,47,1272.90,360.90,20.50,83.80,1,-1,-1,-1
853,48,1362.86,334.79,22.40,78.03,1,-1,-1,-1
853,49,1375.52,329.88,24.70,82.06,1,-1,-1,-1
853,50,1397.30,322.87,27.71,91.34,1,-1,-1,-1
853,51,1511.29,146.12,284.83,809.99,1,-1,-1,-1
853,52,1424.69,310.58,34.49,107.54,1,-1,-1,-1
853,53,1704.50,348.90,28.20,100.00,1,-1,-1,-1
854,1,1508.88,-20.41,577.11,1043.58,1,-1,-1,-1
854,42,-23.88,12.05,349.81,1067.15,1,-1,-1,-1
854,43,1183.34,259.95,105.87,313.09,1,-1,-1,-1
854,45,827.13,178.03,194.01,464.28,1,-1,-1,-1
854,46,231.59,45.64,312.09,927.25,1,-1,-1,-1
854,47,1272.90,360.90,20.50,83.80,1,-1,-1,-1
854,48,1363.08,330.65,22.81,78.61,1,-1,-1,-1
854,49,1373.77,325.26,27.44,83.79,1,-1,-1,-1
854,50,1400.72,319.56,27.71,91.34,1,-1,-1,-1
854,51,1521.99,139.68,288.10,824.49,1,-1,-1,-1
854,52,1424.50,307.39,34.88,109.01,1,-1,-1,-1
854,53,1704.50,348.90,28.20,100.00,1,-1,-1,-1
855,1,1521.93,-22.95,577.11,1043.58,1,-1,-1,-1
855,42,-26.77,12.20,349.81,1067.15,1,-1,-1,-1
855,43,1182.73,254.55,105.54,314.22,1,-1,-1,-1
855,45,825.68,173.87,193.64,464.14,1,-1,-1,-1
855,46,216.70,31.80,319.57,946.77,1,-1,-1,-1
855,47,1272.90,360.90,20.50,83.80,1,-1,-1,-1
855,48,1363.20,327.11,22.93,78.88,1,-1,-1,-1
855,49,1374.58,321.86,27.58,84.55,1,-1,-1,-1
855,50,1404.14,316.25,27.71,91.34,1,-1,-1,-1
855,51,1532.70,132.60,291.71,839.40,1,-1,-1,-1
855,52,1424.15,304.03,35.24,110.68,1,-1,-1,-1
855,53,1704.50,348.90,28.20,100.00,1,-1,-1,-1
856,1,1534.97,-25.50,577.11,1043.58,1,-1,-1,-1
856,42,-29.66,12.35,349.81,1067.15,1,-1,-1,-1
856,43,1181.07,249.08,105.45,316.04,1,-1,-1,-1
856,45,824.07,169.84,193.16,465.16,1,-1,-1,-1
856,46,198.25,21.60,328.45,962.95,1,-1,-1,-1
856,47,1272.90,360.90,20.50,83.80,1,-1,-1,-1
856,48,1366.61,322.20,23.49,80.91,1,-1,-1,-1
856,49,1377.55,316.41,29.43,86.63,1,-1,-1,-1
856,50,1408.74,307.65,29.42,96.50,1,-1,-1,-1
856,51,1540.03,119.96,298.35,858.05,1,-1,-1,-1
856,52,1427.61,300.32,35.24,110.68,1,-1,-1,-1
856,53,1704.50,348.90,28.20,100.00,1,-1,-1,-1
857,1,1548.02,-28.04,577.11,1043.58,1,-1,-1,-1
857,42,-32.55,12.49,349.81,1067.15,1,-1,-1,-1
857,43,1179.25,244.40,105.43,316.66,1,-1,-1,-1
857,45,821.14,167.53,192.94,463.77,1,-1,-1,-1
857,46,178.54,17.21,335.22,974.42,1,-1,-1,-1
857,47,1272.90,360.90,20.50,83.80,1,-1,-1,-1
857,48,1368.09,317.07,23.91,82.76,1,-1,-1,-1
857,49,1380.34,313.46,29.43,86.63,1,-1,-1,-1
857,50,1410.13,302.24,30.81,100.48,1,-1,-1,-1
857,51,1547.10,106.72,304.57,876.08,1,-1,-1,-1
857,52,1431.08,296.60,35.24,110.68,1,-1,-1,-1
857,53,1704.50,348.90,28.20,100.00,1,-1,-1,-1
858,1,1561.06,-30.59,577.11,1043.58,1,-1,-1,-1
858,42,-35.44,12.64,349.81,1067.15,1,-1,-1,-1
858,43,1177.37,240.16,104.89,317.32,1,-1,-1,-1
858,45,817.27,163.51,193.46,463.81,1,-1,-1,-1
858,46,150.85,12.68,347.84,985.16,1,-1,-1,-1
858,47,1272.90,360.90,20.50,83.80,1,-1,-1,-1
858,48,1368.85,312.98,24.12,83.47,1,-1,-1,-1
858,49,1380.63,309.17,28.80,87.80,1,-1,-1,-1
858,50,1410.36,297.72,32.05,103.28,1,-1,-1,-1
858,51,1554.86,94.49,310.50,892.76,1,-1,-1,-1
858,52,1441.15,302.19,33.77,103.88,1,-1,-1,-1
858,53,1704.50,348.90,28.20,100.00,1,-1,-1,-1
859,1,1574.11,-33.13,577.11,1043.58,1,-1,-1,-1
859,42,-38.33,12.78,349.81,1067.15,1,-1,-1,-1
859,43,1174.96,234.71,105.01,318.43,1,-1,-1,-1
859,45,813.66,159.59,193.68,463.88,1,-1,-1,-1
859,46,127.20,8.22,358.54,995.14,1,-1,-1,-1
859,47,1272.90,360.90,20.50,83.80,1,-1,-1,-1
859,48,1369.05,309.12,24.29,83.98,1,-1,-1,-1
859,49,1381.77,305.21,28.26,89.02,1,-1,-1,-1
859,50,1409.40,293.71,33.02,105.82,1,-1,-1,-1
859,51,1560.46,85.40,318.01,906.90,1,-1,-1,-1
859,52,1448.30,304.03,32.95,98.55,1,-1,-1,-1
859,53,1704.50,348.90,28.20,100.00,1,-1,-1,-1
859,54,1434.70,304.00,29.60,78.30,1,-1,-1,-1
860,1,1587.15,-35.67,577.11,1043.58,1,-1,-1,-1
860,42,-41.22,12.93,349.81,1067.15,1,-1,-1,-1
860,43,1172.31,229.95,105.16,319.35,1,-1,-1,-1
860,45,811.21,154.41,192.40,467.03,1,-1,-1,-1
860,46,103.53,1.00,366.89,1006.32,1,-1,-1,-1
860,47,1272.90,360.90,20.50,83.80,1,-1,-1,-1
860,48,1368.78,305.21,24.31,84.37,1,-1,-1,-1
860,49,1383.66,300.48,28.13,91.16,1,-1,-1,-1
860,50,1407.90,289.61,33.61,107.45,1,-1,-1,-1
860,51,1566.36,76.06,324.86,920.49,1,-1,-1,-1
860,52,1452.67,301.63,32.95,98.55,1,-1,-1,-1
860,53,1704.50,348.90,28.20,100.00,1,-1,-1,-1
860,54,1440.47,303.90,29.37,77.43,1,-1,-1,-1
861,1,1600.20,-38.22,577.11,1043.58,1,-1,-1,-1
861,42,-44.11,13.07,349.81,1067.15,1,-1,-1,-1
861,43,1169.88,225.28,105.29,320.12,1,-1,-1,-1
861,45,808.19,149.97,192.67,468.45,1,-1,-1,-1
861,46,78.55,-4.79,375.45,1016.03,1,-1,-1,-1
861,47,1272.90,360.90,20.50,83.80,1,-1,-1,-1
861,48,1369.05,301.10,24.32,84.92,1,-1,-1,-1
861,49,1383.38,296.29,28.17,91.92,1,-1,-1,-1
861,50,1406.11,285.79,34.14,108.86,1,-1,-1,-1
861,51,1574.59,67.23,328.51,933.16,1,-1,-1,-1
861,52,1456.13,300.59,31.46,94.40,1,-1,-1,-1
861,53,1704.50,348.90,28.20,100.00,1,-1,-1,-1
861,54,1440.06,303.48,28.87,76.33,1,-1,-1,-1
862,1,1613.25,-40.76,577.11,1043.58,1,-1,-1,-1
862,42,-47.00,13.22,349.81,1067.15,1,-1,-1,-1
862,43,1168.94,220.24,104.41,322.06,1,-1,-1,-1
862,45,805.30,145.48,191.62,468.65,1,-1,-1,-1
862,46,55.66,-9.36,382.64,1024.46,1,-1,-1,-1
862,47,1272.90,360.90,20.50,83.80,1,-1,-1,-1
862,48,1370.75,297.35,24.49,85.48,1,-1,-1,-1
862,49,1385.65,293.00,28.17,91.92,1,-1,-1,-1
862,50,1404.79,282.54,34.72,110.22,1,-1,-1,-1
862,51,1586.54,58.84,328.26,945.04,1,-1,-1,-1
862,52,1457.06,299.69,30.73,90.19,1,-1,-1,-1
862,53,1704.50,348.90,28.20,100.00,1,-1,-1,-1
862,54,1437.70,301.42,28.40,76.12,1,-1,-1,-1
863,1,1626.29,-43.31,577.11,1043.58,1,-1,-1,-1
863,42,-49.89,13.37,349.81,1067.15,1,-1,-1,-1
863,43,1168.30,215.37,103.89,324.20,1,-1,-1,-1
863,45,803.62,143.42,190.76,467.88,1,-1,-1,-1
863,46,34.29,-12.90,388.90,1031.78,1,-1,-1,-1
863,47,1272.90,360.90,20.50,83.80,1,-1,-1,-1
863,48,1371.71,294.07,24.68,86.12,1,-1,-1,-1
863,49,1388.69,288.30,29.96,95.57,1,-1,-1,-1
863,50,1406.75,278.65,34.72,110.22,1,-1,-1,-1
863,51,1600.30,54.46,325.40,953.95,1,-1,-1,-1
863,52,1459.02,298.07,30.45,87.18,1,-1,-1,-1
863,53,1704.50,348.90,28.20,100.00,1,-1,-1,-1
863,54,1438.48,300.50,28.40,76.12,1,-1,-1,-1
864,1,1639.34,-45.85,577.11,1043.58,1,-1,-1,-1
864,42,-52.78,13.51,349.81,1067.15,1,-1,-1,-1
864,43,1168.15,211.32,103.46,326.13,1,-1,-1,-1
864,45,802.79,140.00,189.18,467.98,1,-1,-1,-1
864,46,16.74,-15.56,390.77,1038.13,1,-1,-1,-1
864,47,1272.90,360.90,20.50,83.80,1,-1,-1,-1
864,48,1374.33,290.99,24.96,87.85,1,-1,-1,-1
864,49,1391.55,284.34,31.06,99.01,1,-1,-1,-1
864,50,1408.72,274.75,34.72,110.22,1,-1,-1,-1
864,51,1611.59,49.61,322.77,962.66,1,-1,-1,-1
864,52,1461.03,296.37,29.98,84.65,1,-1,-1,-1
864,53,1704.50,348.90,28.20,100.00,1,-1,-1,-1
864,54,1438.74,295.94,28.12,75.87,1,-1,-1,-1
864,55,1317.00,298.20,20.20,73.80,1,-1,-1,-1
865,1,1652.38,-48.40,577.11,1043.58,1,-1,-1,-1
865,42,-55.68,13.66,349.81,1067.15,1,-1,-1,-1
865,43,1167.98,207.49,103.53,327.79,1,-1,-1,-1
865,45,801.61,138.55,187.71,467.77,1,-1,-1,-1
865,46,2.45,-17.48,392.47,1043.65,1,-1,-1,-1
865,47,1272.90,360.90,20.50,83.80,1,-1,-1,-1
865,48,1376.68,287.99,24.96,87.85,1,-1,-1,-1
865,49,1394.88,280.94,32.00,101.62,1,-1,-1,-1
865,50,1410.68,270.86,34.72,110.22,1,-1,-1,-1
865,51,1626.56,40.94,316.68,973.37,1,-1,-1,-1
865,52,1461.96,295.31,29.51,81.70,1,-1,-1,-1
865,53,1704.50,348.90,28.20,100.00,1,-1,-1,-1
865,54,1433.90,292.88,28.06,76.73,1,-1,-1,-1
865,55,1319.09,298.10,20.47,74.07,1,-1,-1,-1
866,1,1665.43,-50.94,577.11,1043.58,1,-1,-1,-1
866,42,-58.57,13.80,349.81,1067.15,1,-1,-1,-1
866,43,1168.56,204.24,103.30,329.65,1,-1,-1,-1
866,45,801.07,135.39,186.31,468.96,1,-1,-1,-1
866,46,-9.02,-18.80,387.31,1048.44,1,-1,-1,-1
866,47,1272.90,360.90,20.50,83.80,1,-1,-1,-1
866,48,1379.02,284.98,24.96,87.85,1,-1,-1,-1
866,49,1397.56,277.54,32.63,103.83,1,-1,-1,-1
866,50,1416.91,271.78,33.35,107.34,1,-1,-1,-1
866,51,1648.40,43.64,305.16,976.50,1,-1,-1,-1
866,52,1464.21,293.15,28.97,80.73,1,-1,-1,-1
866,53,1704.50,348.90,28.20,100.00,1,-1,-1,-1
866,54,1438.77,292.45,27.79,76.61,1,-1,-1,-1
866,55,1320.06,297.68,20.58,74.16,1,-1,-1,-1
867,1,1678.47,-53.49,577.11,1043.58,1,-1,-1,-1
867,42,-61.46,13.95,349.81,1067.15,1,-1,-1,-1
867,43,1169.74,201.51,102.97,331.89,1,-1,-1,-1
867,45,800.45,133.68,184.89,468.75,1,-1,-1,-1
867,46,-17.00,-19.60,382.58,1052.60,1,-1,-1,-1
867,47,1272.90,360.90,20.50,83.80,1,-1,-1,-1
867,48,1381.36,281.98,24.96,87.85,1,-1,-1,-1
867,49,1399.55,275.18,33.52,105.78,1,-1,-1,-1
867,50,1421.39,273.56,32.65,104.04,1,-1,-1,-1
867,51,1672.47,53.19,291.18,974.76,1,-1,-1,-1
867,52,1467.66,291.10,28.97,80.73,1,-1,-1,-1
867,53,1704.50,348.90,28.20,100.00,1,-1,-1,-1
867,54,1444.39,292.90,27.62,74.76,1,-1,-1,-1
867,55,1322.05,293.96,21.05,75.72,1,-1,-1,-1
868,1,1691.52,-56.03,577.11,1043.58,1,-1,-1,-1
868,42,-64.35,14.10,349.81,1067.15,1,-1,-1,-1
868,43,1171.12,199.94,102.41,333.53,1,-1,-1,-1
868,45,800.09,132.33,184.19,469.91,1,-1,-1,-1
868,46,-15.75,-19.99,369.36,1056.21,1,-1,-1,-1
868,47,1272.90,360.90,20.50,83.80,1,-1,-1,-1
868,48,1383.70,278.97,24.96,87.85,1,-1,-1,-1
868,49,1401.43,272.74,34.24,107.57,1,-1,-1,-1
868,50,1423.36,273.64,32.26,103.01,1,-1,-1,-1
868,51,1684.69,47.26,291.18,974.76,1,-1,-1,-1
868,52,1471.11,289.06,28.97,80.73,1,-1,-1,-1
868,53,1704.50,348.90,28.20,100.00,1,-1,-1,-1
868,54,1448.98,292.48,27.60,73.48,1,-1,-1,-1
868,55,1328.08,290.69,21.92,77.79,1,-1,-1,-1
869,1,1704.56,-58.58,577.11,1043.58,1,-1,-1,-1
869,42,-67.24,14.24,349.81,1067.15,1,-1,-1,-1
869,43,1172.64,198.76,102.14,335.04,1,-1,-1,-1
869,45,799.04,131.51,183.37,471.62,1,-1,-1,-1
869,46,-18.01,-20.03,358.97,1059.34,1,-1,-1,-1
869,47,1272.90,360.90,20.50,83.80,1,-1,-1,-1
869,48,1386.04,275.97,24.96,87.85,1,-1,-1,-1
869,49,1403.02,270.15,35.01,109.85,1,-1,-1,-1
869,50,1425.71,270.59,32.26,103.01,1,-1,-1,-1
869,51,1696.91,41.34,291.18,974.76,1,-1,-1,-1
869,52,1477.72,289.62,28.04,77.63,1,-1,-1,-1
869,53,1704.50,348.90,28.20,100.00,1,-1,-1,-1
869,54,1452.46,291.68,27.73,72.54,1,-1,-1,-1
869,55,1330.88,289.33,22.62,79.19,1,-1,-1,-1
870,1,1717.61,-61.12,577.11,1043.58,1,-1,-1,-1
870,42,-5.28,4.07,321.98,1071.82,1,-1,-1,-1
870,43,1173.30,196.81,102.41,337.51,1,-1,-1,-1
870,45,798.19,131.44,182.85,473.08,1,-1,-1,-1
870,46,-29.83,-24.92,358.97,1059.34,1,-1,-1,-1
870,47,1272.90,360.90,20.50,83.80,1,-1,-1,-1
870,48,1388.39,272.96,24.96,87.85,1,-1,-1,-1
870,49,1404.69,268.14,35.45,111.19,1,-1,-1,-1
870,50,1428.06,267.53,32.26,103.01,1,-1,-1,-1
870,51,1709.13,35.42,291.18,974.76,1,-1,-1,-1
870,52,1481.38,287.75,28.04,77.63,1,-1,-1,-1
870,53,1704.50,348.90,28.20,100.00,1,-1,-1,-1
870,54,1454.56,291.12,27.79,71.32,1,-1,-1,-1
870,55,1332.60,288.61,23.20,80.14,1,-1,-1,-1
871,1,1730.65,-63.67,577.11,1043.58,1,-1,-1,-1
871,42,7.50,11.45,301.43,1068.71,1,-1,-1,-1
871,43,1174.72,196.93,102.03,338.63,1,-1,-1,-1
871,45,798.30,133.59,182.03,473.33,1,-1,-1,-1
871,46,-41.64,-29.80,358.97,1059.34,1,-1,-1,-1
871,47,1272.90,360.90,20.50,83.80,1,-1,-1,-1
871,48,1390.73,269.96,24.96,87.85,1,-1,-1,-1
871,49,1406.29,266.77,35.87,112.49,1,-1,-1,-1
871,50,1430.41,264.48,32.26,103.01,1,-1,-1,-1
871,51,1721.35,29.50,291.18,974.76,1,-1,-1,-1
871,52,1485.04,285.88,28.04,77.63,1,-1,-1,-1
871,53,1704.50,348.90,28.20,100.00,1,-1,-1,-1
871,54,1457.06,290.73,27.81,70.69,1,-1,-1,-1
871,55,1333.31,288.51,23.69,81.06,1,-1,-1,-1
872,1,1743.70,-66.21,577.11,1043.58,1,-1,-1,-1
872,42,60.33,15.23,360.03,1066.39,1,-1,-1,-1
872,43,1176.17,197.82,101.75,339.58,1,-1,-1,-1
872,45,799.26,137.42,180.13,473.85,1,-1,-1,-1
872,46,-53.46,-34.68,358.97,1059.34,1,-1,-1,-1
872,47,1272.90,360.90,20.50,83.80,1,-1,-1,-1
872,48,1393.07,266.95,24.96,87.85,1,-1,-1,-1
872,49,1407.42,266.08,36.30,114.04,1,-1,-1,-1
872,50,1429.78,267.54,32.86,103.26,1,-1,-1,-1
872,51,1733.58,23.58,291.18,974.76,1,-1,-1,-1
872,52,1488.70,284.01,28.04,77.63,1,-1,-1,-1
872,53,1704.50,348.90,28.20,100.00,1,-1,-1,-1
872,54,1459.07,290.63,27.71,70.47,1,-1,-1,-1
872,55,1334.37,288.40,24.16,82.05,1,-1,-1,-1
873,1,1756.74,-68.75,577.11,1043.58,1,-1,-1,-1
873,42,82.66,12.06,404.63,1068.61,1,-1,-1,-1
873,43,1177.10,199.29,101.95,340.44,1,-1,-1,-1
873,45,799.62,140.58,178.84,473.93,1,-1,-1,-1
873,46,-65.28,-39.57,358.97,1059.34,1,-1,-1,-1
873,47,1272.90,360.90,20.50,83.80,1,-1,-1,-1
873,48,1395.41,263.94,24.96,87.85,1,-1,-1,-1
873,49,1408.33,265.98,36.77,115.05,1,-1,-1,-1
873,50,1431.95,264.85,32.86,103.26,1,-1,-1,-1
873,51,1745.80,17.66,291.18,974.76,1,-1,-1,-1
873,52,1492.36,282.13,28.04,77.63,1,-1,-1,-1
873,53,1704.50,348.90,28.20,100.00,1,-1,-1,-1
873,54,1460.31,291.14,27.70,69.73,1,-1,-1,-1
873,55,1335.05,288.86,24.47,82.58,1,-1,-1,-1
874,1,1769.79,-71.30,577.11,1043.58,1,-1,-1,-1
874,42,84.07,10.80,442.74,1069.62,1,-1,-1,-1
874,43,1178.21,200.19,102.09,342.07,1,-1,-1,-1
874,45,799.49,145.27,178.18,472.93,1,-1,-1,-1
874,46,-42.29,-17.14,323.41,1056.53,1,-1,-1,-1
874,47,1272.90,360.90,20.50,83.80,1,-1,-1,-1
874,48,1397.76,260.94,24.96,87.85,1,-1,-1,-1
874,49,1409.12,265.81,37.16,115.98,1,-1,-1,-1
874,50,1434.13,262.16,32.86,103.26,1,-1,-1,-1
874,51,1758.02,11.73,291.18,974.76,1,-1,-1,-1
874,52,1496.02,280.26,28.04,77.63,1,-1,-1,-1
874,54,1460.83,291.53,27.68,69.17,1,-1,-1,-1
874,55,1335.66,288.82,24.83,83.36,1,-1,-1,-1
875,1,1782.83,-73.84,577.11,1043.58,1,-1,-1,-1
875,42,67.96,12.07,480.92,1068.78,1,-1,-1,-1
875,43,1179.43,201.32,102.49,343.61,1,-1,-1,-1
875,45,799.56,148.78,176.93,471.14,1,-1,-1,-1
875,46,-52.03,-20.40,323.41,1056.53,1,-1,-1,-1
875,47,1272.90,360.90,20.50,83.80,1,-1,-1,-1
875,48,1400.10,257.93,24.96,87.85,1,-1,-1,-1
875,49,1409.73,265.98,37.53,116.58,1,-1,-1,-1
875,50,1436.30,259.46,32.86,103.26,1,-1,-1,-1
875,51,1770.24,5.81,291.18,974.76,1,-1,-1,-1
875,52,1499.68,278.39,28.04,77.63,1,-1,-1,-1
875,54,1460.56,292.21,27.71,68.15,1,-1,-1,-1
875,55,1336.73,289.55,24.97,83.87,1,-1,-1,-1
876,1,1795.88,-76.39,577.11,1043.58,1,-1,-1,-1
876,42,55.14,11.62,508.31,1069.16,1,-1,-1,-1
876,43,1180.59,202.04,102.73,345.61,1,-1,-1,-1
876,45,799.89,151.66,175.89,470.21,1,-1,-1,-1
876,46,-61.78,-23.66,323.41,1056.53,1,-1,-1,-1
876,47,1272.90,360.90,20.50,83.80,1,-1,-1,-1
876,48,1402.44,254.93,24.96,87.85,1,-1,-1,-1
876,49,1410.34,266.42,37.90,117.01,1,-1,-1,-1
876,50,1438.47,256.77,32.86,103.26,1,-1,-1,-1
876,51,1782.46,-0.11,291.18,974.76,1,-1,-1,-1
876,52,1503.34,276.51,28.04,77.63,1,-1,-1,-1
876,54,1460.48,292.59,27.63,67.49,1,-1,-1,-1
876,55,1337.34,289.85,25.12,84.46,1,-1,-1,-1
876,56,1319.40,294.00,24.60,89.50,1,-1,-1,-1
876,57,604.90,180.10,149.80,475.90,1,-1,-1,-1
877,1,1808.92,-78.93,577.11,1043.58,1,-1,-1,-1
877,42,45.06,15.74,528.46,1066.23,1,-1,-1,-1
877,43,1181.55,202.24,102.97,347.83,1,-1,-1,-1
877,45,799.67,155.01,175.54,469.75,1,-1,-1,-1
877,46,-71.52,-26.92,323.41,1056.53,1,-1,-1,-1
877,47,1272.90,360.90,20.50,83.80,1,-1,-1,-1
877,48,1404.78,251.92,24.96,87.85,1,-1,-1,-1
877,49,1410.71,267.31,38.08,117.00,1,-1,-1,-1
877,50,1440.65,254.07,32.86,103.26,1,-1,-1,-1
877,51,1794.68,-6.03,291.18,974.76,1,-1,-1,-1
877,52,1507.00,274.64,28.04,77.63,1,-1,-1,-1
877,54,1460.85,293.02,27.61,66.87,1,-1,-1,-1
877,55,1337.54,290.07,25.24,85.06,1,-1,-1,-1
877,56,1320.30,293.50,24.73,89.55,1,-1,-1,-1
877,57,572.66,161.19,155.34,479.06,1,-1,-1,-1
878,1,1821.97,-81.48,577.11,1043.58,1,-1,-1,-1
878,42,36.57,15.51,546.03,1066.40,1,-1,-1,-1
878,43,1182.32,202.54,103.43,349.73,1,-1,-1,-1
878,45,799.15,156.39,175.20,469.47,1,-1,-1,-1
878,46,-81.27,-30.18,323.41,1056.53,1,-1,-1,-1
878,47,1272.90,360.90,20.50,83.80,1,-1,-1,-1
878,48,1407.13,248.92,24.96,87.85,1,-1,-1,-1
878,49,1410.84,268.13,38.30,117.01,1,-1,-1,-1
878,50,1442.82,251.38,32.86,103.26,1,-1,-1,-1
878,51,1806.90,-11.95,291.18,974.76,1,-1,-1,-1
878,52,1510.66,272.77,28.04,77.63,1,-1,-1,-1
878,54,1461.10,293.39,27.77,66.61,1,-1,-1,-1
878,55,1337.42,290.21,25.26,85.35,1,-1,-1,-1
878,56,1316.83,293.16,24.84,89.36,1,-1,-1,-1
878,57,560.38,138.75,160.39,487.09,1,-1,-1,-1
878,58,1486.70,299.10,22.00,57.50,1,-1,-1,-1
879,1,1835.02,-84.02,577.11,1043.58,1,-1,-1,-1
879,42,29.46,12.79,553.00,1068.33,1,-1,-1,-1
879,43,1182.77,202.22,104.32,352.01,1,-1,-1,-1
879,45,798.39,157.42,174.93,470.75,1,-1,-1,-1
879,46,-91.01,-33.43,323.41,1056.53,1,-1,-1,-1
879,47,1272.90,360.90,20.50,83.80,1,-1,-1,-1
879,48,1409.47,245.91,24.96,87.85,1,-1,-1,-1
879,49,1410.55,268.75,38.47,117.13,1,-1,-1,-1
879,50,1444.99,248.69,32.86,103.26,1,-1,-1,-1
879,51,1819.12,-17.87,291.18,974.76,1,-1,-1,-1
879,52,1514.31,270.89,28.04,77.63,1,-1,-1,-1
879,54,1461.07,293.73,27.92,66.16,1,-1,-1,-1
879,55,1336.78,290.31,25.33,85.63,1,-1,-1,-1
879,56,1312.84,292.85,25.02,89.10,1,-1,-1,-1
879,57,550.64,129.84,164.72,493.63,1,-1,-1,-1
879,58,1486.70,299.10,22.00,57.50,1,-1,-1,-1
880,1,1848.06,-86.57,577.11,1043.58,1,-1,-1,-1
880,42,27.73,10.48,549.01,1069.96,1,-1,-1,-1
880,43,1182.80,201.64,105.54,353.89,1,-1,-1,-1
880,45,797.40,158.54,174.73,471.16,1,-1,-1,-1
880,46,-100.75,-36.69,323.41,1056.53,1,-1,-1,-1
880,47,1272.90,360.90,20.50,83.80,1,-1,-1,-1
880,48,1411.81,242.91,24.96,87.85,1,-1,-1,-1
880,49,1410.01,269.28,38.61,117.26,1,-1,-1,-1
880,50,1447.17,245.99,32.86,103.26,1,-1,-1,-1
880,51,1831.34,-23.80,291.18,974.76,1,-1,-1,-1
880,52,1517.97,269.02,28.04,77.63,1,-1,-1,-1
880,54,1461.25,294.16,28.13,65.74,1,-1,-1,-1
880,55,1336.22,290.39,25.46,85.99,1,-1,-1,-1
880,56,1312.91,292.60,25.24,88.95,1,-1,-1,-1
880,57,535.71,127.08,171.03,499.26,1,-1,-1,-1
880,58,1486.70,299.10,22.00,57.50,1,-1,-1,-1
881,1,1861.11,-89.11,577.11,1043.58,1,-1,-1,-1
881,42,27.24,10.38,549.01,1069.96,1,-1,-1,-1
881,43,1183.31,200.73,106.50,355.75,1,-1,-1,-1
881,45,796.08,157.78,174.81,472.62,1,-1,-1,-1
881,46,-110.50,-39.95,323.41,1056.53,1,-1,-1,-1
881,47,1272.90,360.90,20.50,83.80,1,-1,-1,-1
881,48,1414.15,239.90,24.96,87.85,1,-1,-1,-1
881,49,1409.59,269.71,38.57,117.34,1,-1,-1,-1
881,50,1449.34,243.30,32.86,103.26,1,-1,-1,-1
881,51,1843.56,-29.72,291.18,974.76,1,-1,-1,-1
881,52,1521.63,267.15,28.04,77.63,1,-1,-1,-1
881,54,1461.09,294.64,28.07,65.40,1,-1,-1,-1
881,55,1336.47,290.16,25.68,86.57,1,-1,-1,-1
881,56,1314.05,291.89,25.21,88.84,1,-1,-1,-1
881,57,523.60,124.31,176.52,505.26,1,-1,-1,-1
881,58,1486.70,299.10,22.00,57.50,1,-1,-1,-1
882,1,1874.15,-91.66,577.11,1043.58,1,-1,-1,-1
882,42,26.75,10.28,549.01,1069.96,1,-1,-1,-1
882,43,1183.32,199.89,107.86,357.47,1,-1,-1,-1
882,45,795.76,155.43,174.23,474.75,1,-1,-1,-1
882,46,-120.24,-43.21,323.41,1056.53,1,-1,-1,-1
882,47,1272.90,360.90,20.50,83.80,1,-1,-1,-1
882,48,1416.49,236.90,24.96,87.85,1,-1,-1,-1
882,49,1413.06,271.63,37.71,114.32,1,-1,-1,-1
882,50,1451.52,240.60,32.86,103.26,1,-1,-1,-1
882,51,1855.78,-35.64,291.18,974.76,1,-1,-1,-1
882,52,1525.29,265.27,28.04,77.63,1,-1,-1,-1
882,54,1460.98,295.20,27.90,65.14,1,-1,-1,-1
882,55,1336.39,290.10,25.76,87.00,1,-1,-1,-1
882,56,1315.12,291.39,25.31,88.83,1,-1,-1,-1
882,57,513.42,123.46,181.43,511.08,1,-1,-1,-1
882,58,1486.70,299.10,22.00,57.50,1,-1,-1,-1
883,1,1887.20,-94.20,577.11,1043.58,1,-1,-1,-1
883,42,26.26,10.18,549.01,1069.96,1,-1,-1,-1
883,43,1183.48,200.36,108.88,358.15,1,-1,-1,-1
883,45,793.98,155.14,173.73,474.62,1,-1,-1,-1
883,46,-129.98,-46.47,323.41,1056.53,1,-1,-1,-1
883,47,1272.90,360.90,20.50,83.80,1,-1,-1,-1
883,48,1418.84,233.89,24.96,87.85,1,-1,-1,-1
883,49,1411.23,272.43,37.97,114.54,1,-1,-1,-1
883,50,1453.69,237.91,32.86,103.26,1,-1,-1,-1
883,51,1868.00,-41.56,291.18,974.76,1,-1,-1,-1
883,52,1528.95,263.40,28.04,77.63,1,-1,-1,-1
883,54,1460.89,295.64,27.44,65.15,1,-1,-1,-1
883,55,1336.42,290.12,25.86,87.62,1,-1,-1,-1
883,56,1316.49,291.17,25.28,88.69,1,-1,-1,-1
883,57,500.77,119.46,187.61,518.32,1,-1,-1,-1
883,58,1486.70,299.10,22.00,57.50,1,-1,-1,-1
884,1,1900.24,-96.75,577.11,1043.58,1,-1,-1,-1
884,42,25.77,10.08,549.01,1069.96,1,-1,-1,-1
884,43,1183.83,200.02,108.93,360.16,1,-1,-1,-1
884,45,791.23,155.39,174.05,474.11,1,-1,-1,-1
884,46,-139.73,-49.72,323.41,1056.53,1,-1,-1,-1
884,47,1272.90,360.90,20.50,83.80,1,-1,-1,-1
884,48,1421.18,230.89,24.96,87.85,1,-1,-1,-1
884,49,1409.39,273.02,38.20,114.89,1,-1,-1,-1
884,50,1455.86,235.22,32.86,103.26,1,-1,-1,-1
884,51,1880.23,-47.48,291.18,974.76,1,-1,-1,-1
884,52,1532.61,261.53,28.04,77.63,1,-1,-1,-1
884,54,1459.23,295.89,27.34,65.56,1,-1,-1,-1
884,55,1336.87,290.88,25.85,88.21,1,-1,-1,-1
884,56,1317.23,292.17,24.99,88.58,1,-1,-1,-1
884,57,486.93,118.18,193.36,526.08,1,-1,-1,-1
884,58,1486.70,299.10,22.00,57.50,1,-1,-1,-1
885,1,1913.29,-99.29,577.11,1043.58,1,-1,-1,-1
885,42,25.28,9.98,549.01,1069.96,1,-1,-1,-1
885,43,1183.67,198.31,109.27,362.22,1,-1,-1,-1
885,45,787.36,152.56,173.87,476.40,1,-1,-1,-1
885,46,-149.47,-52.98,323.41,1056.53,1,-1,-1,-1
885,47,1272.90,360.90,20.50,83.80,1,-1,-1,-1
885,48,1423.52,227.88,24.96,87.85,1,-1,-1,-1
885,49,1406.72,273.40,38.35,115.54,1,-1,-1,-1
885,50,1458.04,232.52,32.86,103.26,1,-1,-1,-1
885,51,1892.45,-53.40,291.18,974.76,1,-1,-1,-1
885,52,1536.27,259.66,28.04,77.63,1,-1,-1,-1
885,54,1458.69,296.66,27.11,66.50,1,-1,-1,-1
885,55,1337.05,291.31,25.86,89.09,1,-1,-1,-1
885,56,1318.28,292.21,24.90,88.84,1,-1,-1,-1
885,57,475.21,121.73,199.40,529.36,1,-1,-1,-1
885,58,1486.70,299.10,22.00,57.50,1,-1,-1,-1
886,1,1926.33,-101.84,577.11,1043.58,1,-1,-1,-1
886,42,24.79,9.88,549.01,1069.96,1,-1,-1,-1
886,43,1181.92,197.41,110.41,364.60,1,-1,-1,-1
886,45,784.11,152.47,174.40,476.32,1,-1,-1,-1
886,46,-159.22,-56.24,323.41,1056.53,1,-1,-1,-1
886,47,1272.90,360.90,20.50,83.80,1,-1,-1,-1
886,48,1425.86,224.88,24.96,87.85,1,-1,-1,-1
886,49,1404.21,274.05,38.35,115.86,1,-1,-1,-1
886,50,1460.21,229.83,32.86,103.26,1,-1,-1,-1
886,51,1904.67,-59.33,291.18,974.76,1,-1,-1,-1
886,52,1539.93,257.78,28.04,77.63,1,-1,-1,-1
886,54,1459.67,297.89,26.66,66.66,1,-1,-1,-1
886,55,1337.36,291.72,26.03,89.99,1,-1,-1,-1
886,56,1319.50,292.38,24.94,89.08,1,-1,-1,-1
886,57,459.56,120.08,206.16,535.58,1,-1,-1,-1
886,58,1484.30,304.50,21.84,57.98,1,-1,-1,-1
886,59,1359.60,291.60,30.80,95.30,1,-1,-1,-1
887,1,1939.38,-104.38,577.11,1043.58,1,-1,-1,-1
887,42,24.30,9.78,549.01,1069.96,1,-1,-1,-1
887,43,1180.56,197.92,110.63,366.37,1,-1,-1,-1
887,45,779.21,153.55,174.10,476.11,1,-1,-1,-1
887,46,-168.96,-59.50,323.41,1056.53,1,-1,-1,-1
887,48,1428.21,221.87,24.96,87.85,1,-1,-1,-1
887,49,1401.69,276.04,38.23,115.71,1,-1,-1,-1
887,50,1462.38,227.13,32.86,103.26,1,-1,-1,-1
887,51,1916.89,-65.25,291.18,974.76,1,-1,-1,-1
887,52,1543.59,255.91,28.04,77.63,1,-1,-1,-1
887,54,1458.58,299.37,26.67,66.25,1,-1,-1,-1
887,55,1336.75,292.74,26.27,90.91,1,-1,-1,-1
887,56,1318.53,293.58,25.16,89.94,1,-1,-1,-1
887,57,444.51,114.38,212.76,543.73,1,-1,-1,-1
887,58,1484.00,305.17,21.84,57.98,1,-1,-1,-1
887,59,1356.91,295.68,30.08,95.34,1,-1,-1,-1
888,1,1952.42,-106.92,577.11,1043.58,1,-1,-1,-1
888,42,23.81,9.69,549.01,1069.96,1,-1,-1,-1
888,43,1178.35,198.59,110.84,368.11,1,-1,-1,-1
888,45,772.95,155.64,174.51,474.62,1,-1,-1,-1
888,46,-178.70,-62.76,323.41,1056.53,1,-1,-1,-1
888,48,1430.55,218.87,24.96,87.85,1,-1,-1,-1
888,49,1397.61,276.74,38.24,116.51,1,-1,-1,-1
888,50,1464.56,224.44,32.86,103.26,1,-1,-1,-1
888,51,1929.11,-71.17,291.18,974.76,1,-1,-1,-1
888,52,1547.25,254.04,28.04,77.63,1,-1,-1,-1
888,54,1458.17,301.03,26.44,65.71,1,-1,-1,-1
888,55,1337.36,292.69,26.27,90.91,1,-1,-1,-1
888,56,1320.66,294.41,25.58,90.79,1,-1,-1,-1
888,57,429.37,108.38,219.38,550.78,1,-1,-1,-1
888,58,1483.70,305.85,21.84,57.98,1,-1,-1,-1
888,59,1354.23,299.75,30.08,95.34,1,-1,-1,-1
889,1,1965.47,-109.47,577.11,1043.58,1,-1,-1,-1
889,42,23.32,9.59,549.01,1069.96,1,-1,-1,-1
889,43,1175.06,198.82,112.04,369.64,1,-1,-1,-1
889,45,766.87,156.11,175.59,474.35,1,-1,-1,-1
889,46,-188.45,-66.01,323.41,1056.53,1,-1,-1,-1
889,48,1432.89,215.86,24.96,87.85,1,-1,-1,-1
889,49,1396.92,278.50,37.46,112.40,1,-1,-1,-1
889,50,1466.73,221.75,32.86,103.26,1,-1,-1,-1
889,51,1941.33,-77.09,291.18,974.76,1,-1,-1,-1
889,52,1550.91,252.16,28.04,77.63,1,-1,-1,-1
889,54,1458.66,301.25,26.44,65.71,1,-1,-1,-1
889,55,1337.98,292.63,26.27,90.91,1,-1,-1,-1
889,56,1318.28,294.75,26.08,91.99,1,-1,-1,-1
889,57,410.12,102.78,226.96,559.56,1,-1,-1,-1
889,58,1483.40,306.52,21.84,57.98,1,-1,-1,-1
889,59,1365.40,284.92,31.94,99.03,1,-1,-1,-1
890,1,1978.51,-112.01,577.11,1043.58,1,-1,-1,-1
890,42,22.83,9.49,549.01,1069.96,1,-1,-1,-1
890,43,1170.26,199.29,112.70,371.33,1,-1,-1,-1
890,45,759.94,157.81,175.46,474.09,1,-1,-1,-1
890,46,-198.19,-69.27,323.41,1056.53,1,-1,-1,-1
890,48,1435.23,212.86,24.96,87.85,1,-1,-1,-1
890,49,1398.00,283.03,36.22,105.37,1,-1,-1,-1
890,50,1468.91,219.05,32.86,103.26,1,-1,-1,-1
890,51,1953.55,-83.01,291.18,974.76,1,-1,-1,-1
890,52,1554.57,250.29,28.04,77.63,1,-1,-1,-1
890,54,1459.14,301.48,26.44,65.71,1,-1,-1,-1
890,55,1334.48,294.43,26.87,91.97,1,-1,-1,-1
890,56,1314.86,296.23,26.66,92.67,1,-1,-1,-1
890,57,391.08,93.28,232.36,571.03,1,-1,-1,-1
890,58,1483.10,307.20,21.84,57.98,1,-1,-1,-1
890,59,1361.78,286.63,32.87,101.41,1,-1,-1,-1
891,1,1991.56,-114.56,577.11,1043.58,1,-1,-1,-1
891,42,22.33,9.39,549.01,1069.96,1,-1,-1,-1
891,43,1162.96,200.45,113.91,372.91,1,-1,-1,-1
891,45,751.62,160.49,175.73,472.74,1,-1,-1,-1
891,46,-207.94,-72.53,323.41,1056.53,1,-1,-1,-1
891,48,1437.57,209.85,24.96,87.85,1,-1,-1,-1
891,49,1400.08,288.00,35.20,99.63,1,-1,-1,-1
891,50,1471.08,216.36,32.86,103.26,1,-1,-1,-1
891,51,1965.77,-88.93,291.18,974.76,1,-1,-1,-1
891,52,1558.23,248.42,28.04,77.63,1,-1,-1,-1
891,54,1459.62,301.71,26.44,65.71,1,-1,-1,-1
891,55,1334.01,294.21,27.12,94.05,1,-1,-1,-1
891,56,1311.03,296.81,27.09,93.91,1,-1,-1,-1
891,57,370.70,85.91,239.17,580.33,1,-1,-1,-1
891,58,1482.80,307.87,21.84,57.98,1,-1,-1,-1
891,59,1356.72,288.04,33.55,104.22,1,-1,-1,-1
892,42,21.84,9.29,549.01,1069.96,1,-1,-1,-1
892,43,1154.74,201.48,115.29,374.69,1,-1,-1,-1
892,45,742.62,163.68,176.89,471.73,1,-1,-1,-1
892,46,-217.68,-75.79,323.41,1056.53,1,-1,-1,-1
892,48,1439.92,206.85,24.96,87.85,1,-1,-1,-1
892,49,1399.65,293.29,33.97,94.78,1,-1,-1,-1
892,50,1473.25,213.66,32.86,103.26,1,-1,-1,-1
892,51,1977.99,-94.86,291.18,974.76,1,-1,-1,-1
892,52,1561.89,246.54,28.04,77.63,1,-1,-1,-1
892,54,1460.10,301.94,26.44,65.71,1,-1,-1,-1
892,55,1335.08,293.75,29.02,98.31,1,-1,-1,-1
892,56,1306.71,298.48,27.44,94.74,1,-1,-1,-1
892,57,349.70,82.17,245.86,588.88,1,-1,-1,-1
892,58,1482.50,308.55,21.84,57.98,1,-1,-1,-1
892,59,1357.76,292.85,33.29,101.35,1,-1,-1,-1
892,60,1241.50,313.00,24.80,89.40,1,-1,-1,-1
892,61,1529.10,309.00,24.80,75.80,1,-1,-1,-1
893,42,21.35,9.19,549.01,1069.96,1,-1,-1,-1
893,43,1146.30,204.22,116.14,375.57,1,-1,-1,-1
893,45,733.79,163.46,177.17,473.32,1,-1,-1,-1
893,46,-227.42,-79.05,323.41,1056.53,1,-1,-1,-1
893,48,1442.26,203.84,24.96,87.85,1,-1,-1,-1
893,49,1398.51,298.37,32.48,90.72,1,-1,-1,-1
893,50,1475.43,210.97,32.86,103.26,1,-1,-1,-1
893,51,1990.21,-100.78,291.18,974.76,1,-1,-1,-1
893,52,1565.55,244.67,28.04,77.63,1,-1,-1,-1
893,54,1460.58,302.16,26.44,65.71,1,-1,-1,-1
893,55,1334.32,294.74,30.17,100.80,1,-1,-1,-1
893,56,1305.77,298.87,27.44,94.74,1,-1,-1,-1
893,57,330.15,76.12,251.85,597.64,1,-1,-1,-1
893,58,1482.20,309.22,21.84,57.98,1,-1,-1,-1
893,59,1364.00,299.23,32.85,96.82,1,-1,-1,-1
893,60,1252.15,310.41,24.93,88.68,1,-1,-1,-1
893,61,1529.10,309.00,24.80,75.80,1,-1,-1,-1
894,42,20.86,9.09,549.01,1069.96,1,-1,-1,-1
894,43,1137.70,206.45,116.92,376.46,1,-1,-1,-1
894,45,724.35,165.47,176.89,472.91,1,-1,-1,-1
894,46,-237.17,-82.30,323.41,1056.53,1,-1,-1,-1
894,48,1444.60,200.84,24.96,87.85,1,-1,-1,-1
894,49,1397.20,303.81,31.52,87.03,1,-1,-1,-1
894,50,1477.60,208.28,32.86,103.26,1,-1,-1,-1
894,51,2002.43,-106.70,291.18,974.76,1,-1,-1,-1
894,52,1569.21,242.80,28.04,77.63,1,-1,-1,-1
894,54,1461.06,302.39,26.44,65.71,1,-1,-1,-1
894,55,1332.33,296.17,31.08,103.28,1,-1,-1,-1
894,56,1302.32,301.71,27.31,95.57,1,-1,-1,-1
894,57,310.27,71.13,259.55,607.82,1,-1,-1,-1
894,58,1481.90,309.90,21.84,57.98,1,-1,-1,-1
894,59,1365.26,307.00,32.42,92.45,1,-1,-1,-1
894,60,1251.48,312.74,24.96,88.20,1,-1,-1,-1
894,61,1537.69,308.10,26.64,81.28,1,-1,-1,-1
895,42,20.37,8.99,549.01,1069.96,1,-1,-1,-1
895,43,1128.52,208.58,118.62,378.19,1,-1,-1,-1
895,45,713.73,165.73,176.77,474.28,1,-1,-1,-1
895,46,-246.91,-85.56,323.41,1056.53,1,-1,-1,-1
895,48,1446.94,197.83,24.96,87.85,1,-1,-1,-1
895,49,1397.20,304.99,31.52,87.03,1,-1,-1,-1
895,50,1479.78,205.58,32.86,103.26,1,-1,-1,-1
895,51,2014.65,-112.62,291.18,974.76,1,-1,-1,-1
895,52,1572.87,240.93,28.04,77.63,1,-1,-1,-1
895,54,1461.54,302.62,26.44,65.71,1,-1,-1,-1
895,55,1328.95,298.18,31.60,105.15,1,-1,-1,-1
895,56,1300.97,303.33,27.67,97.71,1,-1,-1,-1
895,57,289.81,66.86,267.11,618.52,1,-1,-1,-1
895,58,1481.60,310.57,21.84,57.98,1,-1,-1,-1
895,59,1364.99,314.49,31.79,88.31,1,-1,-1,-1
895,60,1252.36,313.63,25.18,88.23,1,-1,-1,-1
895,61,1530.73,310.34,27.76,85.29,1,-1,-1,-1
896,42,19.88,8.89,549.01,1069.96,1,-1,-1,-1
896,43,1120.47,209.50,119.33,380.66,1,-1,-1,-1
896,45,703.37,166.02,176.73,475.23,1,-1,-1,-1
896,46,-256.65,-88.82,323.41,1056.53,1,-1,-1,-1
896,48,1449.29,194.82,24.96,87.85,1,-1,-1,-1
896,49,1397.20,306.17,31.52,87.03,1,-1,-1,-1
896,50,1481.95,202.89,32.86,103.26,1,-1,-1,-1
896,51,2026.87,-118.54,291.18,974.76,1,-1,-1,-1
896,52,1576.53,239.05,28.04,77.63,1,-1,-1,-1
896,54,1462.02,302.84,26.44,65.71,1,-1,-1,-1
896,55,1330.36,302.12,31.53,101.48,1,-1,-1,-1
896,56,1301.74,304.14,28.98,101.41,1,-1,-1,-1
896,57,269.37,61.39,273.08,630.88,1,-1,-1,-1
896,58,1481.30,311.25,21.84,57.98,1,-1,-1,-1
896,59,1365.06,320.91,30.77,83.99,1,-1,-1,-1
896,60,1253.18,314.70,25.56,89.36,1,-1,-1,-1
896,61,1524.40,311.38,28.94,88.92,1,-1,-1,-1
897,42,19.39,8.79,549.01,1069.96,1,-1,-1,-1
897,43,1113.09,210.62,120.52,383.34,1,-1,-1,-1
897,45,694.16,167.35,176.68,475.02,1,-1,-1,-1
897,46,-266.40,-92.08,323.41,1056.53,1,-1,-1,-1
897,48,1451.63,191.82,24.96,87.85,1,-1,-1,-1
897,49,1397.21,307.35,31.52,87.03,1,-1,-1,-1
897,50,1484.12,200.19,32.86,103.26,1,-1,-1,-1
897,51,2039.10,-124.47,291.18,974.76,1,-1,-1,-1
897,52,1580.19,237.18,28.04,77.63,1,-1,-1,-1
897,54,1462.50,303.07,26.44,65.71,1,-1,-1,-1
897,55,1329.55,306.00,31.42,98.97,1,-1,-1,-1
897,56,1301.02,305.77,30.22,103.95,1,-1,-1,-1
897,57,251.02,58.85,279.29,642.06,1,-1,-1,-1
897,58,1481.00,311.92,21.84,57.98,1,-1,-1,-1
897,59,1364.94,325.32,30.09,80.71,1,-1,-1,-1
897,60,1253.38,316.53,25.87,90.51,1,-1,-1,-1
897,61,1518.83,313.67,29.89,91.52,1,-1,-1,-1
898,42,18.90,8.69,549.01,1069.96,1,-1,-1,-1
898,43,1106.51,212.61,121.88,384.68,1,-1,-1,-1
898,45,685.11,169.65,177.21,473.46,1,-1,-1,-1
898,46,-276.14,-95.34,323.41,1056.53,1,-1,-1,-1
898,48,1453.97,188.81,24.96,87.85,1,-1,-1,-1
898,49,1397.21,308.53,31.52,87.03,1,-1,-1,-1
898,50,1486.30,197.50,32.86,103.26,1,-1,-1,-1
898,51,2051.32,-130.39,291.18,974.76,1,-1,-1,-1
898,52,1583.85,235.31,28.04,77.63,1,-1,-1,-1
898,54,1462.98,303.30,26.44,65.71,1,-1,-1,-1
898,55,1327.97,309.46,31.40,97.53,1,-1,-1,-1
898,56,1300.41,307.72,31.38,105.42,1,-1,-1,-1
898,57,231.33,58.71,286.11,652.09,1,-1,-1,-1
898,58,1480.70,312.60,21.84,57.98,1,-1,-1,-1
898,59,1365.11,330.84,29.24,78.29,1,-1,-1,-1
898,60,1258.12,319.70,26.35,91.20,1,-1,-1,-1
898,61,1514.76,315.59,30.65,93.09,1,-1,-1,-1
899,42,18.41,8.59,549.01,1069.96,1,-1,-1,-1
899,43,1100.86,214.05,123.00,387.53,1,-1,-1,-1
899,45,676.62,171.05,177.79,472.94,1,-1,-1,-1
899,46,-285.89,-98.59,323.41,1056.53,1,-1,-1,-1
899,48,1456.31,185.81,24.96,87.85,1,-1,-1,-1
899,49,1397.21,309.71,31.52,87.03,1,-1,-1,-1
899,50,1488.47,194.81,32.86,103.26,1,-1,-1,-1
899,51,2063.54,-136.31,291.18,974.76,1,-1,-1,-1
899,52,1587.51,233.43,28.04,77.63,1,-1,-1,-1
899,54,1463.46,303.52,26.44,65.71,1,-1,-1,-1
899,55,1330.59,312.76,31.13,94.38,1,-1,-1,-1
899,56,1299.87,309.27,32.30,106.70,1,-1,-1,-1
899,57,213.77,54.94,291.39,668.01,1,-1,-1,-1
899,58,1480.40,313.27,21.84,57.98,1,-1,-1,-1
899,59,1366.58,335.04,28.18,76.85,1,-1,-1,-1
899,60,1259.23,320.90,27.02,92.27,1,-1,-1,-1
899,61,1512.20,317.95,31.25,94.10,1,-1,-1,-1
900,42,17.92,8.50,549.01,1069.96,1,-1,-1,-1
900,43,1096.37,215.04,123.58,388.98,1,-1,-1,-1
900,45,669.53,172.60,178.31,472.66,1,-1,-1,-1
900,46,-295.63,-101.85,323.41,1056.53,1,-1,-1,-1
900,48,1458.66,182.80,24.96,87.85,1,-1,-1,-1
900,49,1397.21,310.89,31.52,87.03,1,-1,-1,-1
900,50,1490.64,192.11,32.86,103.26,1,-1,-1,-1
900,51,2075.76,-142.23,291.18,974.76,1,-1,-1,-1
900,52,1591.17,231.56,28.04,77.63,1,-1,-1,-1
900,54,1463.94,303.75,26.44,65.71,1,-1,-1,-1
900,55,1331.11,315.76,31.33,93.43,1,-1,-1,-1
900,56,1300.10,311.04,33.20,107.59,1,-1,-1,-1
900,57,200.19,52.89,296.96,681.08,1,-1,-1,-1
900,58,1480.10,313.95,21.84,57.98,1,-1,-1,-1
900,59,1365.74,338.06,27.70,75.79,1,-1,-1,-1
900,60,1259.98,321.81,27.79,93.29,1,-1,-1,-1
900,61,1510.96,318.46,31.84,95.47,1,-1,-1,-1
